code_insee,invest_sd
01001,4013079.52
01002,3269478.8499999996
01004,115236634.52
01005,13601851.01
01006,1049808.07
01007,33132747.419999998
01008,5274482.0
01009,1419512.55
01010,19765677.85
01011,3696945.5300000003
01012,5487460.7299999995
01013,2606032.19
01014,59350643.69
01015,4135097.4
01016,2627257.16
01017,6046629.33
01019,941404.82
01021,12735733.05
01022,10592034.290000001
01023,772782.23
01024,25299983.46
01025,19908046.48
01026,5187126.86
01027,25107043.12
01028,3081200.27
01029,5513882.69
01030,6974649.64
01031,44154879.78
01032,22133905.25
01033,198106535.9
01034,83759530.75
01035,6889165.83
01036,16364265.42
01037,5646518.58
01038,8188468.0200000005
01039,3774741.11
01040,3154732.15
01041,5782458.83
01042,3012994.91
01043,54027855.47
01044,11239068.34
01045,1425001.99
01046,5673158.84
01047,13865832.96
01049,24761461.99
01050,2733185.02
01051,1959634.12
01052,2509446.9499999997
01053,500378594.24
01054,12606395.84
01056,2302918.7
01057,2472006.1100000003
01058,17830830.09
01060,9042473.1
01061,7886939.58
01062,8594241.27
01063,11985098.120000001
01064,11094262.2
01065,18337553.73
01066,2698084.55
01067,4424831.67
01068,5427771.78
01069,13522387.24
01071,48533141.06
01072,22419500.67
01073,5781202.56
01074,18990643.23
01075,10133416.69
01076,2034195.21
01077,1719458.03
01078,15871835.790000001
01079,8755355.82
01080,15873711.78
01081,12351448.2
01082,5991536.61
01083,7734302.95
01084,4462836.16
01085,1708429.05
01087,4861840.2299999995
01088,8262509.66
01089,18394789.69
01090,2864168.28
01092,8539777.74
01093,73684819.68
01094,3971827.82
01095,9549331.24
01096,7293183.9
01098,8914687.37
01099,9313418.6
01100,2265315.94
01101,2884887.6
01102,7888538.029999999
01103,18609981.9
01104,12482693.18
01105,8199523.029999999
01106,2557719.92
01107,3043728.51
01108,13886132.67
01109,26113388.98
01110,1465919.57
01111,1450248.42
01112,4170241.79
01113,6405188.970000001
01114,8849287.94
01115,11566604.41
01116,4486039.44
01117,1700077.54
01118,10251805.33
01121,2905872.05
01123,7085207.470000001
01124,7411404.47
01125,7133241.84
01127,5529389.07
01128,2790839.67
01129,2065328.49
01130,28656285.36
01133,6182754.4
01134,9741681.3
01135,26791635.73
01136,6655842.76
01138,37590333.7
01139,5036206.26
01140,7054947.61
01141,2410159.58
01142,46648725.14
01143,168548594.7
01145,10935370.74
01146,2698064.64
01147,4804549.33
01148,16977109.64
01149,10059414.74
01150,3459647.5100000002
01151,7030708.31
01152,9546876.14
01153,20376670.72
01155,3198301.46
01156,5044555.14
01157,14945595.870000001
01158,9244040.63
01159,30049462.12
01160,99216227.17
01162,1100160.72
01163,18108221.77
01165,6144274.21
01166,13695072.379999999
01167,4892007.58
01169,2778016.19
01170,6844710.63
01171,7990198.96
01173,133499083.01
01174,6092335.3100000005
01175,6016171.3100000005
01177,2046958.67
01179,13834560.02
01180,7774118.74
01181,19011051.43
01183,9070459.38
01184,4542808.87
01185,79681546.07000001
01187,16822660.5
01188,5327647.55
01189,25924744.84
01190,2003152.9400000002
01191,2880677.43
01192,56687545.14
01193,1718101.96
01194,57850866.88
01195,14216467.18
01196,7782005.8
01197,3121560.24
01198,3696790.84
01199,19612401.23
01200,2056498.4200000002
01202,58273962.599999994
01203,6657403.45
01204,9750126.23
01206,4261698.95
01207,1401848.38
01208,1965767.01
01209,10508440.87
01210,8955363.76
01211,14704172.12
01212,8585028.02
01213,9797778.18
01214,3599074.12
01215,2788587.6599999997
01216,11442806.620000001
01219,2031157.83
01224,19723837.73
01225,2052553.86
01227,5438170.81
01228,17135782.009999998
01229,5201553.3100000005
01230,3379023.64
01231,14841022.1
01232,30349137.99
01233,2174701.52
01234,1476404.27
01235,7337317.4799999995
01236,7520030.54
01237,24884618.63
01238,15651384.7
01239,5097062.9
01240,6999147.72
01241,16343831.3
01242,1370733.39
01243,9305534.9
01244,66413294.71
01245,5931229.25
01246,14002679.389999999
01247,9051820.91
01248,11724011.3
01249,76426606.26
01250,9647743.47
01252,4711896.09
01254,12709977.74
01255,3081725.63
01257,6397581.84
01258,5621889.76
01259,5967717.64
01260,3784466.8400000003
01261,4156380.87
01262,51767611.3
01263,25698372.85
01264,8416934.92
01265,51205456.79
01266,21724192.59
01267,15018625.42
01268,5943049.1
01269,48769039.45
01272,12407674.76
01273,10141119.15
01274,8214060.24
01275,18285159.68
01276,11081114.56
01277,1973321.86
01279,1455130.9
01280,2572338.94
01281,36091138.97
01282,4162430.19
01283,268967833.99
01284,3587038.64
01285,8123068.51
01286,8168591.0
01288,29991022.400000002
01289,72581144.61
01290,15656913.870000001
01291,5805340.0
01293,2838539.83
01294,7396834.55
01295,1772089.29
01296,3955533.99
01297,4176582.6
01298,1250107.3199999998
01299,2805631.3200000003
01301,24185705.65
01302,1677133.51
01303,21724503.43
01304,27350973.87
01305,24122158.04
01306,10726878.32
01307,16700348.89
01308,6503886.7700000005
01309,1624509.05
01310,1528925.75
01311,2423361.83
01313,72408124.14
01314,10449223.2
01317,2234898.19
01318,4784712.69
01319,2831248.0
01320,32154266.29
01321,4608831.65
01322,45268575.68
01323,5774022.4
01325,9235371.96
01328,3637349.52
01329,2448122.65
01330,3095509.39
01331,1666692.8299999998
01332,5146824.49
01333,31623771.369999997
01334,4298043.9
01335,2654493.15
01336,8843690.41
01337,7628416.66
01338,10165481.79
01339,9076689.25
01342,3014805.91
01343,16807193.23
01344,54855714.66
01345,15602195.05
01346,6954106.7
01347,9397087.58
01348,21091663.86
01349,5419589.23
01350,24118301.599999998
01351,13332007.11
01352,3140045.51
01353,7862595.29
01354,130681789.8
01355,3870463.86
01356,1721903.28
01357,6423607.03
01358,2022125.79
01359,1500406.73
01360,17496280.53
01361,10050993.21
01362,6163111.01
01363,12838724.81
01364,6352857.300000001
01365,8032345.49
01366,7395615.7
01367,8426486.3
01368,4595121.34
01369,6562882.66
01370,13585726.47
01371,5888355.42
01372,2877551.17
01373,14844644.09
01374,16019012.53
01375,5289494.72
01376,40484683.82
01378,21244283.939999998
01379,5996107.07
01380,11291062.69
01381,4934380.36
01382,986807.74
01383,9961232.05
01384,33726543.26
01385,11995394.25
01386,7733489.58
01387,1180784.1199999999
01388,12732752.82
01389,17377328.33
01390,95379237.61
01391,5571357.38
01392,5551880.59
01393,5014451.77
01396,10847593.44
01397,9759692.88
01398,11107030.43
01399,18794225.72
01400,2008923.1
01401,19448188.16
01402,4061501.6
01403,12198113.93
01404,2092235.54
01405,13955356.27
01406,1769307.15
01407,13559191.32
01408,8349587.42
01410,4247988.21
01411,4908643.010000001
01412,3619232.75
01415,2773469.94
01416,12879105.25
01418,5156180.04
01419,50292462.15
01420,16299876.05
01421,8577763.48
01422,12645245.34
01423,6307225.6
01424,9799391.549999999
01425,3293780.13
01426,38166761.82
01427,68157212.98
01428,1748555.84
01429,6366419.42
01430,4830330.32
01431,10380633.84
01432,3655535.44
01433,2190739.34
01434,2418689.02
01435,21226768.48
01436,8045303.38
01437,2847329.71
01439,1431220.8
01441,8811896.290000001
01443,39435303.5
01444,9480359.8
01445,5149219.9399999995
01446,11550236.86
01447,8535033.65
01448,4270376.48
01449,4167414.46
01450,27970783.599999998
01451,79884298.2
01452,7640037.83
01453,9793524.42
01454,8109731.2700000005
01456,1134861.38
01457,32063371.7
02001,3324798.57
02002,2547276.58
02003,7323080.7
02004,970397.4
02005,2011396.0499999998
02006,1228006.8399999999
02007,840968.26
02008,1157600.3199999998
02009,5213728.2299999995
02010,1204125.77
02011,7901585.42
02012,564630.98
02013,1895008.9500000002
02014,3300430.7399999998
02015,528361.75
02016,1127115.6099999999
02017,1266412.85
02018,22675990.05
02019,1979390.92
02020,2847282.88
02021,895585.5
02022,1888986.16
02023,417337.54
02024,809177.4400000001
02025,2834455.6599999997
02027,1217630.95
02028,13821094.56
02029,1720261.5899999999
02030,1282335.97
02031,6988741.19
02032,1877664.22
02033,1148610.8800000001
02034,364654.91
02035,1316315.58
02036,597205.86
02037,9716703.36
02038,639208.2
02039,1657183.45
02040,1969716.98
02041,4294021.21
02042,1481724.24
02043,430367.11000000004
02044,688841.12
02046,2805606.2399999998
02047,1045979.21
02048,847308.75
02049,3610263.81
02050,770803.72
02051,2253875.06
02052,884464.79
02053,5731416.55
02054,1941058.94
02055,1755743.88
02056,1449540.5499999998
02057,7876199.2700000005
02058,3601274.62
02059,22965338.96
02060,1865319.96
02061,1843638.04
02062,747948.4299999999
02063,2366936.31
02064,26883935.49
02065,3243110.55
02066,891414.06
02067,1047892.22
02068,423816.67
02069,925290.3400000001
02070,2088014.2000000002
02071,6921544.89
02072,1287127.77
02073,3388687.19
02074,2092705.85
02075,490035.3
02076,498779.21
02077,2317529.37
02078,692639.38
02079,837013.76
02080,3357057.83
02081,2456849.88
02082,651853.02
02083,3292242.45
02084,2104517.57
02085,4526848.47
02086,4253168.94
02087,342291.08
02088,978264.85
02089,6667462.4399999995
02090,1335046.24
02091,357897.79000000004
02093,9162421.4
02094,1768547.24
02095,42349503.63
02096,947541.01
02097,1691553.96
02098,1918546.93
02099,750922.08
02100,843964.0800000001
02101,931613.7
02102,1701742.3699999999
02103,10577516.24
02104,776367.03
02105,930162.51
02106,4163337.22
02107,653548.52
02108,594529.52
02109,1859551.33
02110,21984266.43
02111,3152597.62
02112,2605795.01
02114,13907006.93
02115,1947889.88
02116,835305.71
02117,1467962.54
02118,1135444.16
02119,995132.97
02120,1921654.3900000001
02121,734824.44
02122,771439.7
02123,2984954.96
02124,3115087.77
02125,1522169.8
02126,8333525.05
02127,689847.14
02128,14282285.24
02129,506199.46
02130,2100519.37
02131,15524041.06
02132,678445.0499999999
02133,2127253.89
02134,8573040.389999999
02135,6653769.26
02136,1043883.94
02137,682441.69
02138,1398576.98
02139,2210506.21
02140,2946367.6999999997
02141,24396150.330000002
02142,1876786.22
02143,2763779.0
02144,1067423.23
02145,3826265.91
02146,1051657.7
02148,1141717.68
02149,453801.59
02150,608917.05
02151,991866.62
02152,608804.36
02153,3424119.17
02154,2217345.57
02155,902147.9
02156,1104874.02
02157,11712224.9
02158,6566895.17
02159,1565114.47
02160,4114446.66
02162,895042.29
02163,30809798.029999997
02164,1467700.72
02165,11068019.99
02166,1133648.75
02167,4281779.14
02168,158187969.79
02169,436353.14999999997
02170,479908.27
02171,954636.17
02172,1807404.9
02173,160250580.73
02174,5747345.649999999
02175,841642.31
02176,690195.4500000001
02177,669187.34
02178,704359.49
02179,1455032.5899999999
02180,4775306.55
02181,388421.57
02182,682844.01
02183,742285.99
02184,2363297.16
02185,4280115.85
02186,15937329.629999999
02187,7214676.28
02188,1421851.84
02189,1921806.35
02190,4430760.83
02191,4901354.25
02192,1395097.24
02193,1024918.79
02194,1674379.04
02195,5193364.55
02196,3200649.65
02197,4993295.03
02198,2231998.4299999997
02199,4748482.66
02200,1518532.0799999998
02201,2202513.21
02203,4155555.6199999996
02204,1171845.68
02205,1258919.82
02206,298740.66
02207,988827.53
02208,2291590.15
02209,6084918.64
02210,1422302.99
02211,3904308.63
02212,6245794.5
02213,1038112.9900000001
02214,584485.91
02215,8146489.2
02216,1385055.96
02217,9254604.99
02218,5047249.67
02219,904568.2000000001
02220,2068630.31
02221,1619854.7
02222,1742891.0999999999
02223,1323247.67
02224,2237171.19
02225,554804.2799999999
02226,7382188.7700000005
02227,932609.01
02228,2052816.7999999998
02229,279518.72
02230,2191994.72
02231,10777433.34
02232,3889399.51
02233,1079687.14
02234,1157463.44
02235,620392.25
02236,1614188.91
02237,14630853.46
02238,13085970.79
02239,9850882.71
02240,1229959.11
02241,618216.27
02242,3513256.84
02243,14511900.58
02244,452497.17
02245,10906598.73
02246,2855094.48
02248,801968.9600000001
02249,587787.67
02250,883076.01
02251,327114.01999999996
02252,297453.99
02253,1688747.85
02254,527531.4500000001
02255,719398.2
02256,1391581.58
02257,2029079.4000000001
02258,2715595.67
02259,3241409.5700000003
02260,1785989.71
02261,1758875.78
02262,1098580.53
02263,548482.26
02264,3790994.57
02265,973556.77
02266,683164.13
02267,1196834.31
02268,4000541.14
02269,1905458.13
02270,914459.49
02271,783700.82
02272,1111149.43
02273,1960851.67
02274,1400526.06
02275,2119459.77
02276,1121114.89
02277,2102704.64
02278,1088585.79
02279,4272990.9
02280,1468561.9
02281,1944893.6600000001
02282,2577557.42
02283,1691343.57
02284,1059180.9
02286,3975674.73
02287,2700118.08
02288,1548491.26
02289,902257.2999999999
02290,14661110.81
02291,2900769.15
02292,9817826.39
02293,2217147.0100000002
02294,3292820.91
02295,4503944.95
02296,8573086.290000001
02297,1300253.99
02298,17340414.5
02299,4386417.91
02302,2941272.4899999998
02303,6445452.239999999
02304,30793131.810000002
02305,16127617.879999999
02306,2007357.7
02307,23304246.509999998
02308,2612372.62
02309,4969732.43
02310,1668936.22
02311,1040473.8
02312,4483913.26
02313,4120724.6
02315,9216516.469999999
02316,1563136.14
02317,1237617.08
02318,5877286.029999999
02319,2527828.56
02320,1133339.5999999999
02321,8917920.86
02322,2932744.3
02323,745041.63
02324,894246.55
02326,2481512.09
02327,1111676.8
02328,3709479.15
02329,2998308.67
02330,2386796.79
02331,515620.29
02332,1712854.3
02333,1030817.23
02334,21171071.68
02335,1025649.37
02336,4894341.67
02337,719005.75
02338,782388.65
02339,3322596.35
02340,72948995.01
02341,2502176.3
02342,992796.5
02343,480307.18
02345,372522.96
02346,2949669.11
02347,1646601.33
02349,860656.71
02350,959052.41
02351,898197.4
02352,3116173.6199999996
02353,1544124.2
02354,606206.46
02355,6159937.4799999995
02356,1551676.22
02357,878498.7200000001
02358,1932440.86
02359,4966554.19
02360,25590133.07
02361,45979314.29
02362,2765176.12
02363,2887784.92
02364,1999128.73
02366,1522723.94
02367,1647017.41
02368,2560933.66
02369,1713499.8699999999
02370,3271125.54
02371,19323050.2
02372,1908715.8
02373,2144725.0700000003
02374,5126391.68
02375,2789125.4200000004
02376,1765975.25
02377,769593.15
02378,764412.9
02379,1178829.28
02380,237098.16999999998
02381,100453222.06
02382,19922836.36
02383,7024005.84
02384,341476.54000000004
02385,1317470.41
02386,1739343.77
02387,16042012.25
02388,2307034.3
02389,4089559.2
02390,1448668.59
02391,1669841.26
02392,1792716.7000000002
02393,1115225.55
02395,754901.44
02396,608750.41
02397,13885281.08
02398,2107206.7
02399,3001818.8
02400,1541934.26
02401,890986.11
02402,348311.41
02403,1274585.9
02404,997058.1
02405,3318202.81
02406,791427.28
02407,1067484.15
02408,244021185.65
02409,1230019.14
02410,1686053.3699999999
02411,1215273.92
02412,718770.26
02413,1669768.8699999999
02414,1446475.0699999998
02415,462053.95
02416,1701008.0
02417,759461.22
02418,4436365.25
02419,2251950.05
02420,4620350.55
02421,1104725.65
02422,4741646.73
02423,1975394.79
02424,1011398.43
02425,1920437.4900000002
02426,2654809.89
02427,884594.61
02428,487184.91
02429,604947.6
02430,8874759.42
02431,2336675.68
02432,1360759.24
02433,2279327.08
02435,817122.5399999999
02438,1330339.97
02439,7136435.98
02440,1648568.38
02441,1258671.96
02442,202123.03999999998
02443,1184818.58
02444,658615.46
02445,3102361.64
02446,820411.42
02447,651949.15
02448,947839.4099999999
02449,361109.81
02450,1455131.0
02451,709320.98
02452,1264875.95
02453,1728490.26
02454,2216990.92
02455,888167.21
02456,2410109.13
02457,9016137.950000001
02458,5355446.13
02459,2064004.47
02460,1199177.3900000001
02461,2309881.35
02462,932479.5
02463,525344.17
02464,2687919.5
02465,2856608.84
02466,739388.72
02467,173393.24
02468,29441985.14
02469,2799616.53
02470,3954187.5
02471,802808.82
02472,2513832.86
02473,1022088.11
02474,2076170.82
02476,3426913.3000000003
02477,8159465.65
02478,2358206.13
02480,1414285.5999999999
02481,2247755.28
02482,334703.24
02483,2195721.25
02484,9638764.31
02485,624915.38
02486,640219.5599999999
02487,4964105.19
02488,916342.9700000001
02489,1982734.9300000002
02490,1853498.88
02491,1329473.93
02492,2645994.8
02493,1304528.9
02494,1469617.29
02495,5859066.96
02496,596540.32
02497,8336449.64
02498,3641401.8
02499,320838.61
02500,3848441.27
02501,481658.9
02502,10760731.69
02503,4806454.27
02504,13128331.56
02505,416910.85000000003
02506,1974576.23
02507,724051.42
02508,655857.75
02509,1038364.76
02510,879372.25
02511,1502777.88
02512,1028702.02
02513,731163.4600000001
02514,6556536.57
02515,355201.57
02516,478842.28
02517,2557595.63
02518,1127413.81
02519,1584554.28
02520,2782825.1
02521,9472419.51
02522,623193.87
02523,330727.61
02524,3338258.32
02525,8989835.549999999
02526,1169742.78
02527,2611897.31
02528,888608.9
02529,1008480.2899999999
02530,710146.01
02531,1315012.3900000001
02532,8953512.75
02533,834689.88
02534,527032.48
02535,1223312.06
02536,1007277.83
02537,793799.51
02538,426881.04
02539,2837450.59
02540,6763765.66
02541,1913302.78
02542,503856.85
02543,22189827.88
02544,4375417.99
02545,992605.03
02546,1048654.27
02547,594296.25
02548,2301084.8
02549,3890577.25
02550,3151243.58
02551,1363377.72
02552,1098451.71
02553,2915193.76
02554,4662482.46
02555,15592224.48
02556,689809.3
02557,711962.51
02558,29542928.6
02559,2549535.54
02560,979137.86
02561,574371.33
02562,843339.7999999999
02563,862839.73
02564,4475331.38
02565,1072136.24
02566,3683370.3
02567,2047580.47
02568,1252622.25
02569,4756895.54
02570,1163755.59
02571,3303076.41
02572,1866238.33
02573,168622.93
02574,10576800.89
02575,17230370.61
02576,1456909.9000000001
02577,354362.92
02578,628494.8200000001
02579,701119.73
02580,4175827.34
02581,2244898.85
02582,605651.06
02583,784687.59
02584,844642.3899999999
02585,1214336.57
02586,1785823.13
02587,1481710.58
02588,492497.39999999997
02589,1944416.73
02590,1026967.0
02591,363090.02
02592,1414182.48
02593,4309477.31
02594,730328.82
02595,2603928.95
02596,4864672.42
02598,2995424.21
02599,1005128.54
02600,1751662.31
02601,620599.61
02602,11269525.21
02604,637950.64
02605,553992.34
02606,699288.99
02607,1056568.5799999998
02608,4787004.43
02609,417092.69
02610,5082044.82
02612,298909.76
02613,2769970.86
02614,1964891.92
02615,1533951.1400000001
02616,1010684.71
02617,5327066.6899999995
02618,5104193.37
02619,2480942.54
02620,1897642.1300000001
02621,2028488.0999999999
02622,826415.71
02623,633921.76
02624,1070061.76
02625,1023940.05
02626,1818791.87
02627,1002891.51
02628,1324704.1400000001
02629,1618565.25
02631,2854230.89
02632,244730.74
02633,281750.8
02634,660867.92
02635,527802.63
02636,872626.79
02637,1548148.1600000001
02638,2271912.25
02639,2022856.03
02640,622990.31
02641,1032398.4700000001
02642,1392748.17
02643,10680406.39
02644,3084813.0300000003
02645,827130.75
02647,690330.97
02648,15591892.97
02649,1420924.96
02650,1997291.44
02651,466194.86
02652,894121.12
02653,3228972.35
02654,560514.32
02655,1474932.92
02656,1474495.42
02657,1378965.83
02658,1382734.49
02659,6536654.8100000005
02660,266746.71
02661,836665.25
02662,1995633.98
02663,976627.55
02664,1300890.55
02665,1478977.65
02666,9936082.17
02667,1270620.1199999999
02668,7038718.3
02670,967429.18
02671,2096726.2899999998
02672,811855.84
02673,2289103.72
02674,679151.84
02675,712461.72
02676,12266636.700000001
02677,1164576.5699999998
02678,691437.4099999999
02679,491590.32
02680,14090247.97
02681,1576151.51
02682,506631.94
02683,702897.16
02684,32376196.209999997
02685,385580.13999999996
02686,2384691.64
02687,1249359.36
02688,1163601.8599999999
02689,375778.38
02690,818333.3200000001
02691,526854892.99
02693,2024773.87
02694,5021975.350000001
02695,327250.44
02696,865830.89
02697,4702725.14
02698,762732.47
02699,1046292.42
02701,4037459.86
02702,5344246.83
02703,11232600.23
02704,1383735.56
02705,1729574.55
02706,4552146.48
02707,1026171.17
02708,1202132.49
02709,2927851.82
02710,3957219.27
02711,1226109.0999999999
02712,689901.63
02713,1155110.45
02714,2128938.61
02715,748395.18
02716,3727124.9
02717,2575609.79
02718,1726323.1
02719,8894136.84
02720,22000362.57
02721,1863496.0
02722,237267662.37
02723,686114.16
02724,666750.36
02725,936278.7000000001
02726,931424.75
02727,2177407.96
02728,2518432.52
02729,1260347.4000000001
02730,1494214.59
02731,670209.31
02732,581107.52
02734,1656742.14
02735,329384.55
02736,1185483.98
02737,3144551.78
02738,161372635.56
02739,1719131.16
02740,1354313.55
02741,7368733.82
02742,1098671.84
02743,705106.27
02744,655384.59
02745,757738.23
02746,4196886.83
02747,542266.4299999999
02748,7845644.96
02749,515130.08
02750,2847329.68
02751,887121.76
02752,1595495.73
02753,4850144.890000001
02754,1612549.08
02755,6202632.05
02756,3480826.29
02757,2888354.46
02758,18034165.99
02759,1753086.18
02760,1051037.43
02761,770959.49
02762,836732.38
02763,1187138.17
02764,724737.89
02765,1734273.23
02766,822012.72
02767,1870216.74
02768,3916098.1
02769,11231864.66
02770,3083481.94
02772,404970.46
02773,184530.21
02774,944238.55
02775,4707659.51
02776,2621388.11
02777,1394081.19
02778,840854.28
02779,2927629.89
02780,7909572.84
02781,1524502.69
02782,944226.65
02783,956721.63
02784,1021838.73
02785,9428845.32
02786,503861.63
02787,1796963.93
02788,2545840.97
02789,46867981.3
02790,1593971.74
02791,2112979.24
02792,1099961.13
02793,555233.45
02794,1448384.6
02795,11317583.45
02796,537703.06
02797,983917.58
02798,6331062.850000001
02799,2349006.54
02800,996499.5199999999
02801,1784983.21
02802,713905.78
02803,1254553.3399999999
02804,706912.41
02805,25872921.62
02806,1593701.7799999998
02807,3297720.79
02808,1394252.16
02809,797071.65
02810,82779164.42
02812,907009.32
02813,1286753.74
02814,1560641.39
02815,2831928.03
02816,2303240.87
02817,322744.04
02818,6780255.38
02819,749547.8899999999
02820,11123158.44
02821,4933918.07
02822,1603799.37
02823,326394.63
02824,2442849.43
02826,2821066.67
02827,2925240.27
02828,1024383.26
02829,611923.79
02830,8179901.05
02831,3296400.13
02832,1369841.75
02833,2044903.52
02834,1195179.78
03001,21996800.48
03002,2584664.46
03003,13072153.940000001
03004,2345114.96
03005,3851163.7199999997
03006,12119379.76
03007,3778973.1
03008,4319688.22
03009,1918314.71
03010,2099495.16
03011,2277117.98
03012,1691036.1600000001
03013,34631925.21
03014,2676889.31
03015,2603315.59
03016,1274285.4
03017,2596182.7199999997
03018,11610825.24
03019,10121630.290000001
03020,4782831.77
03021,3721312.87
03022,12195327.22
03023,66463813.96
03024,2577590.1100000003
03025,18115581.03
03026,6916209.55
03027,7189665.58
03028,1819412.34
03029,6225561.25
03030,4412595.4
03031,4207488.13
03032,3205260.7800000003
03033,1887063.11
03034,3430780.7
03035,2578387.6
03036,23280480.5
03037,2166574.32
03038,4703057.53
03039,3389245.36
03040,6694680.220000001
03041,3680784.7
03042,4822539.0
03043,7529365.88
03044,11491909.84
03045,6449331.3
03046,9226588.7
03047,4058317.12
03048,16015001.98
03049,2293333.66
03050,3497939.5900000003
03051,1850451.53
03052,10412123.61
03053,9112037.02
03054,2862759.29
03055,7083018.32
03056,3412458.61
03057,1543964.45
03058,2047317.69
03059,3115771.41
03060,15310868.89
03061,2323872.21
03062,4533760.11
03063,4597558.96
03064,2071493.06
03065,6137814.62
03066,5016278.99
03067,1924480.33
03068,1607866.08
03069,2418522.78
03070,2664039.92
03071,1866190.65
03072,3741271.62
03073,4832195.8
03074,5808356.7299999995
03075,1731384.36
03076,2265323.27
03077,1906591.4000000001
03078,3502625.3499999996
03079,2597960.59
03080,6096183.21
03081,3690603.6
03082,91127997.26
03083,4222121.4799999995
03084,25333637.830000002
03085,4625094.02
03086,2571546.4
03087,7904462.45
03088,1977518.08
03089,2090227.58
03090,2718171.6
03091,3012071.1999999997
03092,8673472.1
03093,7113369.43
03094,31078317.54
03095,106051281.23
03096,598261.48
03097,3740770.96
03098,28968994.1
03099,5581774.2700000005
03100,10855322.24
03101,65312318.27
03102,29151510.61
03103,9570706.49
03104,13168393.629999999
03105,2876830.22
03106,10767778.05
03107,14543683.29
03108,6335290.7
03109,5550372.430000001
03110,6342821.7
03111,7721136.84
03112,3193330.42
03113,5785112.14
03114,2410290.04
03115,5267522.949999999
03116,2105200.56
03117,3790251.12
03118,67558963.84
03119,4889257.55
03120,6683113.26
03121,2782592.71
03122,3300646.6700000004
03124,2194714.39
03125,2723221.3200000003
03126,7719958.33
03127,8242146.51
03128,20609191.61
03129,3101111.07
03130,3047063.89
03131,4075603.34
03132,4915806.17
03133,4082992.2
03134,2985587.1599999997
03135,4288797.43
03136,1895162.73
03137,2319535.54
03138,25259529.11
03139,4550058.28
03140,8461176.53
03141,4038352.75
03142,2477634.1
03143,1072418.18
03144,1936835.59
03145,4589461.35
03146,2301306.98
03147,2193581.75
03148,2785460.58
03149,3239153.25
03150,2138796.13
03151,2362839.35
03152,3644114.2600000002
03154,2542546.09
03155,23372510.56
03156,13343730.97
03157,5359828.13
03158,8590045.51
03159,6731045.5
03160,3346409.67
03161,12118407.9
03162,2731629.55
03163,6459167.46
03164,2649764.49
03165,21328519.03
03166,1706063.29
03167,3339445.03
03168,7974390.37
03169,5364879.7700000005
03170,1517221.05
03171,1613545.29
03172,1786298.33
03173,10420040.44
03174,7183358.44
03175,4133831.02
03176,2739407.93
03177,2920399.6100000003
03178,2630689.63
03179,3135530.33
03180,5928692.43
03181,1896795.6400000001
03182,2623523.32
03183,5372203.12
03184,2682370.17
03185,388508764.27000004
03186,24680385.759999998
03187,2452991.82
03188,1284265.16
03189,3951260.32
03190,179708129.55
03191,2638958.13
03192,2974496.26
03193,2090483.71
03194,1347660.15
03195,40912696.92
03196,3723423.48
03197,10936342.77
03198,2227015.1
03200,10390466.96
03201,4001862.48
03202,6078520.9799999995
03203,3169803.48
03204,3324913.92
03205,2542692.0
03206,2479086.77
03207,4771958.6
03208,2769213.88
03209,1275875.1300000001
03210,3020688.83
03211,15923627.299999999
03212,12549444.81
03213,1583879.14
03214,5165622.9399999995
03215,3791467.94
03216,2007969.2999999998
03217,2908695.83
03218,2673007.39
03219,2724439.06
03220,8640146.82
03221,6619750.75
03222,1104120.4
03223,2812817.54
03224,4508284.069999999
03225,3939702.31
03226,2260333.07
03227,3394211.69
03228,770292.99
03229,3682678.8
03230,3369209.7600000002
03231,2598164.91
03232,2448161.81
03233,3457848.21
03234,2836800.77
03235,5853306.45
03236,37631798.74
03237,3681171.17
03238,5212918.91
03239,2295859.42
03240,3640617.26
03241,2744324.44
03242,3074860.61
03243,2249453.05
03244,2526397.4699999997
03245,1431386.76
03246,4461582.29
03247,11480536.11
03248,3469764.8699999996
03249,1580129.66
03250,4321684.1
03251,4686280.55
03252,3272345.29
03253,6127520.54
03254,46821158.519999996
03255,1353620.48
03256,4333850.43
03257,3314021.4499999997
03258,9410772.72
03259,2829782.4
03260,3364440.98
03261,2000278.14
03262,27442556.27
03263,2611203.09
03264,49234801.900000006
03265,5839107.8100000005
03266,1343831.8199999998
03267,3197228.37
03268,3653035.85
03269,1177996.59
03270,2320655.73
03271,4583253.13
03272,1568748.19
03273,2691007.54
03274,2589884.48
03275,20357473.66
03276,1444809.0899999999
03277,3885279.2399999998
03278,2132583.86
03279,3766008.96
03280,2401262.33
03281,4950270.27
03282,3610646.95
03283,7832149.11
03284,1915169.58
03285,1457907.0999999999
03286,15637425.56
03287,4445853.01
03288,2776975.46
03289,3286828.24
03290,10157535.33
03291,3855211.11
03292,9572278.16
03293,2119430.1399999997
03294,1667218.97
03295,537654.04
03296,4393310.18
03297,15954162.37
03298,31519251.76
03299,2847193.39
03300,5445056.12
03301,11337947.0
03302,634406.29
03303,2820573.25
03304,14522070.77
03305,4308946.359999999
03306,15292967.0
03307,3119621.94
03308,2353688.18
03309,6254233.57
03310,319773548.85
03311,3438099.24
03312,2488132.95
03313,2704513.7
03314,10739992.49
03315,13559920.53
03316,6299543.8
03317,2642873.2
03319,3128177.88
03320,5571698.899999999
03321,73002340.24
04001,13911246.07
04004,6943441.01
04005,1751274.87
04006,56175255.51
04007,816940.54
04008,30869420.04
04009,868846.2
04012,2626515.58
04013,4284103.59
04016,2410678.55
04017,3549063.92
04018,10523391.84
04019,47590555.8
04020,3150988.02
04021,1396005.19
04022,6951732.05
04023,9392946.76
04024,2725800.7100000004
04025,8552793.99
04026,2369608.15
04027,2310407.48
04028,1496364.1400000001
04030,1458613.94
04031,3431764.1
04032,5690864.88
04033,26877220.65
04034,9265117.97
04035,1944364.13
04036,7820205.46
04037,1802981.56
04039,28873887.99
04040,701939.8300000001
04041,4139233.56
04042,3515189.0700000003
04043,1994448.79
04045,15496167.5
04046,8164569.59
04047,8775975.16
04049,67536759.23
04050,1025784.3299999998
04051,1696815.4100000001
04053,2094488.49
04054,394571.48
04055,2189720.14
04057,2214326.07
04058,4961533.76
04059,3289506.72
04061,15339575.82
04062,4906182.2
04063,11929587.48
04065,6628138.319999999
04066,17401066.93
04067,1941800.22
04068,5517506.66
04069,11901887.01
04070,180314866.65
04072,2420079.96
04073,14523649.44
04074,1149404.45
04075,5049383.09
04076,16245416.26
04077,2483909.64
04079,8719631.690000001
04081,12134725.21
04084,3166767.75
04085,1790494.21
04086,4835263.4399999995
04087,1022013.3
04088,60063350.160000004
04090,4541585.33
04091,2708026.02
04092,2103146.89
04093,2876000.44
04094,55004758.14
04095,2179773.56
04096,42927299.06
04097,4634890.71
04099,1609859.81
04101,4100993.39
04102,11866330.02
04104,3621860.98
04106,6048526.91
04107,321918.13
04108,12550667.95
04109,2342278.77
04110,7313176.55
04111,18589193.09
04112,252027882.63
04113,3634885.34
04115,3608588.8
04116,25678160.52
04118,1196579.69
04120,12985785.11
04121,5534032.42
04122,4479525.69
04123,15853665.350000001
04124,6643789.16
04126,5977869.46
04127,3539150.44
04128,3780415.25
04129,620088.6699999999
04130,1927946.65
04132,1343871.33
04133,3377753.86
04134,8693847.56
04135,15315454.44
04136,3848424.09
04137,1911807.8800000001
04138,3205745.8
04139,5274578.03
04140,2477353.79
04141,5670039.609999999
04142,1115675.86
04143,54684927.71
04144,5888833.6
04145,8267101.87
04148,6964805.04
04149,24382061.87
04150,4083591.63
04151,3227085.6
04152,33245837.4
04154,1701742.77
04155,8370156.09
04156,6739529.32
04157,3879445.13
04158,8029161.84
04159,4045427.2600000002
04160,9868097.16
04161,12445282.73
04162,2377285.58
04163,6646817.07
04164,886184.19
04166,16673820.53
04167,2981425.34
04169,1730870.76
04170,2776897.44
04171,2189317.1
04172,10507493.6
04173,16302428.81
04174,2595218.25
04175,1513071.99
04176,6540460.17
04177,839580.94
04178,8327299.2700000005
04179,2142868.81
04180,887075.3400000001
04181,602562.26
04182,1886456.4300000002
04183,3294313.32
04184,3484395.1
04186,3396808.85
04187,787884.49
04188,5554565.7
04189,4962569.1
04190,4741057.39
04191,1381855.0
04192,7357425.89
04193,8782190.14
04194,1744816.51
04195,7836671.66
04197,37242127.45
04199,3406762.84
04200,7919946.14
04201,1269312.26
04202,3000545.08
04203,8172773.88
04204,4603775.2700000005
04205,20978430.84
04206,3567290.04
04207,2880923.9200000004
04208,7468803.18
04209,108912280.49
04210,4147326.94
04211,1489801.13
04214,1527922.99
04216,3613949.09
04217,8841702.69
04218,5332872.19
04219,8994295.8
04220,4531815.7
04222,3984852.37
04224,1552065.07
04226,19311738.47
04227,3273568.15
04228,994254.4299999999
04229,2975078.52
04230,30428262.46
04231,4285726.7
04233,4746530.62
04234,6723585.12
04235,2748694.05
04236,3682935.04
04237,7731924.5200000005
04240,8415041.280000001
04241,2084145.6300000001
04242,35701866.71
04244,8971471.21
04245,29916671.27
05001,20444847.580000002
05003,14549639.96
05004,25592392.11
05006,44317632.46
05007,23152407.76
05008,3467163.95
05009,4259894.57
05010,8078938.51
05011,5597393.79
05012,9985998.450000001
05013,5092253.03
05014,4088294.46
05016,2130211.7800000003
05017,20209607.25
05018,3981116.28
05019,4562053.39
05021,2280589.89
05022,5538348.7299999995
05023,202535397.69
05024,5196730.04
05025,1227971.9000000001
05026,12631480.81
05027,6322664.5
05028,2123389.0
05029,11392515.09
05031,3665063.22
05032,4660941.32
05033,1086972.21
05035,1345607.97
05036,14130463.53
05037,6982876.359999999
05038,10842306.37
05039,10675104.14
05040,38494806.35
05044,5031080.42
05045,13031351.84
05046,87367999.78
05047,2409961.77
05048,2870899.37
05049,1326405.1
05050,8636129.74
05051,722694.04
05052,15064851.17
05053,16008398.96
05054,4996982.47
05055,4686090.58
05056,3792326.6
05057,2986135.7199999997
05058,7173884.96
05059,7577076.68
05060,2755888.09
05061,428190013.37
05062,3309414.44
05063,15737055.370000001
05064,4850765.1
05065,33667726.64
05066,576982.2100000001
05068,5937828.15
05070,27764812.35
05071,6552756.33
05072,2839576.92
05073,5847383.4399999995
05074,1696394.99
05075,3357336.08
05076,2275650.2399999998
05077,21622981.97
05078,5548453.25
05079,55872381.5
05080,1173491.89
05081,1947349.51
05082,6715761.43
05084,6498583.78
05085,59736258.35
05086,1428481.8
05087,9586851.89
05089,2412406.45
05090,2724282.85
05091,908845.35
05092,7543736.39
05093,10308091.84
05094,394512.75
05095,3938650.0700000003
05096,99759670.43
05097,8030304.21
05098,45112264.25
05099,2293647.61
05100,5162712.63
05101,29927056.18
05102,2041928.28
05103,12744633.93
05104,3886888.8899999997
05106,2929552.11
05107,6264884.14
05108,3108760.83
05109,9944878.14
05110,23956058.74
05111,4028557.04
05112,2933851.82
05113,5793707.0600000005
05114,10043876.11
05115,9604142.61
05116,6419538.8100000005
05117,1818233.21
05118,25667591.68
05119,64286119.01
05121,3849045.63
05122,12076501.24
05123,16354197.65
05124,2884748.48
05126,11541641.64
05127,6704287.87
05128,9736136.01
05129,2327487.7199999997
05130,2286720.4
05131,1514300.27
05132,34414991.24
05133,81064663.48
05134,6638953.46
05135,1216377.8399999999
05136,14038502.94
05139,98095074.26
05140,8227810.5200000005
05142,9453797.24
05144,2504742.88
05145,20400324.72
05146,3411150.79
05147,3778480.42
05148,6587364.13
05149,17725307.79
05151,18534609.75
05152,2877737.03
05153,10059515.22
05154,3135641.07
05155,816259.9500000001
05156,5064700.06
05157,12464991.9
05158,2733282.69
05159,2570304.9
05160,1243569.02
05161,56733825.1
05162,18926442.65
05163,6692916.69
05164,19941392.759999998
05165,2954113.17
05166,13461436.74
05167,1904308.72
05168,7353879.3100000005
05169,650561.0
05170,26033116.93
05171,5460193.01
05172,3891084.93
05173,12785187.870000001
05174,9472272.66
05176,2936555.58
05177,50185587.75
05178,16730407.85
05179,43155678.94
05180,7486418.6
05181,10983302.959999999
05182,2463668.65
05183,13979592.03
05184,3923105.83
06001,4127893.93
06002,3876566.4
06003,9811027.58
06004,771655416.94
06005,9737432.53
06006,19543086.2
06007,28604370.779999997
06008,1862970.64
06009,7604008.83
06010,37584536.1
06011,50122172.19
06012,145063914.81
06013,11783334.69
06014,11342508.64
06015,10489679.44
06016,12475214.26
06017,4186143.25
06018,134034887.47
06019,30601384.96
06020,22371702.57
06021,9268028.33
06022,11208869.24
06023,35293270.51
06024,6317113.32
06025,50032036.76
06026,14036098.18
06027,293656712.28
06028,7364640.890000001
06029,2136129097.69
06030,308127001.33
06031,13706653.27
06032,64949263.29
06033,159205262.77
06034,21825871.490000002
06035,17710402.36
06036,7671291.14
06037,6880209.13
06038,42134045.71
06039,6846798.8100000005
06040,2692712.02
06041,9059370.31
06042,19512482.42
06043,13989535.6
06044,67720857.42999999
06045,5506835.44
06046,27147451.15
06047,3918105.27
06048,108744315.87
06049,2786271.67
06050,13142068.47
06051,3047311.85
06052,5212333.09
06053,4122061.46
06054,31029571.36
06055,4516469.91
06056,8063022.06
06057,20426851.4
06058,7600126.62
06059,47101681.34
06060,14665171.620000001
06061,5688039.88
06062,5954903.86
06063,4439030.66
06064,52312903.79
06065,55985194.13
06066,20264960.43
06067,15717196.71
06068,14401255.719999999
06069,358853599.71
06070,12976523.18
06071,17346527.0
06072,6013643.1
06073,71773183.02
06074,27444832.3
06075,56841657.03
06076,4645692.069999999
06077,18738752.630000003
06078,6869643.87
06079,376150941.77
06080,5106659.14
06081,5975225.52
06082,6701953.32
06083,461583515.85
06084,151429190.44
06085,235533718.99
06086,7114110.96
06087,2448413.8
06088,4200295029.28
06089,27073355.16
06090,49895643.3
06091,46243736.839999996
06092,13692582.86
06093,4893270.7
06094,36231676.74
06095,55903842.92
06096,5602914.76
06097,3770843.11
06098,5532749.91
06099,33407097.88
06100,3281171.78
06101,4920308.2700000005
06102,6976018.6
06103,27612676.12
06104,138676858.6
06105,47437701.54
06106,7589603.15
06107,5046991.93
06108,34010476.35
06109,8436871.709999999
06110,12908607.11
06111,7648858.63
06112,33019057.82
06113,21531811.32
06114,43084537.47
06115,3065410.93
06116,7790263.26
06117,10769072.42
06118,28825962.81
06119,7859398.07
06120,76428454.33
06121,76768007.61
06122,33451239.29
06123,216896340.54
06124,6267074.0600000005
06125,4735369.61
06126,36385086.08
06127,38509250.76
06128,40100068.51
06129,31767628.0
06130,34910515.99
06131,3364163.83
06132,10272365.709999999
06133,2054366.17
06134,11342653.7
06135,6929269.83
06136,42856362.56
06137,9307078.31
06138,55943588.38
06139,4365222.54
06140,28188595.06
06141,2958750.7399999998
06142,3194216.15
06143,12997642.889999999
06144,16352924.96
06145,3223836.31
06146,11228873.29
06147,38519076.06
06148,37715143.81
06149,93845765.14
06150,38887111.769999996
06151,16943304.59
06152,213609911.89
06153,37725641.349999994
06154,6019197.78
06155,211549830.11
06156,6901114.45
06157,145547554.07
06158,10412239.22
06159,74453804.34
06160,5056454.359999999
06161,155185383.21
06162,21226376.23
06163,38917314.49
07001,3670316.28
07002,3993867.34
07003,1642667.41
07004,2294966.33
07005,10034670.78
07006,2095497.14
07007,8636700.21
07008,13240061.83
07009,13393193.17
07010,179850983.84
07011,9201487.05
07012,8191025.75
07013,15920127.86
07014,4167063.31
07015,4605006.28
07017,6687974.35
07018,2036370.44
07019,168243970.24
07020,3399906.2800000003
07022,11404132.59
07023,4138781.94
07024,8195454.87
07025,3128557.01
07026,7268111.44
07027,16738452.97
07028,7558291.55
07029,4528883.38
07030,5290939.45
07031,13248641.48
07032,2881922.23
07033,1829188.1800000002
07034,1614980.26
07035,6002981.84
07036,3552865.46
07037,4785522.21
07038,1837834.42
07039,3598040.67
07040,2687794.48
07041,15016109.64
07042,47033117.230000004
07044,2568054.87
07045,6257863.36
07047,1856838.02
07048,8981308.370000001
07049,1237401.44
07050,5629895.96
07051,7446443.66
07052,4118654.0700000003
07053,4494376.59
07054,4890727.39
07055,21469821.2
07056,6634656.97
07058,6785594.87
07059,2424820.82
07060,2744269.8099999996
07061,4661114.87
07062,1955391.47
07063,1784278.64
07064,46016160.44
07065,2563536.75
07066,20391421.84
07067,2661076.29
07068,5068095.22
07069,7947370.390000001
07070,13301643.14
07071,25362826.19
07072,12179127.11
07073,2640692.44
07074,2297088.96
07075,8697253.96
07076,84785886.98
07077,3818151.17
07078,38419852.25
07079,12677104.33
07080,6683261.2700000005
07081,1494830.8399999999
07082,3474592.33
07083,4371014.27
07084,7650182.399999999
07085,5269701.81
07086,5476092.0
07087,5583299.77
07088,2683439.04
07089,12966299.98
07090,10867746.45
07091,1660085.32
07092,2317917.98
07093,3648698.16
07094,2896924.27
07095,4454792.5200000005
07096,10502780.47
07097,5892674.640000001
07098,3018574.67
07099,4538921.62
07100,7085620.32
07101,11769964.6
07102,97260066.35
07103,7194977.62
07104,2796631.11
07105,4074701.59
07106,2957791.23
07107,13294142.8
07108,1617481.27
07109,3725936.77
07110,16676457.27
07111,2719180.17
07112,2786946.84
07113,4008081.9899999998
07114,3141328.76
07115,6680752.93
07116,15453892.38
07117,15448382.819999998
07118,3565186.5100000002
07119,8798212.059999999
07120,3004457.5600000005
07121,3390034.7800000003
07122,8038375.24
07123,3476675.61
07124,1778998.84
07126,9220891.55
07127,11389360.82
07128,8251157.87
07129,21970557.65
07130,5110869.239999999
07131,2699934.9
07132,20619330.26
07133,5579256.99
07134,8654674.42
07136,1943944.8
07137,2442335.12
07138,17447281.919999998
07139,1704247.0899999999
07140,5409175.76
07141,1683459.15
07142,4128219.7600000002
07143,8792656.83
07144,1867071.63
07145,9369443.86
07146,5017923.1
07147,4966286.08
07148,5835677.83
07149,5202800.7299999995
07150,10986930.14
07151,5323537.48
07152,16774660.51
07153,4249622.47
07154,7111332.470000001
07155,4729306.21
07156,15197246.96
07157,31465376.8
07158,2181938.15
07159,4995645.97
07160,3167426.3699999996
07161,22568470.98
07162,4549986.58
07163,3628573.31
07165,11096923.77
07166,6156967.77
07167,10072639.129999999
07168,9209767.56
07169,4359040.46
07170,5469406.34
07171,5723782.81
07172,16451437.17
07173,2170105.84
07174,4300566.82
07175,1755204.8099999998
07176,2559520.52
07177,8017749.98
07178,7075928.07
07179,1474024.2
07181,36945472.28
07182,8514243.73
07183,4262232.8
07184,4399328.33
07185,5587225.11
07186,107915683.39
07187,1698787.0099999998
07188,12697143.99
07189,3543056.5
07190,3023992.26
07191,24758229.490000002
07192,5467249.66
07193,2482409.44
07194,5074700.7
07195,2698706.9
07196,4065355.06
07197,25857770.3
07198,8536610.98
07199,10932664.99
07200,2597736.85
07201,30331620.99
07202,3350750.24
07203,4525973.02
07204,33392895.22
07205,9793910.48
07206,1675447.42
07207,10327288.870000001
07208,2198223.91
07209,1854540.2999999998
07210,5403054.03
07211,5211543.99
07212,4707924.51
07213,3049420.31
07214,1856842.04
07215,3246948.9
07216,4030618.93
07217,5755495.58
07218,3419088.58
07219,4269805.22
07220,2738292.26
07221,5157244.51
07222,2213180.47
07223,1471576.18
07224,10056878.45
07225,9760954.93
07226,6639434.73
07227,11692637.09
07228,10531475.15
07229,7504266.63
07230,3553614.58
07231,16576167.3
07232,10871688.14
07233,3366012.8
07234,1540595.6600000001
07235,5776935.819999999
07236,15902510.58
07237,9602561.17
07238,3442674.8
07239,2912651.37
07240,11902697.48
07241,3166607.23
07242,2260835.02
07243,2523101.7199999997
07244,3773345.1999999997
07245,21445684.34
07247,7396849.1899999995
07248,4024013.0500000003
07249,2879570.5100000002
07250,3224189.2600000002
07251,3989494.56
07253,4013058.13
07254,4684173.83
07255,20372600.79
07257,1301325.4200000002
07258,4067645.82
07259,10423990.32
07260,7452249.47
07261,10352460.68
07262,7173991.26
07263,3477076.87
07264,12789757.19
07265,13806615.76
07266,2929344.91
07267,5314023.03
07268,8649531.36
07269,17359091.72
07270,4522333.92
07272,3471144.61
07273,3488079.17
07274,2487557.57
07275,2762661.48
07276,3282623.49
07277,2327403.07
07278,4164984.39
07279,13473737.68
07280,6897304.19
07281,65840205.49
07282,4077072.79
07283,1743735.01
07284,3845108.66
07285,2072925.3
07286,10437269.43
07287,3686188.83
07288,11538250.7
07289,8398993.87
07290,3320389.96
07291,6196642.4
07292,7788877.08
07293,5663726.06
07294,5985814.43
07295,18162362.91
07296,10019544.36
07297,4011954.8200000003
07298,5755009.65
07299,3222751.47
07300,4256623.9
07301,11744160.33
07302,10919526.360000001
07303,3321598.8600000003
07304,8649657.31
07305,4140520.67
07306,5540005.71
07307,4262462.24
07308,19610989.75
07309,15564844.78
07310,4565408.47
07311,2226002.5500000003
07312,2865078.26
07313,8542850.8
07314,3783434.81
07315,5166095.06
07316,16961582.57
07317,6607476.12
07318,1540654.79
07319,48438859.99999999
07321,2171176.91
07322,15149573.31
07323,10550026.16
07324,90147473.46
07325,18258986.36
07326,3705827.4
07327,2557705.56
07328,4132394.41
07329,6313702.67
07330,39385013.12
07331,60222002.379999995
07332,5233365.21
07333,9291816.36
07334,33324126.560000002
07335,3857607.5
07336,3341375.27
07337,16716341.989999998
07338,23773903.36
07339,13202046.12
07340,14965309.19
07341,19742095.459999997
07342,12530395.04
07343,7757470.21
07344,2967837.43
07345,6270912.7
07346,43644309.35
07347,6025210.16
07348,9647561.02
07349,46840198.51
08001,8716895.83
08003,16717886.94
08004,1216478.55
08005,698402.32
08006,2616143.7
08008,5051283.08
08010,1000415.1
08011,2761183.02
08013,2117059.88
08014,1329402.21
08015,1193297.08
08016,1505933.05
08017,3007822.73
08018,541530.67
08019,444901.81
08020,1424924.76
08021,1531298.27
08022,3219799.4
08023,417736.94
08024,12980864.36
08025,8141451.99
08026,2514986.45
08027,789789.58
08028,16796983.43
08029,1460069.22
08030,681687.26
08031,535520.53
08032,1489540.1099999999
08033,1143281.26
08034,2638425.04
08035,744486.75
08036,940542.84
08037,7467886.140000001
08038,2781837.82
08039,3269364.58
08040,8034304.17
08041,1264789.35
08043,10895373.12
08044,986387.96
08045,2383737.81
08046,1766895.4000000001
08047,796660.66
08048,3238191.2600000002
08049,846408.48
08052,1471401.19
08053,38942148.3
08055,4431376.35
08056,475985.77999999997
08057,3344297.98
08058,1798017.5999999999
08059,346405.88999999996
08060,1192839.82
08061,452317.37
08062,1098548.56
08063,1914372.48
08064,1827830.06
08065,1163274.22
08066,1037583.99
08067,7012683.66
08069,1000681.74
08070,1573415.01
08071,1608557.26
08073,1451775.06
08074,758419.1799999999
08075,1218593.29
08076,5721537.859999999
08077,852471.4299999999
08078,5460994.25
08080,479546.85
08081,60717244.05
08082,585921.89
08083,1986408.39
08084,1580160.07
08085,2719081.75
08086,1418978.1400000001
08087,1384436.03
08088,880122.0599999999
08089,5767260.97
08090,26180740.6
08092,862743.28
08094,1620332.21
08095,1542293.82
08096,6814296.3
08097,3350043.65
08098,494108.83
08099,1323454.04
08100,816184.1599999999
08101,850480.2
08102,938854.34
08103,2549974.86
08104,269350.45
08105,525261820.44
08106,2715913.31
08107,10957084.67
08109,2032348.73
08110,2972427.97
08111,4329764.0600000005
08113,6498490.66
08115,8021492.2
08116,9632086.24
08117,1408561.02
08119,4449746.33
08120,351834.32
08121,772338.93
08122,66193238.03
08123,870564.25
08124,2382351.7399999998
08125,6508034.22
08126,1777131.0999999999
08128,887348.92
08130,1344684.2
08131,1085568.5799999998
08132,1221563.57
08133,3350670.58
08134,530320.23
08135,829225.2899999999
08136,2950987.93
08137,5089546.71
08138,1801613.33
08139,9617295.76
08140,8730671.07
08141,1612741.93
08142,30860375.47
08143,713812.32
08144,2211417.35
08145,28307176.35
08146,594582.54
08147,795694.9299999999
08148,1025460.4
08149,2182165.4
08150,1280590.88
08151,2698745.91
08153,3898499.38
08154,1904250.9800000002
08155,817642.91
08156,7408580.2
08158,1645006.92
08159,1771980.98
08160,1673257.29
08161,292394.21
08162,2482989.1
08163,2823388.37
08164,1733077.43
08165,333695.21
08166,4437348.2
08167,684346.8
08168,1297653.9
08169,2017138.3199999998
08170,2140768.8200000003
08171,1320892.69
08172,1175242.33
08173,14210127.2
08174,13472253.479999999
08175,7656047.93
08176,734921.34
08178,1263968.1700000002
08179,7244913.6899999995
08180,13569911.450000001
08182,978923.67
08183,14772360.57
08184,515733.23
08185,51667164.32
08186,371586.44
08187,4480168.09
08188,13424497.899999999
08189,1989833.62
08190,114109999.67999999
08191,8368761.28
08192,1311792.25
08193,1391709.95
08194,12233319.309999999
08195,2402035.7
08196,893396.1
08197,1318604.91
08198,6080564.08
08199,4805113.9799999995
08200,1654649.49
08201,1225563.55
08202,4484832.7
08203,3164620.62
08204,812478.54
08205,484951.92
08206,4524931.89
08207,5669976.06
08208,2172831.57
08209,5464132.109999999
08210,997872.1000000001
08211,7668799.119999999
08212,8697642.7
08214,8266537.890000001
08215,449011.99
08216,3150552.05
08217,2421089.27
08218,14178849.629999999
08219,837545.5
08220,1627357.52
08222,22335742.259999998
08223,1891926.1099999999
08225,1226436.87
08226,6435424.23
08228,837398.13
08229,1149417.98
08230,2558531.04
08232,4608081.7
08233,377941.69
08234,712986.56
08235,6764715.58
08236,4600731.66
08237,3606104.61
08238,912679.39
08239,8307430.68
08240,1461617.9
08242,2742910.8600000003
08243,2012389.6300000001
08244,1164094.83
08245,743289.93
08246,1128769.19
08247,4065575.26
08248,6898933.350000001
08249,2234790.65
08250,2014356.94
08251,898550.35
08252,1114433.78
08254,5440964.65
08255,1268163.37
08256,869473.77
08257,1588340.78
08259,720179.47
08260,3628320.16
08262,5595136.86
08263,12564742.83
08264,5636325.03
08268,1764331.24
08269,768636.1900000001
08271,715555.3
08272,603333.48
08273,799081.78
08274,1234136.55
08275,1804243.8399999999
08276,9098033.0
08277,1395365.56
08278,563056.39
08279,860702.49
08280,551854.95
08281,5004136.71
08282,12867472.479999999
08283,798560.9500000001
08284,27194567.79
08286,1349114.8499999999
08287,1306824.36
08288,660156.46
08289,3260900.3000000003
08291,1827433.81
08293,989393.82
08294,1317662.4
08295,1876581.2100000002
08296,1010064.24
08297,8409539.72
08298,12178882.26
08300,501795.19999999995
08301,1108954.13
08302,21729139.64
08303,2788793.64
08304,2441093.37
08305,1433619.6199999999
08306,877195.52
08307,1041165.6
08308,676514.6599999999
08309,331355.61000000004
08310,476092.81
08311,39936946.08
08312,3873478.7600000002
08313,1971952.2
08314,5222308.77
08315,1019673.1199999999
08316,14498976.25
08317,759145.1799999999
08318,2573720.88
08319,2566046.48
08320,3646059.86
08321,1366463.09
08322,2420297.44
08323,814326.94
08324,1228296.4100000001
08325,330307.08
08326,1886838.4
08327,28130608.419999998
08328,36333504.74
08329,5537103.9
08330,5564551.2
08331,6850101.8
08332,438623.64999999997
08333,1655702.8900000001
08334,871563.0
08335,691781.03
08336,2598745.02
08338,1316345.25
08339,1630670.68
08340,1608146.34
08341,11354127.65
08342,3024953.06
08343,8794501.14
08344,2474890.43
08346,10732702.48
08347,3146460.73
08348,1274196.82
08349,4774075.49
08350,2112690.94
08351,532438.42
08352,1569897.02
08353,13882340.51
08354,11899261.15
08355,2521667.4299999997
08356,1126426.26
08357,11529621.91
08358,2569877.9
08360,2270510.34
08361,20367869.740000002
08362,92727971.91
08363,86521562.17
08364,1665910.05
08365,14388911.14
08366,5773059.2
08367,40330536.92
08368,1587787.13
08369,1212522.4
08370,3573204.4
08372,864123.16
08373,3379669.5300000003
08374,605646.9199999999
08375,883015.29
08376,2049589.47
08377,1496111.47
08378,997343.4999999999
08379,1620761.0
08380,1666298.5899999999
08381,5624130.08
08382,2294557.88
08383,602920.59
08384,1053696.73
08385,9796528.42
08386,1804097.0
08387,2285313.7600000002
08388,2840731.2199999997
08389,3860663.35
08390,1101337.07
08391,6179583.3
08392,1398433.7
08393,849022.4600000001
08394,1190273.87
08395,1296308.65
08396,1475458.9000000001
08397,341097.04000000004
08398,769124.3200000001
08399,2055495.51
08400,3475792.68
08401,2179694.62
08402,7819316.7
08403,14286282.85
08404,1232146.44
08405,1492249.19
08406,2308348.29
08407,443168.48
08408,8252938.640000001
08409,205522477.51
08410,2957030.81
08411,742583.15
08412,921831.44
08413,1271076.78
08415,2467413.02
08416,4125211.55
08417,2251842.07
08418,2471027.86
08419,23280471.490000002
08420,12797831.7
08421,1244857.41
08422,2374111.18
08424,3086466.85
08425,499971.62
08426,890602.62
08427,1887594.13
08428,1340123.63
08429,5375008.98
08430,616261.92
08431,400946.87
08432,1884982.8399999999
08433,1048648.52
08434,864890.91
08435,8279823.62
08436,3122288.48
08437,2363244.27
08438,1272889.3299999998
08439,1758984.2
08440,1134707.05
08444,786557.18
08445,3468360.1300000004
08446,1291652.99
08448,7935216.62
08449,7864065.71
08450,1939600.28
08451,2039740.46
08452,2379651.14
08453,935427.67
08454,1184336.8399999999
08455,704139.03
08456,2287728.44
08457,15836679.09
08458,1765204.19
08459,1651635.6199999999
08460,1726664.74
08461,2054167.71
08462,839404.8200000001
08463,1169809.1099999999
08464,660994.65
08465,751906.6299999999
08466,2029140.68
08467,884694.42
08468,2768678.83
08469,9127742.42
08470,945823.52
08471,387545.34
08472,3776131.0300000003
08473,1368921.41
08476,2519893.0300000003
08477,1041620.55
08478,2519963.88
08479,1870710.58
08480,36432011.99
08481,1474748.26
08482,918582.9
08483,4200875.26
08484,467490.36
08485,1474068.06
08486,28336845.22
08487,30993794.48
08488,34419538.92
08489,1230271.3
08490,50170460.85
08491,36770854.05
08492,3071697.23
08494,4745900.81
08496,925024.0700000001
08497,20990360.65
08498,3783295.86
08499,1200886.34
08500,912144.93
08501,587442.15
08502,2671674.61
08503,1340322.68
09001,749239.3
09002,3557605.63
09003,2863229.18
09004,3678079.5
09005,2741169.12
09006,1235581.25
09007,1284359.52
09008,2135137.12
09009,4396410.55
09011,609351.4299999999
09012,1121189.31
09013,1344901.07
09014,2577131.17
09015,4896829.02
09016,2918730.99
09017,2396515.37
09018,1352352.48
09019,3940770.75
09020,1975747.96
09021,1202408.43
09022,1337150.76
09023,6752164.37
09024,19624145.18
09025,1010003.6299999999
09026,2203501.08
09027,1072445.29
09029,7394747.11
09030,35329762.17
09031,1027048.64
09032,69501824.78
09033,874930.56
09034,334821.66
09035,2700110.32
09037,878232.7399999999
09038,1577621.44
09039,3604319.14
09040,1840822.47
09041,2072898.5
09042,17383545.62
09043,3680631.2
09044,2222322.66
09045,2452525.96
09046,939471.6
09047,10742317.4
09048,1038030.7899999999
09049,2119694.45
09050,3548118.52
09051,1449776.52
09052,830896.58
09053,3348189.19
09054,4331734.0600000005
09055,2438274.59
09056,3342336.13
09057,5011454.67
09058,1792287.55
09059,3514512.5900000003
09060,3875166.31
09061,7911077.45
09062,5213954.15
09063,2388775.31
09064,779311.86
09065,3148746.88
09066,4825699.04
09067,2113977.31
09068,1163331.68
09069,726233.74
09070,9707510.120000001
09071,2550815.91
09072,414536.70999999996
09073,2373618.14
09074,2265565.33
09075,1955510.54
09076,1690648.98
09077,1865267.33
09078,2806428.8
09079,17236586.330000002
09080,1503022.97
09081,2880115.7800000003
09082,5629528.88
09083,321099.11
09084,1271392.5399999998
09085,6672173.14
09086,3069291.85
09087,1888518.6400000001
09088,591297.74
09089,761227.43
09090,940894.52
09091,2707195.0300000003
09092,950926.76
09093,2372553.52
09094,1612125.29
09095,2909908.69
09096,671741.16
09097,1853932.33
09098,1365903.37
09099,2583175.21
09100,5407361.04
09101,2094556.8299999998
09102,1250437.9200000002
09103,6114065.6899999995
09104,4124519.56
09105,6198732.03
09106,1979022.09
09107,5697430.15
09108,2267462.04
09109,1505562.92
09110,948531.9400000001
09111,2266461.19
09113,9713825.17
09114,1550394.95
09115,969412.7000000001
09116,2500967.76
09117,1353439.8
09118,2642359.0700000003
09119,8975325.57
09120,4074744.1999999997
09121,13117674.57
09122,105438553.67
09123,1168188.0
09124,14244287.02
09125,3008091.97
09126,2230560.33
09127,1806278.25
09128,2311928.73
09129,2089593.42
09130,5496008.5600000005
09131,2834028.9
09132,2365990.9499999997
09133,1235941.4000000001
09134,1600375.41
09136,2220563.86
09137,2542708.5
09138,2489005.16
09139,10013982.02
09140,4307168.03
09141,1066110.34
09142,1211281.98
09143,1919195.9200000002
09145,1629808.27
09146,661404.76
09147,1116474.5
09148,1417028.33
09149,1942606.61
09150,1544081.47
09151,631477.08
09152,1980302.15
09153,1763110.25
09154,1151086.92
09155,1580273.6199999999
09156,1272500.4300000002
09157,19362328.52
09158,1922813.3900000001
09159,1686734.6400000001
09160,69412252.01
09161,4934241.97
09162,2294145.48
09163,892967.16
09164,4051359.58
09165,2977928.94
09166,1652614.8
09167,25158152.959999997
09168,1307225.34
09169,1441750.8
09170,1137115.06
09171,2635458.79
09172,375239.26
09173,3341045.86
09174,2292085.22
09175,591622.02
09176,12275652.79
09177,1482963.9
09178,589374.42
09179,925968.65
09180,2403208.64
09181,11078279.83
09182,11806971.22
09183,905387.01
09184,698970.7200000001
09185,33855713.18
09186,797609.68
09187,2445324.66
09188,18963902.85
09189,9595387.12
09190,1460925.96
09192,2443536.77
09193,2887734.96
09194,38583303.55
09195,493600.89
09196,1050557.26
09197,1710465.1
09198,2502324.7300000004
09199,7200160.92
09200,5350110.16
09201,1099886.8199999998
09202,5737370.68
09203,1341165.44
09204,2528548.05
09205,716802.85
09206,10492980.87
09207,13981092.659999998
09208,2396698.54
09209,7145803.16
09210,6348589.2299999995
09211,3733554.73
09212,1205484.44
09213,2577587.63
09214,8163769.0
09215,1870436.6099999999
09216,1104799.68
09217,2399230.77
09218,3611942.23
09219,2160997.01
09220,12421164.34
09221,4661085.24
09222,1062478.03
09223,10974065.4
09224,3846730.74
09225,172170465.91
09226,674771.77
09227,1407659.16
09228,4739124.86
09229,2347421.01
09230,2149990.25
09231,2724438.04
09232,3535710.62
09233,521382.72000000003
09234,1056840.42
09235,8112270.36
09236,5795780.55
09237,730373.25
09238,5899308.76
09239,3947513.21
09240,4221389.1
09241,3692163.7199999997
09242,489821.34
09243,477764.03
09244,4974954.6
09245,5546265.39
09246,4841469.93
09247,2880570.12
09249,2495064.69
09250,1200896.17
09251,1883021.38
09252,3737853.32
09253,3359856.12
09254,1902947.18
09255,496367.26
09256,1154398.77
09257,4036978.15
09258,3266570.4299999997
09259,1675381.51
09260,859715.52
09261,45329891.92
09262,1570968.43
09263,652690.18
09264,7893001.0
09265,24473842.7
09266,869710.53
09267,2778955.86
09268,13754394.77
09269,2337464.35
09270,2503614.05
09271,833272.86
09272,14371743.58
09273,5198080.62
09274,2204814.91
09275,1592936.59
09276,2116058.15
09277,7677748.489999999
09279,1092918.6600000001
09280,7146028.88
09281,1360002.17
09282,36087858.49
09283,11760450.18
09284,2136250.48
09285,20558883.240000002
09287,442428.86000000004
09289,8661144.629999999
09290,5688488.32
09291,3179370.88
09292,1312757.26
09293,10583506.95
09294,545340.74
09295,3381148.31
09296,3198986.09
09297,673964.0499999999
09298,3562652.59
09299,7572138.03
09300,2475965.9099999997
09301,6013694.7
09303,2832636.1900000004
09304,242358.97000000003
09305,1428594.84
09306,31129279.86
09307,2007091.92
09308,2431030.73
09309,1790658.4000000001
09310,604772.13
09311,722104.73
09312,20123781.45
09313,3080526.51
09314,2206358.41
09315,790881.27
09316,974497.23
09318,1718853.3
09319,1600868.77
09320,852851.9
09321,3080461.69
09322,13100142.15
09323,1475307.92
09324,17754953.08
09325,1554868.8900000001
09326,1895621.5
09327,2333409.02
09328,3777920.13
09329,3739551.18
09330,2042436.68
09331,3109612.88
09332,17201873.39
09334,16642896.280000001
09335,1022782.4500000001
09336,9180536.29
09338,1540101.74
09339,4529572.01
09340,1891464.19
09341,931507.22
09342,1795393.37
10002,1507726.66
10003,27622619.16
10004,1446510.26
10005,3703771.4099999997
10006,21496779.31
10007,1153888.0
10008,752591.8099999999
10009,1562555.34
10010,452794.45
10011,2074248.61
10012,2861370.64
10013,653260.09
10014,1234754.64
10015,1301019.89
10017,1673761.59
10018,5460599.42
10019,2874414.35
10020,3395974.38
10021,1690259.58
10022,3810482.28
10023,1177507.48
10024,1150034.6400000001
10025,3290558.79
10026,358850.88
10027,2145816.84
10028,1126087.6300000001
10029,3038073.06
10030,19822587.29
10031,2104943.28
10032,4900368.97
10033,63629249.04
10034,24843701.349999998
10035,11914411.809999999
10037,6887263.86
10038,570966.64
10039,2219462.25
10040,1405359.01
10041,808632.97
10042,3306109.78
10043,701039.71
10044,237069.71
10045,2033677.8499999999
10046,633796.79
10047,692382.88
10048,1733932.8800000001
10049,7253714.37
10050,1255190.1400000001
10051,10933488.65
10052,1215714.65
10053,3951807.01
10054,881526.43
10055,3658752.18
10056,2576019.7199999997
10057,122092.09999999999
10058,2310807.66
10059,1042569.3499999999
10060,19944980.5
10061,6866489.85
10062,1317597.51
10063,2650544.36
10064,26977849.15
10065,794060.83
10066,2166188.7800000003
10067,13576300.36
10068,2379966.8
10069,2539977.2199999997
10070,8065334.3
10071,749164.3300000001
10072,1051288.4
10073,486516.67
10074,3284166.7
10075,1303694.87
10076,7836980.33
10077,270829.45
10078,133119.91
10079,1271607.13
10080,8906139.7
10081,124074130.46
10082,2609185.2600000002
10083,2995240.66
10084,6877377.62
10085,324423.1
10086,749332.7000000001
10087,507154.29
10089,4730846.1
10090,1454645.44
10091,801514.95
10092,1545940.41
10093,3437270.9299999997
10094,9062650.36
10095,3289964.75
10096,4568968.41
10097,2857520.33
10098,1491304.67
10099,4319025.58
10100,3183369.05
10101,2833425.8
10102,2474800.37
10103,1628154.68
10104,1058695.05
10105,250398.02000000002
10106,1168156.27
10107,681218.68
10108,390892.64
10109,1475834.24
10110,5772342.21
101101,418405344.88
101102,43200390.42
101103,410067555.37
101104,50408576.24
101105,111860747.68
101106,45403242.089999996
101107,172022757.13
101108,37682662.56
101109,64217220.779999994
10111,967987.47
101110,24327972.05
101111,42052880.85
101112,60622879.53
101113,264610757.17
101114,46957752.13
101115,124623407.63000001
101116,79762807.23
101117,190431015.01
101118,135203233.07
101119,86692095.77
10112,1367464.68
101120,340296559.59
101121,60082970.330000006
101122,63782274.52
101124,90430602.19
101125,181166568.74
101126,28015571.37
101128,162574471.15
101129,93835585.07
10113,2825856.82
101130,21894959.05
101131,44736496.55
101132,61992020.629999995
101133,21359463.400000002
101134,61547706.08
10114,6030131.11
10115,31864475.07
10116,1880776.9500000002
10117,2286292.42
10118,760748.5
10119,4193460.88
10120,2063217.42
10121,2114340.74
10122,1152675.48
10123,10727356.83
10124,3952599.06
10125,1959692.7
10126,2111972.25
10127,400204.43
10128,1376061.51
10129,2567149.55
10130,1231953.68
10131,2899774.8400000003
10132,1811923.26
10133,1945436.0099999998
10134,900917.93
10135,1123060.56
10136,1324090.25
10137,506780.20999999996
10138,833748.63
10139,3276264.4899999998
10140,16160589.34
10141,10320728.49
10142,16815101.15
10143,2706775.96
10144,595169.2000000001
10145,2663891.47
10146,533186.3
10147,819883.97
10148,2443021.27
10149,1834485.79
10150,2295986.72
10151,12566439.12
10153,4369538.96
10154,927837.4199999999
10155,4095279.35
10156,5519762.0
10157,769181.7
10158,2272777.42
10159,440251.7
10160,492928.5
10161,898372.63
10162,2409031.25
10163,1130283.58
10164,3218751.08
10165,3397994.75
10166,5965109.72
10167,838521.73
10168,520709.42
10169,1342119.2400000002
10170,5514071.83
10171,1724037.15
10172,3244108.85
10173,3543137.83
10174,1711512.6199999999
10175,1340739.93
10176,1117854.25
10177,1163103.3
10178,1725721.04
10179,1705311.55
10180,596943.54
10181,2478766.63
10182,1879242.77
10183,431215.56
10184,1377945.24
10185,2022304.51
10186,3871281.62
10187,4635272.149999999
10188,1408468.98
10189,446316.6
10190,2655294.54
10191,13939015.8
10192,1011361.17
10193,1131529.74
10194,1527865.53
10195,2143181.4
10196,3314460.32
10197,2348336.77
10198,484666.32999999996
10199,4908665.76
10200,391715.16
10201,788486.31
10202,1136052.22
10203,2324949.5300000003
10204,428023.7
10205,1133407.52
10206,1177784.88
10207,1326693.3599999999
10208,1286271.8499999999
10209,21832657.72
10210,5903058.6
10211,4915682.33
10212,393670.0
10213,2226643.5
10214,1300188.9
10215,1298154.6600000001
10216,12980291.49
10217,228928.56
10218,773530.56
10219,599953.53
10220,9871971.58
10221,1305302.87
10222,3992583.3699999996
10223,7935177.59
10224,16856382.55
10225,1974314.17
10226,915007.1000000001
10227,3063271.87
10228,2076130.94
10229,241737.52
10230,4592771.7299999995
102301,29529908.78
102302,332168641.19
102303,24171056.73
102304,218365282.77
102305,93024721.36
102306,54771568.96
102307,190435701.74
102308,47785868.79
102309,129523594.19
10231,15967281.63
102310,30160194.2
102311,184217319.19
102312,90299634.01
102313,29508780.73
102314,8141677.88
10232,2024489.8499999999
10233,14271229.719999999
10234,2089626.73
10235,213573.86
102352,7117275.1
102353,65605167.75
102356,21136841.59
102357,36008917.41
102358,8712318.25
10236,744379.23
102360,47531167.42
102361,12530132.01
102362,30807294.650000002
10237,6904195.84
10238,2760655.09
10239,3089136.4
10240,2591719.43
10241,303738.94
10242,2175108.75
10243,666153.4500000001
10245,2709797.15
10246,1692872.09
10247,685281.3200000001
10248,3528667.94
10249,3022847.21
10250,1503610.64
10251,950065.14
10252,259434.61
10253,1057201.0
10254,1706795.8
10255,4697836.17
10256,2596350.09
10257,260805.49
10258,6145260.49
10259,2072355.2
10260,3856136.49
10261,14966996.06
10262,4741778.95
10263,4696704.0200000005
10264,2875311.63
10265,17591102.85
10266,385641.7
10267,1297703.5599999998
10268,172199434.6
10269,1211164.55
10270,2782384.34
10271,7028796.33
10272,1985654.4400000002
10273,186647.33
10274,2493145.21
10275,3145705.46
10276,1915339.3
10278,3249571.3000000003
10279,1477797.07
10280,7274189.88
10281,3522025.01
10282,6883674.16
10283,1534643.0999999999
10284,1473223.82
10285,515568.13
10286,4596948.08
10287,12441266.86
10288,2176028.61
10289,9019175.56
10290,1175027.05
10291,1396252.15
10293,898983.0900000001
10294,614000.17
10295,2511188.63
10296,3934491.26
10297,35603924.78
10298,6510849.109999999
10299,4030532.48
10300,1586640.73
10301,1671066.2000000002
10302,835960.58
10303,299164.23000000004
10304,1259519.42
10305,1078564.18
10306,3596761.2199999997
10307,1865846.9
10308,1373079.22
10309,1135985.4
10310,2137362.85
10312,1149400.32
10313,6193502.21
10314,3638477.79
10315,379934.8
10316,1605428.49
10317,28162719.61
10318,1277284.74
10319,2877229.78
10320,1789653.43
103201,14169704.379999999
103202,55939251.27
103203,35115668.56
103204,35044586.99
103205,50134285.88
103206,40621379.42
103207,110967580.46
103208,9670071.91
103209,945560178.6800001
10321,19399790.39
103210,141164691.23999998
103211,21235504.47
103212,59234777.47
103213,365281463.32
103214,56386517.85
103215,12375667.0
103216,38558004.36
103217,91889786.56
103218,61108626.96
103219,28419143.080000002
103220,89894326.52000001
103221,126411857.31
103222,160126726.05
103223,59806384.19
103224,91818207.77
103225,42828776.3
103226,60743627.690000005
103227,69411366.93
103228,130441646.55000001
103229,151790344.76
10323,117960317.37
103230,100770351.50999999
103231,69568616.87
103232,61885154.17
103233,22049216.62
103234,27560286.47
10324,433281.41
10325,22230100.88
10326,2909086.2600000002
10327,1409643.1600000001
10328,4247364.23
10329,3426757.24
10330,1315358.8
10331,4128222.74
10332,1739261.03
10333,82143691.83
10334,4346326.4799999995
10335,5233218.0
10336,3895801.5300000003
10337,528319.1
10338,1205663.42
10339,1822209.25
10340,25458632.46
10341,3278131.28
10342,2408058.46
10343,46344553.33
10344,9577412.48
10345,2750893.96
10346,838862.42
10347,1183932.38
10348,1346751.1600000001
10349,16917060.22
10350,4831192.53
10351,3583197.06
10352,10599055.0
10353,5069161.61
10354,1108066.9200000002
10355,733842.34
10356,1507408.98
10357,24458754.669999998
10358,6004939.2
10359,5136710.95
10360,7667088.18
10361,1074151.3699999999
10362,89339573.93
10363,7511728.83
10364,944652.64
10365,904837.23
10366,1483508.93
10367,3983997.66
10368,7521362.699999999
10369,1340165.48
10370,1144617.94
10371,2398864.44
10372,24655579.3
10373,2648768.23
10374,2672100.9400000004
10375,2702883.53
10376,1348075.05
10377,1263316.68
10378,872430.6000000001
10379,3507258.1599999997
10380,727197.4199999999
10381,14539512.18
10382,6631688.3100000005
10383,633342.84
10384,1582924.25
10386,1341025.5
10387,566627409.52
10388,726154.41
10389,761912.9299999999
10390,2614833.28
10391,2615262.25
10392,2139592.09
10393,1216739.1
10394,1780028.1900000002
10395,3265387.41
10396,6353554.39
10397,849022.1900000001
10398,874844.37
10399,4049783.1799999997
10400,1025492.7000000001
10401,26098569.58
10402,817781.06
10403,737298.36
10404,742888.93
10405,709430.6699999999
10406,7993462.99
10408,882956.4400000001
10409,5498609.22
10410,1012853.04
10411,2199076.93
10412,8352986.66
10414,709032.54
10416,1557404.03
10417,1544096.76
10418,1016845.29
10419,5383673.4
10420,20675569.45
10421,1375618.69
10422,1427226.91
10423,2399940.61
10424,2269748.37
10425,1288546.7
10426,8097377.550000001
10427,2891319.0100000002
10428,2502971.43
10429,6495806.67
10430,1712408.28
10431,855854.38
10432,1536716.94
10433,2004363.3499999999
10434,120167.23
10435,1628324.04
10436,1010264.78
10437,5077074.24
10438,4335655.11
10439,1089001.78
10440,4235865.74
104401,107462351.39
104402,152799766.73000002
104403,105230568.43
104404,155722253.69
104405,131719433.94
104406,119557746.5
104407,485849311.05
104408,267543475.37
104409,442571143.14
10441,1392446.6400000001
104410,359613900.41
104411,1374716251.16
104412,317569858.0
104413,309684422.25
104414,342165019.26
104415,867141957.17
104416,913642362.25
104417,73244724.06
104418,288535636.47
104419,107976841.6
10442,2797679.8200000003
104420,172675211.63
104421,99249881.79
104422,750206176.31
104423,108574927.21000001
104424,77966053.78
10443,683460.6
10444,1447736.3900000001
10445,1081596.1500000001
106601,22554552.68
106602,55005957.0
106603,57550757.34
106604,43515411.23
106605,31838369.93
106606,61049096.05
106607,62725665.44
106608,45547071.28
106609,46768493.04
106610,55163559.45
106611,226872307.63
106612,57650822.61
106613,32688230.44
106614,41504520.27
106615,35602118.519999996
106616,40672969.19
106617,57777638.470000006
11001,7567883.28
11002,2364229.38
11003,1861721.02
11004,4417595.19
11005,11484899.25
11006,1640144.71
11007,2668802.8
11008,8314383.34
11009,23821649.98
11010,2394794.56
11011,7623283.73
11012,16370610.57
11013,4329514.86
11014,8322519.18
11015,4911195.88
11016,1982091.5
11017,1725099.04
11018,11978893.71
11019,1795828.01
11020,1584252.23
11021,8708554.51
11022,8270066.56
11023,6905301.56
11024,12240877.01
11025,4506044.49
11026,2470982.37
11027,10985405.799999999
11028,10027704.030000001
11029,963446.96
11030,1884632.49
11031,1210103.37
11032,2164151.44
11033,20992091.77
11034,10017784.620000001
11035,2804961.23
11036,2528025.25
11037,5109694.4
11038,2707423.07
11039,343546.57
11040,17788767.18
11041,16260465.57
11042,2465428.56
11043,2018878.1199999999
11044,2722881.7800000003
11045,1386512.8499999999
11046,712553.67
11047,2177607.06
11048,6905571.68
11049,42732487.19
11051,2109344.92
11052,3100704.7600000002
11053,2280253.74
11054,2388184.02
11055,6380213.8100000005
11056,3735735.58
11057,456725.81
11058,1939955.43
11059,1886555.52
11060,1327536.48
11061,2118055.2199999997
11062,1228216.0899999999
11063,7451318.24
11064,7962377.8
11065,1151154.5
11066,8052299.12
11067,6783461.59
11068,21467119.84
11069,439358753.15
11070,4147792.28
11071,9005861.3
11072,2049648.4000000001
11073,754307.41
11074,3233236.4299999997
11075,5530227.7299999995
11076,147087697.99
11077,7057256.04
11078,1601899.28
11079,2405063.3200000003
11080,3133747.67
11081,26097213.23
11082,330439.11
11083,1100937.67
11084,7252507.9399999995
11085,7353927.46
11086,6495418.140000001
11087,2169966.4699999997
11088,14255927.1
11089,5517873.15
11090,6260001.4399999995
11091,11300417.31
11092,1448122.76
11093,1267922.08
11094,1226131.1800000002
11095,3960668.6999999997
11096,2306199.0100000002
11098,6587685.86
11099,27934447.1
11100,553058.32
11101,1681931.67
11102,4938670.91
11103,13790177.85
11104,1436620.25
11105,6710011.15
11106,44096145.0
11107,1197311.19
11108,625866.84
11109,1063595.57
11110,625685.45
11111,4439096.87
11112,1327878.1199999999
11113,8034018.85
11114,562818.14
11115,16111527.23
11116,38818764.81
11117,2641876.27
11118,2399538.49
11119,2901652.08
11120,4084491.3299999996
11121,1011609.78
11122,7251180.89
11123,10689112.46
11124,22470815.189999998
11125,2374043.94
11126,5193706.0600000005
11127,7198284.34
11128,1862360.19
11129,16299970.370000001
11130,4495403.55
11131,5004817.17
11132,9004512.209999999
11133,836175.4700000001
11134,1020913.2799999999
11135,564591.25
11136,10275223.64
11137,4392208.74
11138,4726398.4399999995
11139,1406053.23
11140,10033056.459999999
11141,2063279.13
11142,1832256.3399999999
11143,2589439.4
11144,11172360.97
11145,87886012.24000001
11146,3497834.5300000003
11147,787527.65
11148,4208743.05
11149,1367501.5
11150,6082772.92
11151,4530524.76
11152,2116418.9
11153,2728645.94
11154,2049957.03
11155,2236900.1
11156,1754190.1300000001
11157,2263019.11
11158,2708403.11
11159,2126209.83
11160,764290.42
11161,1813207.3699999999
11162,820370.72
11163,1144185.52
11164,17467725.720000003
11165,2417245.65
11166,1184386.02
11167,513906.87
11168,1489190.67
11169,1057517.23
11170,97819475.14
11172,4562923.52
11173,1850452.82
11174,1128221.59
11175,8241364.4
11176,599158.0599999999
11177,785593.04
11178,10409939.4
11179,1598275.09
11180,2175423.86
11181,5791397.18
11182,2728177.2
11183,3508459.72
11184,2026360.9000000001
11185,11819100.88
11186,1688218.4
11187,1918135.65
11188,23346248.74
11189,2030055.5
11190,15201015.91
11191,3104852.2199999997
11192,9505814.19
11193,2727850.22
11194,2902479.77
11195,4527947.54
11196,2164440.5100000002
11197,5084925.569999999
11198,10595137.01
11199,11003620.14
11200,1968900.08
11201,5965503.09
11202,172347622.21
11203,101659914.86
11204,559245.44
11205,6157367.9799999995
11206,87278889.04
11207,2278919.04
11208,2180561.84
11209,3164383.4
11210,8023981.58
11211,3339394.37
11212,5695371.26
11213,1960767.22
11214,3800180.74
11215,10873789.61
11216,2932390.32
11217,8329037.93
11218,1267229.78
11219,1054078.31
11220,4799009.46
11221,7037363.35
11222,3275941.73
11223,377345.89
11224,1960143.93
11225,9244889.83
11226,1457575.67
11227,1366208.53
11228,1863393.44
11229,1593738.3
11230,899591.0
11231,2118386.64
11232,741116.58
11233,9019975.02
11234,2651563.19
11235,1718225.92
11236,4138136.82
11238,1902740.1600000001
11239,1810472.19
11240,3802874.59
11241,3716792.76
11242,2701119.76
11243,7035463.59
11244,3665250.56
11245,2517801.01
11246,816262.68
11247,811330.2300000001
11248,895747.87
11249,1083340.32
11250,1482385.48
11251,10322903.47
11252,3548201.53
11253,9984676.43
11254,21411214.48
11255,23272799.17
11256,4537248.35
11257,3897944.91
11258,10977331.17
11259,10805087.17
11260,3343761.7199999997
11261,5065892.52
11262,682637000.96
11263,3615933.44
11264,10819882.95
11265,1607358.79
11266,124054776.08
11267,7867319.63
11268,1365662.74
11269,16536168.290000001
11270,2598271.17
11271,1487869.3
11272,21523481.56
11273,6780658.9399999995
11274,4313995.49
11275,4616850.72
11276,8190044.180000001
11277,519959.95
11278,1430092.08
11279,20167773.669999998
11280,13564062.09
11281,10803201.47
11282,804550.26
11283,1157403.0899999999
11284,5976647.83
11285,14021446.16
11286,12676340.52
11287,1679514.25
11288,14665381.52
11289,10081272.12
11290,1866375.09
11291,1637635.28
11292,2579803.1
11293,8597303.24
11294,663023.46
11295,19245252.55
11296,4763501.03
11297,5096304.2700000005
11299,5781740.09
11300,3049232.1500000004
11301,11480276.76
11302,5080504.17
11303,7817142.58
11304,59634737.36
11305,1360786.87
11306,688273.66
11307,2793346.04
11308,5617281.79
11309,4478592.75
11310,7072992.3100000005
11311,4572815.86
11312,1204105.55
11313,3096716.39
11314,1797420.96
11315,17982700.26
11316,2939364.17
11317,2218192.16
11318,1446600.0
11319,2461562.78
11320,5078803.24
11321,5236718.91
11322,14781692.100000001
11323,6604849.62
11324,3495686.4
11325,3692053.23
11326,1872925.76
11327,7318533.86
11328,2532192.8200000003
11330,5887842.64
11331,1243133.49
11332,10543529.17
11333,2550828.69
11334,2467962.2
11335,1687201.19
11336,4515762.46
11337,2672027.23
11338,747493.32
11339,7101697.600000001
11340,6102739.75
11341,1731242.97
11342,2075029.18
11343,1632448.83
11344,13478610.61
11345,3168106.59
11346,1213196.69
11347,1761899.3
11348,1663664.76
11350,1630675.61
11351,9365781.45
11352,893373.16
11353,18291588.21
11354,1017151.0
11355,3929750.0300000003
11356,8867577.16
11357,3163095.4000000004
11358,803177.21
11359,4179393.4
11360,11768282.67
11361,10261706.72
11362,3603600.77
11363,3150847.06
11364,3238591.01
11365,659746.38
11366,5005031.899999999
11367,17638373.83
11368,2579593.27
11369,23306241.25
11370,16466579.83
11371,17366097.79
11372,2978938.21
11373,1226404.46
11374,1378516.07
11375,730643.79
11376,1053127.75
11377,1655994.5
11378,4551983.859999999
11379,57626650.12
11380,1668447.06
11381,2054893.1199999999
11382,3030728.43
11383,3610306.1
11384,2619460.36
11385,2501305.4
11386,7124460.9
11387,1884306.6400000001
11388,4352694.48
11389,471999.63000000006
11390,4262191.899999999
11391,1151922.76
11392,5689438.4
11393,4414156.85
11394,2071262.96
11395,602466.75
11396,4786010.14
11397,47648497.89
11398,12590690.92
11399,1371701.61
11400,1379261.46
11401,14669793.620000001
11402,612743.8200000001
11404,9631135.41
11405,7075614.66
11406,771760.87
11407,6269358.65
11408,6120668.62
11409,3051741.46
11410,8878166.71
11411,2929282.58
11412,1173736.57
11413,3431420.49
11414,1001488.25
11415,1475174.54
11416,3476011.98
11417,2356885.4499999997
11418,14545110.7
11419,1160865.62
11420,1907542.7
11421,4369866.42
11422,3736098.66
11423,2504311.35
11424,1400531.03
11425,15163166.56
11426,17503140.41
11427,3147642.0799999996
11428,4562868.49
11429,34258886.839999996
11430,9374297.1
11431,4749308.82
11432,2323186.12
11433,13563830.82
11434,12731670.11
11435,7799019.41
11436,13232458.56
11437,10519840.8
11438,3018649.68
11439,2984819.0100000002
11440,845733.68
11441,15834540.92
12001,7693896.45
12002,8737679.629999999
12003,3430836.29
12004,10113919.15
12006,7928901.63
12007,1990869.95
12008,7835050.34
12009,892189.85
12010,2158842.1799999997
12011,13566892.06
12012,9707151.16
12013,35391921.57
12015,3140321.8
12016,6517463.01
12017,5486947.77
12018,1974512.03
12019,2498983.87
12021,25202620.3
12022,2445482.8800000004
12023,2729900.34
12024,5917407.9
12025,22457414.09
12026,8469271.47
12027,3323029.85
12028,9772806.49
12029,6508943.82
12030,7754859.88
12031,4038320.3800000004
12032,5426648.28
12033,36354621.48
12034,2714597.23
12035,5896305.2299999995
12036,32635509.45
12037,15521126.700000001
12038,3724414.13
12039,11795850.67
12041,3053386.02
12042,2420423.7800000003
12043,16652776.39
12044,13825132.73
12045,3478154.3400000003
12046,4997566.38
12047,6394029.97
12048,16398835.809999999
12049,6277816.2
12050,4888636.67
12051,11815645.299999999
12052,38140379.85
12053,2674112.1900000004
12054,4897948.79
12055,2570594.81
12056,28287481.15
12057,13487937.379999999
12058,2302307.6
12059,6162647.16
12060,1995418.8599999999
12061,9230885.92
12062,6157426.26
12063,21882710.7
12064,5405726.239999999
12065,5517932.34
12066,8100545.61
12067,2008365.03
12068,13139953.61
12069,4887088.09
12070,4681978.59
12071,4496325.22
12072,3369238.1900000004
12073,6252501.18
12074,4401965.9
12075,2288475.6
12076,40146516.160000004
12077,8650976.05
12078,3018182.23
12079,6079678.62
12080,7365262.58
12082,5002018.74
12083,15627997.379999999
12084,14753504.26
12085,3546110.18
12086,3219533.31
12088,4602876.33
12089,81851774.31
12090,22006947.81
12091,3723993.55
12092,6371968.1899999995
12093,5662716.32
12094,21806840.720000003
12095,3544708.21
12096,46238848.089999996
12097,5076346.5200000005
12098,11879246.47
12099,3088691.66
12100,26096530.76
12101,14149138.09
12102,22487219.2
12103,7202567.57
12104,3471844.2199999997
12105,18990745.9
12106,5657988.2299999995
12107,3024092.55
12108,4925816.15
12109,1986666.32
12110,12726566.4
12111,6374390.47
12113,4222816.31
12115,3237586.9299999997
12116,3160217.95
12118,9150602.36
12119,21861684.91
12120,27339547.66
12121,7877441.06
12122,1732206.8499999999
12124,7481641.279999999
12125,3637964.95
12127,7978604.380000001
12128,3304566.69
12129,5777401.63
12130,17507421.76
12131,12285638.25
12133,54827712.27
12134,4960064.7299999995
12135,7522546.38
12136,8202016.06
12137,4143779.3
12138,18127126.71
12139,3060848.73
12140,7926878.61
12141,4878043.75
12142,4945275.16
12143,1477983.76
12144,2474957.88
12145,200594893.37
12146,16564828.52
12147,3572675.0700000003
12148,13510610.31
12149,2709105.7800000003
12150,6888806.01
12151,12717825.86
12152,1692709.43
12153,4341056.26
12154,7561957.44
12155,7840931.05
12156,11860516.7
12157,19391451.71
12158,2027671.02
12159,6080335.46
12160,5162093.7
12161,8234390.59
12162,9747343.92
12163,4588532.65
12164,8997246.87
12165,3043161.96
12166,2991175.89
12167,28725721.58
12168,13195994.07
12169,26078833.15
12170,4183282.67
12171,6625588.720000001
12172,8899761.809999999
12174,26808063.05
12175,1301188.98
12176,113779310.33
12177,9972009.77
12178,3822756.27
12179,3257363.2600000002
12180,3337524.05
12181,4717216.08
12182,3092318.02
12183,4096071.5
12184,2599069.16
12185,18249533.32
12186,1898751.44
12187,4688143.58
12188,6297331.350000001
12189,4748544.55
12190,3351806.58
12191,3896975.1100000003
12192,4491451.06
12193,2610481.19
12194,6699412.53
12195,5122101.25
12197,31105725.470000003
12198,24040855.65
12199,20318727.95
12200,15278913.88
12201,9841982.51
12202,280423207.86
12203,21668307.58
12204,3560221.3200000003
12205,6380689.02
12206,4926948.13
12207,5524897.42
12208,65939622.08
12209,18747526.81
12210,9447289.69
12211,2517847.52
12212,1574165.22
12213,6671649.98
12214,11164339.63
12215,6566542.63
12216,11888763.57
12217,4190281.49
12219,4883136.79
12220,5839046.28
12221,6333743.03
12222,3069180.7
12223,51494609.25
12224,31711405.330000002
12225,19038991.98
12226,31656497.84
12227,2244112.32
12228,5485449.1899999995
12229,6069938.5
12230,3161544.6999999997
12231,8642310.84
12232,4569476.55
12233,3687143.57
12234,6479692.67
12235,5476372.79
12236,3597252.71
12237,11136264.48
12238,5347927.6
12239,2887134.25
12240,9628878.27
12241,22396921.93
12242,5979083.4
12243,7444948.44
12244,12800975.42
12246,8745474.5
12247,4292716.62
12248,12681230.08
12249,2733752.66
12250,7471064.7299999995
12251,8104767.67
12252,3972823.9
12253,22196134.41
12254,16564292.18
12255,8946668.29
12256,2124089.03
12257,7421937.61
12258,13261586.450000001
12259,8659958.19
12260,2241626.42
12261,1801147.46
12262,10000969.8
12263,4965547.649999999
12264,25267035.22
12265,5724650.93
12266,14893024.89
12267,5994933.28
12268,9305872.94
12269,1526049.44
12270,61288724.38
12272,3357200.68
12273,2955708.1
12274,3353948.38
12275,1296176.01
12276,6017673.94
12277,8425770.32
12278,2028870.43
12280,8391584.07
12281,4285502.91
12282,3472278.6
12283,7767012.78
12284,16817582.12
12286,13437274.5
12287,5664542.96
12288,8335722.89
12289,2523607.02
12290,3385863.3000000003
12291,5317903.06
12292,3902729.33
12293,4439810.81
12294,14046955.76
12295,1566681.55
12296,7173830.17
12297,4565089.12
12298,8793354.07
12299,14317198.26
12300,108554254.1
12301,18004138.67
12303,2534405.02
12305,21386041.740000002
12307,6950318.63
13001,1308333902.68
13002,117711431.09
13003,31901276.220000003
13004,463465168.62
13005,373832922.8
13006,23461057.31
13007,89187099.26
13008,9539060.15
13009,16239660.129999999
13010,31706489.94
13011,30548150.650000002
13012,13972390.58
13013,17107997.380000003
13014,282740170.49
13015,127190581.44
13016,24307980.81
13017,25396876.45
13018,36890789.589999996
13019,93779254.42999999
13020,32873583.49
13021,64692530.69
13022,114995348.57000001
13023,32117077.59
13024,37269344.47
13025,41867419.56
13026,139368580.49
13027,193927754.21
13028,297872128.9
13029,16204494.18
13030,33746509.95
13031,27787129.1
13032,103239164.6
13033,46378940.89
13034,47847764.76
13035,63785226.11000001
13036,46118444.51
13037,88644021.23
13038,52741633.4
13039,207223764.53
13040,98768740.13
13041,280469583.05
13042,140777220.24
13043,88901198.02
13044,45814733.07
13045,39786638.65
13046,53070022.11
13047,233587093.57
13048,36849232.15
13049,24755912.8
13050,87477744.67
13051,80149713.99000001
13052,30551487.09
13053,66803389.47
13054,252188922.46
13055,5765913673.2
13056,721032104.07
13057,12353595.1
13058,46819218.58
13059,46930143.74
13060,77373305.2
13061,4543543.38
13062,50481639.15
13063,132347665.86
13064,36165528.61
13065,31523689.82
13066,61513973.86
13067,43086258.46
13068,25333144.29
13069,85457371.01
13070,53500460.29
13071,169570201.42
13072,45030455.25
13073,35072548.37
13074,58515608.6
13075,110869879.8
13076,53937531.29
13077,217648184.48
13078,115319605.2
13079,49995204.05
13080,61853973.49
13081,155494187.89
13082,35630151.95
13083,49328456.03
13084,81251596.32000001
13085,37982729.94
13086,89127466.68
13087,161138332.74
13088,26025752.97
13089,31254081.78
13090,4502803.9399999995
13091,42923743.62
13092,73733726.77
13093,13457304.06
13094,39710161.99
13095,30162173.7
13096,108442654.78
13097,154546375.49
13098,51970768.95
13099,28471469.63
13100,135658724.44
13101,20809188.16
13102,97831435.97
13103,395121788.68
13104,35414993.47
13105,64666560.45
13106,93736782.28999999
13107,47625228.38
13108,137200894.18
13109,31058241.169999998
13110,119122058.26
13111,18868158.34
13112,105940110.73
13113,76575382.95
13114,50430886.6
13115,32718011.38
13116,12711681.01
13117,442932956.34
13118,28463765.16
13119,67068356.71
14001,7323890.41
14003,997000.71
14005,8137751.640000001
14006,5910521.15
14007,1255098.02
14009,6618743.88
14011,10297834.59
14012,512522.94
14014,5479786.59
14015,3114173.56
14016,1933188.8900000001
14019,1265984.8
14020,23197149.65
14021,10171572.64
14022,6568888.0200000005
14023,722584.61
14024,2674785.24
14025,3060068.92
14026,3833136.31
14027,35323198.27
14030,5873690.45
14032,2243224.31
14033,1972403.23
14034,1708156.23
14035,10132574.31
14036,530690.86
14037,2945399.1999999997
14038,2681652.5100000002
14039,2676555.11
14040,733555.42
14041,845811.67
14042,4989377.4799999995
14043,255576.24000000002
14044,2014496.48
14045,695175.35
14046,10348781.42
14047,132282104.66000001
14049,842521.6699999999
14050,601658.65
14053,1485366.51
14054,717611.84
14055,4507182.82
14057,8478279.77
14059,7232018.52
14060,11600051.67
14061,95126883.14
14062,2383333.02
14063,635595.36
14064,1163368.4
14066,17250973.78
14068,18974085.62
14069,11058410.76
14070,3600931.56
14076,53263127.82
14077,7646335.22
14078,1240130.97
14079,16590489.14
14080,545864.92
14082,532001.77
14083,5650851.0200000005
14084,1816994.12
14085,6305006.94
14086,1495797.21
14087,1059181.72
14088,2325169.0
14089,1153127.96
14090,2849736.93
14091,1487675.86
14092,9416787.33
14093,1291206.5899999999
14096,1247372.43
14097,2575556.2600000002
14098,31015006.439999998
14100,16937107.16
14101,28542551.0
14102,4584846.13
14103,1132732.26
14104,1134887.31
14106,2287241.42
14107,890130.36
14110,463016.93
14111,1059554.9100000001
14116,312971.55
14117,108791510.91
14118,1004151712.45
14119,13480096.38
14120,8375039.37
14121,786696.2
14122,788454.2000000001
14123,7897592.71
14124,4574093.21
14125,10815799.88
14126,14210440.8
14127,1856997.22
14130,947189.34
14131,1256609.05
14132,1231212.94
14134,782386.22
14135,1152513.0699999998
14136,231584.96
14137,45244335.54
14138,740398.17
14140,1755726.28
14141,1488251.6
14143,17795985.07
14145,3663964.95
14146,733573.89
14147,668231.84
14149,1301495.49
14150,6871125.659999999
14159,894445.26
14160,1144879.25
14161,2411427.4
14162,14893090.879999999
14163,1804803.83
14165,1511691.43
14166,13593238.959999999
14167,48704639.57
14168,960675.51
14169,845776.47
14171,900981.5
14172,2098881.83
14173,1435188.02
14174,47756533.169999994
14175,965117.34
14177,7687894.6899999995
14179,919308.3200000001
14180,1118781.5
14181,57271272.16
14182,2162159.77
14183,344507.51999999996
14184,704797.26
14190,802371.5199999999
14191,68774765.11
14193,1805883.23
14194,2890990.11
14195,829430.27
14196,1382872.13
14197,5470724.55
14198,493152.18000000005
14200,14576677.16
14202,6875125.08
14203,787331.91
14204,968257.01
14205,793842.6
14206,1784523.28
14207,1958892.24
14209,1224282.7
14211,1675106.4
14214,781435.55
14215,10610855.07
14216,2321980.4
14218,1304992.1
14220,214835751.12
14221,4086208.19
14223,797930.6000000001
14224,166874.88
14225,50605425.19
14226,2218130.6
14227,1097892.16
14228,47667381.77
14229,13498914.38
14230,476422.47
14231,1324335.9200000002
14232,686351.9099999999
14236,2559499.92
14237,1759143.53
14238,633342.65
14239,406336.31
14240,2560007.0500000003
14241,2230347.1999999997
14242,12988782.92
14243,9209891.22
14244,975775.52
14245,1407331.56
14246,2587042.94
14248,927634.79
14249,5412620.99
14250,1640434.9200000002
14251,2408765.45
14252,579730.47
14254,7365953.8
14256,1055037.16
14257,11589683.66
14258,101578823.47
14260,1192777.71
14261,1103737.0699999998
14266,9139114.43
14269,777502.01
14270,1608493.74
14271,25306872.28
14272,811856.11
14273,977394.52
14274,11219279.27
14275,2017897.67
14276,929093.47
14277,6600675.83
14278,5840967.29
14280,1395545.54
14281,4085163.01
14282,1339729.08
14283,1103290.4500000002
14284,888539.74
14285,420887.31000000006
14286,2009654.62
14287,8907839.64
14288,3236179.0
14289,1442115.49
14290,3292253.48
14291,1382824.36
14293,1692120.85
14297,1450121.73
14298,663642.5
14299,3709801.04
14300,391731.48
14301,25508587.15
14302,1094180.07
14303,7038707.59
14304,5729322.55
14305,4498675.7
14306,1348894.87
14308,1313904.99
14309,3656434.27
14310,3371248.03
14311,3962471.88
14312,16716614.73
14316,2707070.76
14318,7044818.74
14319,4875362.23
14320,802722.51
14322,2060292.46
14325,17362029.080000002
14326,2960126.3400000003
14327,236580961.42
14328,4899228.0200000005
14329,591266.8300000001
14332,3923927.2199999997
14333,138285022.76
14334,1103197.72
14335,2066659.07
14336,2107036.11
14337,1455431.8399999999
14338,30362522.46
14341,85051621.67
14342,30925809.11
14343,700624.64
14344,1694874.99
14345,3819046.27
14346,6781706.1899999995
14347,5575839.699999999
14348,108148.12000000001
14349,12156894.02
14352,8962228.94
14353,1449528.8699999999
14354,13099230.7
14355,6199385.32
14357,4206588.88
14358,470529.22
14360,881859.93
14362,1054229.13
14364,1986427.4600000002
14365,18708966.52
14366,197741338.87
14367,2378426.65
14368,1074612.13
14369,1025361.29
14370,23414313.43
14371,40642375.82
14374,990591.9400000001
14375,884231.1599999999
14377,3405208.13
14378,1361186.1400000001
14379,958229.02
14380,442838.67
14381,417366.63
14383,13770957.43
14384,32822591.119999997
14385,848140.9
14389,1394643.5499999998
14390,762451.8500000001
14391,1376198.98
14393,1941393.84
14394,1461197.1500000001
14396,3820931.81
14397,1548090.3199999998
14398,3522443.67
14399,2004997.79
14400,726317.3600000001
14401,540748.84
14402,471905.8
14403,3647904.36
14404,986363.74
14405,2071119.06
14406,4494620.12
14407,13578900.49
14408,11202637.379999999
14409,26540310.13
14410,3476669.0100000002
14411,970283.63
14412,510099.25
14419,1062177.27
14421,1770803.54
14424,829762.55
14425,1333498.17
14426,1682071.28
14427,2344744.07
14430,836536.37
14431,57248389.68
14435,710714.32
14436,2706110.94
14437,132620862.44
14438,2945495.73
14439,638460.8
14445,668697.74
14446,460693.44
14448,509936.36
14449,1300269.74
14452,5729738.07
14453,1984210.29
14454,9186471.12
14455,1059996.27
14456,20042189.07
14457,907473.51
14458,1182186.97
14460,12947820.0
14461,1645415.55
14465,2712086.94
14466,1415732.0
14467,1431389.06
14468,847640.52
14469,1208853.19
14473,628135.86
14474,4237256.36
14475,13765075.96
14476,921757.7200000001
14478,23700733.65
14480,5612242.33
14482,1521540.27
14483,1152472.3
14484,821966.14
14486,4094477.1300000004
14487,4457346.649999999
14488,85836058.62
14491,544753.59
14492,1684455.71
14494,898515.62
14495,1622678.5699999998
14496,189848.34
14497,1286046.6
14498,982964.5900000001
14499,1990465.47
14500,1447275.9100000001
14501,2155336.08
14502,470089.18
14504,4952352.08
14506,1106385.6700000002
14509,1904756.87
14510,326640.72
14511,1733989.8699999999
14512,403640.81
14514,38765810.28
14515,18188881.47
14516,22949820.21
14519,613932.5499999999
14520,2998535.49
14522,1760834.72
14524,2046066.84
14527,2347483.35
14528,2405571.7
14529,783615.0
14530,12674838.03
14531,466177.36
14533,708827.43
14534,5342418.65
14535,3956086.38
14536,16841861.71
14538,6614241.22
14540,1274219.8599999999
14541,575487.3500000001
14542,1940023.2
14543,23854238.37
14546,606494.1
14547,601181.5900000001
14550,421283.52
14552,2777926.04
14554,4339233.47
14555,3188932.85
14556,13458033.600000001
14557,17647247.76
14558,5758572.18
14559,2382702.32
14562,23891598.62
14563,2817947.8
14565,3914509.62
14566,15287924.41
14569,1172579.77
14570,11102692.33
14571,1116009.6300000001
14572,3977425.05
14574,10752609.129999999
14575,2956470.98
14576,2292977.0300000003
14578,10071577.77
14579,5819792.27
14582,2538632.21
14586,1250751.1800000002
14587,16661823.18
14588,1230660.28
14589,5021437.41
14590,348581.51999999996
14591,2407327.56
14592,10714457.72
14593,3083512.67
14595,1281643.37
14598,953657.32
14601,1524983.21
14602,1591041.9300000002
14603,1635448.9100000001
14605,1790921.75
14606,587056.57
14607,751568.78
14609,5984008.55
14610,7320635.05
14613,639984.6699999999
14614,5376699.0
14619,640571.4099999999
14620,2712254.31
14621,1744634.74
14622,578590.46
14623,9076940.35
14625,5919167.73
14626,2368987.28
14627,3337325.84
14630,10529328.72
14635,855705.6499999999
14637,1520628.6199999999
14639,1335720.3900000001
14640,438204.74
14643,2670352.08
14644,2250750.37
14645,963021.72
14646,2832769.07
14648,1517448.91
14649,1714347.68
14650,560398.64
14651,658060.62
14652,179686.18
14654,51148765.43
14656,6534222.46
14657,805062.0900000001
14658,38266714.190000005
14659,7483074.58
14660,781987.24
14661,1138564.15
14663,9588205.83
14664,1356833.42
14665,1461393.34
14667,555238.93
14668,1084216.35
14669,764266.21
14672,4064489.12
14674,266041.17
14675,14431654.3
14676,5015109.2
14677,1229417.06
14678,3913001.77
14679,2803966.16
14680,885169.12
14681,759001.23
14682,2168248.51
14684,883643.5
14685,7605183.76
14687,1164750.28
14689,22716262.13
14692,8143171.33
14694,1484814.23
14698,1185394.69
14699,36017512.74
14700,2052533.2100000002
14701,15617284.31
14705,832944.62
14706,1706724.01
14707,6378584.93
14708,1699235.29
14709,1125257.27
14710,702144.97
14711,8243396.76
14712,27993523.900000002
14713,3431170.56
14714,2210560.03
14715,103332815.53
14716,901739.85
14719,3828781.38
14720,6657601.75
14721,2346371.33
14723,1386566.57
14724,7792313.24
14726,50814173.25
14728,1502302.67
14731,1143660.94
14732,1254728.67
14733,2244975.98
14734,935978.6
14735,5931012.34
14737,1676981.28
14738,25629198.88
14739,13077024.28
14740,11669552.04
14741,629631.46
14742,260268.98
14743,1041872.5499999999
14744,1082827.45
14745,1989705.24
14747,2880490.99
14748,578710.0
14751,1562022.19
14752,47649114.34
14753,5380493.04
14754,60319457.04
14755,10902971.92
14756,1521934.5
14758,3096125.83
14759,940380.53
14760,2671343.85
14761,1998943.61
14762,199190808.58
14764,9459745.75
15001,12991481.030000001
15002,4275861.08
15003,5801059.03
15004,6277707.069999999
15005,3208978.79
15006,5734919.78
15007,3058401.9
15008,5738381.25
15009,4676121.45
15010,2309623.6
15011,6227015.04
15012,48299903.06
15013,3932047.8
15014,287868493.63
15015,2629315.6599999997
15016,5272746.720000001
15017,2634269.14
15018,2006659.74
15019,7125792.1899999995
15020,2831998.61
15021,7281904.23
15022,2502617.2399999998
15024,895929.92
15025,5483913.4799999995
15026,4942865.06
15027,10329057.21
15028,5636706.78
15029,6464226.28
15030,3866842.9299999997
15032,2951910.27
15033,3773877.07
15034,4635720.27
15036,8818645.1
15037,17915396.689999998
15038,18598008.42
15040,4018079.91
15041,2764832.9
15042,4351484.25
15043,1756109.6099999999
15045,22709143.9
15046,2655372.77
15048,702254.14
15049,6621838.08
15050,6217363.45
15051,5502524.989999999
15052,5380131.9
15053,8595855.78
15054,20795864.48
15055,5123002.06
15056,8672704.71
15057,5854694.17
15058,2912898.9899999998
15059,2902523.9499999997
15060,1386977.0999999999
15061,5246414.33
15063,3119520.42
15064,756422.25
15065,3491012.62
15066,5198596.63
15067,1342105.74
15069,4156323.0500000003
15070,3905822.3000000003
15072,3673480.51
15073,4550707.470000001
15074,5862397.1899999995
15075,1846286.6
15076,3445773.72
15077,1873090.11
15078,2968030.5999999996
15079,2813294.14
15080,2536119.3400000003
15081,2030316.75
15082,5778545.67
15083,17221107.05
15084,2549427.19
15085,4983457.99
15086,1665482.4
15087,4625355.010000001
15088,6558144.43
15089,5253683.95
15090,6243403.039999999
15091,2209450.88
15092,30881299.65
15093,3628278.45
15094,19432253.73
15095,2402096.08
15096,1286674.76
15097,1609890.3199999998
15098,2316360.76
15100,2623415.05
15101,11339142.85
15102,1242574.6300000001
15103,2844602.4299999997
15104,7492289.41
15105,986154.0499999999
15106,6069457.08
15107,4742935.04
15108,20655283.43
15110,4037132.98
15111,3391799.45
15112,3004790.9099999997
15113,4592334.81
15114,8663010.71
15116,3941504.5300000003
15117,13667924.22
15118,6493545.6899999995
15119,22140631.96
15120,32015156.14
15121,3160393.38
15122,26897472.72
15123,1794014.78
15124,11347127.77
15125,3575357.62
15126,2793052.54
15127,3951510.21
15128,3451229.24
15129,4295466.26
15130,2987075.27
15131,6638312.359999999
15132,2346821.9299999997
15133,3779747.98
15134,14145470.72
15135,3148488.48
15137,2188341.3899999997
15138,29863888.78
15139,1950251.99
15140,17460010.45
15141,25111418.12
15142,26555671.2
15143,2059545.81
15144,3962107.04
15146,4398280.83
15147,6206000.46
15148,5647220.279999999
15149,4478939.25
15151,3910414.6
15152,18018687.7
15153,11861885.54
15154,12108317.71
15155,2937850.79
15156,6221291.86
15157,4981498.99
15158,2988106.62
15159,8480725.54
15160,8794994.209999999
15161,3256489.96
15162,46579421.25
15163,9860243.62
15164,5489960.18
15165,5638235.7700000005
15166,2959812.0300000003
15167,2287522.36
15168,13177792.18
15169,12388422.36
15170,9990644.99
15172,1991228.4100000001
15173,2943789.43
15174,4972305.68
15175,15560315.87
15176,3938761.3899999997
15178,2315880.4899999998
15179,3525692.66
15180,3608050.4099999997
15181,7753031.86
15182,5717739.3
15183,3972599.85
15184,6626639.779999999
15185,5608603.21
15186,3025088.52
15187,86980720.07000001
15188,6955449.35
15189,8240843.62
15190,3285915.42
15191,7406813.04
15192,10899862.77
15194,2987774.95
15196,28619039.2
15198,3992363.05
15199,2833495.77
15200,1948552.03
15201,4706135.3100000005
15202,19059915.93
15203,3465101.34
15204,11292246.45
15205,3807714.3
15206,12144376.67
15207,6814650.82
15208,6218361.16
15209,2826610.21
15211,5067778.61
15212,3483073.23
15213,3858915.4699999997
15214,5065964.11
15215,12990751.780000001
15216,6883814.13
15217,1808006.19
15218,1958118.66
15219,11157026.36
15220,1153437.73
15221,11459417.549999999
15222,2413374.63
15223,3585929.46
15224,1761788.94
15225,6273704.92
15226,5535180.97
15228,6436062.4799999995
15229,2707032.0
15230,2248991.23
15231,9139241.99
15232,2423325.83
15233,2030353.5499999998
15234,3773578.6
15235,5604344.64
15236,12288374.69
15237,3354228.5
15238,2309430.55
15240,6630636.149999999
15241,2041111.5
15242,2078676.2799999998
15243,10961988.610000001
15244,5012717.26
15245,3680765.1999999997
15246,6171646.649999999
15247,779992.7599999999
15248,7914130.649999999
15249,1238654.37
15250,6708725.62
15251,4096402.73
15252,3830321.4
15253,3023438.1399999997
15254,2905593.84
15255,9298141.86
15256,2968119.98
15257,3489773.88
15258,30783264.11
15259,4641888.03
15260,3659883.64
15261,5627804.3
15262,5366098.11
15263,1902967.88
15264,5110131.29
15265,40168738.01
15266,6178130.35
15267,35166906.94
15268,18051871.52
15269,1961821.47
16001,3667581.71
16002,2805212.41
16003,5899792.5
16005,13150466.61
16007,5196240.54
16008,1854989.78
16009,2332120.35
16010,1739037.3599999999
16011,11854075.469999999
16012,5559217.7
16013,2276024.53
16014,787438.11
16015,531989532.96999997
16016,4762634.77
16018,6706451.87
16019,9578971.54
16020,7718502.68
16023,5991439.55
16024,4377636.89
16025,12389409.45
16026,8357997.43
16027,1068817.67
16028,49556678.08
16029,1558036.81
16030,5381141.4
16031,2098873.2600000002
16032,3626010.3200000003
16034,821552.97
16035,1409887.87
16036,1539639.48
16037,2117195.87
16038,3306649.5
16039,2134220.52
16040,3337699.1
16041,683792.99
16042,777021.7799999999
16044,1582388.02
16045,2254139.73
16046,10503590.040000001
16047,3152532.52
16048,1637429.78
16049,3432100.49
16050,1756078.75
16052,2722136.77
16053,1530697.97
16054,1718368.0799999998
16055,5575217.3
16056,8634648.65
16057,1931623.54
16058,9625808.03
16059,1599780.67
16060,4717625.2299999995
16061,16384828.719999999
16062,867413.15
16063,939611.04
16064,8110644.649999999
16065,5121396.61
16066,5868027.6
16067,1932955.32
16068,4221836.8
16069,3511098.5100000002
16070,14522781.68
16071,5011148.1899999995
16072,3032035.1
16073,15408832.62
16074,2171459.42
16075,2599115.2
16076,9908937.09
16077,3336002.44
16078,38421186.54
16079,2759650.36
16081,494811.88999999996
16082,3775049.48
16083,2372701.67
16084,3405134.87
16085,24455142.509999998
16086,4810672.22
16087,1168023.06
16088,10007279.14
16089,36306997.5
16090,26715589.669999998
16091,1696025.09
16093,8382293.029999999
16095,1908618.3800000001
16096,3121470.77
16097,24625900.990000002
16098,1410709.5
16099,1498155.38
16100,3915108.09
16101,10505370.75
16102,193007877.63
16103,868380.87
16104,2609201.25
16105,5959737.03
16106,42553973.07
16107,2337044.9899999998
16108,1575766.8399999999
16109,2764455.64
16110,5543736.7
16111,1452041.99
16112,560032.86
16113,43017658.45
16114,1396248.37
16116,2612270.04
16117,749516.54
16118,1074887.59
16119,11537548.12
16120,8557020.700000001
16121,1355860.23
16122,2067664.37
16123,2290404.6799999997
16124,6945407.21
16125,3180739.6399999997
16127,1447636.65
16128,2188630.83
16130,1815312.3699999999
16131,3854395.5100000002
16132,9088028.92
16133,1543440.79
16134,11193046.92
16135,2439852.02
16136,4148797.63
16137,4307914.069999999
16138,19769694.42
16139,1400306.52
16140,1721718.29
16141,1650500.5
16142,2143658.63
16143,2596983.51
16144,2098293.98
16145,6955835.7
16146,11245972.96
16147,1401337.61
16148,8135762.8
16150,21937046.35
16151,6421785.62
16152,5833670.2
16153,5015146.64
16154,45132820.55
16155,1344702.4100000001
16157,1213823.83
16158,2352974.27
16160,3953993.9499999997
16161,1289344.5
16162,1962989.9200000002
16163,9813977.78
16164,2265121.47
16165,3028000.87
16166,32151277.74
16167,49482425.68
16168,3521014.32
16169,6662587.649999999
16170,2278538.04
16171,4127440.8
16173,1679882.47
16174,2955728.9200000004
16175,11582765.120000001
16176,1619056.08
16177,1697647.72
16178,1157281.93
16180,2093923.58
16181,5143598.16
16182,6199569.59
16183,2779764.13
16184,1031925.91
16185,1779543.34
16186,8693768.59
16187,12706432.5
16188,1937434.21
16189,2928530.8200000003
16190,2159082.31
16191,1011208.2100000001
16192,39565209.13
16193,4891984.8
16194,1134131.45
16195,1389408.5699999998
16196,4520487.37
16197,1046751.5499999999
16198,2298278.41
16199,13304700.52
16200,2343096.11
16203,1047217.3500000001
16204,11012622.35
16205,4601847.13
16206,19837031.94
16207,4341478.16
16208,2279874.55
16209,4160132.5500000003
16210,4069464.6399999997
16211,8832888.35
16212,3851913.17
16213,3028424.72
16215,1053348.92
16216,8715281.88
16217,11415405.83
16218,3837544.4400000004
16220,4973208.7
16221,2003953.97
16222,2857326.84
16223,25300926.61
16224,4272060.54
16225,6337699.12
16226,8237757.46
16227,1880425.38
16229,1993818.99
16230,17182212.33
16231,2753843.53
16232,27868913.14
16233,2592072.01
16234,3465705.3600000003
16236,15456143.26
16237,1921015.13
16238,730113.63
16239,1357332.7
16240,689801.02
16241,1342020.5899999999
16242,9552615.16
16243,8622444.0
16244,14927824.08
16245,3913400.3899999997
16246,2646575.38
16248,1923114.97
16249,3994457.9299999997
16250,1976809.94
16251,2382732.23
16252,938209.39
16253,3715501.63
16254,2061604.36
16255,1081899.92
16256,2287584.42
16258,3825916.3200000003
16260,2063268.25
16261,3231987.91
16263,2043018.26
16264,4315333.87
16267,1972640.3699999999
16268,1953197.1500000001
16269,3845244.1500000004
16270,3380268.59
16271,15608816.700000001
16272,2601353.32
16273,1130938.69
16275,1829554.77
16276,5945227.54
16277,4262236.39
16279,2546622.13
16280,8018197.4399999995
16281,32120413.13
16282,2895483.75
16283,5225452.4
16284,1079105.71
16285,4034520.6399999997
16286,27765700.25
16287,25628472.47
16289,3422103.23
16290,2619745.05
16291,45360391.05
16292,27581134.63
16293,3089606.66
16295,17493009.11
16297,2456955.66
16298,1909946.66
16300,9116709.43
16301,2015164.23
16302,976689.3
16303,2127700.49
16304,4419708.19
16306,2672148.34
16307,1952310.06
16308,6963638.0
16310,1556399.78
16312,3635413.69
16315,1386456.2699999998
16316,2644494.52
16317,6329733.14
16318,2429240.26
16320,6432961.41
16321,596897.34
16323,2941476.0100000002
16325,1274355.15
16326,2317940.6799999997
16329,5747412.21
16330,7514030.19
16331,1116599.27
16334,945683.71
16335,1341592.4
16336,2824928.27
16337,5870536.9399999995
16338,1711634.56
16339,7206976.7700000005
16340,6780049.99
16341,15423749.39
16342,2018741.16
16343,1981110.96
16345,1303164.3699999999
16346,2277957.29
16347,6264670.1899999995
16348,7769643.100000001
16349,4151600.4200000004
16350,8300972.340000001
16351,2700697.66
16352,1868380.74
16353,6578317.84
16354,1102790.67
16355,5172599.149999999
16356,407272.6
16357,1311643.76
16358,36258361.02
16359,9254336.09
16360,3159466.11
16361,5210621.37
16362,3516496.2800000003
16363,3950541.22
16364,549844.14
16365,898267.35
16366,25934006.71
16368,6623970.850000001
16369,8935974.62
16370,6554459.96
16372,1141651.83
16373,1067289.3900000001
16374,87231252.22
16375,2728723.51
16377,770663.2200000001
16378,4742026.6
16379,8542813.97
16380,1700241.7799999998
16381,1941620.9
16382,3818897.4299999997
16383,4610109.99
16384,3810745.7399999998
16385,7068437.55
16387,4072299.24
16388,3386639.94
16389,749967.77
16390,3388101.14
16392,860098.13
16393,14594199.969999999
16394,663662.05
16395,3533955.71
16396,880943.91
16397,4236399.56
16398,861908.21
16399,2522088.45
16400,3765384.5700000003
16401,2128271.92
16402,1556464.78
16403,1178096.9100000001
16404,1525509.27
16405,2114861.2800000003
16406,4959786.46
16408,7760360.7299999995
16409,9389195.38
16412,947730.17
16413,1072785.82
16414,3830806.33
16415,4763333.21
16416,3586880.29
16418,8850156.18
16419,3838585.11
16420,2003253.83
16421,3173056.98
16422,3180744.88
16423,2739024.97
16424,3024864.0999999996
16425,2507053.91
17002,873039.84
17003,24560192.1
17004,13799900.76
17005,1585064.19
17006,2258142.81
17007,1686452.34
17008,13307651.18
17009,7354645.25
17010,29367658.59
17011,2449264.52
17012,2053919.3599999999
17013,3249025.51
17015,3337852.5
17016,7374864.26
17017,3434729.62
17018,4242979.5
17019,32939317.64
17020,2424517.74
17021,24194012.61
17022,4631700.78
17023,2442042.26
17024,16850305.509999998
17025,4958285.22
17026,2256102.07
17027,3408299.2
17028,71398551.96
17029,1790870.6900000002
17030,3177799.1300000004
17031,1513095.6
17032,2881880.39
17033,2990458.05
17034,3935348.3299999996
17035,1188802.17
17036,3506754.23
17037,7670539.45
17038,4987596.42
17039,1208685.03
17041,5191978.53
17042,1988446.08
17043,8051591.14
17044,4792935.7299999995
17045,5436229.13
17046,2277092.25
17047,3054035.06
17048,3537855.18
17049,1059164.31
17050,4717342.36
17051,45244640.94
17052,4469679.67
17053,6582456.52
17054,1277556.76
17055,2322780.96
17056,3437102.84
17057,4967671.49
17058,28479822.62
17059,6506750.69
17060,1582388.01
17061,1185786.42
17062,3848199.37
17063,3273709.83
17064,19149398.580000002
17065,11350739.6
17066,2840431.41
17067,2549701.7399999998
17068,2256082.8
17069,1865997.71
17070,5870986.04
17071,1867899.01
17072,9036240.93
17073,6881196.87
17074,17264379.95
17075,10693897.27
17076,1548351.37
17077,8890258.49
17078,4294999.18
17079,8962036.22
17080,4532402.0600000005
17081,1253789.7
17082,3166922.72
17083,3055203.88
17084,3357828.4499999997
17085,2607746.02
17086,16123972.49
17087,1348372.24
17089,5596895.58
17091,13505283.86
17092,1060882.69
17093,49568940.86
17094,103167213.08999999
17095,1079476.71
17096,897465.57
17097,3061137.69
17098,4061692.21
17099,4554063.2
17100,7558133.12
17101,1667136.25
17102,8779134.77
17104,13781652.98
17105,2327723.92
17106,1472053.31
17107,6042769.72
17108,1723955.49
17109,5998059.0
17110,13307064.84
17111,3508189.26
17112,2132801.96
17113,4232977.34
17114,2352155.36
17115,1833121.76
17116,2478109.09
17117,775452.49
17118,1206206.6099999999
17119,5296407.64
17120,11333835.24
17121,38005544.65
17122,2636100.48
17124,2274123.23
17125,2142319.27
17126,1157224.48
17127,15431146.8
17128,4753506.0200000005
17129,1857351.47
17130,2752871.4
17131,17584201.7
17132,3938330.4299999997
17133,6568892.0
17134,2848903.7399999998
17135,1888836.2999999998
17136,5688597.54
17137,1592189.06
17138,3133190.32
17139,2579829.56
17140,25160306.51
17141,2833005.15
17142,31947390.2
17143,5347854.56
17145,3678802.39
17146,19287053.71
17147,6026990.35
17148,2631198.91
17149,693844.5
17150,2351428.12
17151,6502508.63
17152,5963153.350000001
17153,14150268.43
17154,2721647.27
17155,16231562.34
17156,1619553.73
17157,2465349.49
17158,5142003.87
17159,2839372.26
17160,3297263.67
17161,63878935.45
17162,1862283.3
17163,4778815.57
17164,16657665.42
17165,2091016.81
17166,6643662.12
17167,4277067.98
17168,64272042.660000004
17171,4410803.86
17172,33510598.04
17173,3071531.29
17174,5684814.39
17175,4707933.22
17176,1450435.1600000001
17177,1060770.63
17178,689226.25
17179,7967400.88
17180,1470462.51
17181,1576457.7
17182,6011499.5
17183,6815587.96
17184,3225249.7
17185,9955530.22
17186,4010097.25
17187,2423043.09
17188,3599206.23
17190,19150888.99
17191,2244901.46
17192,7648014.13
17193,12594812.93
17194,18725557.060000002
17195,1981307.15
17196,3378016.71
17197,83221391.32000001
17198,2254467.7399999998
17199,861425.4500000001
17200,64051541.67
17201,2668885.25
17202,4542012.21
17203,3217758.1
17204,3516376.41
17205,1075938.28
17206,1678713.25
17207,21700479.1
17208,5293487.53
17209,1804245.17
17210,2778436.17
17211,8641309.49
17212,1144995.45
17213,2448858.86
17214,2497435.3200000003
17215,439168.92
17216,5938084.95
17217,4023034.64
17218,42814814.89
17219,54090363.74
17220,3012032.26
17221,6551190.23
17222,18324535.509999998
17223,1510366.11
17224,30205121.77
17225,54311408.22
17226,5541369.57
17227,2247102.74
17228,17368953.62
17229,1598457.35
17230,22633180.2
17231,597028.31
17232,12135739.64
17233,2213660.93
17234,3636990.62
17235,3841861.82
17236,17346509.03
17237,4994490.91
17239,3338451.2
17240,41704670.89
17241,23286742.13
17242,5911309.96
17243,10799901.49
17244,4825075.18
17245,3382727.06
17246,2124124.72
17247,6578057.45
17248,4860740.5
17249,1366254.55
17250,3835710.61
17252,1643081.1199999999
17253,8492298.35
17254,1767866.33
17255,2984106.67
17256,2097665.25
17257,9973416.6
17258,2206786.87
17259,981083.77
17260,2442295.85
17261,3164226.82
17262,5158046.7
17263,2956625.02
17264,34604631.269999996
17265,6548880.13
17266,5479858.96
17267,7017513.72
17268,1149145.52
17269,7127523.359999999
17270,3720693.36
17271,2398286.54
17273,9179517.21
17274,86546992.73
17275,2117069.02
17276,518832.30000000005
17277,7860136.68
17278,2914603.12
17279,4933308.38
17280,6548463.78
17281,1699433.12
17282,1883656.42
17283,56397498.35
17284,13091581.91
17285,6327357.98
17286,28769615.02
17287,1393313.87
17288,801523.14
17289,7677180.35
17290,2405211.48
17291,44030650.28
17292,2872066.28
17293,4133307.31
17294,1663098.73
17295,6965932.73
17296,6228749.819999999
17297,37439155.15
17298,5423211.96
17299,375797827.35
17300,821402525.54
17301,488377.36
17302,3358170.89
17303,8075730.05
17304,3327260.7399999998
17305,3081543.91
17306,321475088.31
17307,5670043.0600000005
17308,9464921.96
17309,15992665.860000001
17310,6001934.92
17311,13961569.02
17312,6044241.47
17313,2253845.69
17314,4152637.01
17315,5673125.34
17316,2997675.77
17317,4968655.49
17318,15444883.75
17319,1219867.55
17320,2745151.12
17321,3226044.0
17322,2271422.0
17323,22867522.21
17324,765198.92
17325,3772504.84
17326,2770585.52
17327,1933547.47
17328,6799610.83
17329,2159351.04
17330,6022338.26
17331,14334228.379999999
17332,2758128.88
17333,80973404.19
17334,2078628.92
17335,1265760.48
17336,13015399.55
17337,61214663.45
17338,11744066.71
17339,10056154.549999999
17340,11899693.65
17341,1083502.82
17342,2415173.14
17343,699788.5599999999
17344,12230500.17
17345,2112715.0300000003
17346,12265971.95
17347,79068056.1
17348,3747261.75
17349,15390887.549999999
17350,3265783.58
17351,10766500.96
17353,12277427.57
17354,6283637.67
17355,3705454.31
17356,2397783.3099999996
17357,3466049.47
17358,3149651.66
17359,5962242.23
17360,47302102.3
17361,922049.56
17362,3606989.52
17363,2629605.45
17364,2941109.64
17365,4083011.54
17366,1692372.52
17367,1490102.4000000001
17369,47040533.29
17372,663809.86
17373,9770251.11
17374,970603.6699999999
17375,7481748.61
17376,6107341.82
17377,1422238.82
17378,3808358.1599999997
17379,1854542.71
17380,65489569.7
17381,1431663.16
17382,3529956.14
17383,1899153.48
17384,1183582.48
17385,67096957.96
17386,1928468.75
17387,15979992.85
17388,2807549.59
17389,2857816.98
17390,795122.34
17391,14244340.61
17393,9569803.32
17394,4440926.6
17395,4036344.87
17396,11921948.4
17397,29607733.73
17398,1901473.0
17400,3084378.96
17401,921382.57
17402,628165.23
17403,5608099.38
17404,3089036.34
17405,1154879.97
17406,4350047.02
17407,27867638.86
17408,3408182.31
17409,20930814.76
17410,5194973.83
17411,21412661.56
17412,2703212.05
17413,8525003.799999999
17414,27364465.8
17415,277693993.36
17416,1045139.59
17417,2092049.18
17418,6408537.6
17420,10251048.45
17421,56000961.58
17422,821492.56
17423,444619.5
17424,2321780.34
17425,10709075.24
17426,1051064.39
17427,2177785.9299999997
17428,3308753.58
17429,23517393.07
17430,3371608.18
17431,3926432.38
17432,1255465.1
17433,1699173.56
17434,49939253.73
17435,1397881.79
17436,5288248.61
17437,5371879.77
17438,1826520.21
17439,6568795.79
17440,952685.66
17441,6908710.96
17442,1661632.3699999999
17443,10153195.38
17444,9588139.65
17445,2677532.9
17446,2539474.31
17447,8174074.03
17448,19272740.3
17449,51443601.65
17450,1492206.5699999998
17451,4342336.47
17452,50182735.989999995
17453,14880974.389999999
17454,2820704.2399999998
17455,3841658.69
17457,9314322.83
17458,1533436.61
17459,5002626.73
17460,3487895.18
17461,63987010.37
17462,4062984.9499999997
17463,5892738.3
17464,1136220.1
17465,2877365.1500000004
17466,11368538.38
17467,1181944.45
17468,1490342.46
17469,3804949.6799999997
17470,1885058.47
17471,1421289.4800000002
17472,8449611.14
17473,899714.7000000001
17474,4100548.61
17476,2036050.31
17477,1921741.79
17478,710226.85
17479,1804123.7
17480,2769007.2399999998
17481,823617.11
17482,5161780.41
17483,7077682.91
17484,19957553.32
17485,10749110.83
17486,13383508.66
18001,2843134.93
18002,1422340.62
18003,17071911.71
18004,8360150.18
18005,7069948.47
18006,1976267.76
18007,677847.89
18008,2602777.62
18009,4033997.0100000002
18010,2720342.64
18011,18078129.169999998
18012,2854539.83
18013,2321111.91
18014,2733858.04
18015,59188442.54
18016,2222238.6799999997
18017,5194209.989999999
18018,17174730.0
18019,2192712.9
18020,6618572.16
18021,3359118.17
18022,3047423.38
18023,9367520.23
18024,2654262.19
18025,20141736.099999998
18026,56812935.55
18027,4943613.85
18028,10452373.25
18029,2818125.9699999997
18030,7540258.96
18031,5036807.15
18032,13359829.0
18033,705645844.19
18034,3016238.79
18035,4376292.94
18036,5560211.03
18037,6199564.28
18038,1965336.08
18039,5568485.41
18040,4254684.899999999
18041,2972750.4
18042,2031265.15
18043,2447420.14
18044,2319854.71
18045,2495673.7800000003
18046,1735265.72
18047,6081623.68
18048,2789183.96
18049,1731540.5899999999
18050,30257370.37
18051,1877602.83
18052,7060612.890000001
18053,2089212.9000000001
18054,2040360.67
18055,4221618.41
18056,2187960.17
18057,22319471.36
18058,12753583.67
18059,10829021.49
18060,306734.7
18061,827704.26
18062,2130874.58
18063,2341478.65
18064,2028941.4200000002
18065,3451747.48
18066,5707184.65
18067,5620018.62
18068,685149.75
18069,3536525.19
18070,2361458.8000000003
18071,384089.53
18072,2411072.4899999998
18073,1825857.48
18074,654304.05
18075,4913084.45
18076,3053355.5100000002
18077,2291600.25
18078,568507.0599999999
18079,4630788.24
18080,712725.81
18081,2069326.84
18082,4363160.82
18083,8984929.709999999
18084,1978833.48
18085,1242739.54
18086,5260286.67
18087,27489731.59
18088,4417748.03
18089,4788613.12
18090,2601865.41
18091,2237098.59
18092,3118489.35
18093,1935873.1300000001
18094,2249207.94
18095,947571.55
18096,11262165.62
18097,10802780.66
18098,1357329.02
18099,2314167.89
18100,3595182.1
18101,2594985.91
18102,2945987.05
18103,11137623.26
18104,2495114.13
18105,2547911.15
18106,2582769.01
18107,1292096.15
18108,13356061.85
18109,14364399.69
18110,4893268.76
18111,1817861.42
18112,5777799.63
18113,1119086.49
18114,2548896.89
18115,4683728.29
18116,2267904.27
18117,5144973.45
18118,10934314.17
18119,1521009.63
18120,3109540.89
18121,909709.26
18122,1427052.61
18124,4789137.24
18125,23453573.369999997
18126,12396063.31
18127,17259910.580000002
18128,1688136.75
18129,2499670.48
18130,4372855.53
18131,414601.26
18132,2360474.62
18133,16902094.3
18134,4083689.76
18135,3667718.12
18136,5381664.57
18137,5108028.09
18138,17296907.83
18139,6435943.59
18140,9187722.17
18141,78997949.51
18142,6705994.87
18143,1720943.87
18144,3026555.99
18145,11100955.78
18146,2965134.2199999997
18147,2241985.6999999997
18148,15134765.6
18149,4332487.96
18150,5086639.67
18151,1966754.1099999999
18152,1459693.25
18153,3068414.92
18154,2150037.57
18155,2692641.03
18156,3390324.6
18157,8358019.32
18158,4138325.13
18159,6866566.85
18160,8257476.74
18161,3978995.7800000003
18162,2324933.5
18163,7960834.0
18164,1722926.3900000001
18165,8306913.91
18166,1626722.6300000001
18167,2796219.26
18168,2047744.24
18169,3445517.16
18170,3717140.84
18171,2083984.7200000002
18172,12449733.93
18173,2384904.38
18174,851050.65
18175,2842899.39
18176,2436704.01
18177,633749.3300000001
18178,3140571.41
18179,8120264.41
18180,16579550.23
18181,1766764.83
18182,1580781.87
18183,1235718.38
18184,2542178.79
18185,2109501.36
18186,2355721.86
18187,6605446.0600000005
18188,2157909.11
18189,3629544.4
18190,3891424.54
18191,1273489.09
18192,3272599.7600000002
18193,2577661.6
18194,8463724.32
18195,1914037.7999999998
18196,1444931.05
18197,121973089.41
18198,2704158.75
18199,3338684.2399999998
18200,2301009.53
18201,2996214.43
18202,468661.00999999995
18203,2585993.85
18204,2957394.05
18205,109933979.52
18206,9445639.05
18207,56660071.660000004
18208,2590953.2399999998
18209,2975995.44
18210,3637945.15
18211,5038197.2
18212,4955297.07
18213,46240259.35
18214,2226519.01
18215,1103059.19
18216,5456192.24
18217,2246824.99
18218,4495274.100000001
18219,2451675.1
18220,2223179.37
18221,2388195.04
18223,18640235.21
18224,1890815.5899999999
18225,3463918.23
18226,2420460.44
18227,2996167.46
18228,3351431.0100000002
18229,4618181.4399999995
18230,3396223.59
18231,3576385.65
18232,2812860.8200000003
18233,14799465.24
18234,4738959.029999999
18235,6802343.24
18236,969206.6799999999
18237,4515289.38
18238,1931610.54
18240,6572345.630000001
18241,21175128.66
18242,27509502.03
18243,3756020.96
18244,871599.42
18245,5325764.2
18246,9602933.7
18247,3417640.0100000002
18248,2656116.48
18249,2473126.16
18250,277969.7
18251,945812.86
18252,3264396.97
18253,2922665.63
18254,2781999.0300000003
18255,11862097.44
18256,3334887.55
18257,19603020.82
18258,6816126.66
18259,4185314.6199999996
18260,499073.38
18261,3912226.56
18262,1584093.42
18263,3469647.09
18264,915346.5700000001
18265,3584685.9699999997
18266,4851760.95
18267,23995955.14
18268,1952870.06
18269,5521746.8
18270,6034520.81
18271,8386123.22
18272,3573995.91
18273,3579967.26
18274,4813096.69
18275,1721462.37
18276,956863.96
18277,382969.45999999996
18278,7135426.82
18279,222623336.83
18280,4494037.97
18281,8298042.92
18282,2799470.04
18283,551909.45
18284,2889455.01
18285,3039389.61
18286,3566827.06
18287,3765869.16
18288,3031226.31
18289,3188869.21
18290,3359969.19
19001,5797385.47
19002,7925278.5600000005
19003,3415337.57
19004,9917707.71
19005,35661735.32
19006,3677406.34
19007,10263849.36
19008,4041564.37
19009,732573.89
19010,39140943.94
19011,18667260.59
19012,2158036.86
19013,10892809.8
19014,7398198.81
19015,9669049.19
19016,4285623.25
19017,2265311.5
19018,4682541.800000001
19019,21000178.68
19020,2274759.96
19021,1834922.8699999999
19022,2020620.7799999998
19023,22691433.22
19024,4929912.98
19025,4690683.57
19026,1754349.5
19027,3250007.35
19028,40348818.31
19029,3034235.68
19030,6799693.63
19031,569699099.19
19033,8470023.01
19034,10361417.07
19035,4619791.359999999
19036,27026068.62
19037,12087276.71
19038,10705191.93
19039,3785514.71
19040,1957935.9300000002
19041,3774013.8
19042,5481779.09
19043,4343603.38
19044,2682589.98
19045,1960646.97
19046,1568281.63
19047,2592229.22
19048,2881544.78
19049,4068688.5300000003
19050,2574476.7
19051,3700232.75
19052,1797713.96
19053,5485680.54
19054,2758256.85
19055,6727022.58
19056,6366737.79
19057,6032391.0
19058,4956732.46
19059,5212835.55
19060,4777599.12
19061,9813186.68
19062,18627067.11
19063,15206787.93
19064,1886011.87
19065,1562125.21
19066,15094821.76
19067,4686271.19
19068,5655876.319999999
19069,3092152.3
19070,4736884.25
19071,5892914.43
19072,31898680.93
19073,58346726.589999996
19074,2264212.6300000004
19075,5025053.18
19076,2659565.3000000003
19077,1307775.1199999999
19078,3448135.88
19079,3571268.54
19080,8195321.3
19081,9439410.99
19082,6316640.45
19083,2343855.4899999998
19084,2886666.27
19085,8005668.12
19086,7216620.7299999995
19087,2414179.43
19088,1940538.3199999998
19089,4612215.27
19090,1720271.83
19091,6361865.91
19092,1158230.63
19093,5037306.5200000005
19094,16580858.18
19095,3099610.49
19096,3088365.04
19097,2864597.72
19098,8486343.34
19099,2894008.9
19100,13336005.79
19101,14802633.93
19102,6864710.5
19103,2684188.3800000004
19104,1280982.25
19105,7676578.76
19106,8871436.81
19107,12804024.94
19108,2715999.4
19109,2083300.69
19110,3844965.79
19111,4006612.09
19112,4825210.35
19113,14281551.790000001
19114,1606668.45
19115,3376355.1100000003
19116,1643165.02
19117,6271032.6899999995
19118,13085805.8
19119,1109139.3299999998
19120,2780216.85
19121,25088094.900000002
19122,1649955.0
19123,75625424.21
19124,7574866.09
19125,16503073.69
19126,2304091.73
19128,4211691.13
19129,6308989.01
19130,5103072.61
19131,7847590.96
19132,780233.24
19133,4132184.0500000003
19134,7962544.02
19135,4079362.5100000002
19136,44524928.43
19137,4017738.25
19138,11239800.48
19139,1742711.09
19140,5383069.57
19141,3342869.9699999997
19142,2477532.06
19143,5608960.65
19144,1585894.67
19145,5050371.84
19146,23321484.07
19147,5551738.5600000005
19148,38136181.44
19149,1983869.65
19150,4496748.140000001
19151,9485640.16
19152,4199801.37
19153,58205425.78
19154,2967312.0
19155,5009416.45
19156,2362354.36
19157,5542467.890000001
19158,1894209.72
19159,2780929.58
19160,5533098.95
19161,4151771.7
19162,9751821.79
19163,6187702.59
19164,15701024.04
19165,2096908.76
19166,1346856.6
19167,1749520.17
19168,2996498.96
19169,4218465.38
19170,2939692.24
19171,2495820.51
19172,1656561.97
19173,6180892.81
19174,2938696.03
19175,4337744.180000001
19176,10856391.16
19177,2257093.83
19178,5571107.38
19179,3244163.52
19180,14657062.9
19181,5621589.95
19182,6208671.79
19184,1792426.22
19186,3902446.85
19187,3777269.73
19188,3997876.1599999997
19189,672676.32
19190,3584331.5100000002
19191,3981470.0700000003
19192,4092246.65
19193,3849053.7399999998
19194,11831233.49
19195,2017066.22
19196,3356223.3899999997
19198,1613243.44
19199,3718497.13
19200,1571352.16
19201,8902985.950000001
19202,20956335.5
19203,17312921.05
19204,5463391.51
19205,5154932.28
19206,3818991.3400000003
19207,7531706.47
19208,4776194.79
19209,3787310.54
19210,2696125.08
19211,6659946.8100000005
19212,901709.28
19213,4995037.11
19214,7255911.49
19215,2969606.37
19216,2477879.83
19217,1975908.3599999999
19219,2131224.79
19220,5773092.2
19221,2121018.78
19222,9177049.15
19223,2859177.08
19225,4163139.57
19226,4178027.76
19227,9320173.07
19228,3963831.8000000003
19229,39688035.75
19230,4288205.890000001
19231,3675979.26
19232,1291819.21
19233,2277039.33
19234,4142922.06
19235,3068738.33
19236,6003846.82
19237,7920419.09
19238,4449402.359999999
19239,3263342.95
19240,4238806.92
19241,6623205.96
19242,2690138.74
19243,7052003.55
19244,2655775.73
19245,1623036.29
19246,13478877.75
19247,3369634.31
19248,10301119.93
19249,8333608.65
19250,5491151.850000001
19251,6626884.28
19252,11778251.01
19253,3408451.21
19254,1931588.7400000002
19255,20962445.06
19256,10153571.12
19257,3677815.04
19258,12871791.95
19259,4068065.89
19260,3050551.9299999997
19261,12072041.79
19262,4961680.69
19263,5067477.319999999
19264,22679635.53
19265,10068967.88
19266,1597249.3399999999
19268,703798.51
19269,19451585.06
19270,4829312.68
19271,2926601.86
19272,198658399.73
19273,10099054.2
19274,33858614.32
19275,115733727.37
19276,63439379.46
19277,2929187.49
19278,16561414.89
19279,2748809.59
19280,2116378.54
19281,3142877.2399999998
19283,1375295.8699999999
19284,4234753.74
19285,11295856.37
19286,5744519.11
19287,4561802.01
19288,19214886.47
19289,5245631.32
21001,2699855.21
21002,1512327.09
21003,18502742.16
21004,5117254.95
21005,8686525.01
21006,1338289.29
21007,2111741.81
21008,5638655.42
21009,1798300.58
21010,3949392.06
21011,882342.0599999999
21012,1935085.17
21013,2217143.89
21014,789509.44
21015,1541339.68
21016,6773401.22
21017,2985669.17
21018,720135.1
21020,3500649.6
21021,21688612.93
21022,3931790.17
21023,26453106.98
21024,1668399.33
21025,816393.03
21026,1639056.58
21027,8168590.38
21028,3533960.79
21029,1334943.13
21030,1126356.96
21031,1835600.05
21032,3125009.5900000003
21033,1296464.99
21034,941843.12
21035,1604250.03
21036,734088.74
21037,2516661.0
21038,44019669.97
21039,822074.57
21040,2377881.1
21041,2271769.13
21042,1856390.2200000002
21043,4280140.38
21044,3071064.71
21045,1674848.28
21046,1362765.22
21047,861505.47
21048,3576867.02
21049,416726.58999999997
21050,2690085.56
21051,1669572.97
21052,821570.52
21053,2747987.63
21054,255728553.5
21055,728221.6399999999
21056,5869131.760000001
21057,1025031.9099999999
21058,2693090.98
21059,9242261.17
21060,11560174.37
21061,941286.99
21062,2243317.12
21063,796777.23
21064,765097.29
21065,1326189.08
21066,840215.7999999999
21067,3477301.71
21068,2136244.56
21069,1146361.1199999999
21070,537984.22
21071,6818397.91
21072,2434618.12
21074,919204.14
21075,945604.19
21076,3779597.39
21077,916008.2999999999
21078,1047623.26
21079,1341162.56
21080,5840360.34
21081,885792.05
21082,941789.8600000001
21083,1445985.9
21084,1185601.05
21085,4073072.37
21086,7942692.93
21087,7642193.33
21088,2104809.17
21089,3680177.66
21090,734148.34
21091,1161595.05
21092,3788367.4099999997
21093,2692016.79
21094,4156701.53
21095,640007.33
21096,1332644.52
21097,621477.5399999999
21098,2137200.93
21099,2603974.76
21100,572220.97
21101,1269571.66
21102,1614327.44
21103,22744356.33
21104,1124611.03
21105,5640350.28
21106,8469404.64
21107,7873828.51
21108,992964.91
21109,1826430.75
21110,5599762.08
21111,3240097.09
21112,2247061.65
21113,768765.32
21114,1236377.45
21115,3611430.95
21116,2840101.6900000004
21117,732567.01
21118,603615.82
21119,410192.82
21120,4147117.3600000003
21121,977815.87
21122,2598648.04
21123,1327352.38
21124,1803480.6700000002
21125,1438829.93
21126,3826022.54
21127,3313811.94
21128,2189540.34
21129,1069238.99
21130,1524807.17
21131,4536170.96
21132,3711407.55
21133,3157662.4
21134,3194722.34
21135,4157819.32
21136,475614.18
21137,875980.68
21138,3417627.08
21139,4513625.04
21140,1376939.8599999999
21141,644660.01
21142,3057767.35
21143,1433289.03
21144,564396.4400000001
21145,380847.6
21146,630680.75
21147,489402.87
21148,2016380.1099999999
21149,1405214.48
21150,7958727.9799999995
21151,629381.41
21152,2147035.89
21153,1525305.21
21154,66459450.74
21155,1283341.0100000002
21156,521170.53
21157,632977.36
21158,1453531.97
21159,1114245.6400000001
21160,1354207.13
21161,949363.3
21162,4347588.16
21163,1648896.6700000002
21164,1629313.96
21165,1294176.02
21166,151741481.74
21167,888955.69
21168,1824598.32
21169,1387815.01
21170,2326030.66
21171,82971087.34
21172,1447532.81
21173,5116162.9
21175,2057880.8099999998
21176,636969.05
21177,1941694.09
21178,3131402.7199999997
21179,5730050.69
21180,1494928.55
21181,1207337.59
21182,451748.07
21183,4015953.28
21184,597382.23
21185,3669933.99
21186,8620206.9
21187,1848053.25
21189,2562039.85
21190,2134515.5300000003
21191,6310009.09
21192,7265201.95
21193,2143452.44
21194,7062380.75
21195,1092743.34
21196,7288616.21
21197,518560.88999999996
21198,1348093.72
21199,2151261.77
21200,11352055.040000001
21201,3288502.34
21202,1211447.19
21203,1601617.92
21204,797995.51
21205,892211.6799999999
21207,1052232.81
21208,955313.58
21209,11958476.61
21210,4525111.58
21211,955417.21
21212,3705585.71
21214,1958406.0299999998
21215,540823.07
21216,927757.91
21217,1010990.45
21218,1100815.55
21219,784352.5700000001
21220,1697086.45
21221,1070046.16
21222,1020880.6299999999
21223,16369889.14
21224,1031392.01
21225,1384466.6700000002
21226,5051156.23
21227,6103331.44
21228,725312.1699999999
21229,1706035.33
21230,2065942.25
21231,1385921546.6000001
21232,1970968.8599999999
21233,4672986.1
21234,681378.0900000001
21235,398637.74
21236,819366.54
21237,929405.06
21238,1513112.61
21239,3564254.94
21240,1053231.1400000001
21241,1636753.0899999999
21242,868411.95
21243,1173855.68
21244,1015547.0100000001
21245,2526171.76
21246,1465896.33
21247,13152186.33
21248,884503.09
21249,4541099.6899999995
21250,826121.2
21251,2764724.3200000003
21252,740351.91
21253,2494807.11
21254,1205741.68
21255,3177212.32
21256,1571909.38
21257,1221226.18
21258,1061079.95
21259,5405460.42
21260,1831852.32
21261,6282605.399999999
21262,767967.0499999999
21263,14498733.5
21264,350379.58
21265,8312078.76
21266,1080119.86
21267,3502584.65
21268,3386974.4499999997
21269,3553552.67
21270,2482779.93
21271,3584806.12
21272,2653827.4699999997
21273,11798861.52
21274,2012691.76
21275,2327342.71
21276,3088996.6999999997
21277,12106396.14
21278,98756811.4
21279,984727.23
21280,1400885.45
21281,2011129.4
21282,916889.1799999999
21283,905487.28
21284,2186840.16
21285,2454753.28
21286,1789985.55
21287,1486180.21
21288,1814064.8800000001
21289,958295.74
21290,5769487.23
21291,2642203.38
21292,53768864.3
21293,1636457.3499999999
21294,3342317.66
21295,28680890.48
21296,2036039.03
21297,6082856.47
21298,1218103.93
21299,2844727.52
21300,3095203.12
21301,1032462.8699999999
21302,1578757.3
21303,318169.92
21304,4759508.69
21305,2700689.5
21306,1603045.57
21307,1487265.44
21308,3452439.23
21309,1014465.34
21310,2459846.22
21311,747709.11
21312,549843.74
21313,2266565.92
21314,1334958.5799999998
21315,7734269.26
21316,4050624.0500000003
21317,36715385.64
21319,3421230.7699999996
21320,5950840.54
21321,1013818.84
21322,2296223.79
21323,1044345.97
21324,436191.92
21325,2085393.58
21326,1191993.36
21327,3799771.5700000003
21328,737870.6900000001
21329,366507.74
21330,3820698.5300000003
21331,3224167.48
21332,6711927.13
21333,1032177.54
21334,9745452.94
21335,1390520.6
21336,10797323.37
21337,9102789.45
21338,2560493.65
21339,4676580.58
21340,1291936.79
21341,1271159.76
21342,2739434.99
21343,2752053.17
21344,1322776.33
21345,802325.0
21346,3865479.82
21347,5404943.649999999
21348,1006677.85
21349,7117386.43
21350,597981.98
21351,7650621.57
21352,6581757.11
21353,7859051.94
21354,700183.67
21355,101945590.3
21356,9120431.72
21357,1336368.35
21358,1500822.19
21359,1378545.95
21360,1464530.73
21361,4567213.86
21362,899857.7400000001
21363,3020758.35
21364,2139045.1
21365,584846.24
21366,1517195.74
21367,2116938.31
21368,1913148.2599999998
21369,1711312.5499999998
21370,5478375.9799999995
21371,6057889.91
21372,614233.7
21373,5205078.47
21374,2441877.77
21375,2003232.81
21376,563870.23
21377,574620.76
21378,1841596.87
21379,2260140.2
21380,975377.39
21381,1295423.6199999999
21382,2518927.79
21383,7495335.55
21384,1191756.6
21385,1776456.35
21386,2297517.57
21387,767110.09
21388,3443258.8
21389,1553795.87
21390,52979711.43
21391,4610606.9
21392,713879.89
21393,980745.74
21394,3109803.27
21395,1171059.01
21396,739741.33
21397,2045695.51
21398,4010910.4899999998
21399,2478677.63
21400,547136.79
21401,2932413.96
21402,497390.57
21403,1950478.51
21404,2877674.41
21405,8516525.43
21406,860643.63
21407,1039824.0
21408,13078930.0
21409,3126513.26
21410,871228.72
21411,5060378.22
21412,36976709.07
21413,2381712.09
21414,2496212.54
21415,3362025.57
21416,21567189.27
21417,1743975.27
21418,1337939.61
21419,5524875.81
21420,3063447.08
21421,1836851.46
21422,965175.76
21423,8669947.98
21424,1087138.97
21425,95207665.15
21426,1766129.3599999999
21427,2742428.2399999998
21428,3191807.0300000003
21429,2503107.3000000003
21430,1105089.6300000001
21431,915564.07
21432,3623608.98
21433,4245466.21
21434,1513227.44
21435,1958288.28
21436,1241814.57
21437,918289.74
21438,1350900.5999999999
21439,521540.15
21440,1056673.39
21441,3837892.25
21442,9226243.95
21444,720665.55
21445,3002049.35
21446,1513449.42
21447,1508840.07
21448,655635.23
21449,1949057.0999999999
21450,2083632.7
21451,1648954.38
21452,18321625.62
21454,3546143.29
21455,2308938.97
21456,1328388.4400000002
21457,1172156.19
21458,6337191.46
21459,1911486.6400000001
21460,1031282.52
21461,21000883.22
21462,6537707.8100000005
21463,398352.17
21464,77609425.25
21465,988078.78
21466,431480.92
21467,1837053.48
21468,2035477.6
21469,2822693.69
21470,399672.91
21471,253713.38
21472,1689414.3399999999
21473,8985348.0
21474,1593381.2999999998
21475,3754451.34
21476,2004309.52
21477,971245.86
21478,2973973.42
21479,913695.13
21480,3840516.74
21481,11095922.73
21482,3885595.55
21483,846394.8999999999
21484,489365.44
21485,19379589.96
21487,2261910.54
21488,2070471.8
21489,792522.87
21490,1910126.03
21491,768115.23
21492,7938598.39
21493,2684990.36
21494,2226632.52
21495,1335185.35
21496,12689213.26
21497,2092540.66
21498,557561.47
21499,2394642.07
21500,4391679.13
21501,20925118.490000002
21502,4838479.08
21503,2297142.65
21504,909753.28
21505,12797698.75
21506,3366714.68
21508,2962646.5100000002
21510,2078926.27
21511,2966886.89
21512,8885237.17
21514,670421.9
21515,124688912.58
21516,1530796.3599999999
21517,3214356.97
21518,2203371.61
21519,5591000.98
21520,1679773.98
21521,7103562.02
21522,4279883.47
21523,1941753.21
21524,932851.52
21525,8240435.2
21526,1048849.11
21527,2884927.93
21528,1627303.29
21529,757301.22
21530,1155611.79
21531,7396642.96
21532,8760778.03
21533,1615866.12
21534,5546277.54
21535,10014512.370000001
21536,2484882.0
21537,1391794.94
21538,1337927.87
21539,496730.69
21540,66723534.5
21541,5241662.09
21542,2145981.39
21543,2280797.87
21544,1124279.05
21545,6345941.800000001
21546,1601065.95
21547,1805278.55
21548,1469633.48
21549,962952.7
21550,1318838.73
21552,595659.43
21553,1193920.62
21554,9621942.78
21555,14108182.43
21556,1128246.99
21557,1699243.25
21558,11701275.52
21559,5246891.14
21560,2547066.49
21561,3163788.17
21562,3070468.15
21563,5227220.33
21564,2973774.07
21565,2668540.59
21566,1568333.0
21567,1725340.45
21568,5141484.79
21569,3649963.5
21570,1754991.57
21571,939968.26
21572,3592484.2199999997
21573,7333586.92
21574,6136465.779999999
21575,1891906.56
21576,2599461.46
21577,7241180.05
21578,1857109.63
21579,7119955.67
21580,2058880.83
21581,1669015.13
21582,28262938.45
21583,557590.36
21584,31943490.88
21585,8590823.33
21586,4600316.45
21587,2843416.2399999998
21588,1701598.9200000002
21589,1410017.49
21590,18868954.14
21591,9584310.870000001
21592,2220528.59
21593,1064514.78
21594,2092050.3900000001
21595,574732.26
21596,1877743.6300000001
21597,347552.08
21598,1474356.6300000001
21599,34994072.64
21600,1191708.86
21601,1232687.02
21602,1175016.63
21603,77481240.27
21604,1071731.51
21605,13309091.39
21606,16414325.41
21607,25612154.46
21608,595173.7
21609,4117079.63
21610,1180795.06
21611,19882745.48
21612,390650.85
21613,1610562.11
21614,3323826.2600000002
21615,2607849.97
21616,2164299.35
21617,117222655.19
21618,5937107.62
21619,2146429.4899999998
21620,1388278.24
21622,784590.03
21623,8544514.620000001
21624,1038393.41
21625,1139235.06
21626,1366786.01
21627,1346438.58
21628,627213.05
21629,2822444.2600000002
21630,3444436.9
21631,758566.6900000001
21632,6575261.4
21633,1976651.51
21634,1547082.28
21635,1378335.92
21636,3756279.86
21637,1352587.35
21638,7879844.96
21639,4495566.52
21640,1375067.1400000001
21641,3222846.88
21642,4534521.1
21643,2502235.1399999997
21644,1031944.33
21645,2798848.26
21646,1287417.04
21647,795384.71
21648,2736108.86
21649,674041.1200000001
21650,459486.60000000003
21651,2180131.93
21652,3580318.83
21653,521669.97000000003
21655,4477702.22
21656,3365016.8
21657,14663233.889999999
21659,2320544.86
21660,642026.26
21661,14665642.14
21662,694656.11
21663,51757298.120000005
21664,845812.36
21665,2417310.91
21666,933449.15
21667,2595754.98
21669,680342.6
21670,1597481.5
21671,1226633.4200000002
21672,359467.0
21673,2422313.65
21674,3150516.14
21675,1327502.01
21676,3381899.3499999996
21677,3234911.59
21678,3304034.09
21679,877031.82
21680,2357476.85
21681,1486286.75
21682,1365821.65
21683,4451590.9799999995
21684,15356541.14
21685,3609173.9299999997
21686,1271582.9
21687,1804524.52
21688,2205842.67
21689,728735.78
21690,2182608.44
21691,3157915.02
21692,1234889.42
21693,1694879.12
21694,474622.5
21695,1091541.84
21696,442235.82999999996
21698,6615471.0200000005
21699,8174124.26
21700,1497414.96
21701,601623.62
21702,2493478.68
21703,662293.4500000001
21704,1638741.35
21705,1324518.44
21706,938475.98
21707,4122120.6500000004
21708,2555355.53
21709,1344764.38
21710,18787435.62
21711,348779.19
21712,3455935.37
21713,3141498.23
21714,5613920.51
21715,2687846.11
21716,3261257.66
21717,2310711.36
22001,8056595.33
22002,10306677.01
22003,4794415.24
22004,40748023.14
22005,12672120.75
22006,2695068.59
22008,6909172.97
22009,2384685.24
22012,9106133.4
22013,30235221.6
22014,9574751.46
22015,18022847.759999998
22016,10890516.59
22018,3924725.97
22019,3925189.23
22020,42990139.32
22021,6977521.87
22023,6861366.51
22024,4134836.66
22025,21298285.08
22026,3611708.78
22027,6688053.27
22028,6437691.12
22029,6917069.89
22030,5389430.61
22031,11543346.45
22032,27747069.490000002
22033,3914796.14
22034,16197396.030000001
22035,5588010.359999999
22036,2269204.86
22037,6497477.49
22039,7342903.11
22040,3357340.11
22041,3148626.4299999997
22042,4821907.38
22043,4009051.83
22044,11929311.41
22045,4304368.01
22046,103372970.03
22047,11389314.870000001
22048,22907684.39
22049,17447151.56
22050,145591638.86
22052,6043374.53
22053,8130419.18
22054,69222664.88
22055,85475014.46
22056,13429916.450000001
22057,3042649.5
22059,12991053.29
22060,5959088.07
22061,16442398.270000001
22062,6177536.61
22063,4851016.33
22064,8264101.5
22065,13810814.71
22067,22660752.03
22068,4349094.34
22069,1720514.33
22070,77731665.96
22071,5079671.01
22072,4907863.11
22073,4444752.8
22074,7326590.45
22075,5565215.59
22076,14404379.200000001
22077,12901906.48
22079,22972370.07
22081,35510721.08
22082,4432849.97
22083,11394429.620000001
22084,32169959.96
22085,4175157.16
22086,6734609.08
22087,6806275.34
22088,4709643.83
22090,8814767.71
22091,4362366.76
22092,4896531.61
22093,139312941.02
22094,19954801.47
22095,2502236.9
22096,5345655.68
22097,5357761.85
22098,10501740.78
22099,12211328.92
22101,10872173.48
22103,7771808.93
22104,4277357.49
22105,8484669.02
22106,74114583.74
22107,17218238.37
22108,1038404.53
22109,2721504.55
22110,4944422.78
22111,4348069.81
22112,2990366.67
22113,234617916.23
22114,10961888.05
22115,7179865.82
22116,10810838.15
22117,12072289.28
22118,28286442.37
22119,4453826.93
22121,21148481.57
22122,8813476.43
22124,3215899.0100000002
22126,853179.7
22127,18168685.3
22128,8584656.25
22129,1426415.18
22131,12305060.06
22132,4682553.41
22133,6773129.91
22134,26595150.29
22135,28147141.3
22136,123263320.89
22137,19012038.85
22138,6381350.49
22139,1710058.96
22140,4603475.12
22141,4105139.88
22143,20319741.32
22144,10846108.54
22145,7587807.78
22146,4973599.41
22147,42277208.519999996
22148,3660229.92
22149,8624474.98
22150,6248053.27
22152,8414505.89
22153,10462441.76
22155,18965504.36
22156,5416355.96
22157,6193772.46
22158,29855082.83
22160,8075003.43
22161,20253222.7
22162,82485530.92
22163,8758955.19
22164,17701939.42
22165,5594139.53
22166,37792922.89
22168,103565279.17
22169,2572217.6
22170,15795274.22
22171,47200574.38
22172,50782588.97
22174,6259823.96
22175,12891064.4
22176,64724238.3
22177,9258757.120000001
22178,7118199.98
22179,21114177.78
22180,20427423.71
22181,6948723.37
22182,32733391.45
22183,44617530.99
22184,17349792.05
22185,33546007.68
22186,105400309.81
22187,124886246.56
22188,8288722.94
22189,9198563.46
22190,28921855.48
22193,17927702.4
22194,44756244.99
22195,29832127.98
22196,7626725.58
22197,18307045.47
22198,36482717.96
22199,8860382.09
22200,5011179.2700000005
22201,8222352.7
22202,7345290.93
22203,46058595.6
22204,11713775.549999999
22205,5475403.76
22206,37729739.62
22207,24876992.56
22208,18826580.04
22209,33013104.55
22210,31270179.82
22211,25720820.029999997
22212,9585968.93
22213,33072848.22
22214,29109935.36
22215,95817298.13
22216,11281292.850000001
22217,7386944.12
22218,18000225.78
22219,29035165.45
22220,20393107.08
22221,14912050.26
22222,36469271.43
22223,17261129.4
22224,12109423.64
22225,35139792.15
22226,22795856.18
22227,8566731.28
22228,22610204.31
22229,12360205.93
22231,7186247.37
22232,17079536.41
22233,20433807.56
22234,14383093.51
22235,2987524.48
22236,3786631.84
22237,19871987.89
22238,7920510.0
22239,10747542.11
22240,14924752.25
22241,11500590.15
22242,15654431.25
22243,6625666.92
22244,7713380.39
22245,10250568.44
22246,17831493.1
22248,17918185.49
22249,9478888.2
22250,12433915.77
22251,62746319.010000005
22254,11917668.42
22255,8838076.28
22256,12634928.3
22257,3671719.63
22258,44953063.629999995
22259,28359729.29
22260,8359917.3
22261,3297425.03
22262,33321928.97
22263,1760173.34
22264,34984902.05
22265,11605284.32
22266,38381511.25
22267,6503632.58
22268,4204925.91
22269,3558445.11
22271,3806004.94
22272,20480928.84
22273,17603995.82
22274,1999668.83
22275,15504952.03
22276,2325908.2
22277,30494105.68
22278,468884752.7
22279,15492073.8
22280,5446153.75
22281,14737724.610000001
22282,68022756.11
22283,8956268.97
22284,5103602.73
22285,3319910.62
22286,4868749.84
22287,14443109.6
22288,4551899.0
22289,2727562.7199999997
22291,3646302.31
22293,4539576.25
22294,7610137.08
22295,4864436.28
22296,5945675.82
22299,7694401.91
22300,5912760.66
22302,20806852.0
22304,4018726.71
22305,4338482.32
22306,2606643.87
22307,16430915.18
22308,5723194.3
22309,2252001.7
22310,3967674.05
22311,6187590.0
22312,1999382.15
22313,4342405.7299999995
22314,3213120.36
22315,2343884.48
22316,7137376.59
22317,2584167.53
22318,2847830.04
22319,5339137.46
22320,3051066.37
22321,23954419.52
22322,3181859.34
22323,6952904.0
22324,11772771.06
22325,63133980.55
22326,3480122.06
22327,12098449.25
22328,9050575.99
22330,7477781.24
22331,4668147.06
22332,3352359.34
22333,7525331.0
22334,3127962.8
22335,4407776.91
22337,13830463.67
22338,5159349.43
22339,22073906.26
22340,10313999.14
22341,7060530.7700000005
22342,4282441.12
22343,53059304.1
22344,7599205.24
22345,9974373.85
22346,12156929.69
22347,8036892.22
22348,4640616.9799999995
22349,15372241.120000001
22350,2349732.94
22351,3643157.94
22352,3046969.19
22353,42956774.379999995
22354,10500598.5
22356,7327807.7
22358,3532805.5
22359,5693544.95
22360,68927023.89
22361,3753675.85
22362,28162629.189999998
22363,13099186.58
22364,14877964.33
22365,2714631.05
22366,4693116.34
22368,4381534.18
22369,8144224.37
22370,2826971.08
22371,18276984.080000002
22372,19030660.990000002
22373,1290138.32
22375,3880836.07
22376,16243780.46
22377,9655101.45
22378,1477640.7
22379,17353473.91
22380,5411591.44
22381,3049339.8
22383,2349587.04
22384,14937994.22
22385,5356891.35
22386,7001499.78
22387,13183031.82
22388,9109174.02
22389,55240097.97
22390,6146781.19
22391,9340123.24
23001,11860330.91
23002,6310183.43
23003,1819072.67
23004,5412417.32
23005,2410380.92
23006,1693317.91
23007,1946213.97
23008,50906736.730000004
23009,1558895.74
23010,1046778.5
23011,1594463.9100000001
23012,1973516.2899999998
23013,14226770.03
23014,1658809.39
23015,9596256.34
23016,2402600.36
23017,3095853.63
23018,2583067.37
23019,640983.55
23020,4478212.89
23021,12182036.76
23022,6980430.3
23023,1577118.47
23024,2869504.63
23025,13787412.37
23026,4125653.6300000004
23027,1882914.1300000001
23028,807825.59
23029,4642194.94
23030,33273854.169999998
23031,22554064.89
23032,6410931.14
23033,1571670.26
23034,501156.29
23035,5103048.97
23036,7668889.96
23037,1002594.8300000001
23038,2084758.1499999997
23039,6282512.61
23040,1635488.9
23041,3733802.23
23042,1555117.0399999998
23043,932979.22
23044,1227541.06
23045,11426340.69
23046,2334947.21
23047,2606330.5300000003
23048,4721020.29
23049,4290879.01
23050,1608478.85
23051,845886.53
23052,3039767.41
23053,2658538.45
23054,3304816.47
23055,521597.62000000005
23056,7766050.12
23057,9996770.13
23058,1417948.0
23059,752899.07
23060,1206568.62
23061,7675941.41
23062,7381305.91
23063,2801431.4299999997
23064,8228929.9
23065,3865317.47
23066,1553959.87
23067,10331314.18
23068,10048543.059999999
23069,6373632.46
23070,5597833.54
23071,2849442.8
23072,1841219.45
23073,4728616.6
23074,2181630.26
23075,15734256.66
23076,24169146.83
23077,6448702.8100000005
23078,2074181.8
23079,25511916.69
23080,4287558.87
23081,4108352.92
23082,2723320.98
23083,2172209.39
23084,1228502.84
23086,1856307.36
23087,6464185.9399999995
23088,1377506.37
23089,10543089.56
23090,6877633.959999999
23091,6563636.3
23092,4188260.08
23093,12969183.87
23095,13932238.790000001
23096,143817595.17
23097,2337457.15
23098,623010.86
23099,2774422.29
23100,6380089.88
23101,2602301.15
23102,3225320.22
23103,3303670.87
23104,1719776.97
23105,7455577.71
23106,2523423.28
23107,1645275.44
23108,1292707.73
23109,1756014.93
23110,1539755.16
23111,1830852.81
23112,4839215.25
23113,6138402.73
23114,3688383.76
23115,3202897.31
23116,6877765.57
23117,3144538.3400000003
23118,1447052.35
23119,658991.72
23120,1498257.35
23122,1315462.43
23123,2334341.9899999998
23124,7052560.22
23125,1373403.6700000002
23127,2374164.4
23128,977464.4
23129,1377310.07
23130,3017475.6100000003
23131,9410824.04
23132,2420138.21
23133,2681627.64
23134,1212788.31
23136,3931400.55
23137,4300648.600000001
23138,1900946.89
23139,4293847.13
23140,4325833.2700000005
23141,5823158.96
23142,2009021.23
23143,5565386.5600000005
23144,5296329.89
23145,3568823.53
23146,4172979.95
23147,1330220.26
23148,1712208.4300000002
23149,9220980.1
23150,1308736.88
23151,3751543.07
23152,1191449.6199999999
23154,7027765.899999999
23155,3528655.8
23156,888532.2699999999
23157,644007.85
23158,2531853.77
23159,1508161.1199999999
23160,2841211.3
23162,5616003.85
23164,5797349.04
23165,9171431.78
23166,3148116.3000000003
23167,4336838.68
23168,4835761.83
23169,2207244.38
23170,1928303.6199999999
23171,2605887.43
23172,1403586.37
23173,2416212.59
23174,5459315.75
23175,1447119.58
23176,67809802.41
23177,8772188.120000001
23178,2438829.9
23179,2345135.0500000003
23180,1919490.81
23181,2803845.66
23182,2814100.8
23183,969100.33
23184,1358594.04
23185,3460252.5799999996
23186,1230166.06
23187,2112979.31
23188,1430251.5999999999
23189,11807291.870000001
23190,2168484.36
23191,1970922.6600000001
23192,11549490.370000001
23193,16233711.63
23194,1411353.8
23195,7257479.24
23196,2945211.61
23197,2909743.98
23198,3953707.61
23199,3463880.2399999998
23200,2517755.25
23201,878194.38
23202,1241268.65
23203,2315550.56
23204,1266498.24
23205,3839247.46
23206,4895863.19
23207,1652667.1199999999
23208,3875055.73
23209,1759499.8399999999
23210,2127887.57
23211,4335355.23
23212,1981472.1
23213,1741576.58
23214,1989844.8099999998
23215,2891030.6100000003
23216,3402315.26
23217,2979583.67
23218,1176083.35
23219,8000048.87
23220,4043834.09
23221,4914515.640000001
23222,1614056.13
23223,2487321.63
23224,2451511.93
23225,1163652.23
23226,1852802.99
23227,6619526.19
23228,1060928.49
23229,4037715.13
23230,2715931.62
23232,5248474.48
23233,965982.31
23234,1825556.45
23235,4936206.4
23236,2691670.6599999997
23237,1399718.14
23238,3774525.92
23239,4600823.66
23240,2214346.74
23241,2509167.33
23242,2091786.01
23243,2466508.36
23244,5358569.93
23245,16427204.1
23246,4183871.83
23247,15904265.67
23248,2879002.81
23249,2562242.14
23250,2525157.44
23251,2065731.55
23252,1483380.08
23253,1409881.33
23254,2590200.86
23255,1349853.3599999999
23257,6126420.6
23258,2062326.63
23259,988339.91
23260,1922314.6500000001
23261,1507410.27
23262,2377192.44
23263,2722916.53
23264,799566.55
23265,1190513.02
23266,1265683.06
24001,5013086.24
24002,11687789.5
24004,4262060.28
24005,1508374.01
24006,2018199.9100000001
24007,4189289.38
24008,5638111.84
24009,2329007.22
24010,7582840.48
24011,7693058.03
24012,4003605.5200000005
24014,6790342.5
24015,3566106.96
24016,6398724.390000001
24018,4867364.11
24019,6795860.53
24020,10243574.59
24021,4801681.83
24022,2767432.9
24023,5216385.65
24024,804112.04
24025,4304649.37
24026,34751573.49
24027,1310420.9400000002
24028,10932745.88
24029,3676088.9
24030,6809977.32
24031,2432021.9899999998
24032,2502023.38
24034,2276654.77
24035,17113752.72
24036,1570031.9
24037,215800757.20000002
24038,6124941.81
24039,2218211.06
24040,13049924.079999998
24042,3892591.63
24043,3948367.1999999997
24045,1322181.52
24046,2016978.47
24048,2515184.58
24050,4639281.069999999
24051,1263929.25
24052,1447249.77
24053,147755371.98000002
24054,2459831.62
24055,6908382.62
24056,2523403.54
24057,1830599.13
24058,2429524.19
24059,2443744.3600000003
24060,499450.13
24061,2871752.0
24062,2090888.44
24063,2196426.89
24064,36395229.04
24066,1657097.32
24067,35472191.86
24068,20372227.4
24069,3055529.2399999998
24070,4865772.47
24071,5491713.71
24073,1986539.76
24074,3059575.02
24075,3636917.4899999998
24076,3039989.57
24077,2563274.79
24080,4918417.84
24081,7391257.56
24082,12659829.89
24083,1502337.47
24084,1497842.89
24085,3147744.5999999996
24086,8200544.26
24087,6174003.27
24088,1972229.17
24089,3388304.39
24090,5353028.64
24091,9292547.15
24094,2676416.37
24095,2977948.89
24096,6039711.609999999
24097,2673112.8800000004
24098,18040425.75
24100,4053310.02
24101,2486435.3200000003
24102,28924770.67
24104,4841888.71
24105,1161277.49
24106,5177592.4
24107,2390061.04
24108,5951822.02
24109,1494834.79
24110,1019775.91
24111,973914.31
24113,1127808.89
24114,1114093.44
24115,17217206.61
24116,1782863.9
24117,6362026.4
24119,2807654.64
24120,4872737.99
24121,781780.67
24122,797947.71
24123,1395079.88
24124,2500624.58
24126,1729769.04
24128,1367905.43
24129,2754657.3
24130,9478722.02
24131,849305.73
24132,1432835.1500000001
24133,11051833.1
24134,4411383.99
24135,3666675.53
24136,1919611.2
24137,6011867.25
24138,52517897.65
24139,16332002.94
24140,7932725.899999999
24141,2716876.6
24142,8705978.41
24143,6038712.29
24144,1068037.28
24145,12572400.21
24146,2293494.38
24147,7419476.62
24148,2107278.25
24150,6854638.1899999995
24151,1884057.45
24152,12767709.0
24153,5221789.2
24154,2393312.98
24155,2313039.85
24156,7662319.699999999
24157,4487246.71
24158,3621463.48
24159,3086236.63
24160,3817694.29
24161,1777248.5
24162,1982496.57
24163,1436985.68
24164,15601570.870000001
24165,2645717.34
24167,17720733.490000002
24168,2937433.18
24171,2894661.93
24172,16356215.2
24174,2406898.7600000002
24175,1902556.94
24176,897789.75
24177,4229606.8
24179,5679336.890000001
24180,4758228.2700000005
24182,5512386.22
24183,3959827.88
24184,2320193.77
24186,1815535.41
24188,6506111.1
24189,2056736.56
24190,3149977.6999999997
24191,1800521.69
24192,1046856.4800000001
24193,2993559.26
24194,9106331.49
24195,1202973.94
24196,3233277.17
24197,3874179.18
24199,2874117.95
24200,5563300.76
24202,2846390.9
24205,4163232.29
24206,1593861.13
24207,8034143.29
24208,2424519.5100000002
24209,1737621.3399999999
24210,17560560.54
24211,3220959.29
24212,8210869.4
24213,1674062.18
24214,6820900.569999999
24215,2154089.58
24216,2169802.82
24217,3891988.17
24218,9889955.24
24220,4583398.99
24221,1404914.0799999998
24222,10980655.16
24223,29338649.82
24224,3675157.93
24225,14293031.83
24226,9016446.12
24227,8228286.08
24228,3862328.81
24229,26293645.58
24230,1443855.39
24231,714066.63
24232,1437605.36
24234,2479460.18
24236,3657975.1799999997
24237,6060687.25
24238,1608107.34
24240,7461708.68
24241,4658026.12
24242,2395613.6999999997
24243,6894216.18
24244,1399084.9000000001
24245,2482226.94
24246,3136355.95
24247,2102839.63
24248,2508429.92
24251,4200275.26
24252,4302744.87
24253,26478604.49
24254,2469566.9699999997
24255,4476697.24
24256,35716075.92
24257,1503747.16
24259,10714298.47
24260,6194314.1899999995
24261,4395059.67
24262,1805905.94
24263,3049357.9
24264,7672441.48
24266,7802265.65
24267,1596394.1099999999
24268,4326866.79
24269,8312900.279999999
24271,7964733.37
24272,3078652.44
24273,3057167.31
24274,7892418.47
24276,3340963.08
24277,2351105.0
24278,573286.92
24279,567746.47
24280,7929451.380000001
24281,1220026.02
24282,1264823.35
24284,1254499.02
24285,3545081.96
24286,8912356.35
24287,1031015.55
24288,4877317.3100000005
24289,8044980.12
24290,1073240.3900000001
24291,25412995.21
24292,2562328.23
24293,1763527.2
24294,38300422.17
24295,7082484.69
24296,7283014.62
24297,6196885.98
24299,29074986.240000002
24300,3548516.23
24301,4511612.25
24302,3901986.8
24303,2921413.73
24304,4031623.4899999998
24305,2259845.48
24306,985897.77
24307,1154223.25
24308,6052620.24
24309,27868190.73
24311,41269832.51
24312,33500533.98
24313,1548602.6500000001
24314,1513948.8900000001
24316,6656752.93
24317,1759205.19
24318,5331970.06
24319,4114755.11
24320,7868687.98
24321,7436327.09
24322,276396660.81
24323,2551576.31
24324,5079607.05
24325,2289287.54
24326,1633184.81
24327,1865548.99
24328,11791222.719999999
24329,5838116.109999999
24330,6707630.35
24331,6329863.6899999995
24334,1227060.64
24335,14555666.73
24336,2948469.5
24337,2889372.42
24338,2761784.48
24339,1671008.23
24340,19011957.82
24341,4939875.81
24345,3500290.34
24346,2484195.4
24347,1777407.21
24348,2457898.65
24349,2187870.06
24350,13772297.86
24351,2521252.48
24352,32204453.7
24353,4603729.58
24354,29560250.73
24355,10374970.82
24356,16645674.49
24357,2122255.25
24359,1280147.23
24360,2064568.74
24361,2167156.64
24362,23024231.29
24364,13558608.67
24365,2550240.77
24366,6195524.37
24367,3320462.34
24370,14041069.16
24371,4133332.86
24372,57044102.25
24373,2916968.0300000003
24374,1411981.57
24375,1643227.49
24376,19764520.95
24377,3847823.1100000003
24378,1350767.7
24379,3457875.0400000005
24380,3520700.16
24381,3829711.3200000003
24382,7759790.08
24383,1753086.2
24384,562453.3400000001
24385,1847153.58
24386,2296738.21
24388,4729506.77
24390,2472002.04
24392,5144621.13
24393,1114468.98
24394,1652002.37
24395,3508118.82
24396,18524525.23
24397,4219742.23
24398,4605901.19
24399,1895052.2499999998
24401,2714587.73
24403,724181.86
24404,2567988.0
24405,4604766.03
24406,1507683.5999999999
24407,4613527.399999999
24408,2047689.8800000001
24409,6289309.58
24410,6608774.55
24411,1889390.06
24412,10834500.19
24413,1345309.4
24414,2391605.2399999998
24415,2732393.6
24416,1595848.2
24417,3588403.7600000002
24418,5036718.08
24419,3593797.8200000003
24420,1910396.0799999998
24421,3022322.22
24422,1522608.66
24423,3439308.79
24424,1001053.8300000001
24425,3298057.46
24426,1620229.62
24428,6163604.47
24429,3854012.85
24432,6026352.89
24434,1547990.97
24436,7210387.49
24437,7750157.33
24438,1830096.8
24441,1297790.64
24442,10117941.61
24443,5606679.05
24444,1268263.73
24445,1419361.69
24446,903849.7999999999
24448,5541273.85
24449,7049480.21
24450,4860614.75
24451,4665544.64
24452,1972940.97
24453,3394905.31
24454,5728696.26
24455,3891835.54
24456,1858759.3399999999
24457,1851694.55
24458,1691615.43
24459,2082065.47
24460,3572964.2399999998
24461,4914660.35
24462,9660099.67
24463,4201323.359999999
24464,4762019.17
24465,2644410.28
24466,1820535.5899999999
24468,2675133.58
24470,2580200.5
24471,3562123.64
24472,4717351.61
24473,4215847.12
24474,1078272.34
24476,2662553.0100000002
24477,2161338.67
24478,1755679.53
24479,16192602.6
24480,2357555.5
24481,4148559.9699999997
24482,2333596.34
24483,1443782.83
24484,8806321.92
24485,4338242.22
24486,3516085.74
24487,6334643.399999999
24488,3590616.17
24489,4280778.94
24490,10432149.19
24491,5959131.62
24492,740514.78
24493,1428568.2000000002
24494,2133824.44
24495,1234464.53
24496,1978016.3499999999
24498,9248732.28
24499,3666305.13
24500,1593441.96
24501,2634060.52
24502,1518521.8599999999
24504,2256881.83
24505,2746967.23
24507,1474656.31
24508,2034951.9000000001
24509,6739695.74
24510,2913525.29
24511,3482590.9899999998
24512,2932692.66
24513,2049099.5499999998
24514,2776764.87
24515,2134584.16
24516,10249326.25
24517,1055269.1300000001
24518,2982069.73
24519,4684802.13
24520,112283195.83
24521,6000500.89
24522,3260338.2
24523,2589049.1
24524,1416868.41
24525,1580981.29
24526,4816356.22
24527,7817551.78
24528,1233014.6400000001
24529,1664258.19
24531,2054913.81
24532,2842085.73
24533,1453017.68
24534,12099325.84
24535,1832353.69
24536,5878265.78
24537,2824040.02
24538,7303758.36
24540,16592296.05
24541,1464456.8
24542,1480326.32
24543,6015832.109999999
24544,4252291.0600000005
24545,1759771.3499999999
24546,499736.56
24547,110493893.84
24548,2636321.22
24549,4009657.5700000003
24550,14006469.59
24551,24322155.02
24552,2841319.95
24553,12379590.71
24554,5419928.26
24555,6943440.34
24557,58821299.53
24558,7694736.97
24559,3227636.1
24560,1827296.07
24562,3202327.14
24563,3687036.38
24564,10514859.45
24565,4719146.35
24566,1149391.7
24567,2776548.41
24568,11995055.32
24569,1868014.46
24570,469329.43
24571,13468407.03
24572,1832514.44
24573,6358127.33
24574,2428710.64
24575,1778055.65
24576,2907363.12
24577,6159049.75
24580,3893848.34
24581,10415064.059999999
24582,3660292.28
24584,6735967.46
24585,6267291.93
24586,5445050.56
24587,7704772.88
25001,1707735.35
25002,1705751.67
25003,2460375.98
25004,6744826.87
25005,2018862.9300000002
25006,1633068.5
25007,914754.7
25008,3853361.62
25009,2091563.0599999998
25011,4128555.34
25012,1754127.31
25013,3754545.1799999997
25014,10640504.23
25015,7997011.16
25016,2744218.69
25017,1445055.08
25018,10565126.52
25019,5146413.84
25020,5180910.0
25021,16738722.6
25022,14258767.73
25024,6911154.890000001
25025,10464519.02
25026,3384111.2600000002
25029,3499307.75
25030,4139211.44
25031,133006807.92
25032,4969641.49
25033,7850640.17
25035,16909660.12
25036,20044410.44
25038,1759489.8199999998
25039,9738517.24
25040,4322139.33
25041,5832418.13
25042,3470586.44
25043,13440068.94
25044,883058.04
25045,471457.29
25046,1044905.41
25047,61205359.38
25048,25509627.91
25049,1040516.75
25050,5283469.21
25051,4934160.84
25052,1023008.34
25053,2213439.86
25054,2946789.3400000003
25055,1997879.24
25056,1532826072.68
25057,62604948.59
25058,13960738.83
25059,3166914.1
25060,5272478.72
25061,2442646.4699999997
25062,2952885.74
25063,11650715.89
25065,344547.61
25066,634419.3999999999
25067,2503005.64
25070,3890354.8
25071,2604748.43
25072,680067.75
25073,8235819.64
25074,9029779.47
25075,5787968.29
25077,1805001.0
25078,9732422.9
25079,7172370.74
25082,5548837.6
25083,3349943.23
25084,11463902.6
25085,5982292.8
25086,844838.99
25087,2336103.42
25088,1040108.21
25089,1611602.78
25090,995460.0399999999
25091,3399134.96
25092,1267763.57
25093,1318926.13
25094,1097519.6300000001
25095,3554232.5599999996
25096,2395983.9
25097,3330002.91
25098,2554924.15
25099,1853194.34
25100,5165899.45
25101,4945415.83
25102,1765962.62
25103,4275381.52
25104,1238671.21
25105,4999971.45
25106,1063020.6800000002
25107,1793690.36
25108,3617454.3
25109,1056877.57
25110,8167645.67
25111,3401227.85
25112,12253465.45
25113,1416439.19
25114,5672497.98
25115,2889277.23
25116,1423061.46
25117,568434.31
25119,1999057.47
25120,4676555.51
25121,9918949.6
25122,4738709.31
25124,4177747.22
25125,3158272.6599999997
25126,2607264.54
25127,29274931.08
25129,1143336.75
25130,137641.0
25131,2630462.77
25132,1653006.73
25133,14433005.5
25134,154472.05000000002
25136,6135733.98
25138,4392986.21
25139,7168505.85
25141,1166358.56
25142,6227832.3
25143,1138720.03
25145,1067073.29
25147,24162628.16
25148,3982425.87
25149,3343841.5
25150,3494967.08
25151,1291997.55
25152,624421.0900000001
25153,1776472.27
25154,1591848.97
25155,5439556.9
25156,27794777.02
25157,13130927.16
25159,8928367.72
25160,9872251.95
25161,1567193.6300000001
25162,3308441.85
25163,1049026.01
25164,1228133.82
25166,663569.97
25170,11318438.61
25171,839672.5499999999
25172,2704661.5
25173,2255429.87
25174,3204634.85
25175,932912.81
25176,3638310.6
25177,2315752.72
25178,1901906.43
25179,1387389.38
25180,3127128.6999999997
25181,1239102.83
25182,1085976.18
25183,977629.73
25184,2203892.58
25185,1917948.26
25186,5085130.4
25187,4641878.65
25188,3568016.81
25189,3114071.01
25190,15997904.11
25191,4007008.77
25192,1959637.1600000001
25193,15044495.66
25194,1277815.78
25195,11331382.93
25196,12623906.530000001
25197,9128478.37
25198,5319248.79
25199,3278932.3200000003
25200,12383403.47
25201,5196925.16
25202,2671438.96
25203,3043895.28
25204,24846897.919999998
25207,3685146.89
25208,2089874.81
25209,2407719.53
25210,968042.31
25211,1020827.2100000001
25212,23810517.16
25213,7324026.37
25214,3769560.11
25215,721900.27
25216,1832488.72
25217,5756219.25
25218,1331654.3800000001
25219,4662561.27
25220,3194337.45
25221,525755.23
25222,17186774.14
25223,7439943.34
25224,6286542.8
25225,1149176.4
25226,2450093.85
25227,2033246.93
25228,37463600.43
25229,3285172.21
25230,26858641.59
25231,1221357.83
25232,1071191.03
25233,3090317.51
25234,1059173.36
25235,2734892.0100000002
25236,3270390.02
25237,18063272.259999998
25238,3146878.27
25239,2430434.82
25240,26709193.66
25241,4087590.84
25242,692167.8300000001
25243,6625170.81
25244,1936548.82
25245,13992652.63
25246,3351753.93
25247,1224033.52
25248,6123603.48
25249,234668.59999999998
25251,1118999.76
25252,2007270.54
25253,2374573.86
25254,16186865.6
25255,2535051.93
25256,10025280.78
25257,2672427.31
25258,18069335.28
25259,24453057.1
25261,1608292.54
25262,4873156.640000001
25263,2673448.3
25264,915335.28
25265,8370319.44
25266,1738577.83
25267,7423330.87
25268,2413602.92
25269,643659.95
25270,2438526.26
25271,14927249.28
25273,2675801.79
25274,3687095.0
25275,4964606.56
25276,1842161.86
25277,605224.81
25278,6732114.680000001
25279,962498.5800000001
25280,4716578.83
25281,4514146.32
25282,7175271.550000001
25283,1142837.66
25284,35899367.8
25285,12815397.77
25286,2240712.17
25287,12213909.98
25288,7797844.540000001
25289,1949241.3299999998
25290,839804.43
25293,9461087.549999999
25295,3051340.6
25296,6605551.95
25297,1565978.97
25298,1566239.88
25299,983233.9
25300,2535242.95
25301,7798182.33
25303,3569673.69
25304,23170375.56
25305,4443560.08
25306,579716.5900000001
25307,12712111.389999999
25308,5696819.93
25309,9448676.93
25310,660608.76
25311,2033228.72
25312,598972.26
25313,2138072.68
25314,6307301.53
25315,22493765.43
25316,1510148.54
25317,2300480.29
25318,22233179.3
25320,13261267.34
25321,40544978.15
25322,2934623.26
25323,4427586.67
25324,2387000.38
25325,2864144.76
25326,7376801.87
25327,651430.2
25328,5555156.95
25329,1086749.27
25330,1143184.96
25331,2308609.57
25332,5905371.62
25333,6704987.88
25334,18585904.49
25335,5132557.9399999995
25336,5184947.51
25338,1944077.04
25339,2794739.97
25340,1148285.75
25341,1992868.5299999998
25342,1962013.8399999999
25343,1196089.33
25344,522180.35000000003
25345,6729926.340000001
25346,2610992.25
25347,5231338.04
25348,6035020.140000001
25349,5188375.59
25350,5583359.15
25351,2489932.88
25354,1397725.28
25355,456106.79
25356,39962289.33
25357,9448379.82
25359,2521017.16
25360,2444071.77
25361,10859019.27
25362,2577390.2199999997
25364,13038293.15
25365,5767401.63
25366,1191722.6300000001
25367,54283394.04
25368,16553877.379999999
25369,1063158.93
25370,20094020.32
25371,3000481.8499999996
25372,2138246.0700000003
25373,904829.35
25374,4446369.83
25375,6065073.42
25376,1264031.3599999999
25377,1756351.72
25378,6459796.17
25379,869022.5
25380,18772851.33
25381,22828480.07
25382,3976285.14
25383,2008585.82
25384,1193382.9600000002
25385,1959073.1199999999
25386,2742858.97
25387,5980471.32
25388,375440316.94
25389,1512109.63
25390,3350963.3200000003
25391,3335666.35
25392,1974441.3599999999
25393,5635761.8
25394,10642857.15
25395,16451623.040000001
25397,16144443.260000002
25398,968786.25
25400,2996786.73
25401,587504.7000000001
25402,781806.41
25403,21584967.67
25404,1603160.17
25405,9327611.879999999
25406,4185922.56
25408,455812.07999999996
25410,9014162.02
25411,57838202.46
25413,22605138.3
25414,825282.31
25415,4688665.41
25416,3846946.46
25417,5731827.13
25418,13137411.37
25419,754873.14
25420,1425637.27
25421,1544758.3399999999
25422,1929434.49
25424,19257452.560000002
25425,6337034.54
25426,2616732.58
25427,4418346.81
25428,8287155.4
25429,11571854.85
25430,469824.91
25431,3975131.65
25432,15319029.75
25433,628797.74
25434,56835576.51
25435,1240638.63
25436,1387145.41
25437,3388688.99
25438,8599836.24
25439,3730899.45
25440,7517495.61
25441,1004214.8
25442,7371019.38
25443,584568.39
25444,992335.91
25445,2032906.16
25446,2471855.57
25447,3725685.8600000003
25448,13291284.83
25449,2037567.6
25450,1156708.36
25451,2252105.3400000003
25452,3184037.04
25453,12691078.32
25454,22668272.86
25455,1486790.49
25456,2760372.7
25457,1695172.8599999999
25458,3362564.5
25459,3606878.31
25460,2443342.87
25461,4456750.75
25462,176956146.31
25463,39107478.87
25464,1821180.4200000002
25465,2235767.24
25466,6051700.9799999995
25467,13620676.41
25468,5960009.13
25469,4481514.4399999995
25470,1433085.8299999998
25471,2350375.91
25472,791221.7899999999
25473,5707854.87
25474,1058830.57
25475,16305665.26
25476,847915.23
25477,3473624.56
25478,1620637.21
25479,5267762.36
25481,2005532.4100000001
25482,6539729.659999999
25483,1121866.93
25485,2492177.32
25486,7708618.83
25487,623751.2
25488,1119184.48
25489,3150019.64
25490,2853389.84
25491,850229.4300000002
25492,634899.53
25493,8436317.69
25494,8395335.51
25495,15578488.129999999
25496,1469036.06
25497,5837612.22
25498,546555.11
25499,1022446.58
25500,1722576.02
25501,776044.74
25502,5505941.14
25503,1478468.16
25504,1581474.32
25505,10666751.04
25506,1231566.56
25507,1196212.05
25508,11330348.94
25510,3491904.4299999997
25511,3519802.1
25512,17307140.27
25513,1776618.9400000002
25514,4409467.09
25515,3552243.99
25516,1600844.52
25517,2848850.63
25518,1343240.1199999999
25519,18403352.16
25520,1656742.77
25521,1946487.47
25522,2194608.67
25523,5170742.63
25524,7791146.75
25525,4346249.86
25526,12807478.76
25527,63511347.8
25528,612092.29
25529,11615173.19
25532,37234841.22
25533,1083583.4300000002
25534,2254778.56
25535,2808573.56
25536,2804209.06
25537,2417595.44
25538,665496.96
25539,53038722.1
25540,1889798.02
25541,3912310.02
25542,14346078.33
25544,1714668.5599999998
25545,2341530.91
25546,857273.26
25547,52011536.510000005
25548,2127715.15
25549,7890103.59
25550,2721961.63
25551,3441360.5300000003
25552,1767334.35
25553,7023371.29
25554,1748395.14
25555,5416331.83
25556,315389.64
25557,2684642.7
25558,10069316.01
25559,2272503.89
25560,20395145.34
25561,4302097.45
25562,1195219.5899999999
25563,895672.17
25564,9760742.42
25565,2873450.29
25566,3942001.87
25567,1290117.87
25569,3822359.99
25570,290753.33999999997
25571,8097566.83
25572,1202620.6
25573,425395.85
25574,2031764.19
25575,5404471.67
25578,49633140.62
25579,441951.18
25580,69378986.76
25582,720034.78
25583,5366610.58
25584,3483723.95
25586,6174824.14
25588,1739146.7
25589,2653486.81
25590,1285272.26
25591,3625523.1
25592,8558104.75
25594,3464596.24
25595,2031888.8399999999
25596,1391359.6500000001
25597,2957305.87
25598,4160448.73
25599,1259595.5
25600,1546541.49
25601,14171079.6
25602,1021101.39
25604,1723722.71
25605,3102802.9899999998
25607,985565.32
25608,1508898.19
25609,4280932.779999999
25611,3890618.29
25612,6605386.24
25613,1586971.3499999999
25614,13935102.09
25615,2869782.14
25616,1786114.61
25617,2402843.21
25618,3713557.31
25619,3797302.75
25620,4091915.25
25621,1770684.15
25622,2649185.67
25623,1384226.77
25624,887752.01
25625,1556066.48
25626,1572350.1
25627,2984914.1100000003
25628,3528115.56
25629,1541899.52
25630,1216036.32
25631,4817280.59
25632,38666239.65
25633,4423075.36
25634,7425320.590000001
25635,3788980.84
26001,5865729.6
26002,18984142.75
26003,1443062.48
26004,24257652.18
26005,19640777.509999998
26006,14357914.28
26007,1069454.2000000002
26008,10186352.92
26009,9852694.8
26010,33269473.83
26011,26132044.87
26012,1026912.57
26013,2452282.43
26014,2921285.56
26015,1719533.8399999999
26016,3533209.69
26017,1407113.79
26018,549432.85
26019,6008286.19
26020,2450837.0100000002
26021,1888857.68
26022,3744839.67
26023,7109685.35
26024,2816783.0
26025,3733243.84
26026,2756541.23
26027,1573539.83
26028,4005819.98
26030,740419.87
26031,9249295.74
26032,6210103.73
26033,7668160.54
26034,5645863.85
26035,3247600.58
26036,4171778.53
26037,31334737.79
26038,14800716.120000001
26039,8867207.01
26040,3836304.96
26041,13996230.51
26042,9054401.92
26043,3388491.48
26045,15363789.63
26046,3394685.29
26047,2212213.48
26048,2826877.3200000003
26049,7507985.7299999995
26050,2601341.07
26051,983209.6599999999
26052,4553947.68
26054,6999028.89
26055,6049130.5200000005
26056,10642422.85
26057,92465836.92999999
26058,179017082.28
26059,3376541.71
26060,2438441.69
26061,5981709.51
26062,1246277.45
26063,23977907.81
26064,56034921.31
26065,6005180.88
26066,1412575.56
26067,2746808.85
26068,2396994.32
26069,2943589.4
26070,3812437.33
26071,8330026.16
26072,7826643.39
26073,4909882.03
26074,12472698.41
26075,1555822.3599999999
26076,1236451.98
26077,7297821.93
26078,6525064.43
26079,7972453.6
26080,1618715.22
26081,5234155.97
26082,2285908.21
26083,22190862.970000003
26084,45150539.050000004
26085,22703469.5
26086,12468054.040000001
26087,7447184.819999999
26088,47150212.64
26089,966603.33
26090,1524816.7
26091,1582839.83
26092,5161530.65
26093,5472754.62
26094,7280135.9799999995
26095,6889747.03
26096,13669446.66
26097,6234913.34
26098,1998664.64
26099,5100592.5
26100,5678407.6
26101,3180242.85
26102,1395277.55
26103,4015972.1999999997
26104,2757300.33
26105,1919621.49
26106,10453387.97
26107,4747106.87
26108,69926682.36
26110,5554925.26
26111,2001979.98
26112,2786455.92
26113,54719852.19
26114,35786842.550000004
26115,4658729.16
26116,60935345.72
26117,1071932.25
26118,12236721.14
26119,9346636.12
26121,5540509.67
26122,1549233.5399999998
26123,845648.18
26124,64143317.82
26125,9607453.43
26126,1552995.06
26127,1886004.14
26128,2004237.5799999998
26129,6685873.72
26130,1042508.73
26131,4179321.1
26133,2038621.14
26134,869858.4
26135,2253688.7800000003
26136,1734831.83
26137,1609833.6099999999
26138,12502787.26
26139,19495226.86
26140,5915110.84
26141,2120857.23
26142,3759591.84
26143,15055377.44
26144,14860624.44
26145,7920431.640000001
26146,23527527.419999998
26147,1130640.55
26148,25738495.48
26149,9512796.63
26150,827182.02
26152,2186813.28
26153,1944984.8199999998
26154,4159536.33
26155,8726600.57
26156,8535399.36
26157,6054787.24
26159,1223616.23
26160,16444069.56
26161,2845285.42
26162,8237665.19
26163,3974471.4299999997
26164,2068870.45
26165,64217010.83
26166,53777668.57
26167,8403616.65
26168,11236468.14
26169,22085784.31
26170,19724379.77
26171,1319802.65
26172,6136908.53
26173,7323183.0600000005
26174,8629639.1
26175,3665065.96
26176,12469359.27
26177,5194316.609999999
26178,4744065.8
26179,22307335.75
26180,3856756.8600000003
26181,3573506.31
26182,13632879.19
26183,10954105.42
26185,5435946.8
26186,2107131.91
26188,11047146.35
26189,3295168.94
26190,1903145.1900000002
26191,20903305.68
26192,3081889.33
26193,16840709.39
26194,5600435.57
26195,3352141.22
26196,11392318.19
26197,42283183.35
26198,319083701.59
26199,1548981.05
26200,2702156.63
26201,1651854.21
26202,3430058.81
26203,3153187.4
26204,2555058.46
26205,1736604.2999999998
26206,17214729.36
26207,7746357.67
26208,12163157.83
26209,1707054.54
26210,14042056.58
26211,9197704.780000001
26212,8125002.94
26213,9701555.93
26214,1236213.55
26215,10439250.6
26216,5043050.79
26217,2344216.25
26218,23059505.58
26219,3011942.1500000004
26220,69621015.96
26221,2691637.87
26222,1092530.76
26223,3488507.13
26224,2831658.88
26225,6248689.22
26226,2826839.29
26227,791057.9299999999
26228,1980694.46
26229,2445762.8
26231,20340686.95
26232,4353559.17
26233,2975392.2800000003
26234,7096625.51
26235,161138891.22
26236,3249057.31
26238,2601682.46
26239,2457097.48
26240,3372222.09
26241,6376187.109999999
26242,1602810.77
26243,8999709.83
26244,3125324.24
26245,369244.82
26246,1398020.28
26247,3437660.8600000003
26248,3351932.31
26249,5826635.64
26250,29488965.2
26251,5846974.24
26252,114337135.68
26253,2073417.6
26254,886698.92
26255,2336683.7800000003
26256,1777005.29
26257,2286635.11
26258,5289132.66
26259,2570841.69
26261,4247503.11
26262,3149244.4699999997
26263,2992348.2
26264,6350907.85
26266,1972021.3099999998
26267,1174964.51
26268,2457964.35
26269,3190539.58
26270,1809776.54
26271,24471605.5
26272,4554425.58
26273,7057508.78
26274,555039.69
26275,13177296.77
26276,5695455.3
26277,2398955.13
26278,5156735.3
26279,1597169.1199999999
26281,297596574.53999996
26282,3053055.86
26283,1317207.27
26284,16130491.280000001
26285,3787543.65
26286,402861.53
26287,7548890.279999999
26288,4509794.88
26289,11865685.92
26290,7087093.2700000005
26291,1573482.12
26292,7462044.11
26293,6334233.69
26294,5153334.970000001
26295,11986924.35
26296,2267587.12
26298,4758818.79
26299,2181673.51
26300,1098863.63
26301,30805378.44
26302,2380836.77
26303,2906891.09
26304,2040361.31
26305,6593279.36
26306,3894560.5100000002
26307,21502806.52
26308,5403261.6
26309,3942497.29
26310,1887756.2999999998
26311,9683543.52
26312,8727497.59
26313,59142249.82
26314,8181463.28
26315,8465315.64
26316,1601157.32
26317,5845809.76
26318,1506068.23
26319,6049106.42
26320,7964435.58
26321,7001922.090000001
26322,5366280.4
26323,20682940.79
26324,171861562.09
26325,38669809.04
26326,7781167.39
26327,2224435.3899999997
26328,1528836.51
26329,4089723.88
26330,17615807.25
26331,4068807.86
26332,16769587.540000001
26333,54889805.96
26334,1244402.5899999999
26335,2046890.5599999998
26336,5348511.89
26337,21601311.73
26338,13582495.39
26339,17897918.57
26340,7174843.37
26341,6127000.38
26342,3190187.3499999996
26343,768277.3
26344,3264743.49
26345,20949483.61
26346,3833697.59
26347,51478660.980000004
26348,16854605.38
26349,9906193.65
26350,2029597.94
26351,1255879.25
26352,2570923.39
26353,9216536.950000001
26355,3840453.27
26356,1381493.95
26357,16052254.13
26358,11644167.75
26359,750903.77
26360,6814537.91
26361,7686954.930000001
26362,858310939.0600001
26363,733223.31
26364,7130812.43
26365,6084097.63
26367,5603520.58
26368,7073106.680000001
26369,3459276.3
26370,3673873.14
26371,1274762.9200000002
26372,1491177.2
26373,3933301.15
26374,811312.07
26375,1015909.48
26376,3428461.43
26377,12777537.12
26378,1837077.6400000001
26379,8976883.47
26380,8808122.98
26381,8284307.83
26382,5668400.91
27001,766147.62
27002,4020524.48
27003,12275640.75
27004,3938187.52
27005,4864125.99
27006,1689368.88
27008,53147363.03
27009,1682639.8
27010,757565.53
27011,8278795.390000001
27012,1716534.95
27013,3027170.86
27014,6311803.850000001
27015,7272434.51
27016,61622931.75
27017,9428517.92
27018,3560512.45
27019,1353133.16
27020,10259106.86
27021,1154834.47
27022,52214596.25
27023,5532833.08
27025,6803785.11
27026,1603019.73
27027,3246761.9
27028,917062.13
27031,7212529.42
27032,7150609.09
27033,1621457.71
27034,2052089.46
27035,704501.99
27036,1783930.77
27037,5865287.5
27038,4256397.38
27039,3862578.7
27040,1511812.29
27042,326216.03
27043,2858200.44
27044,5851249.75
27045,3066712.65
27046,693141.09
27047,1080666.48
27048,691117.63
27049,34261061.43
27050,2132642.92
27051,20464882.720000003
27052,3007467.18
27053,826667.75
27054,2434908.5700000003
27055,1108369.01
27056,100071309.58
27057,1360068.32
27059,1953771.6600000001
27061,932453.75
27062,6952098.77
27063,948537.54
27064,4024464.29
27065,36409953.76
27066,1068768.63
27067,6860584.44
27068,1204718.1500000001
27069,2526674.29
27070,11905315.2
27071,1413550.4
27072,4479313.99
27073,9017106.05
27074,1078226.64
27075,1414858.28
27076,1759931.29
27077,3752579.16
27078,1400049.1400000001
27079,1798923.47
27081,1128784.82
27082,14761312.86
27083,1595477.1
27085,7739646.73
27089,3807880.36
27090,22955100.29
27091,3232098.8899999997
27094,686122.31
27095,2816451.6
27096,2170128.83
27097,8593502.36
27098,730187.89
27099,5349214.42
27100,6286089.2
27101,1549628.51
27102,4797863.96
27103,34901936.57
27104,3308072.36
27105,30881121.57
27106,1875048.38
27107,7004168.359999999
27108,7971378.63
27109,1473584.31
27110,2456171.33
27111,1202211.1300000001
27112,32206011.27
27113,1122195.3900000001
27114,7029374.66
27115,1417681.1199999999
27116,40046118.46
27117,7803552.91
27118,2790584.34
27119,14687051.48
27120,1001149.83
27123,2985167.5100000002
27124,1107282.5
27125,3016352.58
27126,3370836.4
27127,2906864.36
27129,1752466.23
27130,1739719.56
27132,7248043.37
27133,3406776.06
27134,729994.31
27135,1249225.5
27136,1472260.28
27137,1718957.11
27138,1772027.46
27139,1129964.7
27140,2967218.54
27141,332829.17
27142,2341521.41
27144,1360338.32
27146,1141215.8
27147,2258487.7399999998
27148,1080795.49
27149,342156.14
27151,20134579.77
27152,3629007.91
27153,1051990.56
27154,4058254.0300000003
27155,1723063.95
27156,2223447.74
27157,6903624.36
27158,5065926.78
27161,9215607.219999999
27162,724164.02
27163,963961.17
27164,2376420.41
27165,48558370.79
27167,1672028.15
27168,1268801.91
27169,5843361.74
27170,12070684.16
27171,1130000.4
27173,689692.3300000001
27174,5968911.17
27176,1237190.93
27177,3080479.5
27179,2144329.4
27180,9019521.8
27181,2728940.61
27182,544880.24
27183,19727544.42
27184,914501.1699999999
27185,1531379.3900000001
27187,898137.02
27188,11733655.99
27189,2250109.21
27190,2901271.55
27191,14830475.82
27192,3679593.58
27193,8700054.98
27194,659102.84
27196,10568239.5
27198,38378336.49
27199,2814545.42
27200,1079005.41
27201,620562.2
27202,4317166.31
27203,2846724.13
27204,2810337.39
27205,1891330.18
27206,1683942.4
27207,2520145.44
27208,583600.66
27209,1252795.47
27210,2149329.17
27212,358819.31
27213,60144653.870000005
27214,4762952.0
27215,945794.35
27216,2730475.8
27217,2526945.84
27218,13898447.04
27219,1650584.3499999999
27220,1890246.69
27222,803886.9
27224,1151167.8299999998
27226,45167161.76
27227,3336416.85
27228,1000392.37
27229,680570264.13
27230,26301220.67
27231,1394285.9
27232,1578095.44
27233,3868541.33
27234,2631889.91
27235,821115.6000000001
27237,897670.7
27238,9847268.49
27239,1172797.77
27240,1863938.71
27241,716475.08
27242,5863304.59
27243,1584949.42
27245,1151006.27
27246,13406775.42
27247,1925254.85
27248,944896.3200000001
27249,4630931.71
27251,2562149.94
27252,968312.67
27254,5694928.68
27256,2640027.26
27258,829543.99
27259,592169.45
27260,2008275.1
27261,2583314.45
27263,6950086.85
27266,1086660.15
27267,1616603.25
27269,1146955.66
27271,882730.7
27273,1067254.41
27275,57113637.54
27276,2017751.79
27277,3510513.89
27278,15352553.76
27279,24226730.33
27280,8777429.0
27281,1049811.3
27282,3793866.08
27284,76734158.12
27285,8733241.56
27286,1416030.22
27287,3096765.24
27288,1609594.32
27289,836118.69
27290,4063902.5300000003
27291,1263658.4
27294,3661814.55
27295,1461159.02
27298,1141127.74
27299,25693710.08
27300,3082755.46
27301,6902190.26
27302,9642340.56
27304,1836494.1400000001
27306,20888308.09
27307,2320947.84
27309,3268421.56
27310,2202364.33
27311,4984791.46
27312,950680.03
27313,2397639.11
27315,791918.0800000001
27316,4375959.7
27317,2320137.53
27318,1590897.25
27319,1413734.7999999998
27320,1852193.03
27321,280469.65
27322,6470436.36
27323,1695046.31
27324,5494425.42
27325,720137.62
27326,1085208.84
27327,915928.5399999999
27329,3665457.14
27330,854659.19
27331,3242664.96
27332,9203506.09
27333,4678767.42
27334,636496.43
27335,3936268.0500000003
27336,785986.56
27337,1527376.84
27338,2813410.98
27339,6082573.28
27340,2915581.01
27341,490254.75
27342,968601.88
27343,7537358.8100000005
27345,842805.7
27346,1169636.6
27347,7774016.49
27348,18246576.92
27349,4142703.96
27350,5624787.2700000005
27351,11340793.959999999
27353,1904001.46
27354,1876547.69
27355,20723955.97
27358,5405803.98
27359,1163370.98
27360,2178455.36
27361,703214.12
27363,2036195.9700000002
27364,3266487.11
27365,15595139.879999999
27366,1514105.4000000001
27367,8204324.2
27368,1953905.5
27369,535961.66
27370,2092311.69
27371,730208.09
27372,3501377.89
27373,952861.55
27374,2337897.36
27375,141013544.19
27376,1101745.99
27377,9757024.7
27378,11796244.64
27379,2661191.9899999998
27380,1202178.56
27381,839376.27
27382,1805778.97
27383,1510664.68
27384,1736519.57
27385,7788851.79
27386,8293765.47
27388,2773421.5
27389,1036458.41
27390,7263949.88
27391,10181019.71
27392,1075410.03
27393,1200779.81
27394,6356521.6899999995
27395,308938.16
27396,2009664.24
27397,18577915.31
27398,11159867.81
27399,355853.96
27400,1055921.43
27401,698904.8200000001
27403,837061.44
27404,817642.82
27405,619154.87
27406,4379445.45
27407,1074748.55
27408,2866541.88
27410,4088723.2399999998
27411,1907761.63
27412,6682225.7299999995
27413,7018977.7
27414,8566360.26
27415,2346069.88
27417,2670345.27
27418,416418.29000000004
27419,4306544.76
27420,746610.94
27421,4390317.49
27422,6124178.44
27423,5335252.08
27424,1230834.7
27425,17893183.21
27426,5584510.5200000005
27427,1971954.32
27428,58117223.04
27429,543422.62
27430,1209048.8699999999
27431,3081501.25
27432,2678250.56
27433,982376.28
27434,574793.36
27435,1753392.27
27436,1515817.44
27437,1920996.66
27438,18063243.169999998
27439,9730579.83
27440,3554059.84
27441,947011.5700000001
27442,1266654.68
27444,1188972.01
27445,3661513.37
27446,2556025.97
27447,3530409.1
27448,51823129.31
27451,1653825.0999999999
27453,10838510.34
27454,2911572.71
27455,518553.99
27456,3144839.42
27457,3609746.27
27458,17296347.94
27459,138738.56
27460,537512.01
27462,1023462.73
27463,2089472.65
27464,6194528.73
27465,1625128.93
27466,1194885.16
27467,113175808.39
27468,3443517.12
27469,33855835.160000004
27470,7972801.300000001
27471,1829720.08
27472,1225221.0
27473,4298576.88
27474,4975288.01
27475,1328806.84
27476,1164271.5
27477,4213805.350000001
27478,7531225.9799999995
27480,3421457.91
27481,3405839.99
27482,560640.87
27483,2237441.1
27485,10199966.620000001
27486,2578778.98
27487,3529252.92
27488,782878.8099999999
27489,3186674.15
27490,1983633.09
27492,1614302.77
27493,27331491.93
27495,1536220.87
27496,2257492.78
27497,6723463.89
27498,1208087.45
27500,12706036.21
27501,812401.28
27502,21688452.93
27504,6965619.74
27505,687485.06
27507,34490457.5
27508,896943.49
27511,4483535.7299999995
27512,1132791.8
27514,1167100.74
27516,6430484.54
27517,23538197.0
27518,2065835.05
27520,1670567.8900000001
27521,1208710.6
27522,1230415.99
27524,3386720.52
27525,1100015.91
27527,1409063.36
27528,33935929.78
27529,2062930.7000000002
27530,322106.44
27531,648855.34
27533,2878100.36
27534,6055893.11
27535,2201112.04
27536,2710941.88
27537,3902566.48
27538,2798339.62
27539,1519203.6800000002
27540,4083664.19
27541,727690.12
27542,7483131.88
27543,6059843.67
27544,1241046.5699999998
27545,854487.01
27546,1419145.82
27547,3772422.92
27548,6798850.87
27550,1738022.56
27552,752638.96
27553,2330129.81
27554,19526031.64
27555,1177016.12
27556,148950.1
27557,1746802.01
27558,318385.64
27560,1249734.52
27561,5146777.55
27562,61136543.669999994
27563,2646540.7199999997
27564,1509851.43
27565,4186067.24
27567,1046498.25
27568,1907567.23
27569,799309.52
27570,474369.05000000005
27571,871838.72
27572,1170735.0
27576,2546699.46
27577,1800648.51
27578,3958261.54
27579,681028.56
27580,13245407.08
27582,5944308.64
27584,991938.0800000001
27586,822567.0900000001
27587,7704560.7
27589,5741022.09
27590,1704463.8900000001
27591,2420828.36
27592,1175331.6300000001
27593,9580481.57
27594,980205.7000000001
27595,6214046.86
27597,2084632.01
27598,3985098.69
27599,10144688.73
27601,1445489.37
27602,30254715.96
27603,1275362.02
27604,1134707.43
27605,1279157.4100000001
27606,2720580.48
27608,1300214.21
27609,1687368.18
27610,326990.44
27611,1316996.71
27612,1073746.45
27613,2261936.89
27614,671169.05
27615,2175603.84
27616,15523424.649999999
27617,2141751.43
27618,1544307.84
27620,3234783.55
27621,763884.76
27622,19060834.24
27623,2454987.12
27624,3312120.53
27625,1300336.76
27627,1059739.4200000002
27629,11837121.58
27630,1154491.06
27631,2159756.6799999997
27632,2844117.93
27633,1842602.81
27635,421018.11
27638,29170904.99
27640,819082.63
27641,1075013.66
27643,7509805.11
27644,2775895.97
27645,1102845.4000000001
27646,1114512.59
27649,1900018.34
27650,1661802.8699999999
27652,666358.5
27654,6037113.6
27655,2173470.96
27656,6100498.47
27658,1392539.45
27659,437539.87
27660,1063293.57
27661,1304573.78
27662,1778338.74
27663,564416.43
27664,1480647.5
27665,4235070.58
27666,1804657.27
27667,1345391.32
27668,4579135.41
27669,1618921.3
27670,6465911.24
27671,467696.69
27672,3654683.8
27673,1170624.71
27674,1349215.23
27676,11202412.63
27677,995165.27
27678,8324440.24
27679,69976582.54
27680,1271265.22
27681,248194600.57000002
27682,3536065.62
27683,928291.21
27684,3978185.57
27685,4511744.1
27686,887949.35
27689,1375271.49
27690,1028416.61
27691,8001595.82
27692,551296.27
27693,7718358.71
27694,1386536.6600000001
27695,976024.65
27696,7075595.36
27697,5178108.77
27698,2189630.02
27699,638163.3
27700,4163379.46
27701,169357932.34
28001,13609194.870000001
28003,442837.25
28004,2105009.11
28005,5011082.2700000005
28006,10359682.299999999
28007,29385350.03
28008,577561.4
28009,282682.02
28010,4729617.07
28012,35025357.36
28013,9329115.99
28014,4556242.38
28015,54325645.48
28016,1566111.31
28018,15973177.65
28019,1000688.4700000001
28021,12364496.219999999
28022,10586163.5
28023,6500453.25
28024,24351388.900000002
28025,929261.2999999999
28026,1987709.8
28027,13683869.14
28028,1846470.11
28029,1869072.54
28030,2331014.33
28031,4019087.2399999998
28032,2373832.42
28033,5817802.100000001
28034,7827448.78
28035,7260590.91
28036,6991637.8
28037,3189935.11
28038,1224063.38
28039,7499044.680000001
28040,2594106.13
28041,903333.42
28045,1862689.74
28046,4344597.5200000005
28047,4988420.09
28048,3150274.2800000003
28049,1643473.6600000001
28050,1984301.03
28051,36210143.15
28052,5178050.24
28053,1266573.91
28054,3016665.0900000003
28055,3680607.66
28056,9748018.02
28057,2419964.65
28058,2343575.31
28059,17160871.04
28060,2035153.82
28061,37473733.2
28062,2923802.74
28064,13977013.360000001
28065,771858.27
28067,605602.4700000001
28068,1780639.65
28070,23761596.8
28071,2843627.09
28072,2401512.94
28073,1997126.13
28074,704083.32
28075,7338705.64
28076,890281.11
28077,885232.15
28078,1888929.09
28079,3361409.06
28080,1477314.52
28081,1059052.29
28082,2954863.6
28084,4160401.94
28085,627070013.81
28086,2281026.69
28087,1118032.26
28088,157653716.95999998
28089,26987785.0
28090,812870.39
28091,531624.81
28092,1561326.27
28094,9585765.21
28095,1836719.74
28096,8946062.12
28098,19762904.45
28099,8815931.79
28100,1290498.66
28102,3308954.66
28103,66522632.19
28104,7911470.100000001
28105,3977415.0900000003
28106,2167253.21
28107,2375799.94
28108,1464266.56
28109,1407813.15
28110,34570229.28
28111,2926826.2199999997
28113,6136969.600000001
28114,1634009.83
28116,31009735.31
28117,2121571.2
28118,1258753.09
28119,2183299.17
28120,3022096.19
28121,3301511.51
28122,11155727.51
28123,2469330.2
28124,2816390.75
28126,1492947.6199999999
28127,7465455.52
28128,4581601.44
28129,3004000.64
28130,9453395.19
28132,4086446.94
28134,415641199.24
28135,6629027.5
28136,1092117.27
28137,5357558.81
28139,631765.25
28140,77113915.05
28141,1575981.66
28142,1169930.9300000002
28143,1168752.76
28144,1789683.71
28146,5096796.47
28147,1905696.93
28148,1498931.82
28149,12099800.85
28151,657078.77
28153,1149696.06
28154,9516797.66
28155,987832.16
28156,5747735.82
28157,954590.47
28158,14074052.3
28159,1691038.44
28160,6076782.35
28161,5252378.99
28162,3191956.97
28163,998225.22
28164,7768685.82
28166,1669408.3399999999
28167,1462116.77
28168,27220066.86
28169,8417732.1
28170,2329640.6
28171,8671539.47
28172,2746004.63
28173,13607074.709999999
28175,1433949.06
28176,3353691.86
28177,13467998.950000001
28178,1754388.77
28180,2661040.1799999997
28182,1850620.88
28183,3213827.38
28184,2315543.01
28185,3667779.63
28187,3811269.02
28188,5907487.38
28189,1210979.38
28190,3233627.66
28191,17643568.18
28192,2491722.85
28193,592643.9
28194,2742447.1
28195,4935356.38
28196,31972222.81
28197,768751.2
28198,5385013.14
28199,25256990.5
28200,1391678.49
28201,13662349.19
28202,2210750.8899999997
28203,3851010.39
28206,3175378.71
28207,1092830.4
28208,1719395.3900000001
28209,30506322.57
28210,1367301.17
28211,3823084.47
28212,1967820.27
28213,2903498.43
28214,32892930.8
28215,1854093.74
28216,1301105.27
28217,1242736.59
28218,115702541.46000001
28219,3433494.9
28220,56043265.9
28221,1029514.81
28222,1822550.15
28223,12798213.4
28225,6825944.72
28226,5771881.51
28227,48380820.91
28229,66876206.69
28230,1787707.32
28231,940712.4700000001
28232,2740315.26
28233,11990391.0
28234,3527627.82
28235,1464424.65
28236,27300993.48
28237,1825245.3299999998
28239,5068973.350000001
28240,3746168.6
28242,643399.83
28243,1128988.98
28245,2973900.9499999997
28246,3023330.22
28247,3471367.1300000004
28248,2316856.56
28249,2302332.67
28251,8440769.75
28252,1685353.45
28253,14402250.51
28254,3029937.11
28255,919163.34
28256,2383445.9
28257,235317.47999999998
28259,1140517.49
28260,851289.12
28261,4195637.22
28263,869533.11
28264,1117424.83
28265,2446241.02
28267,3987167.88
28268,59182.72
28269,15398522.43
28270,2849271.12
28271,767477.89
28272,1245390.39
28273,1263983.74
28274,1451823.37
28275,4449706.87
28276,1107362.05
28277,2172517.2399999998
28278,20978398.83
28279,35427429.589999996
28280,98824183.55
28281,3426581.48
28282,1788051.2100000002
28283,1377936.42
28284,3616507.45
28285,1072531.12
28286,2721127.22
28287,8648147.3
28289,1513928.8
28290,1408628.23
28291,9543168.64
28292,3673128.67
28293,6109479.8
28294,2483220.78
28296,1157832.67
28298,17395182.08
28299,906963.59
28300,2118402.5100000002
28301,2831195.7199999997
28302,4954836.24
28303,1250085.1
28304,2700823.22
28305,1769144.82
28306,808283.5700000001
28308,2635689.5100000002
28309,12535652.79
28310,2003458.9
28312,489117.03
28313,1114464.3800000001
28314,735082.01
28315,416571.92
28316,948645.82
28317,4345568.15
28319,3249316.02
28321,5103907.07
28322,3240371.2199999997
28323,1894050.6300000001
28324,5715305.55
28325,9914099.91
28326,1107211.08
28327,1751577.19
28329,983137.02
28330,8753040.03
28331,7264035.58
28332,11452476.35
28333,1261969.77
28334,18783629.87
28335,4817896.100000001
28336,889068.0499999999
28337,24788369.22
28339,1940333.53
28341,1325313.31
28342,1818531.27
28343,1613850.4500000002
28344,1209062.48
28346,258211.16999999998
28347,6665168.13
28348,36130890.07
28349,848954.28
28350,5121826.75
28351,1868371.54
28352,7935525.43
28353,3109991.4
28354,3167563.9
28355,2654369.91
28357,6244118.56
28358,18848292.73
28359,34005015.46
28360,2498414.48
28362,3823163.71
28363,6750842.61
28364,5879625.65
28365,2505011.36
28366,1452267.5
28367,2386008.46
28368,1334544.98
28369,3090764.8899999997
28370,2340976.57
28371,6237341.62
28372,2397668.02
28373,33663301.69
28374,2393133.67
28375,2550129.38
28377,7112786.08
28378,4259748.46
28379,1921503.29
28380,13934582.44
28382,7001900.57
28383,4719522.01
28385,4753654.37
28386,4944498.38
28387,10229442.07
28388,8927880.19
28389,2096382.94
28390,1437010.21
28391,25134942.259999998
28392,952414.5700000001
28393,15873103.85
28394,7690022.01
28395,3145410.36
28396,1827025.93
28397,2076404.38
28398,10092719.100000001
28400,1360123.25
28401,1864312.26
28403,7372764.61
28404,108657453.89
28405,7911154.600000001
28406,9181107.76
28407,2227501.7399999998
28408,673303.17
28409,2186353.48
28410,1619254.82
28411,1004176.91
28414,331475.85
28415,11402966.68
28417,8684968.85
28418,1647957.2799999998
28419,3717023.7
28421,1372891.76
28422,25535214.6
28423,2499311.37
28424,12341904.57
28425,4124867.54
28426,3000055.3400000003
29001,14015161.89
29002,16097082.8
29003,41154858.54
29004,53509459.09
29005,8319000.220000001
29006,89118389.41
29007,11029461.440000001
29008,10005726.18
29010,11375997.42
29011,15484317.84
29012,3723150.19
29013,2845390.66
29014,7122909.48
29015,37115488.9
29016,13116602.17
29017,7958290.640000001
29018,10958614.03
29019,555728491.92
29020,64362010.17
29021,22635740.85
29022,26359786.04
29023,50787457.81
29024,79935697.39
29025,13860189.27
29026,49698308.86
29027,42534091.839999996
29028,10231663.24
29029,11721294.959999999
29030,30349696.919999998
29031,58962194.47
29032,11519758.73
29033,6130262.37
29034,10090582.33
29035,9402172.9
29036,8962810.030000001
29037,32563123.21
29038,12240739.17
29039,224793234.96
29040,40124300.31
29041,14949450.68
29042,84598911.85000001
29043,19580294.99
29044,17313211.57
29045,25383010.38
29046,209221869.42
29047,14308591.3
29048,21358903.15
29049,38412656.62
29051,81404592.62
29053,18636802.919999998
29054,5583640.22
29055,21474923.580000002
29056,16803160.85
29057,41788081.61
29058,143689239.75
29059,10086595.78
29060,13467381.43
29061,38812750.78
29062,12858942.67
29063,5442927.489999999
29064,4511548.63
29065,5525197.25
29066,13496182.53
29067,26252422.63
29068,20716348.91
29069,39183438.129999995
29070,3222866.41
29071,12575553.58
29072,49135695.47
29073,11975918.98
29074,7672487.0600000005
29075,71049918.46
29076,43618360.730000004
29077,19384065.18
29078,17889153.39
29079,12394992.21
29080,18174108.54
29081,14169875.73
29082,16137301.87
29083,8627699.32
29084,7963852.2700000005
29085,13061508.78
29086,14864225.809999999
29087,6661799.04
29089,11101304.08
29090,7025806.62
29091,24714729.27
29093,10282111.23
29094,4403656.63
29095,12684449.270000001
29097,24023272.12
29098,20498956.89
29099,7979207.04
29100,2730209.46
29101,30528480.76
29102,6263946.47
29103,131185296.55
29104,6544510.45
29105,87169559.06
29106,14042720.88
29107,8757149.07
29108,10782378.620000001
29109,16007969.71
29110,6516856.0600000005
29111,9653253.34
29112,11138252.21
29113,28298014.07
29114,6123091.9
29115,4537995.29
29116,1328081.98
29117,64470570.01
29119,13828724.53
29120,11847020.01
29122,8777672.72
29123,8613403.21
29124,72695536.78
29125,10574518.45
29126,1939898.8699999999
29128,3575575.69
29130,44195893.97
29131,5016056.34
29132,10529709.72
29133,21628307.99
29134,12075977.53
29135,57778059.68
29136,9317819.05
29137,20664177.49
29139,11973400.360000001
29140,35367277.339999996
29141,6672290.03
29142,5058354.88
29143,6440094.010000001
29144,10301973.16
29145,8641564.74
29146,26829432.240000002
29147,24660808.6
29148,8590435.85
29150,65770005.78
29151,145262714.77
29152,8311013.29
29153,31003273.580000002
29155,30466097.85
29156,16806272.77
29158,63354272.07
29159,5971794.98
29160,96540933.16
29161,16796994.84
29162,40449884.67
29163,32745730.009999998
29165,36386387.36
29166,5561805.45
29167,17699942.02
29168,11928988.91
29169,26569790.549999997
29170,38526470.949999996
29171,28066294.32
29172,20664609.19
29173,18791628.35
29174,47754971.96
29175,23841549.83
29176,16647916.729999999
29177,37518368.61
29178,81990708.49
29179,31648613.66
29180,11157373.62
29181,27764878.85
29182,14866827.78
29183,7421519.83
29184,23348482.02
29185,38483556.81
29186,17740739.7
29187,7527149.28
29188,59582130.71
29189,66624112.93
29190,43091564.67
29191,30646848.830000002
29192,11319790.1
29193,11616871.08
29195,68239208.14999999
29196,23488628.06
29197,47296486.13
29198,14464286.39
29199,43442760.44
29201,21202004.32
29202,15062172.08
29204,15779985.53
29205,10348972.42
29206,19914681.6
29207,38156228.27
29208,13664581.36
29209,33937308.45
29210,27275414.52
29211,9912907.17
29212,61079282.129999995
29213,14286310.36
29214,7110060.13
29215,24742195.759999998
29216,32541008.4
29217,35376276.49
29218,17416080.73
29220,80444328.65
29221,16868555.79
29222,4616418.63
29224,9162567.91
29225,19332298.39
29226,17214175.7
29227,23588379.19
29228,8039638.62
29229,11106769.65
29230,22293837.5
29232,690222481.89
29233,142521468.74
29234,24070983.83
29235,49548681.38
29236,42109857.16
29237,17388611.32
29238,8502139.13
29239,46983943.84
29240,9258229.709999999
29241,93458320.77
29243,5276047.75
29244,6757098.74
29245,14120573.95
29246,3541649.5
29247,34005997.76
29248,4689334.140000001
29249,10463650.209999999
29250,8365940.42
29251,11327477.24
29252,8261536.96
29254,46099066.82
29255,5084984.91
29256,10142165.91
29257,22233052.41
29259,70235800.91
29260,84217505.74
29261,3110183.1
29262,8322266.53
29263,10761526.98
29264,7939225.01
29265,9337361.89
29266,36609028.6
29267,8595112.09
29268,15415366.7
29269,14947507.64
29270,13964688.23
29271,7312212.17
29272,31102204.52
29273,18696204.76
29274,57112302.46
29275,14467699.650000002
29276,11546379.479999999
29277,24546873.23
29278,17355609.16
29279,26127662.25
29280,22926046.27
29281,11968826.6
29282,3762312.62
29284,30857162.69
29285,4930322.8100000005
29286,5442444.96
29287,7151787.42
29288,3280601.54
29289,2380604.3000000003
29290,4470563.66
29291,10617077.200000001
29292,3626582.5
29293,69745949.3
29294,6419672.72
29295,3651867.69
29296,8433066.85
29297,17415172.65
29298,4293813.13
29299,4015416.06
29300,9772480.84
29301,3159299.98
29302,54438087.21
2A001,36693684.3
2A004,523725578.3
2A006,29783584.14
2A008,15489732.73
2A011,2310673.92
2A014,1516325.95
2A017,9575140.4
2A018,2123450.6
2A019,1661942.1800000002
2A021,2250320.2399999998
2A022,1706210.09
2A024,7632696.319999999
2A026,3463883.0599999996
2A027,1260196.79
2A028,4325652.42
2A031,13693614.079999998
2A032,23899151.099999998
2A035,4953084.640000001
2A038,1535722.65
2A040,10527359.7
2A041,76981214.22
2A048,8474354.76
2A056,1846326.55
2A060,1376987.83
2A061,4853475.87
2A062,3361475.75
2A064,762636.28
2A065,21732200.68
2A066,2388723.61
2A070,6971995.32
2A071,7497947.14
2A085,9033154.77
2A089,4543801.95
2A090,20400213.12
2A091,2957499.83
2A092,15410971.22
2A094,5694782.13
2A098,12541918.18
2A099,10601538.889999999
2A100,6851307.51
2A103,14593627.29
2A104,9397410.63
2A108,10559132.43
2A114,15083036.34
2A115,1656644.91
2A117,2546806.82
2A118,3126499.57
2A119,3208382.41
2A127,2311609.5
2A128,1280667.29
2A129,2145726.63
2A130,47184315.9
2A131,6908864.66
2A132,2954158.23
2A133,3047315.7
2A139,33770995.98
2A141,3300457.19
2A142,15727129.15
2A144,1857542.6800000002
2A146,2505616.38
2A154,2656855.64
2A158,1837757.08
2A160,4618916.37
2A163,7363865.1
2A174,2238923.09
2A181,18332075.61
2A186,7815959.13
2A189,26092494.06
2A191,1343088.02
2A196,3162389.98
2A197,9518310.34
2A198,18175232.05
2A200,7487000.03
2A203,2883147.09
2A204,3823773.18
2A209,11182904.38
2A211,12115751.99
2A212,16286339.99
2A215,12870643.7
2A228,20816371.259999998
2A232,3085506.03
2A240,2368501.74
2A247,179909983.35
2A249,65012391.79
2A253,5152891.55
2A254,10243377.2
2A258,6398484.92
2A259,2416315.62
2A262,1502995.38
2A266,2065260.93
2A268,3906544.63
2A269,19663882.62
2A270,4115004.3
2A271,17954562.67
2A272,45148535.24
2A276,21119173.54
2A278,5978519.47
2A279,3987313.6399999997
2A282,9770888.280000001
2A284,11210217.01
2A285,3825488.1
2A288,15091357.91
2A295,1783009.94
2A300,10166148.92
2A308,12751444.649999999
2A310,1644614.02
2A312,8411012.41
2A322,4048638.16
2A323,1403733.27
2A324,5256877.86
2A326,9116610.66
2A330,3912908.7
2A331,1981247.54
2A336,3223110.87
2A345,5596568.6899999995
2A348,15134327.48
2A349,4535187.79
2A351,3214389.6100000003
2A357,2417392.96
2A358,3035429.48
2A359,3629543.4899999998
2A360,4182170.06
2A362,56723874.01
2A363,3891172.35
2B002,3396284.04
2B003,3448795.81
2B005,1961106.58
2B007,5787335.5
2B009,23538046.72
2B010,3646333.3000000003
2B012,2728064.73
2B013,1621165.65
2B015,857817.9500000001
2B016,8414096.17
2B020,7680536.180000001
2B023,18934843.71
2B025,6005010.11
2B029,4996721.96
2B030,5460447.09
2B033,479385920.46999997
2B034,20345682.82
2B036,2787609.38
2B037,57471336.71
2B039,4479819.55
2B042,83537627.23
2B043,16744041.77
2B045,2712581.29
2B046,2397868.0900000003
2B047,8093706.22
2B049,25995381.970000003
2B050,63311557.92
2B051,4188788.25
2B052,1324018.27
2B053,1072666.84
2B054,2900820.74
2B055,3032621.0900000003
2B057,2907352.38
2B058,8238050.47
2B059,5501615.390000001
2B063,2783533.2199999997
2B067,2492313.4899999998
2B068,3006496.88
2B069,6947631.13
2B072,1122530.53
2B073,4073366.74
2B074,4922480.0200000005
2B075,1520186.3299999998
2B077,8561105.73
2B078,2077133.52
2B079,11587760.4
2B080,5554096.3
2B081,1832028.61
2B082,1812426.69
2B083,4166188.2
2B084,4807657.57
2B086,6940943.8100000005
2B087,17548620.98
2B088,3976257.45
2B093,18251759.45
2B095,6471816.05
2B096,67841912.86
2B097,2604035.15
2B101,2890296.6300000004
2B102,2359087.32
2B105,2304422.11
2B106,872147.04
2B107,5094972.14
2B109,2982669.43
2B110,1639389.3900000001
2B111,3315815.06
2B112,4368418.19
2B113,2923423.2399999998
2B116,2381881.43
2B120,38408159.92
2B121,8720573.74
2B122,2323048.14
2B123,53039098.53
2B124,45846421.99
2B125,2064729.7
2B126,5102594.09
2B134,34921778.480000004
2B135,10397724.27
2B136,5197395.61
2B137,1891684.04
2B138,3981099.1
2B140,4812217.46
2B143,9443508.18
2B145,3820144.16
2B147,4592647.82
2B148,72046177.88
2B149,7880941.0200000005
2B150,21718218.5
2B152,9899617.43
2B153,4244671.279999999
2B155,1332845.71
2B156,1699877.18
2B157,1622389.5899999999
2B159,4466162.38
2B161,2029214.9
2B162,8139737.04
2B164,1464348.7899999998
2B165,4328277.32
2B166,4767589.88
2B167,3544524.5
2B168,20154278.67
2B169,9607414.11
2B170,2757421.1499999994
2B171,5874420.5
2B172,5458294.38
2B173,5300258.029999999
2B175,2753267.68
2B176,2153823.6
2B177,3566445.05
2B178,3565377.76
2B179,1450797.34
2B180,4385940.49
2B182,3126915.88
2B183,2751524.44
2B184,1776140.63
2B185,11424703.17
2B187,3485399.41
2B188,5425940.76
2B190,9045088.97
2B192,4053816.6599999997
2B193,5425319.11
2B194,3392605.2
2B195,2791342.83
2B199,7149322.24
2B201,1424798.78
2B202,1508778.4300000002
2B205,9034408.92
2B206,2057280.6199999999
2B207,30055008.99
2B208,3695643.76
2B210,1705419.8699999999
2B213,4125642.01
2B214,682319.38
2B216,1382987.75
2B217,1652217.51
2B218,3533288.0100000002
2B219,5109169.57
2B220,2673473.85
2B221,1481232.1
2B222,2093741.2
2B223,7350469.529999999
2B224,8035566.41
2B225,2769121.04
2B226,2419363.18
2B227,3057804.7
2B229,3360390.18
2B230,3698157.54
2B231,3402858.06
2B233,3114826.86
2B234,2017461.82
2B235,4052032.37
2B236,8886544.1
2B238,3921104.54
2B239,5708472.87
2B241,1713564.6300000001
2B242,4542300.2
2B243,2037210.0099999998
2B244,2617096.43
2B245,1583758.04
2B246,4905688.83
2B248,2129720.18
2B250,2403261.8000000003
2B251,27879204.38
2B252,3152275.97
2B255,2076678.52
2B256,2250459.76
2B257,2211726.29
2B260,3952561.1900000004
2B261,7487767.819999999
2B263,4299036.4
2B264,1569967.31
2B265,3560537.23
2B267,2844548.63
2B273,878279.27
2B274,1568093.28
2B275,1794770.98
2B277,3778544.04
2B280,1669383.55
2B281,12106270.84
2B283,8652161.3
2B286,6551237.51
2B287,3616164.65
2B289,5111170.8
2B290,8178218.46
2B291,834727.89
2B292,5152119.79
2B293,7532241.7299999995
2B296,3846804.24
2B297,1917332.12
2B298,21351308.11
2B299,1459264.24
2B301,2096944.97
2B302,2933496.86
2B303,8056681.55
2B304,4807117.32
2B305,20673525.79
2B306,3227700.35
2B307,8494115.76
2B309,18198687.2
2B311,8543714.08
2B313,22251798.59
2B314,4366160.16
2B315,4116035.51
2B316,12348036.31
2B317,2530879.52
2B318,7147722.26
2B319,3617445.67
2B320,8572498.51
2B321,1960806.34
2B327,4233484.33
2B328,2838857.4899999998
2B329,1793996.12
2B332,5661631.93
2B333,2687022.68
2B334,4154725.42
2B335,4685948.91
2B337,5210818.03
2B338,3109278.13
2B339,2432705.86
2B340,2288395.27
2B341,8823212.69
2B342,28638900.200000003
2B343,8358910.25
2B344,1940671.12
2B346,19644422.56
2B347,8346813.260000001
2B350,3320404.91
2B352,5492744.149999999
2B353,35395684.49
2B354,6547633.25
2B355,4252689.51
2B356,2843802.4899999998
2B361,8638845.68
2B364,2401273.62
2B365,4657052.78
2B366,5787276.07
30001,6958315.39
30002,6522881.39
30003,56368721.3
30004,28887148.78
30005,2666205.57
30006,37853431.68
30007,287806709.56
30008,16340696.4
30009,7235276.9799999995
30010,28452006.61
30011,56969883.37
30012,65585894.23
30013,3285252.9
30014,9186460.29
30015,2480440.37
30016,2261955.65
30017,3896973.95
30018,8049077.12
30019,18533687.44
30020,12064825.13
30021,3067764.43
30022,1743362.8699999999
30023,6491115.15
30024,5136750.47
30025,2850893.5599999996
30026,6004118.51
30027,13161774.34
30028,147679752.92
30029,28042670.81
30030,2699827.54
30031,3410204.69
30032,150111879.83
30033,22184929.66
30034,56672468.22
30035,4971319.5
30036,18367161.72
30037,43294359.68
30038,3036880.42
30039,14335296.34
30040,2575115.52
30041,10079679.870000001
30042,13837455.69
30043,3100637.87
30044,2344910.65
30045,2150510.07
30046,5454593.29
30047,54450606.15
30048,2748235.16
30049,4402723.02
30050,1314517.23
30051,8725137.77
30052,6251331.61
30053,7883315.01
30054,1550582.91
30055,4921280.5
30056,3677643.94
30057,16347760.73
30058,1894684.24
30059,10427012.98
30060,24642382.34
30061,16607135.67
30062,34556654.25
30064,2400897.17
30065,4959491.22
30066,4119150.45
30067,4502034.83
30068,4284437.45
30069,2877734.0
30070,3710241.9099999997
30071,4641777.34
30072,4684660.45
30073,11948618.709999999
30074,1943308.74
30075,31349720.32
30076,5758524.43
30077,13477807.68
30079,4528848.28
30080,6523266.8100000005
30081,30274622.09
30082,31148253.480000004
30083,15980904.21
30084,42143099.14
30085,13761753.01
30086,4283833.76
30087,2500874.99
30088,9255771.23
30089,19360894.97
30090,4679997.68
30091,9559385.03
30092,14854546.6
30093,1402672.32
30094,1732519.53
30095,3898382.9699999997
30096,7528112.28
30097,2523342.9
30098,2590232.9
30099,2960923.7600000002
30100,10827141.08
30101,4519204.37
30102,8066275.06
30103,15651153.93
30104,7967201.14
30105,8732124.29
30106,5270528.03
30107,8349391.42
30108,2579262.93
30109,3963060.6
30110,3748189.16
30111,6202154.42
30112,7140954.98
30113,3345851.38
30114,6285788.12
30115,3079427.8099999996
30116,9110432.03
30117,27345920.52
30119,1406699.2
30120,4466912.47
30121,1588340.48
30122,5199255.069999999
30123,31872136.509999998
30124,3438554.69
30125,32133817.41
30126,5880761.64
30127,8951703.51
30128,25678063.79
30129,4102127.84
30130,12670703.16
30131,12119004.77
30132,42101831.72
30133,168871883.86
30134,4062671.86
30135,30965718.02
30136,5756015.33
30137,2133739.11
30138,18832266.64
30139,12015272.51
30140,14870440.09
30141,66149076.68
30142,5478608.48
30143,1683005.17
30144,3626146.29
30145,10187954.86
30146,9901330.46
30147,7817323.35
30148,1874219.66
30149,6557387.4399999995
30150,2766667.12
30151,6940464.03
30152,10497854.49
30153,3475082.9
30154,3899515.0
30155,40470964.19
30156,69742688.72
30158,2556063.1799999997
30159,8145696.62
30160,1919378.3399999999
30161,1733539.82
30162,4081637.09
30163,2311147.09
30164,10634683.860000001
30165,6690103.95
30166,14382680.66
30167,10344606.45
30168,8214932.5
30169,33470545.18
30170,5030640.0
30171,10824127.49
30172,11050319.5
30173,10187543.629999999
30174,14268156.0
30175,4040851.83
30176,6057842.27
30177,3479081.36
30178,8495032.809999999
30179,31175342.02
30180,4249104.28
30181,3334799.75
30182,8994296.870000001
30183,5553115.489999999
30184,12965904.17
30185,7746119.35
30186,10900929.28
30187,3804824.72
30188,7074580.72
30189,1456214938.9
30191,10559900.43
30192,4068410.52
30193,5192263.91
30194,5562482.13
30195,2165365.02
30196,3269893.24
30197,1579862.05
30198,11691580.95
30199,2221682.96
30200,6523556.03
30201,4914109.14
30202,72024923.03
30203,4541682.08
30204,4477205.49
30205,1554132.6099999999
30206,31527160.61
30207,5343465.05
30208,501810.74
30209,38559160.71
30210,24167309.89
30211,25976773.14
30212,37361379.34
30213,2212781.92
30214,8469084.13
30215,3560308.4699999997
30216,7593486.96
30217,53721406.7
30218,2480060.81
30219,4147521.3
30220,1507470.64
30221,48958098.5
30222,2707074.01
30223,23326393.7
30224,11135791.29
30225,12842126.9
30226,7224340.21
30227,28014570.06
30228,20127865.91
30229,7879226.25
30230,5008774.26
30231,9299669.86
30232,4233637.12
30233,5126333.43
30234,3287430.83
30235,4744917.6
30236,739897.77
30237,4648093.74
30238,2061283.19
30239,6112244.19
30240,3702514.79
30241,22508483.19
30242,1660531.3699999999
30243,38811423.8
30244,2096661.02
30245,4544984.63
30246,1222314.8
30247,2490727.62
30248,2582405.94
30249,8073890.86
30250,2580918.07
30251,5067493.57
30252,1277618.8599999999
30253,10621203.53
30254,13822222.41
30255,23510909.21
30256,7400565.21
30257,10928669.24
30258,118890787.48
30259,25910219.79
30260,5196689.7700000005
30261,2090686.4100000001
30262,3022710.52
30263,32564801.72
30264,2536283.81
30265,2652370.8
30266,9489151.62
30267,5126197.58
30268,6683635.32
30269,26683753.93
30270,12851906.93
30271,5864253.48
30272,1344387.14
30273,10310744.27
30274,22228732.29
30275,3611947.5100000002
30276,18302048.07
30277,3482638.81
30278,21435394.09
30279,8895241.6
30280,5339945.02
30281,9133900.049999999
30282,5737464.54
30283,3338914.23
30284,27552354.490000002
30285,7651856.6
30286,5881491.16
30287,4158013.37
30288,8343587.82
30289,1897311.17
30290,12612332.22
30291,3738006.52
30292,3890310.8200000003
30293,5718461.9399999995
30294,33506324.32
30295,36809318.949999996
30296,2866515.2600000002
30297,6203575.15
30298,5706632.300000001
30299,11765074.96
30300,4248741.16
30301,3956906.12
30302,19549606.17
30303,4325368.96
30304,1790214.25
30305,29738672.66
30306,3618427.5
30307,18373348.1
30308,6721065.2299999995
30309,1693523.32
30310,5972708.73
30311,21532564.45
30312,24828514.34
30313,6924845.79
30314,2334749.9899999998
30315,17032712.07
30316,2861391.72
30317,14196373.59
30318,2254011.2
30319,4424883.29
30320,1556300.8
30321,48703968.95
30322,4782194.08
30323,2304234.48
30324,4722025.56
30325,11281495.76
30326,22756435.66
30327,1497656.53
30328,9898951.57
30329,4808802.88
30330,4197733.79
30331,15894056.41
30332,2625916.1
30333,20572793.02
30334,116174492.02
30335,1090270.98
30336,20482706.27
30337,5317577.34
30338,1809089.2000000002
30339,24730890.49
30340,3678497.6
30341,103418325.31
30342,12592098.66
30343,4631198.59
30344,67097385.9
30345,2507143.27
30346,13766433.91
30347,9365192.280000001
30348,19551161.95
30349,3830289.83
30350,36560889.8
30351,81055708.15
30352,10227626.93
30353,3686887.1799999997
30354,3735524.21
30355,9089991.07
30356,25221734.79
31001,1214357.06
31002,2825779.64
31003,5996255.11
31004,16475649.64
31005,1651369.09
31006,964559.6
31007,810271.2899999999
31008,2217851.14
31009,1900183.02
31010,2569781.0
31011,3847091.17
31012,722465.31
31013,2232965.19
31014,1145994.32
31015,351667.5
31017,1660352.81
31018,1734358.8
31019,1233836.62
31020,13154116.85
31021,1099300.95
31022,64325253.39
31023,1934853.18
31024,3289830.46
31025,4297718.9
31026,7208216.51
31027,2786474.0500000003
31028,9659963.98
31029,2216618.86
31030,1001115.0599999999
31031,3028924.0
31032,45923280.93
31033,68118984.08
31034,2333419.1399999997
31035,26210635.099999998
31036,11847059.049999999
31037,19694987.490000002
31038,4100449.53
31039,917110.1200000001
31040,870672.4199999999
31041,721967.65
31042,59294975.59
31043,2115183.17
31044,126241856.59
31045,4113989.43
31046,391572.14
31047,1041665.73
31048,23732268.68
31049,4591146.45
31050,3370148.6
31051,2150887.32
31052,7802158.3
31053,4742099.58
31054,1128720.2
31055,1321831.26
31056,45801258.97
31057,9565043.24
31058,604801.49
31059,1316188.85
31060,1209169.84
31061,1271525.6500000001
31062,548026.24
31063,1080591.57
31064,451007.32
31065,19895146.580000002
31066,52604109.92
31067,772865.76
31068,525333.47
31069,478368811.36
31070,4434026.53
31071,2882003.43
31072,821690.24
31073,4274475.74
31074,1448560.44
31075,5884340.100000001
31076,3121205.27
31077,2718919.5
31078,2619571.28
31079,29841827.83
31080,19960100.240000002
31081,1314427.94
31082,8162820.0
31083,1845910.28
31084,29271501.93
31085,8818055.65
31086,903834.46
31087,3595522.54
31088,21588783.74
31089,3266688.0300000003
31090,3280492.08
31091,60294990.42
31092,1122752.24
31093,5032472.4
31094,18237703.46
31095,869277.04
31096,1280423.57
31097,3624147.6100000003
31098,12906903.21
31099,2528264.55
31100,15592566.77
31101,2543948.0300000003
31102,2154694.86
31103,687344.9400000001
31104,5393811.18
31105,1355216.35
31106,21518716.03
31107,55228785.97
31108,2133683.16
31109,3382118.75
31110,4144087.58
31111,1764781.1800000002
31112,1182952.75
31113,95197581.67
31114,1814608.72
31115,743183.1799999999
31116,65916517.91
31117,30757849.68
31118,56157242.43
31119,1493418.01
31120,5025422.4
31121,643651.29
31122,1346177.45
31123,4816264.83
31124,3193454.94
31125,653735.35
31126,2360563.06
31127,356704.24
31128,5063356.76
31129,559721.57
31130,3947195.84
31131,1180003.5799999998
31132,2010336.96
31133,3370271.98
31134,825275.72
31135,49311149.519999996
31136,7688187.55
31137,940983.22
31138,2171427.31
31139,1590742.56
31140,2566543.62
31141,2750571.1799999997
31142,2551918.29
31143,1888861.8
31144,11082715.58
31145,24769916.13
31146,1624155.44
31147,4130455.37
31148,3526238.91
31149,419616307.45
31150,75622864.75
31151,5675126.819999999
31152,899947.0
31153,1387529.19
31155,2095655.6300000001
31156,1691143.0
31157,137578766.48
31158,1854175.43
31159,3022282.55
31160,13795893.370000001
31161,4897155.17
31162,9188798.45
31163,16849341.75
31164,1158833.22
31165,35081454.02
31166,4567408.25
31167,4642987.4
31168,1279412.23
31169,38104390.9
31170,2348264.01
31171,1931014.85
31172,1109568.98
31173,2219848.3899999997
31174,4708957.42
31175,4241719.7299999995
31176,1922273.6500000001
31177,1283923.6800000002
31178,3899416.4099999997
31179,3026255.0100000002
31180,965188.0700000001
31181,15866954.530000001
31182,63947524.75
31183,2074062.74
31184,15585392.66
31185,1059815.78
31186,16487856.850000001
31187,78384161.5
31188,56793430.39
31189,1556417.1700000002
31190,3909394.8800000004
31191,2073534.65
31192,7321539.33
31193,13552064.44
31194,712996.72
31195,609958.7000000001
31196,2093797.73
31197,1846365.1400000001
31198,807631.66
31199,1418708.52
31200,747870.21
31201,812097.26
31202,47219563.35
31203,49989469.97
31204,621163.45
31205,17774908.17
31206,8648545.9
31207,922017.8
31208,2155851.47
31209,1841765.44
31210,10914092.79
31211,2873717.2600000002
31212,10161692.69
31213,2383209.62
31215,2841718.5300000003
31216,2275643.01
31217,1150222.03
31218,1746156.85
31219,2855583.49
31220,4217002.0600000005
31221,5308560.36
31222,1758858.9300000002
31223,556708.12
31224,19566430.25
31225,1715585.95
31226,907549.3999999999
31227,4593231.33
31228,10940879.389999999
31229,3729110.2399999998
31230,30982767.62
31231,3747884.0999999996
31232,73504413.92
31233,5795944.07
31234,2577004.23
31235,1091111.22
31236,1606007.3599999999
31237,2378277.33
31238,2588573.57
31239,21555795.12
31240,3792772.82
31241,2871837.7600000002
31242,1097792.1400000001
31243,816572.36
31244,3474683.54
31245,2927877.31
31246,4299885.699999999
31247,7630055.13
31248,35535057.51
31249,5654109.89
31250,4919935.37
31251,2471787.42
31252,9529109.19
31253,15300205.74
31254,46843788.92
31255,2152928.82
31256,1667158.06
31258,1202951.15
31259,15204628.36
31260,1055822.16
31261,7673214.819999999
31262,2810986.5700000003
31263,16187444.37
31264,1930206.74
31265,1349972.85
31266,1444476.62
31267,461620.44
31268,1579415.31
31269,8568091.56
31270,5199826.17
31271,18055826.22
31272,449048.21
31273,17928264.400000002
31274,1590852.57
31275,1940921.43
31276,4527248.77
31277,6125688.09
31278,3084030.8
31279,563927.38
31280,1878251.83
31281,6935780.46
31282,46292814.73
31283,1958023.5299999998
31284,8518256.25
31285,4835712.99
31286,4102432.2399999998
31287,18641258.39
31288,1672059.98
31289,3344522.61
31290,895545.51
31291,63770104.32
31292,494959.42000000004
31293,36899880.64
31294,480095.18
31295,921633.03
31296,5706933.6899999995
31297,13998135.53
31299,22757355.91
31300,1145311.37
31301,1465680.52
31302,2259110.84
31303,15556899.79
31304,1893904.79
31305,1866263.27
31306,665291.31
31308,1011987.22
31309,1661651.15
31310,3458968.92
31311,7771277.6899999995
31312,621623.33
31313,1126310.49
31314,2343243.18
31315,4801016.22
31316,7476455.32
31317,2011137.9
31318,1453339.27
31319,1471142.45
31320,5798370.54
31321,823013.8
31322,729142.49
31323,2496015.62
31324,33823976.550000004
31325,1764936.2099999997
31326,495958.83999999997
31327,1498559.11
31328,1400208.91
31329,1604102.4300000002
31330,1592657.96
31331,1434287.19
31332,2007567.46
31333,638545.97
31334,13080378.979999999
31335,722947.02
31336,10024517.25
31337,3914777.19
31338,3014367.22
31339,3200363.44
31340,1116183.56
31341,25144635.82
31342,2575961.9699999997
31343,1261039.46
31344,7125821.159999999
31345,15500037.74
31346,3557494.48
31347,2155458.24
31348,868750.2999999999
31349,9445068.62
31350,1264150.8
31351,30958676.48
31352,3203380.98
31353,637417.72
31354,387025.96
31355,7859934.87
31356,8534881.62
31357,3154968.75
31358,30685731.92
31359,985192.7
31360,6249922.800000001
31361,2870300.25
31362,2335313.39
31363,2265899.81
31364,20857521.62
31365,4046574.0100000002
31366,5834948.7299999995
31367,1406112.63
31368,1429616.18
31369,378378.68
31370,599145.5299999999
31371,3263901.83
31372,3605283.82
31373,1301285.02
31374,8180355.54
31375,28670129.89
31376,897216.8
31377,4515468.22
31378,380368.13
31379,764447.51
31380,3649130.69
31381,17813231.56
31382,734422.78
31383,9547968.18
31384,6110781.08
31385,1489149.3
31386,751212.0
31387,1192554.38
31388,2191743.06
31389,25018777.23
31390,17756842.73
31391,2299671.98
31392,526436.06
31393,1724772.16
31394,1710840.35
31395,184096151.82999998
31396,27484701.47
31397,685495.5
31398,2029290.7
31399,14875018.18
31400,749061.76
31401,2119836.16
31402,7175020.38
31403,5840645.3100000005
31404,7083498.7299999995
31405,1175682.5
31406,12523414.55
31407,10439738.629999999
31408,862841.4
31409,14973461.47
31410,33652365.01
31411,6264339.43
31412,5701249.68
31413,3645667.0700000003
31414,957050.25
31415,847044.42
31416,5189631.36
31417,54406924.53
31418,6127824.36
31419,1332700.6500000001
31420,23880546.36
31421,26967225.91
31422,5688649.46
31423,1283676.96
31424,162150896.03
31425,2294202.4699999997
31426,5403560.56
31427,4692229.57
31428,597083.81
31429,15158896.67
31430,4235866.81
31431,1557770.3
31432,926021.6
31433,108506749.77
31434,1256171.86
31435,5213349.63
31436,2377416.42
31437,939419.54
31439,8492242.2
31440,730067.27
31441,947256.3900000001
31442,1661864.3599999999
31443,2799773.75
31444,497717.58
31445,36603980.96
31446,103614741.41
31447,1561511.53
31448,2568809.31
31449,678568.31
31450,3543913.87
31451,99661916.61
31452,447949.27999999997
31453,1364286.52
31454,23476935.6
31455,26724955.759999998
31456,680445.34
31457,6789836.0
31458,42246101.8
31459,4377701.95
31460,21950010.740000002
31461,2392695.38
31462,21731684.22
31463,2078625.73
31464,3136737.45
31465,603174.5599999999
31466,4558893.36
31467,35594281.04
31468,3150308.1999999997
31469,1264069.48
31470,5651067.46
31471,9925424.59
31472,3978506.96
31473,2353710.9899999998
31474,2049387.5899999999
31475,11956875.98
31476,6494262.93
31477,687975.07
31478,15238643.46
31479,754325.81
31480,14213092.28
31481,12567502.98
31482,2213688.71
31483,123071626.48
31484,12621518.79
31485,499699.85000000003
31486,3234901.59
31487,1431131.8
31488,75141327.72
31489,1842567.52
31490,41897399.22
31491,2432795.0
31492,5137468.21
31493,1249369.86
31494,1245672.62
31495,5567668.359999999
31496,1401323.46
31497,13188991.74
31498,975184.95
31499,43969942.9
31500,9063454.51
31501,3361547.69
31502,3501336.07
31503,7191513.31
31504,3545088.76
31505,2445821.31
31506,96023427.06
31507,8095264.88
31508,902152.66
31509,1111947.81
31510,1179962.92
31511,1550621.51
31512,4759868.02
31513,2742875.02
31514,335522.8
31515,2600872.47
31516,20190735.77
31517,14564997.39
31518,3432860.26
31519,1042826.33
31520,868744.62
31521,4197253.1899999995
31522,605899.5499999999
31523,17694479.11
31524,2025559.1
31525,2839435.31
31526,46244030.58
31527,792958.69
31528,2083192.3
31529,1035480.31
31530,1336383.8
31531,1180008.04
31532,1198614.7
31533,16877212.06
31534,1182258.08
31535,5434654.14
31536,1403658.58
31537,964975.06
31538,1305284.58
31539,706840.25
31540,909278.9
31541,24417065.06
31542,1115067.79
31543,1572238.8800000001
31544,4186419.4699999997
31545,2152023.6199999996
31546,679434.71
31547,35357125.18
31548,752956.76
31549,1013045.23
31550,3604033.6
31551,3227627.6399999997
31552,1527366.68
31553,5862175.85
31554,2295388.83
31555,4507836950.37
31556,2448977.43
31557,163958177.71
31558,1306250.27
31559,272841.02
31560,2684007.2
31561,95776274.0
31562,2078565.71
31563,8652275.82
31564,2030628.1400000001
31565,10834547.95
31566,2710177.24
31567,2712303.08
31568,1587685.34
31569,2153016.0300000003
31570,2305961.44
31571,1219162.8
31572,20567135.08
31573,25753664.330000002
31574,13581306.15
31575,6040385.43
31576,2004191.71
31577,1278363.88
31578,6651298.16
31579,3583056.87
31580,3204920.8099999996
31581,12576602.51
31582,54293673.87
31583,4365311.76
31584,71012700.04
31585,18266207.48
31586,3885946.4499999997
31587,16172817.7
31588,61080933.1
31589,7894218.859999999
31590,1171508.5
31591,1419271.95
31592,13754578.9
31593,945222.95
32001,11180818.43
32002,688158.0399999999
32003,934368.39
32004,722058.61
32005,1716153.7
32007,1263273.41
32008,889512.09
32009,820432.02
32010,705508.22
32012,6619107.17
32013,274406009.33
32014,708967.7100000001
32015,960725.41
32016,4567403.72
32017,1197552.47
32018,2078444.82
32019,1997274.62
32020,2117054.25
32021,623367.41
32022,1626082.71
32023,2276742.19
32024,1547631.5399999998
32025,1498569.41
32026,1033993.56
32027,12493032.74
32028,1133199.53
32029,7089172.86
32030,1829338.73
32031,1193359.97
32032,2910218.91
32033,823518.35
32034,611422.01
32035,4137936.03
32036,8775490.24
32037,1342964.86
32038,1580210.51
32039,433713.88
32040,1482747.08
32041,1089065.2
32042,2065551.83
32043,1383664.98
32044,2784197.87
32045,2950625.9299999997
32046,1681188.3900000001
32047,833218.35
32048,1325922.19
32049,717407.04
32050,1048051.6
32051,2638856.03
32052,2042759.78
32053,1210672.74
32054,4307408.85
32055,1605312.54
32056,1517027.3
32057,1756300.43
32058,571940.18
32059,2252617.28
32060,1033509.38
32061,962686.1
32062,1474289.38
32063,1307734.09
32064,2648615.18
32065,1866234.4500000002
32066,3180998.06
32067,821969.06
32068,1572502.2
32069,1187781.02
32070,2746793.46
32071,1138924.36
32072,396556.88
32073,1267120.55
32075,1419914.12
32076,7923705.53
32077,1785711.76
32078,3524993.35
32079,14821678.049999999
32080,1580300.81
32081,1196970.32
32082,3038354.2199999997
32083,16362349.89
32084,957174.8
32085,1282796.97
32086,827023.65
32087,983379.08
32088,3336581.23
32089,1771187.6
32090,2491911.88
32091,2879738.41
32092,627223.91
32093,900344.29
32094,2823705.52
32095,4809795.25
32096,35036680.09
32097,979283.13
32098,2427343.87
32099,733576.0299999999
32100,604959.49
32101,1610730.72
32102,2566061.45
32103,1240851.56
32104,1575627.01
32105,3380721.18
32106,7737395.63
32107,85911149.44
32108,1297416.74
32109,2209254.62
32110,3710241.22
32111,509850.73
32112,2079666.5
32113,633636.34
32114,1050391.96
32115,3067816.02
32116,1218044.17
32117,5038064.88
32118,3478498.82
32119,58720214.93
32120,1940738.6099999999
32121,5408703.98
32122,1472114.54
32123,3657621.01
32124,1894608.66
32125,442880.01
32126,1502770.48
32127,6144519.890000001
32128,1570517.14
32129,2232826.98
32130,2093206.11
32131,2944731.77
32132,47961379.79
32133,4304405.34
32134,3360079.71
32135,1270562.49
32136,1465508.26
32138,1847772.4700000002
32139,988858.62
32140,587836.37
32141,1495677.7999999998
32142,1188071.09
32143,3114029.2399999998
32144,982166.5700000001
32145,484648.64
32146,4690751.98
32147,36118014.47
32148,760743.48
32149,14220278.680000002
32150,1883529.49
32151,331388.95
32152,2413988.81
32153,1305531.14
32154,1485813.03
32155,14702011.17
32156,1595475.5099999998
32157,1314158.71
32158,3324685.92
32159,5958583.02
32160,78557942.83
32161,986648.24
32162,14684160.57
32163,2083343.26
32164,1006240.53
32165,2060339.35
32166,1572692.5
32167,1087992.68
32169,985852.87
32170,921897.29
32171,2587801.52
32172,2600028.3
32173,1660295.07
32174,1881713.85
32175,2089079.6
32176,1174821.76
32177,1403411.88
32178,1275122.51
32180,4121011.73
32181,2020436.99
32182,1924404.6800000002
32183,1225390.37
32184,1229347.57
32185,2309759.96
32186,959993.85
32187,1410513.76
32188,895165.44
32189,1620600.06
32190,4845054.08
32191,703955.7
32192,2344844.25
32193,1471089.57
32194,2568290.9
32195,966592.99
32196,3221496.27
32197,1923690.47
32198,1844708.66
32199,1778877.1199999999
32200,1966140.8
32201,1580316.05
32202,5385565.22
32203,1995884.7
32204,4508465.73
32205,1155082.66
32206,2485788.04
32207,1247483.37
32208,45233857.64
32209,1698894.5699999998
32210,3365973.15
32211,1485617.81
32212,2610977.78
32213,19319087.490000002
32214,1165688.33
32215,2104694.43
32216,1351748.49
32217,975814.88
32218,409330.02
32219,6003629.57
32220,1061716.78
32221,2540879.72
32222,1996979.14
32223,404364.35
32224,1860248.44
32225,1103509.3900000001
32226,780303.32
32227,5522171.55
32228,990488.76
32229,655879.5
32230,691790.1799999999
32231,2864396.78
32232,864685.11
32233,20932247.27
32234,1604740.3299999998
32235,1531908.78
32236,779878.99
32237,4122159.98
32238,985376.55
32239,3203128.2600000002
32240,792531.66
32241,1395126.41
32242,20039110.0
32243,2362128.86
32244,1003164.32
32245,1201995.89
32246,2934455.61
32247,2856693.02
32248,1953070.81
32249,19565347.36
32250,832451.1799999999
32251,869095.2399999999
32252,11924571.74
32253,7531555.17
32254,2633030.96
32255,1504355.03
32256,26968941.02
32257,844455.4400000001
32258,1420379.34
32260,737563.83
32261,2829541.1799999997
32262,1602896.0999999999
32263,1926898.27
32264,946956.43
32265,1230104.53
32266,1031895.6499999999
32267,1007717.86
32268,6566471.93
32269,4289232.78
32270,1043491.49
32271,2248694.6799999997
32272,1310637.8199999998
32273,1660796.4
32274,3833183.82
32275,429622.81
32276,1011850.4500000001
32277,1684868.25
32278,852649.16
32279,6870421.4799999995
32280,1284177.87
32281,1104411.52
32282,2790716.25
32283,1998553.89
32284,705312.91
32285,5172152.9
32286,4709486.93
32287,750983.39
32288,1359201.47
32289,1626095.12
32290,11427980.98
32291,708026.1
32292,2773848.89
32293,1347846.3
32294,551758.28
32295,763572.6299999999
32296,25025588.62
32297,3238475.43
32298,3103917.33
32299,925507.8099999999
32300,1742848.14
32301,7262224.33
32302,2632486.0100000002
32303,827097.26
32304,1927187.1900000002
32305,4075991.59
32306,4924854.149999999
32307,18788970.16
32308,524883.4199999999
32309,2091004.88
32310,1575810.25
32311,3123140.84
32312,5057404.26
32313,2716672.04
32314,1194405.6
32315,1795527.06
32316,978913.33
32317,944039.36
32318,1087720.13
32319,17538813.59
32320,1589757.3
32321,3529182.37
32322,1892735.36
32323,1528561.2
32324,820146.25
32325,1085821.6
32326,1316605.4200000002
32327,847256.2000000001
32328,1103059.72
32329,1622957.03
32330,1817820.65
32331,9131472.08
32332,943932.35
32333,1533371.71
32334,12014985.290000001
32335,5460118.44
32336,1573274.72
32337,894909.2400000001
32338,1104363.56
32339,2544251.25
32340,1716251.67
32341,2045570.83
32342,949137.36
32343,2084372.68
32344,14001806.14
32345,6092638.05
32346,1634997.34
32347,1855878.09
32348,3750379.97
32349,616456.08
32350,1194553.6600000001
32351,2139799.07
32352,2049667.0599999998
32353,1888220.1300000001
32354,1013150.7799999999
32355,668093.78
32356,950954.02
32357,794365.52
32358,2400086.41
32359,1051519.06
32360,1072006.65
32361,1237851.97
32362,1109559.45
32363,1357161.55
32364,942347.3099999999
32365,3800255.03
32366,1059566.33
32367,1171801.1300000001
32368,5110322.49
32369,1915154.96
32370,13768149.05
32371,974006.6
32372,1096153.24
32373,2891881.5599999996
32374,1610649.5699999998
32375,1450209.8
32376,905108.1000000001
32377,1513056.23
32378,2431668.85
32379,1475530.94
32380,868560.7300000001
32381,2334930.35
32382,2182815.31
32383,1285625.01
32384,2205376.96
32385,1656994.13
32386,1519364.97
32387,736628.2999999999
32388,3458209.06
32389,2335449.93
32390,2192618.0
32391,1283934.2
32392,1465917.8199999998
32393,2540951.19
32394,2888255.69
32395,1699836.61
32396,1389317.93
32397,2145285.1100000003
32398,2926996.74
32399,815139.36
32400,2286650.45
32401,684380.53
32402,1539145.6400000001
32403,978255.7100000001
32404,7159053.47
32405,1381454.58
32406,1849636.52
32407,1312973.51
32408,1100066.78
32409,893113.37
32410,33560749.99
32411,619016.66
32412,11454617.46
32413,799632.32
32414,1478747.9200000002
32415,1013931.32
32416,3575537.6
32417,3450446.9299999997
32418,2929088.73
32419,1107953.49
32420,461457.58999999997
32421,1382053.29
32422,555828.59
32423,413305.7
32424,1994423.1400000001
32425,5867763.109999999
32426,12345657.2
32427,662693.3700000001
32428,1239554.6700000002
32429,3621686.05
32430,745527.6900000001
32431,1114111.34
32432,2503843.88
32433,9522033.469999999
32434,488615.76999999996
32435,1382439.5999999999
32436,4782909.77
32437,875748.82
32438,1101778.88
32439,1410111.08
32440,1852814.4600000002
32441,1343535.1300000001
32442,4171843.32
32443,2003600.01
32444,1956165.97
32445,1343080.78
32446,2480895.0100000002
32447,1638521.12
32448,5220969.97
32449,2396393.53
32450,753795.4
32451,1945785.46
32452,3102322.31
32453,1635362.07
32454,1174619.46
32455,1755618.8099999998
32456,543385.11
32457,2603265.47
32458,1192730.8
32459,16140468.34
32460,2388475.72
32461,1214421.78
32462,32049085.080000002
32463,3282626.92
32464,8849291.8
32465,1261283.21
32466,1288658.8800000001
32467,1100997.8900000001
32468,1592306.8900000001
33001,19769506.6
33002,6383665.13
33003,81884097.58
33004,35348743.45
33005,114420727.69
33006,4863366.8100000005
33007,6074069.25
33008,4268858.74
33009,238168939.63
33010,2843889.04
33011,40972663.36
33012,27971062.84
33013,42530001.97
33014,6763446.84
33015,13181401.95
33016,3465683.31
33017,1599173.76
33018,18362279.38
33019,51049020.99
33020,1601052.57
33021,11388272.85
33022,18713028.84
33023,6144683.67
33024,1829182.23
33025,1943147.99
33026,2493472.67
33027,2698917.04
33028,5485545.859999999
33029,34141670.379999995
33030,14499772.22
33031,1371547.04
33032,80973410.27
33033,6782436.67
33034,3157381.68
33035,6494488.69
33036,55520079.64
33037,16734934.82
33038,5378798.41
33039,177481432.03
33040,6735307.79
33042,27645544.25
33043,1597749.52
33044,1636497.02
33045,2705025.98
33046,9498670.02
33047,9813979.95
33048,1788445.44
33049,22983448.8
33050,3024242.38
33051,97047065.66
33052,7109847.11
33053,2726521.25
33054,1755054.26
33055,4977165.7700000005
33056,115274747.11
33057,7547054.2
33058,46245669.1
33059,2160982.1
33060,2900432.39
33061,4580394.04
33062,3123219.82
33063,2156821711.96
33064,580659.02
33065,22545452.47
33066,1707837.82
33067,19128421.18
33068,2942282.5300000003
33069,125966119.61
33070,8438237.66
33071,5894137.08
33072,2526236.21
33073,44361508.31
33074,1251678.6
33075,94097212.68
33076,4955149.100000001
33077,10187867.9
33078,3167550.61
33079,2411044.12
33080,32187432.349999998
33081,25715644.56
33082,7630754.62
33083,5770737.06
33084,10411198.89
33085,15757624.950000001
33086,1975180.01
33087,2711404.71
33088,4669473.04
33089,2776684.0100000002
33090,65238728.720000006
33093,4553326.5200000005
33094,2505116.54
33095,13700091.58
33096,36618226.98
33097,51970414.31
33098,2711450.85
33099,19622048.509999998
33100,11960482.91
33101,9720015.65
33102,3210012.92
33103,937284.52
33104,27526181.26
33105,1911932.44
33106,11105081.06
33108,21011987.43
33109,10427276.73
33111,9458751.52
33112,1176967.23
33113,1420438.32
33114,13432697.19
33115,2505921.06
33116,2638971.56
33117,2862771.55
33118,11737547.25
33119,120800661.25
33120,14694603.48
33121,1705250.82
33122,134474157.38
33123,9893219.23
33124,5404401.7
33125,12300651.600000001
33126,4149482.51
33127,1218560.75
33128,4107401.27
33129,832902.82
33130,6588079.78
33131,1002017.1900000001
33132,2710191.0100000002
33133,1563288.53
33134,2334870.13
33135,1186057.62
33136,1631361.76
33137,1280532.25
33138,49737151.24
33139,905967.22
33140,40323570.35
33141,4223301.84
33142,14293094.15
33143,10963238.34
33144,7166173.5200000005
33145,3358549.3800000004
33146,10702503.27
33147,2264144.81
33148,803106.04
33149,1180671.81
33150,1768764.42
33151,4814041.95
33152,1738923.42
33153,2493429.53
33154,9008711.95
33155,2597255.81
33156,2419845.57
33157,2779602.29
33158,2169765.74
33159,9184272.81
33160,3413696.14
33161,5637754.33
33162,122500933.59
33163,2338411.08
33164,5671703.7
33165,20128525.08
33166,5291927.27
33167,120593218.81
33168,2237805.61
33169,1593174.3699999999
33170,5080332.51
33171,2066659.83
33172,1583703.93
33173,2404491.5100000002
33174,8040413.35
33175,4532018.89
33176,2167701.82
33177,13236811.2
33178,2383113.91
33179,15345944.42
33180,1916964.4600000002
33181,2258473.67
33182,6060044.99
33183,8204873.9399999995
33184,2555815.81
33185,10290067.6
33186,8430697.83
33187,12429188.76
33188,2167357.71
33189,3973680.6
33190,1193126.63
33191,2565046.68
33192,106324923.2
33193,19335883.89
33194,8086958.89
33195,7566968.73
33196,1498014.58
33197,2025164.3599999999
33198,9356752.33
33199,129725031.83
33200,58227489.82
33201,6945600.76
33202,9004071.8
33203,45970905.39
33204,4062503.24
33205,10706214.11
33206,4860389.73
33207,25189782.46
33208,5012470.17
33209,2841050.35
33210,2475605.29
33211,3503474.11
33212,881598.6
33213,29687999.74
33214,114283189.56
33215,2006050.94
33216,1931713.73
33218,5925251.19
33219,12083599.54
33220,7369178.08
33221,5484859.0200000005
33222,3959235.52
33223,2931069.18
33224,972077.08
33225,17455352.88
33226,13592705.3
33227,91195468.99
33228,4227282.71
33229,92082075.97
33230,21544222.279999997
33231,1833529.98
33232,614359.3099999999
33233,13514766.21
33234,30102102.240000002
33235,1733276.23
33236,156454730.63
33237,4417991.37
33238,51831822.67
33239,3103620.73
33240,44995623.89
33241,4901030.79
33242,6362334.23
33243,238329738.64
33244,2024869.19
33245,8112746.0
33246,1634775.85
33247,1577395.95
33248,18766330.74
33249,147882313.46
33250,2556216.4
33251,4898940.55
33252,2636969.2399999998
33253,7264831.5
33254,3984133.33
33255,3795250.0799999996
33256,25325476.82
33257,2542800.5300000003
33258,2292002.1999999997
33259,5722766.94
33260,6497292.73
33261,9510899.09
33262,24293566.24
33263,1829565.8800000001
33264,5077550.829999999
33266,4488536.85
33268,20886087.69
33269,3133821.2
33270,1523084.85
33271,2616798.88
33272,4226949.54
33273,43395013.06
33274,21816238.06
33275,1420313.25
33276,1761893.97
33277,2299958.27
33278,2009498.4000000001
33279,6547947.99
33280,4194202.04
33281,329328196.63
33282,1869451.21
33283,1484727.0999999999
33284,54266373.0
33285,2661235.7600000002
33287,4899619.93
33288,2915934.69
33289,19137977.689999998
33290,14666610.75
33291,1768869.62
33292,1299015.28
33293,19021956.01
33294,2677268.27
33295,480045.44999999995
33296,5639916.96
33297,8024973.93
33298,8397104.09
33299,3291736.15
33300,5451339.94
33301,4157241.24
33302,2985603.8499999996
33303,5775076.97
33304,1435319.09
33305,2219145.77
33306,2416942.65
33307,6467833.6899999995
33308,1684128.28
33309,2351258.2199999997
33310,1780724.1199999999
33311,11271916.56
33312,39326437.74
33314,63530272.620000005
33315,6745093.93
33316,14294616.61
33317,8295542.79
33318,297920829.7
33319,3001439.36
33320,4488232.23
33321,12246304.379999999
33322,53120541.79
33323,8920400.91
33324,24115312.48
33325,7326003.13
33326,2238419.9699999997
33327,18559347.78
33328,10274782.38
33329,2821814.5100000002
33330,26952949.52
33331,4959808.7
33332,4529261.29
33333,20330778.56
33334,14679655.44
33335,3015070.03
33336,6951941.99
33337,15093144.32
33339,7957088.86
33341,18892919.75
33342,6017192.73
33343,3771725.63
33344,5423372.29
33345,1616970.84
33346,1670205.2
33347,2873373.42
33348,6921674.93
33349,10579334.08
33350,15553926.13
33351,9851034.72
33352,42207327.8
33353,2247121.15
33354,1548350.6
33355,9321103.75
33356,1584104.75
33357,7272817.99
33358,2227221.49
33359,2288676.28
33360,1320427.4
33361,4809231.89
33362,5638377.8
33363,24442022.7
33364,2597440.61
33365,975205.13
33366,65078155.34
33367,3974968.86
33369,2780157.63
33370,4753042.88
33372,617775.72
33373,3500124.83
33374,4630102.36
33375,2509689.08
33376,33635445.53
33377,1108700.14
33378,6928646.890000001
33379,1969043.22
33380,8566686.719999999
33381,16038833.59
33382,11707860.78
33383,2203872.3200000003
33384,3456046.06
33385,6215707.53
33386,1683278.92
33387,4612283.53
33388,4752454.87
33389,20886880.060000002
33390,3145651.96
33391,2156384.2800000003
33392,6430491.78
33393,31859076.16
33394,36544602.64
33395,14342964.4
33396,2720785.61
33397,41390873.480000004
33398,1730056.71
33399,2288176.7
33400,2847135.1
33401,1650115.75
33402,27758171.87
33403,2054008.83
33404,2207944.58
33405,3877035.64
33406,2831469.55
33407,3839781.81
33408,2719719.33
33409,822432.46
33411,2394820.3
33412,6246408.9
33413,12730582.07
33414,1520267.41
33415,6124614.46
33416,3513881.42
33417,21954773.93
33418,3586240.32
33419,1073662.31
33420,860403.18
33421,2071905.8800000001
33422,75220069.72
33423,10377307.36
33424,27278218.44
33425,6279677.67
33426,2386757.87
33427,2536500.94
33428,984092.73
33429,2885641.19
33431,2513253.76
33432,1730493.56
33433,58743802.08
33434,9081900.07
33435,20928861.62
33436,7317936.72
33437,11205700.75
33438,9826907.69
33439,6339033.99
33440,2336303.15
33441,9596043.9
33442,2816938.68
33443,1263828.15
33444,4859984.89
33445,4004092.92
33446,2585922.86
33447,19370396.27
33448,17262404.94
33449,170742634.15
33450,1542396.84
33451,2575336.33
33452,6965861.3100000005
33453,3195375.61
33454,6516967.08
33456,3072277.92
33457,2618061.41
33458,7245275.24
33459,2967989.46
33460,3444920.75
33461,3993832.16
33462,2544033.68
33463,12819049.66
33464,2260760.03
33465,9637114.73
33466,7210139.640000001
33467,2757290.83
33468,2805256.79
33470,5797448.2299999995
33471,7240347.42
33472,3029857.31
33473,14082338.39
33474,15027634.43
33475,2435916.43
33476,5997713.69
33477,5875782.970000001
33478,38571719.3
33479,1146113.49
33480,13511426.459999999
33481,2082928.51
33482,1718004.43
33483,17772913.02
33484,18294506.32
33485,21371042.33
33486,2408138.35
33487,7114129.38
33488,3561143.96
33489,2332741.1799999997
33490,12150843.31
33491,2361346.13
33492,10154732.91
33493,2566534.23
33494,8306775.88
33496,11190685.17
33498,32163146.2
33499,2634291.6
33500,3059125.44
33501,19965666.57
33502,3421562.39
33503,2469745.16
33504,5013223.21
33505,10656857.47
33506,24437688.0
33507,2400735.0
33508,4995958.67
33509,2291733.85
33510,1843928.74
33511,1906256.92
33512,3659222.85
33513,766640.27
33514,74881413.36
33515,3530670.18
33516,1899527.4500000002
33517,6640503.68
33518,5247209.33
33519,50768289.5
33520,1675993.22
33521,5255531.54
33522,164443374.23
33523,17121798.52
33524,1994525.1300000001
33525,8746149.3
33526,1332202.79
33527,51416525.47
33528,3351675.1900000004
33529,266560973.85
33530,4512698.74
33531,1403850.1
33532,3015420.94
33533,15259079.55
33534,6431716.21
33535,38633775.65
33536,1844559.9
33537,4018806.93
33538,2644783.5
33539,22737331.94
33540,41987119.15
33541,14090350.44
33542,4069863.95
33543,8341019.79
33544,19704653.37
33545,10001915.99
33546,3956902.02
33547,6106424.77
33548,9418575.08
33549,3369583.98
33550,190399068.13
33551,2890259.18
33552,5431102.93
33553,6673230.38
33554,25089926.14
33555,25672943.57
34001,12346116.84
34002,9347146.65
34003,514825035.42
34004,3632474.06
34005,2160587.68
34006,3782808.41
34007,7336428.74
34008,9753728.82
34009,16203817.3
34010,22329724.56
34011,2106829.84
34012,11963100.59
34013,15289768.059999999
34014,17261310.09
34015,2841788.32
34016,7640990.31
34017,5856400.28
34018,10487326.629999999
34019,11191803.67
34020,4294612.53
34021,2218899.95
34022,43445825.800000004
34023,111132703.33
34024,27591122.06
34025,16898469.38
34026,3339631.27
34027,12454048.96
34028,67597202.89999999
34029,4236096.7299999995
34030,2485599.08
34031,43792661.54
34032,870945112.0699999
34033,17187292.85
34034,1715645.1500000001
34035,9498911.53
34036,16433529.360000001
34037,35705557.9
34038,16829637.42
34039,19591707.84
34040,1212222.72
34041,7358302.43
34042,5552448.33
34043,3671413.1100000003
34044,6288216.13
34045,7249769.989999999
34046,4344359.83
34047,4390754.7
34048,4432431.42
34049,3619195.0100000002
34050,12931684.04
34051,21563997.99
34052,35247517.24
34053,2532835.79
34054,1970858.94
34055,6737072.07
34056,11392942.33
34057,105405888.56
34058,38388205.13
34059,3034918.65
34060,4914628.23
34061,8984402.5
34062,3439203.54
34063,26997563.669999998
34064,6840170.47
34065,7383842.69
34066,2452028.47
34067,8891348.07
34068,6482488.56
34069,58560189.29
34070,9997725.75
34071,5875306.82
34072,503669.62
34073,18280616.23
34074,18341233.26
34075,6182967.38
34076,11974471.66
34077,30821411.12
34078,17133292.96
34079,74327979.34
34080,6525981.55
34081,33390731.23
34082,14260626.27
34083,4152734.02
34084,11174208.69
34085,4277481.58
34086,8490935.540000001
34087,10658456.67
34088,25223862.64
34089,16876123.830000002
34090,41991168.559999995
34091,1435979.8
34092,8238915.16
34093,3257314.9
34094,6285602.58
34095,29444002.3
34096,6167165.22
34097,6483016.05
34098,2447694.4099999997
34099,1553224.75
34100,3270708.6199999996
34101,52812002.78
34102,4246951.8
34103,10188263.68
34104,3622224.41
34105,4599436.06
34106,1468986.31
34107,12678948.39
34108,176317885.65
34109,13087021.34
34110,5376637.29
34111,30296368.66
34112,3435627.67
34113,45093649.61
34114,69737094.53999999
34115,3692614.89
34116,56311731.18
34117,8584859.6
34118,4167167.6799999997
34119,14150536.99
34120,39197574.82
34121,3415011.85
34122,4757506.3100000005
34123,68866931.22
34124,3032255.83
34125,1530399.9
34126,44917039.88
34127,23098898.75
34128,10162249.23
34129,107378390.58
34130,13359386.95
34131,5178232.32
34132,1600983.31
34133,1086466.18
34134,23245870.67
34135,28996208.73
34136,18175207.42
34137,3040346.7199999997
34138,5053115.02
34139,8690888.27
34140,21981269.830000002
34141,6598552.38
34142,80398537.16
34143,20026153.0
34144,10607881.96
34145,219845046.79000002
34146,33825742.35
34147,35669653.29
34148,33323778.04
34149,5142625.09
34150,106053830.9
34151,31931297.55
34152,4117922.91
34153,15761715.370000001
34154,170654977.01
34155,19231157.759999998
34156,1926900.17
34157,83154366.61
34158,6313563.31
34159,21187585.77
34160,7791127.0600000005
34161,23240977.89
34162,36105049.550000004
34163,28682440.64
34164,5889494.53
34165,18184787.2
34166,28557487.59
34167,1510168.73
34168,1468688.6600000001
34169,22059464.71
34170,3293287.96
34171,4162126.58
34172,2098838684.6299999
34173,17790421.56
34174,4282364.84
34175,3767782.23
34176,11885135.01
34177,10290702.32
34178,32559027.54
34179,10167767.5
34180,12374517.68
34181,12816919.870000001
34182,14705469.15
34183,38417128.1
34184,7025706.42
34185,6373640.390000001
34186,7832234.72
34187,9440244.219999999
34188,1174015.88
34189,18675280.63
34190,4572143.55
34191,7048982.98
34192,110691284.96
34193,2076903.73
34194,39267542.82
34195,2713791.0
34196,2438191.37
34197,12428113.21
34198,40992227.059999995
34199,85866690.35
34200,3320625.44
34201,3667243.92
34202,39367668.37
34203,13527763.57
34204,7696755.83
34205,2310792.68
34206,2813413.4899999998
34207,19547805.7
34208,3370577.67
34209,46661020.33
34210,20098760.41
34211,8492659.59
34212,1360167.1600000001
34213,45001277.25
34214,14016862.129999999
34215,8572049.85
34216,3735554.86
34217,26559175.580000002
34218,3233636.85
34219,5868600.3100000005
34220,2249620.36
34221,6204346.59
34222,3478029.3
34223,13480192.82
34224,12128050.91
34225,29258108.09
34226,10844178.8
34227,6935487.81
34228,2007842.8900000001
34229,9031738.01
34230,2768589.5900000003
34231,967204.68
34232,10323349.83
34233,3251507.0
34234,2511830.22
34235,5525707.49
34236,2097397.33
34237,16834306.28
34238,1936042.1
34239,43868394.91
34240,27585421.63
34241,5340987.95
34242,10902108.27
34243,10361110.22
34244,11055341.49
34245,22183299.16
34246,15029792.26
34247,74812327.56
34248,7776423.18
34249,12847891.040000001
34250,3816863.93
34251,4173790.69
34252,2326769.38
34253,924305.4299999999
34254,15578145.299999999
34255,75416558.78999999
34256,8580132.58
34257,4704663.15
34258,12835164.77
34259,30629697.88
34260,18539199.41
34261,7924101.41
34262,3329590.51
34263,5296514.11
34264,4490738.9
34265,5962055.54
34266,3883397.09
34267,10480031.34
34268,5694889.3
34269,2991571.6799999997
34270,68951454.96
34271,9758727.280000001
34272,20861995.98
34273,2119656.52
34274,26185818.69
34276,46953048.3
34277,5573022.09
34278,1509171.34
34279,5452257.609999999
34280,5173848.16
34281,21588875.05
34282,10185816.94
34283,1574502.46
34284,32755055.689999998
34285,6685469.51
34286,2773502.39
34287,3825329.08
34288,7803673.53
34289,30953056.41
34290,7104782.93
34291,2622924.56
34292,3439775.34
34293,37044004.2
34294,10219806.94
34295,5972932.87
34296,5862982.91
34297,3131303.8699999996
34298,44467037.080000006
34299,87900202.77
34300,44105683.1
34301,439133457.12
34302,9380397.46
34303,1532715.54
34304,7944801.41
34305,5871744.76
34306,2190256.66
34307,11799925.35
34308,3566452.47
34309,35773507.72
34310,23339845.77
34311,16320305.48
34312,12872445.68
34313,5885193.24
34314,6498231.06
34315,3108011.4499999997
34316,1176243.02
34317,2753939.59
34318,4694997.94
34319,3012293.2
34320,19433015.25
34321,15813941.62
34322,6082970.41
34323,1498528.42
34324,98292816.2
34325,16043645.370000001
34326,1153293.27
34327,39936502.57
34328,7939463.46
34329,47185988.49
34331,1501959.03
34332,69562820.6
34333,23893078.080000002
34334,2021463.94
34335,10068570.2
34336,50931102.97
34337,53036181.46
34338,2269439.2600000002
34339,1770425.16
34340,11940456.64
34341,34697411.36
34342,2840101.55
34343,8886531.02
34344,157418134.89
35001,64012443.39
35002,12913441.9
35003,6617308.26
35004,40774639.26
35005,2400350.2600000002
35006,34284153.19
35007,2871038.8000000003
35008,4928290.3100000005
35009,11541649.55
35010,8160236.83
35012,76719032.34
35013,27062712.419999998
35014,28091029.44
35015,17159879.72
35016,15979477.569999998
35017,5091652.86
35018,9755538.76
35019,21803564.37
35021,8021566.21
35022,8648548.05
35023,39715465.99
35024,102647300.16
35025,10151811.379999999
35026,1794258.4100000001
35027,14733514.84
35028,4245342.11
35029,11327591.0
35030,5108966.0
35031,34066390.1
35032,24715055.8
35033,20929080.03
35034,7807010.19
35035,4667850.35
35037,47286305.5
35038,7556877.8100000005
35039,16305598.62
35040,27358853.599999998
35041,8709560.7
35042,5673513.75
35044,2810383.4299999997
35045,7020088.36
35046,4713888.4399999995
35047,127739955.24
35049,65754092.74
35050,5434625.359999999
35051,175107608.88
35052,5750976.03
35054,13637695.620000001
35055,78518605.21000001
35056,5043894.78
35057,10625473.39
35058,8266572.38
35059,26387343.81
35060,6583213.4
35061,5293442.86
35062,14360025.85
35063,4499839.62
35064,10716366.74
35065,14920926.940000001
35066,95741330.94
35067,8638001.98
35068,65381246.370000005
35069,84913580.31
35070,13372037.52
35071,4725499.850000001
35072,17550827.98
35075,7454408.47
35076,26293943.05
35077,2732567.7199999997
35078,11335091.25
35079,16003841.65
35080,13157666.65
35081,5815673.7700000005
35082,11744921.15
35084,5057177.04
35085,63211995.25
35086,5531022.7299999995
35087,8374464.890000001
35088,21873203.37
35089,4360181.82
35090,24714724.53
35091,4286017.78
35092,8081441.6
35093,172101741.92000002
35094,13418905.62
35095,75821884.23
35096,21007534.009999998
35097,14638921.58
35098,17163890.42
35099,25599735.02
35101,6213800.57
35102,4471915.51
35103,5909371.7299999995
35104,11449138.18
35105,15675437.94
35106,15630612.02
35107,11890830.77
35108,9534028.31
35109,22666133.29
35110,6972108.91
35111,9113508.34
35112,7720806.8100000005
35114,2437558.74
35115,227831804.81
35116,18519223.05
35117,16044852.13
35118,11231113.76
35119,11404935.129999999
35120,29005065.75
35121,16015638.04
35122,10639511.39
35123,33253949.61
35124,31452013.63
35125,48940006.67
35126,62916091.83
35127,28593564.75
35128,15022612.7
35130,15744161.540000001
35131,26868057.54
35132,11747982.6
35133,38159571.05
35134,2645229.12
35135,19611612.87
35136,68031816.74
35137,19373915.72
35138,10411858.71
35139,40928992.98
35140,4814732.65
35141,3750244.46
35142,7547395.5200000005
35143,7696532.56
35144,7893052.07
35145,14019693.3
35146,5820629.0600000005
35148,1492676.47
35149,11907183.15
35150,27130744.11
35151,6262434.28
35152,74343502.88
35153,2656747.05
35154,14033715.98
35155,8856666.639999999
35156,3650006.67
35157,5217686.609999999
35159,3119536.11
35160,2975861.6
35161,17944553.05
35162,30871856.68
35163,17730436.49
35164,7411137.67
35165,6959357.65
35166,7564334.12
35167,28813929.14
35168,36302336.38
35169,12255260.93
35170,7257521.83
35171,21199721.8
35172,13558451.120000001
35173,48854679.019999996
35174,8454548.08
35175,7300461.69
35176,55646278.58
35177,40155673.41
35178,14712033.49
35179,31000079.740000002
35180,6616175.74
35181,11524371.02
35183,5381208.5
35184,56300678.510000005
35185,3737907.19
35186,8463594.57
35187,13170690.17
35188,60706830.510000005
35189,26444061.96
35190,4103785.2199999997
35191,21128814.23
35192,2758037.27
35193,15077834.53
35194,9645243.97
35195,12067162.08
35196,69862037.09
35197,8440522.86
35198,4963003.83
35199,2230466.05
35200,7328603.0600000005
35201,7768923.93
35202,8354910.9799999995
35203,2739510.54
35204,23094258.43
35205,4244665.5200000005
35206,57010433.0
35207,69770479.98
35208,30110640.93
35210,87825746.11
35211,19111314.05
35212,11061042.77
35214,5805075.96
35215,11751325.54
35216,9517114.22
35217,16161457.440000001
35218,6690579.8100000005
35219,31428779.66
35220,21765631.84
35221,16642652.629999999
35222,23827362.22
35223,39029999.78
35224,20730945.04
35225,4909519.24
35226,16086842.7
35227,20461371.93
35228,39283708.54
35229,9654837.53
35230,3856048.84
35231,8864381.97
35232,3203972.36
35233,11680553.2
35234,11122982.72
35235,10094805.4
35236,96897876.12
35237,8964853.43
35238,2431828962.37
35239,29240046.12
35240,73213528.31
35241,25519429.34
35242,3767123.2
35243,20025964.36
35244,2894657.5
35245,34165344.22
35246,7192427.390000001
35247,10969213.38
35248,4623781.31
35249,9934088.13
35250,14347955.33
35251,25469320.49
35252,9248699.23
35253,36214184.0
35255,9676971.91
35256,27356189.19
35257,37625490.519999996
35258,3377892.93
35259,10092186.27
35260,5322154.44
35261,2284777.67
35262,2198152.08
35263,27623527.61
35264,16913697.59
35265,19280213.09
35266,25331774.64
35268,6282634.2
35270,3046648.3600000003
35271,16128368.32
35272,8813601.27
35273,18648462.669999998
35274,6731829.7
35275,34916318.37
35276,4254943.49
35277,3191477.74
35278,104720164.02
35279,10868003.64
35280,8806452.459999999
35281,109193153.58
35282,27152274.76
35283,9509483.55
35284,42243482.62
35285,9427614.7
35286,2903774.06
35287,38168745.769999996
35288,672631856.6
35289,7118044.89
35290,5079205.66
35291,5191289.11
35292,14766976.17
35294,18507939.49
35295,2574557.54
35296,9479462.15
35297,38574288.95
35299,41176403.24
35300,14844095.59
35302,8823410.92
35304,10782743.79
35305,4581666.7700000005
35306,15317453.53
35307,7707574.05
35308,32218743.77
35309,6851029.7700000005
35310,13950738.83
35311,3656121.6
35312,13492918.0
35314,11966269.87
35315,12204090.76
35316,7209125.35
35317,4559075.35
35318,4720508.15
35319,16953287.45
35320,4416238.36
35321,7680581.71
35322,10729133.53
35324,11943607.35
35325,1325655.31
35326,17443258.65
35327,30146959.93
35328,18970847.56
35329,6639361.34
35330,8898917.26
35331,14235758.91
35332,13440534.12
35333,9841720.36
35334,55857126.61
35335,8766843.469999999
35336,1729352.06
35337,30972181.34
35338,10349320.11
35339,4650161.32
35340,12686202.97
35342,3340205.38
35343,9570239.48
35345,6676536.3
35346,1300558.64
35347,24095117.58
35350,5968688.41
35351,13404832.33
35352,72863878.56
35353,36513596.85
35354,2674567.06
35355,6226462.66
35356,12830321.51
35357,4302748.1
35358,9312150.1
35359,5418196.26
35360,218705716.98
35361,7447785.42
35362,10444898.08
35363,28289571.68
36001,21592847.24
36002,2199146.82
36003,6232413.9799999995
36004,3049070.61
36005,41272185.01
36006,63619607.71
36007,4395117.95
36008,2808560.74
36009,11042627.8
36010,10148573.78
36011,1780665.56
36012,3647904.8600000003
36013,2930878.91
36014,3726561.44
36015,1789702.99
36016,7320135.899999999
36017,5894231.28
36018,75162714.67999999
36019,2617150.71
36020,1805741.82
36021,4263615.34
36022,2328436.16
36023,2635991.78
36024,985238.25
36025,6042579.66
36026,4204743.7700000005
36027,1477777.1300000001
36028,1685424.25
36029,3812197.7600000002
36030,2975871.4600000004
36031,56540321.4
36032,3678808.7
36033,3146396.52
36034,20746833.52
36035,16733511.65
36036,1855932.4100000001
36037,2260681.05
36038,1739416.97
36040,990397.14
36041,910001.63
36042,6623512.16
36043,5998493.7
36044,516668960.26
36045,26341520.03
36046,63552665.2
36047,4796698.26
36048,3100507.8800000004
36049,1353945.4
36050,2199224.65
36051,1509014.3499999999
36052,1800039.51
36053,7686838.91
36054,3018017.54
36055,7114663.37
36056,10560752.5
36057,5244459.46
36058,4333097.16
36059,3457255.92
36060,10725553.24
36061,4936762.17
36062,10732842.63
36063,65626183.25
36064,11911252.54
36065,2876770.34
36066,4318387.37
36067,1355843.5599999998
36068,3831532.35
36069,16390980.549999999
36070,26442408.22
36071,9207705.98
36073,2445993.48
36074,5748775.390000001
36075,804603.35
36076,1891966.78
36077,2364687.28
36078,3349113.65
36079,674599.74
36080,390639.4
36081,5254600.85
36082,2935967.95
36083,1321489.0
36084,7550070.43
36085,3419072.9
36086,3346979.66
36087,2062227.19
36088,125031823.66999999
36089,4506987.14
36090,1314990.58
36091,5593106.09
36092,2309508.4
36093,19596114.74
36094,5387591.05
36095,1878255.86
36096,3442558.45
36097,2979688.59
36098,1797024.49
36099,5678044.96
36100,2302439.88
36101,10342265.11
36102,829630.63
36103,16094457.95
36104,2874800.17
36105,3700631.27
36106,1493386.99
36107,7440817.06
36108,2171636.47
36109,10332449.92
36110,4061757.74
36111,2913897.18
36112,4608662.12
36113,9563217.6
36114,2143196.3
36115,1399252.3499999999
36116,2097764.03
36117,2599710.01
36118,2338435.19
36119,4622229.47
36120,6822457.75
36121,2362898.94
36122,2389891.36
36123,13114113.65
36124,2291544.13
36125,1226318.19
36126,4835576.84
36127,11628378.12
36128,16726611.68
36129,6426726.79
36130,3023437.7600000002
36131,3164523.0900000003
36132,975859.06
36133,3098412.25
36134,5594674.32
36135,3540401.36
36136,1198083.9100000001
36137,2765909.69
36138,1892374.27
36139,5904986.14
36140,7743665.67
36141,15990457.25
36142,8965825.58
36143,4877985.67
36144,2916539.98
36145,2158585.13
36146,9035081.77
36147,1309545.8499999999
36148,3228722.44
36149,7099725.86
36150,4626377.5
36152,3516746.4
36153,3217514.41
36154,10114028.89
36155,9278139.08
36156,4988960.14
36157,2038824.24
36158,5171808.13
36159,47557541.339999996
36160,3390108.83
36161,6731387.29
36162,11003694.14
36163,10342436.75
36164,2966403.27
36165,8738945.27
36166,2390377.68
36167,1944456.73
36168,9878575.71
36169,4806162.72
36170,937278.0900000001
36171,14921788.01
36172,6504924.55
36173,3759463.4099999997
36174,5269913.81
36175,2191592.49
36176,4077892.53
36177,4726080.62
36178,1958862.78
36179,3241819.87
36180,5314579.93
36181,966407.1799999999
36182,12382157.81
36184,5195436.18
36185,3067126.44
36186,2365181.68
36187,2429433.22
36188,1950858.89
36189,10082225.84
36190,2103757.48
36191,3890230.9499999997
36192,21744198.509999998
36193,1868063.44
36194,7084472.149999999
36195,4530953.97
36196,1819461.2
36197,2691057.9899999998
36198,2011137.6
36199,4902093.640000001
36200,9946313.87
36202,47418249.54
36203,567158.32
36204,3990378.68
36205,1477159.85
36207,9874993.05
36208,11065868.6
36209,3061395.51
36210,2290973.34
36211,2891787.2
36212,1797098.52
36213,1250334.96
36214,4020522.6
36215,3800232.1300000004
36216,679583.44
36217,993068.6100000001
36218,1145636.18
36219,4087862.94
36220,4790428.92
36221,3154239.69
36222,1890469.81
36223,2121142.25
36224,9307573.79
36225,1433424.91
36226,2340752.11
36227,2863118.7
36228,26363720.08
36229,9021399.89
36230,17508429.66
36231,8514767.64
36232,9778223.95
36233,5317570.67
36234,2292820.3400000003
36235,3966279.95
36236,5568416.42
36237,5747745.48
36238,1676215.33
36239,3832430.5
36240,4317247.9399999995
36241,20710417.72
36242,1028956.2
36243,4019038.62
36244,11747501.57
36246,1784488.75
36247,8633136.02
36248,1778256.4700000002
37001,11157820.41
37002,16437693.86
37003,145735754.45
37004,4117433.19
37005,5343965.65
37006,15104908.639999999
37007,1625453.3299999998
37008,17199322.78
37009,2204211.77
37010,10440883.959999999
37011,64559685.410000004
37012,4773698.1
37013,5413442.79
37014,41136693.379999995
37015,21710307.419999998
37016,3422092.4
37018,52626755.75
37019,5235391.71
37020,16383233.209999999
37021,11826217.7
37022,17789531.62
37023,3048370.8
37024,5956693.92
37025,5322510.63
37026,6726547.99
37027,45416578.379999995
37028,9801206.86
37029,4257693.46
37030,3659600.92
37031,35183473.65
37032,2444390.6
37033,3609535.02
37034,3862053.85
37035,3047478.68
37036,2714556.81
37037,3760302.77
37038,8305682.31
37039,4106202.53
37040,2180848.2800000003
37041,6279707.68
37042,4297573.96
37043,7290924.86
37044,3214309.18
37045,11831590.98
37046,17271540.84
37047,6721027.48
37048,4279520.46
37049,9528421.63
37050,81817909.08
37051,8222976.05
37052,7073473.78
37053,2450790.64
37054,21923924.29
37055,4972085.04
37056,3252620.5900000003
37057,7267064.16
37058,8439151.94
37059,7278965.33
37060,10210892.3
37061,6138812.09
37062,18092371.19
37063,55589012.66
37064,3807678.4000000004
37065,4653024.79
37066,7151031.41
37067,16889819.05
37068,5309386.57
37069,4654610.28
37070,3038308.57
37071,1977469.0799999998
37072,82272027.32
37073,5000863.41
37074,17976265.8
37075,2702898.67
37076,3682910.32
37077,21902993.75
37078,3549747.26
37079,8994537.92
37080,2261542.19
37081,9354235.41
37082,4243551.66
37083,14533960.33
37084,3167690.76
37085,5059430.62
37086,2508041.32
37087,2889732.12
37088,1166579.71
37089,7195419.53
37090,1805592.35
37091,15461061.01
37092,3420224.33
37093,2932433.81
37094,5290562.63
37095,2159374.5300000003
37096,4295039.0
37097,4468882.44
37098,9124232.88
37099,6701729.07
37100,5053894.12
37101,1725234.26
37103,2282522.54
37104,45731514.97
37105,4296700.18
37106,1782700.06
37107,3864482.6799999997
37108,3629641.75
37109,79985817.46
37110,7054572.47
37111,16802524.26
37112,4276009.26
37113,13278706.39
37114,2694284.52
37115,39393769.57
37116,5299379.7700000005
37117,5523274.93
37118,9801487.99
37119,12881468.370000001
37121,3316492.79
37122,205106396.18
37123,49243318.36
37124,23019732.11
37125,3892511.66
37126,3856844.52
37127,3168386.0500000003
37128,6106074.99
37129,5478384.95
37130,20238995.94
37131,9379799.58
37132,66850864.82
37133,5825581.61
37134,6159484.99
37136,4479329.13
37137,1630602.09
37138,4853223.2
37139,35026781.02
37140,2780196.6799999997
37141,9472810.15
37142,7176127.97
37143,15720518.81
37144,3758240.58
37145,3778898.86
37146,3250169.86
37147,4655494.99
37148,5298579.03
37149,2738867.23
37150,9273707.35
37151,13586819.94
37152,15206443.83
37153,22470028.01
37154,32821077.38
37155,5641784.79
37156,85914585.37
37157,7793887.850000001
37158,7008760.58
37159,62903629.129999995
37160,2747040.58
37161,6990015.82
37162,4983543.01
37163,35287556.61
37165,3676822.04
37166,4734773.8
37167,17225708.45
37168,4239288.3
37169,3202900.99
37170,11918668.139999999
37171,8343340.71
37172,16688200.780000001
37173,6267870.17
37174,6945204.260000001
37175,11369754.57
37176,7366438.56
37177,7892057.4799999995
37178,5937536.18
37179,22008123.650000002
37180,5529024.42
37181,3187795.65
37182,8141767.4399999995
37183,15347444.9
37184,5176471.6
37185,16689902.35
37186,5911505.38
37187,4878198.1
37188,5929041.49
37189,18753379.900000002
37190,2230096.95
37191,2298537.77
37192,14278175.68
37193,10484895.58
37194,8878435.2
37195,54998601.45999999
37196,24014468.02
37197,6387560.11
37198,3694772.48
37199,4777479.54
37200,5351606.8
37201,4586661.07
37202,4168310.34
37203,36233444.35
37204,7261378.21
37205,9505697.5
37206,12186167.66
37207,3551286.31
37208,93488889.5
37210,5715506.850000001
37211,17829587.06
37212,9708177.15
37213,9618762.65
37214,170542503.01
37216,13529764.8
37217,10044268.33
37218,9157396.780000001
37219,3919938.39
37220,4237417.54
37221,6489655.6
37222,4339865.87
37223,2779953.3000000003
37224,7174377.680000001
37225,17211021.58
37226,44041449.6
37228,17882134.4
37229,1519016.98
37230,7981941.92
37231,15864506.42
37232,17627034.25
37233,128548457.84
37234,4205127.29
37236,2901828.08
37237,6578402.5600000005
37238,5736010.2
37240,4868084.68
37241,7901787.159999999
37242,12042430.21
37243,19792746.28
37244,1969999.63
37245,12911883.35
37246,2510749.4
37247,10632786.26
37248,3104470.31
37249,12663371.57
37250,28754573.32
37251,9373022.07
37252,3837060.0
37253,1276033.89
37254,14703518.29
37255,2183582.82
37256,2954068.33
37257,10723677.65
37258,3172420.7399999998
37259,5337218.97
37260,3206289.41
37261,1190040311.91
37262,1737786.59
37263,20312921.72
37264,6195370.88
37265,2395095.16
37266,45144157.019999996
37267,25717286.13
37268,1826976.5499999998
37269,6549757.99
37270,18188878.19
37271,10500892.59
37272,8597465.66
37273,30649095.7
37274,2603410.05
37275,1278774.7599999998
37276,13940890.24
37277,5562695.12
37278,13184320.88
37279,7510627.37
37280,2578233.77
37281,35821469.52
37282,21311706.37
38001,49822960.86
38002,13565479.11
38003,7808714.8100000005
38004,10576213.79
38005,51610797.21
38006,69538570.83
38008,3820769.71
38009,7561562.94
38010,5954934.34
38011,7299143.100000001
38012,27371831.86
38013,21422037.06
38015,15185442.73
38017,9227372.28
38018,6970692.75
38019,7953812.14
38020,40148099.56
38022,53980593.879999995
38023,4915949.19
38026,12552319.9
38027,34582045.86
38029,12911921.38
38030,15269958.3
38031,2908149.87
38032,6689306.18
38033,6929765.17
38034,31381305.61
38035,8842141.05
38036,3318055.63
38037,7135117.22
38038,5103086.71
38039,54429027.879999995
38040,9529988.13
38041,2801372.61
38042,8843295.55
38043,8986200.379999999
38044,14349073.049999999
38045,25575477.7
38046,12053191.65
38047,2153316.17
38048,9409846.48
38049,4425080.39
38050,4967768.13
38051,13137251.89
38052,45637372.43
38053,262778730.27
38054,21207368.53
38055,5805331.91
38056,3443440.26
38057,15010387.13
38058,15915695.12
38059,23438863.62
38060,2554756.5100000002
38061,21650808.95
38062,9058992.32
38063,4280124.68
38064,25326474.130000003
38065,19193628.73
38066,2024420.55
38067,11477614.979999999
38068,12480856.98
38069,10109087.35
38070,10685760.75
38071,33494179.09
38072,28103975.29
38073,8491497.05
38074,3445630.13
38075,34016542.92
38076,13206943.36
38077,7712685.33
38078,10475145.06
38080,7286531.31
38081,12983309.14
38082,16372083.58
38083,4358688.4
38084,7679008.05
38085,74431139.27000001
38086,6515518.96
38087,73061256.71
38089,3041214.78
38090,4081525.8
38091,6050843.72
38092,6598741.24
38093,5378825.850000001
38094,16082441.09
38095,48016999.82
38097,32387680.45
38098,5999923.100000001
38099,9821607.22
38100,66437989.05
38101,8326097.44
38102,6145590.07
38103,6611962.43
38104,10067498.91
38105,17745851.919999998
38106,4091748.37
38107,11619194.41
38108,3773440.59
38109,6459457.41
38110,17583765.15
38111,70391951.47999999
38112,5774603.06
38113,7077867.04
38114,9943462.42
38115,5718255.45
38116,2848345.2800000003
38117,6966303.57
38118,18858820.080000002
38120,12646231.25
38124,17958319.52
38126,33121864.020000003
38127,3023632.54
38128,19249032.97
38129,16056388.270000001
38130,33300538.419999998
38131,11071196.15
38132,3463014.11
38133,31373285.630000003
38134,7006773.76
38135,8727170.469999999
38136,6290824.57
38137,4230075.31
38138,43637577.82
38139,35674999.019999996
38140,195311940.48
38141,6729862.149999999
38144,25752516.9
38146,4709892.3
38147,6815587.36
38148,17112145.87
38149,16775189.16
38150,70014629.0
38151,318253075.01
38152,16857766.18
38153,10286303.38
38154,5377621.86
38155,14687707.98
38156,7775510.18
38157,31389235.69
38158,161367260.03
38159,5731419.52
38160,19539415.77
38161,9545005.32
38162,8697458.620000001
38163,26022531.54
38166,7129870.66
38167,4995409.9399999995
38169,169999894.06
38170,58256478.339999996
38171,4725665.27
38172,7923058.41
38173,11401889.18
38174,8766352.34
38175,34257027.7
38176,13614325.13
38177,8456934.44
38179,76755349.78
38180,7578738.22
38181,41804410.93
38182,41255213.309999995
38183,3281271.81
38184,13105934.28
38185,1615200845.06
38186,15166411.969999999
38187,16191665.55
38188,13918913.56
38189,47253347.52
38190,13535795.02
38191,173168394.37
38192,4070110.77
38193,51110211.44
38194,22100565.54
38195,9373851.93
38197,13849536.39
38198,5572218.55
38199,11482898.27
38200,53648433.54
38203,4755890.39
38204,5382341.03
38205,33172902.39
38206,13811131.96
38207,4834236.56
38208,4437713.010000001
38209,4270405.86
38210,6320088.55
38211,2977731.09
38212,22879012.82
38213,5789002.8
38214,18510053.33
38215,19841407.189999998
38216,3917112.69
38217,4260685.51
38218,13984422.299999999
38219,6688618.1
38221,4011375.59
38222,6540833.36
38223,16260968.959999999
38224,4897466.37
38225,57235794.44
38226,15216231.899999999
38228,7056358.71
38229,207286974.69
38230,9652590.63
38231,7399031.49
38232,4643022.03
38235,6338078.18
38236,16529372.6
38237,9764616.51
38238,16498721.89
38239,83992361.28
38240,5735755.89
38241,2002845.99
38242,13396733.41
38243,4094372.75
38244,4920535.96
38245,3148964.99
38246,9757091.040000001
38247,38099341.57
38248,8333022.48
38249,82918289.03999999
38250,5543109.71
38252,1719830.76
38253,143994111.98
38254,7770335.48
38255,2467789.62
38256,16010612.75
38257,5337214.54
38258,1987898.1500000001
38259,6526152.71
38260,3768912.9299999997
38261,50377151.51
38263,3429790.36
38264,7833663.84
38265,12951742.440000001
38266,5095808.62
38267,7508749.7700000005
38268,5647141.0
38269,58996323.59
38270,13960411.41
38271,11132298.31
38272,7734429.25
38273,7098854.92
38275,4214766.16
38276,23816748.259999998
38277,4703200.989999999
38278,6771420.67
38279,8422196.49
38280,6908506.92
38281,22389008.85
38282,6580871.2700000005
38283,2906722.77
38284,6736132.84
38285,7363043.89
38286,2881274.9
38287,8587881.83
38288,10916176.6
38289,48229072.27
38290,5652411.53
38291,7856616.02
38292,24851077.36
38294,4794925.31
38295,4419815.66
38296,6146416.52
38297,11704739.9
38298,38191061.35
38299,8616408.47
38300,6529905.92
38301,5071535.92
38303,6900721.0
38304,8927954.41
38307,5316011.74
38308,5713666.5600000005
38309,21170936.69
38310,9656364.52
38311,8124652.090000001
38313,2191196.62
38314,87944783.74
38315,26767162.77
38316,38210626.98
38317,163736365.01999998
38318,50212120.56
38319,17354096.85
38320,21573910.48
38321,3655389.81
38322,4966565.62
38323,5601809.34
38324,5064648.86
38325,4688329.08
38326,4858253.64
38328,13192350.99
38329,3221356.17
38330,2663685.13
38331,5950657.43
38332,28402289.37
38333,10351639.45
38334,18671996.64
38335,9329550.15
38336,23495694.15
38337,44495321.07
38338,8713629.14
38339,13422759.4
38340,15937881.66
38341,11305363.39
38342,5512452.57
38343,9381768.74
38344,47843198.1
38345,4163052.35
38346,3622719.68
38347,19373465.89
38348,37852677.01
38349,19731674.23
38350,11983091.87
38351,10582059.47
38352,17326271.29
38353,8755408.37
38354,2856366.79
38355,5141912.8
38356,5797891.52
38357,14855816.3
38358,5268992.9
38359,22568035.4
38360,5311931.72
38361,2177197.92
38362,9534185.31
38363,7519171.3100000005
38364,7201274.09
38365,5025908.87
38366,4260693.989999999
38368,11167094.51
38369,11294860.57
38370,7470368.27
38372,4951343.4
38373,8025787.09
38374,32499250.65
38375,22441741.98
38376,8104063.07
38377,19758845.49
38378,44471440.61
38379,3510060.5700000003
38380,3419151.42
38381,14175418.100000001
38382,177480541.95
38383,33023119.490000002
38384,34435041.33
38386,24899834.88
38387,5590956.65
38388,21675167.61
38389,38479545.43
38390,6737931.15
38391,4469188.26
38392,6540257.49
38393,8223443.7299999995
38394,24451098.01
38395,39711433.82
38396,13586272.33
38397,67885894.62
38398,3656704.35
38399,48004937.63
38400,29842327.48
38401,11752882.97
38402,5699127.71
38403,5861856.83
38404,5267164.88
38405,8346107.54
38406,2915279.96
38407,8865425.76
38408,29477308.66
38409,12999603.41
38410,16801957.91
38412,40506550.53
38413,5802868.5
38414,2129895.88
38415,10787369.39
38416,107227456.85
38417,7444693.75
38418,6616886.16
38419,4444750.46
38420,2092573.31
38421,354743949.58
38422,95278621.31
38423,60035734.14
38424,3903053.26
38425,106406276.48
38426,11281471.639999999
38427,4372773.88
38428,3257149.32
38429,6177602.13
38430,9348074.27
38431,26850623.4
38432,10462350.67
38433,11464261.67
38434,5627030.04
38436,15254587.52
38437,5178197.44
38438,3721361.06
38439,57694456.269999996
38440,7914856.4
38442,30382238.93
38443,7366507.65
38444,4746854.33
38445,4568809.65
38446,14070767.51
38448,8161319.99
38449,65730002.660000004
38450,20833394.75
38451,21423060.39
38452,4833843.7299999995
38453,20375700.759999998
38454,19146031.56
38455,36091011.42
38456,17688538.62
38457,25976421.93
38458,4146511.8800000004
38459,6849404.779999999
38460,4702439.79
38462,3937176.2600000002
38463,13978321.32
38464,16839255.19
38465,6994125.58
38466,23756777.56
38467,7268977.510000001
38468,76390231.94
38469,7074027.76
38470,14719465.94
38471,18098617.150000002
38472,3873276.35
38473,8162851.45
38474,97020713.96
38475,52427415.739999995
38476,3812224.21
38478,13353416.27
38479,19629047.64
38480,18243469.07
38481,8145634.48
38483,10897339.07
38484,13528284.78
38485,100485607.02
38486,72171075.09
38487,18596538.81
38488,4011206.47
38489,2417207.26
38490,13146505.540000001
38492,7113825.33
38494,4676878.08
38495,4417735.08
38496,7880240.87
38497,1913161.6300000001
38498,5139836.81
38499,13164520.16
38500,8916708.95
38501,22032587.25
38503,22138302.72
38504,27379178.130000003
38505,8717406.34
38507,50917540.75
38508,6847873.23
38509,62531944.1
38511,41391032.9
38512,6268039.22
38513,5536194.18
38514,5181283.2299999995
38515,22936938.77
38516,64053269.93
38517,53836995.94
38518,8963385.74
38519,19262817.35
38520,4683876.15
38521,3473816.67
38522,10128647.5
38523,8500740.03
38524,66081376.11
38525,5333542.81
38526,4179511.4499999997
38527,250172156.41
38528,6015512.12
38529,20783247.4
38530,11210785.7
38531,6616380.32
38532,5396933.62
38533,8065106.95
38535,2757032.39
38536,11789975.86
38537,68253464.21000001
38538,38865653.13
38539,5352272.48
38540,23618592.7
38542,3785240.73
38543,16382226.57
38544,235403556.0
38545,81603610.51
38546,6436764.24
38547,97354523.57000001
38548,87029257.8
38549,1151598.55
38550,15752415.3
38551,4388892.7700000005
38552,3846204.72
38553,50035876.6
38554,10053957.11
38555,7288300.66
38556,10762166.219999999
38557,39539612.81
38558,16141198.9
38559,57276882.83
38560,11859597.57
38561,17111232.84
38562,58437943.41
38563,168710443.07
38564,4733752.92
38565,99681873.03
38566,14059544.14
38567,38220150.8
39001,19528672.41
39002,554924.1
39003,558640.6699999999
39004,546461.78
39006,3510864.38
39007,1968634.5899999999
39008,3450562.23
39009,4912910.38
39010,1558122.72
39011,3158211.32
39013,41155870.08
39014,2080606.47
39015,2189580.55
39016,14916622.81
39017,9644250.05
39018,9608319.54
39019,2430965.25
39020,2773400.42
39021,5144762.23
39022,6111370.78
39024,2444306.2
39025,2426291.92
39026,1003779.5499999999
39027,2269107.32
39028,3720544.29
39029,2037770.2
39030,12739294.74
39031,1622431.86
39032,2734818.44
39034,1783229.52
39035,3381298.73
39037,2237877.73
39038,2827308.43
39039,2513381.17
39040,1772048.02
39041,5729186.95
39042,2376194.31
39043,14091244.31
39045,737592.66
39046,2260079.14
39047,10126818.11
39048,2361688.29
39049,3792329.9699999997
39050,2496801.79
39051,3544786.6799999997
39052,1224728.76
39053,3266096.63
39054,727759.26
39055,1092229.49
39056,19274547.27
39057,1016174.45
39058,2122601.29
39059,17253187.83
39060,711930.0
39061,1070029.85
39062,2135338.1
39063,3101406.65
39065,1326405.02
39066,1541196.5
39068,4137942.71
39070,1127224.62
39072,2164093.6599999997
39073,2026978.29
39074,2409276.66
39076,1858990.47
39077,691278.34
39078,3881517.45
39079,3346149.0
39080,637346.1499999999
39081,4343011.5600000005
39083,3467305.32
39084,2173568.58
39085,1733560.64
39086,4936920.87
39088,1725412.88
39090,693156.19
39091,1971585.74
39092,1860372.98
39093,3206079.15
39094,2736967.43
39095,1512347.8900000001
39096,4383464.14
39097,76467651.44
39099,3983617.62
39100,1449686.92
39101,11694551.73
39102,2865949.94
39103,2320031.29
39104,4955803.7299999995
39105,3584721.54
39106,4541821.859999999
39107,1915370.82
39108,745847.67
39109,1949843.47
39110,534037.71
39111,901664.21
39112,1165474.36
39114,2973551.7199999997
39116,2504282.9299999997
39117,997239.34
39118,1723501.22
39119,623782.3799999999
39120,3010332.29
39121,2805761.98
39122,1651537.57
39124,5127563.78
39126,4520315.0
39127,778142.37
39128,13283688.120000001
39129,8949889.03
39130,21034444.5
39131,11345882.29
39132,289072.51
39133,902311.6599999999
39134,2965362.93
39136,490974.56
39137,6467801.04
39138,3165826.3000000003
39139,614936.65
39140,663570.66
39141,3133408.22
39142,2274237.14
39143,821783.15
39145,1862811.4300000002
39146,4721208.26
39147,1774344.14
39149,3554831.39
39150,15196860.139999999
39151,2696113.35
39153,6326308.28
39154,25511160.75
39155,1335368.29
39156,2153018.42
39157,789372.51
39159,2852925.1799999997
39160,8463045.959999999
39162,1242457.09
39163,1394345.0999999999
39164,5176692.390000001
39165,835824.5499999999
39166,2629175.36
39167,2426275.3
39168,363643.31
39169,5058916.4399999995
39170,4501567.67
39171,10067178.91
39172,2974316.08
39173,16507638.53
39174,619574.5
39175,790505.16
39176,4243921.06
39177,10540025.95
39178,2584826.98
39179,1882478.82
39180,3077429.75
39182,3278097.2399999998
39183,3702632.03
39184,3812845.29
39185,2412674.36
39187,3592354.65
39188,2236183.28
39189,19166622.44
39190,12811196.42
39191,764355.35
39192,896988.56
39193,5942184.819999999
39194,3184070.06
39196,1834902.3900000001
39197,3507055.27
39198,233963824.86
39199,11423337.23
39200,4406870.76
39201,4083037.64
39202,1627066.1400000001
39203,1637770.15
39204,385432.55
39205,2236378.35
39206,1412718.93
39207,1245996.62
39208,3293587.26
39209,5159670.7
39210,3713633.03
39211,2359183.91
39214,3855867.0
39216,4859223.49
39217,4324738.15
39218,4608272.05
39219,4049206.4
39220,2546480.69
39221,831218.14
39222,1083185.43
39223,2356205.39
39225,1702760.0
39227,3551837.29
39228,28337694.37
39229,1489120.97
39230,3229386.52
39232,4695599.47
39233,13837980.8
39234,1132904.63
39235,11477273.76
39236,189499.18
39237,1271584.29
39238,986408.66
39239,1228221.08
39240,5437941.25
39241,3031900.22
39244,2205273.53
39245,1763047.0899999999
39246,7951712.9399999995
39247,654043.7999999999
39248,823599.31
39249,758631.07
39250,566807.12
39251,4913669.58
39252,4403629.7
39253,4923807.35
39254,2263743.83
39255,2146143.42
39258,11468137.65
39259,399409.92
39261,1038256.79
39262,1220905.3599999999
39263,3247838.56
39265,1949387.85
39266,2370520.2399999998
39267,1691382.2400000002
39268,1437272.87
39269,2741379.89
39270,4060220.71
39271,7093277.35
39272,761221.43
39273,4418287.18
39274,5702625.51
39275,11207593.3
39277,918722.5499999999
39278,2110345.92
39279,4161159.81
39280,1148061.49
39281,657931.86
39282,1615501.78
39283,4786178.63
39284,1898639.93
39285,2971075.5
39286,21830780.779999997
39288,2361260.36
39289,3614892.33
39290,5540020.19
39291,6317511.26
39292,1391594.2000000002
39293,3706641.52
39295,1837711.97
39296,1878536.64
39297,15529336.59
39298,1013445.27
39299,5025464.08
39300,172979619.39
39301,3195485.13
39302,2225910.57
39304,1708577.15
39305,2890482.8200000003
39306,6363944.83
39307,4858573.76
39308,3066691.12
39310,4427434.84
39312,1752274.96
39313,4450905.27
39314,1449749.46
39315,3192778.27
39317,2101326.86
39318,2148614.46
39319,742105.69
39320,3888462.0300000003
39321,1291804.53
39322,1181207.8599999999
39323,2242462.63
39324,144414.31
39325,4162741.94
39326,1662447.8499999999
39327,9385502.13
39328,3086537.9699999997
39329,2560219.75
39330,1561679.23
39331,19269870.34
39333,36077231.54
39334,1408367.46
39335,5697988.33
39336,896966.14
39337,842416.42
39338,2025084.53
39339,11329315.120000001
39342,2286595.7
39343,336492.93
39344,1758400.32
39345,5604303.600000001
39346,1361346.91
39348,4173991.9
39349,2695124.2199999997
39350,1477782.99
39351,2441447.1799999997
39352,887835.51
39353,1515775.76
39354,3302978.94
39355,2691058.82
39356,1302020.4500000002
39359,908934.22
39360,1779135.49
39361,2244248.66
39362,25661661.18
39363,861211.05
39364,5445556.2700000005
39365,15483050.92
39366,2723465.93
39367,22375077.580000002
39368,71598666.31
39370,13490227.22
39372,1409938.28
39373,3632446.5
39375,1419164.46
39376,803894.03
39377,1992552.5999999999
39378,6085250.819999999
39379,2768628.0300000003
39380,508501.87
39381,1791827.08
39385,4716289.84
39386,1337469.08
39387,3439985.87
39388,2070300.87
39389,3956069.21
39390,3478253.01
39391,6819459.75
39392,3830721.07
39393,1098631.89
39394,2212214.0
39396,8990782.11
39397,32090424.79
39398,3129801.19
39399,2680855.36
39400,980551.4
39401,1750656.13
39402,3928986.6
39403,1479505.83
39404,3893259.43
39405,8674697.96
39406,2043473.2999999998
39407,2499537.59
39408,1885645.32
39409,820893.68
39411,12648110.84
39412,3122053.2199999997
39413,6379605.41
39415,8603023.719999999
39418,939430.89
39419,1950239.3
39420,2357048.04
39421,3249831.33
39422,3051977.26
39423,825558.32
39424,4278243.8
39425,1303088.25
39426,2666240.57
39427,1582409.6600000001
39428,697915.89
39429,2432204.97
39430,1113015.5
39431,3511012.92
39432,1251349.03
39434,51414135.69
39435,4627662.29
39436,2235633.84
39437,1625057.16
39439,4093720.9
39441,20199140.84
39443,2780174.68
39444,1925101.1500000001
39445,2822446.6
39446,2193490.47
39447,1728332.0899999999
39448,6204632.08
39449,1547396.07
39451,3636678.67
39452,4513035.96
39453,4037760.03
39454,533884.8
39455,1424934.02
39456,2348776.85
39457,888165.25
39458,3110910.3200000003
39460,3305550.87
39461,1401243.85
39462,19362059.53
39463,1329773.4
39464,1301335.55
39465,1671139.23
39466,1806073.29
39467,1975242.07
39468,1647172.23
39469,1223464.03
39470,63222744.51
39471,6795290.38
39472,2094715.04
39473,2413749.4499999997
39474,1879472.4100000001
39475,26902474.86
39476,14298092.2
39477,1672271.47
39478,125144798.38
39479,2470606.46
39480,3041859.77
39481,2833329.67
39485,12857540.8
39486,1110232.54
39487,22157345.87
39489,4002306.42
39490,2032229.53
39491,24298067.28
39492,2563399.48
39493,2628609.02
39494,5664860.17
39495,1128933.3599999999
39497,2167776.19
39498,4431387.2700000005
39499,1744674.1500000001
39500,45110515.32
39501,7877988.18
39502,2667022.97
39503,3150186.86
39504,2972834.51
39505,633690.63
39507,1089472.56
39508,6059984.16
39510,11976176.91
39511,790227.74
39512,724289.21
39513,2991296.88
39514,1822240.99
39517,6765916.640000001
39518,1113870.89
39519,1739214.3699999999
39520,4467789.640000001
39522,2469837.17
39523,3138755.44
39525,2028977.26
39526,38191114.480000004
39527,836536.37
39528,4905267.64
39529,1109463.8
39530,7305671.2
39531,2062196.17
39532,452240.97000000003
39533,1550133.1
39534,5441237.38
39535,3488121.0799999996
39537,3909672.29
39538,997685.33
39539,4411382.81
39540,3324217.22
39543,2384376.81
39545,2173044.48
39546,2742770.39
39547,7185016.33
39548,903706.94
39550,2354940.5300000003
39551,2524482.65
39552,2395479.7
39553,1656606.7
39554,2613787.35
39555,1299666.34
39556,726404.71
39557,2571136.66
39558,3377212.4499999997
39559,2306118.0900000003
39560,6121043.59
39561,3680737.4499999997
39565,645766.4
39567,3119560.75
39568,357808.49
39569,3450129.76
39570,1457111.9100000001
39571,2618519.4699999997
39572,3794054.85
39573,4514457.67
39574,4942658.41
39575,549613.0700000001
39576,7961838.68
39577,3738176.78
39579,8654214.09
39581,2378990.89
39582,7487196.57
39583,4950273.37
39584,1538180.18
39585,534182.77
39586,1370950.78
40001,83673098.22
40002,14131621.950000001
40003,1505710.83
40004,16853128.5
40005,2523454.9299999997
40006,6236600.51
40007,2724333.41
40008,1724283.06
40011,2655828.6999999997
40012,1694388.7100000002
40013,2423053.0
40014,3899354.26
40015,2435413.68
40016,3111388.26
40017,3109656.39
40018,2276992.65
40019,6532496.57
40020,6536268.9
40021,5202651.22
40022,2138247.04
40023,2369664.5
40024,1781825.21
40025,6103029.6899999995
40026,2395138.07
40027,1885636.6600000001
40028,3055147.96
40029,2594344.08
40030,2056858.96
40031,8144427.55
40032,2808781.27
40033,2485909.55
40034,4437118.94
40035,2438596.53
40036,24977713.2
40037,9581124.57
40038,1789392.0599999998
40039,1806396.47
40040,2736868.84
40041,1664591.94
40042,1855233.74
40043,5364589.720000001
40044,4715174.94
40046,135036745.04
40047,2749681.91
40049,4918149.67
40050,1875791.27
40051,3459566.31
40052,2721179.7399999998
40053,4180410.7600000002
40054,2511062.1
40055,7966847.24
40056,10258453.42
40057,3060183.53
40058,2370453.09
40059,4880681.9
40060,3314111.59
40061,7063425.94
40062,2531418.54
40063,3214540.44
40064,1718942.29
40065,122506170.33
40066,3198971.41
40067,5118915.5200000005
40068,3952543.03
40069,3200863.6399999997
40070,2958607.9499999997
40071,4826719.84
40072,2431246.67
40073,1203590.28
40074,3710999.37
40075,39558896.07
40076,2572306.31
40077,5373189.41
40078,5554469.199999999
40079,1782880.0799999998
40080,8788191.43
40081,4342585.37
40082,3327983.8600000003
40083,1595744.5
40084,4305574.02
40085,4102589.8000000003
40086,3989290.49
40087,2246615.7199999997
40088,241405213.27
40089,7032433.39
40090,6065939.23
40091,4288386.79
40092,1188548.78
40093,2329389.4699999997
40094,10767877.85
40095,4214711.41
40096,1876877.86
40097,7801377.93
40098,2352235.91
40099,2593421.2
40100,2929860.79
40101,3083457.7399999998
40102,8962329.15
40103,5109481.41
40104,7735178.43
40105,7446992.97
40106,1884852.2999999998
40108,8892801.78
40109,4875332.47
40110,8084156.55
40111,7730446.66
40112,1895277.49
40113,4160234.39
40114,3794354.87
40115,1668172.11
40116,2192391.82
40117,15476450.75
40118,9290838.65
40119,55041383.74
40120,3644374.2
40121,2513322.13
40122,16127432.38
40123,7601377.54
40124,1903892.6199999999
40125,7649321.86
40126,10537873.5
40127,6220871.64
40128,4410731.51
40129,5976551.87
40130,1572210.01
40131,5650707.1899999995
40132,12893689.7
40133,41384227.309999995
40134,33812343.4
40135,10226399.370000001
40136,1676976.52
40137,3318210.4099999997
40138,2801937.08
40139,2257434.9699999997
40140,1547392.17
40141,1913503.33
40142,7768724.23
40143,3414276.5
40144,2511854.58
40145,5622109.23
40146,3255441.5700000003
40147,3692963.2199999997
40148,1211080.28
40149,2982501.42
40150,20612715.58
40151,5877466.9799999995
40152,10123769.719999999
40153,2554791.16
40154,4211877.04
40155,9177273.56
40156,6122425.53
40157,22428197.8
40158,13985558.16
40159,1937150.0
40160,2635070.5700000003
40161,2111845.27
40162,3265505.49
40163,5934619.83
40164,5729262.67
40165,2914267.91
40166,1889672.19
40167,7697834.4
40168,13616832.99
40169,5444242.9399999995
40170,2025182.65
40171,4221466.77
40172,3254451.68
40173,1945294.58
40174,1641157.45
40175,3170519.65
40176,1203025.51
40177,2985399.09
40178,5822287.65
40179,8247912.7
40180,10009064.27
40181,7789175.21
40182,10698718.379999999
40183,5596069.39
40184,106433527.96
40185,3510256.4699999997
40186,4176341.29
40187,15967601.5
40188,3301099.2800000003
40189,1774947.8299999998
40190,5507603.42
40191,8975233.52
40192,275381550.68
40193,1449394.11
40194,10568987.32
40195,4210207.74
40196,4367566.840000001
40197,61273731.61
40198,1686747.5999999999
40199,2715342.88
40200,4985314.68
40201,18318763.59
40202,12621018.43
40203,2891370.62
40204,2954799.0100000002
40205,1778394.02
40206,2591699.11
40207,8186733.05
40208,2568029.91
40209,38138017.69
40210,9220610.18
40211,5762553.02
40212,4531068.51
40213,4070851.15
40214,3432908.74
40215,4075012.7
40216,1458921.84
40217,44205389.910000004
40218,2940375.53
40219,1248226.19
40220,1973878.35
40221,3436697.14
40222,4900287.99
40223,2642630.77
40224,28322428.349999998
40225,1764945.43
40226,3125474.2399999998
40227,17767709.18
40228,17956459.4
40229,13286742.52
40230,25632560.37
40231,5727521.37
40232,2195667.42
40233,20034457.93
40234,8342622.25
40235,5868620.46
40236,6798412.85
40237,6076422.48
40238,3940302.5
40239,1668144.01
40240,4431989.5200000005
40242,2480753.78
40243,37404378.51
40244,6506613.899999999
40245,17874723.41
40246,17819955.37
40247,2715722.31
40248,8874165.15
40249,5001038.68
40250,8400042.040000001
40251,1833642.48
40252,3754442.9400000004
40253,5049344.1899999995
40254,4183951.58
40255,3597999.9499999997
40256,4925534.57
40257,11639969.42
40258,2144419.73
40259,2646954.9
40260,3655417.81
40261,17352070.59
40262,4574701.29
40263,3266457.77
40264,8554241.15
40265,1605549.08
40266,22448431.03
40267,7942988.92
40268,4322789.99
40269,7703527.12
40270,3909839.1
40271,7889945.86
40272,8332223.33
40273,45861928.01
40274,12426259.28
40275,3643282.52
40276,2946895.68
40277,5248750.41
40278,4361473.53
40279,87283573.05
40280,17002785.18
40281,87420866.39999999
40282,55624525.86
40283,16210991.15
40284,42630385.92
40285,4124021.6999999997
40286,7864165.83
40287,34821100.46
40288,8091999.28
40289,2604832.15
40290,1244806.7
40291,10500380.17
40292,6230756.32
40293,5903122.82
40294,4902019.46
40295,9358509.75
40296,55379656.78
40297,5622081.5600000005
40298,3261065.69
40299,2709623.08
40300,4506204.22
40301,1124721.6099999999
40303,6610808.63
40304,68330701.03999999
40305,4472674.109999999
40306,6091917.390000001
40307,13282555.36
40308,5402475.53
40309,10027667.76
40310,53673422.980000004
40311,3959636.52
40312,118286058.83
40313,37381595.58
40314,7653226.53
40315,4768588.7
40316,4768653.82
40317,14335495.52
40318,2661546.54
40319,4593952.33
40320,3380365.85
40321,2700051.51
40322,2556413.67
40323,3697275.39
40324,2776167.15
40325,2434338.46
40326,23145146.39
40327,5123417.16
40328,25782606.36
40329,4078518.84
40330,2806292.8499999996
40331,21011361.51
40332,20289194.56
40333,7838358.45
40334,4034675.9299999997
41001,1425789.06
41002,10800290.75
41003,3261953.32
41004,2863289.07
41006,1695043.52
41007,5189549.58
41008,4935482.48
41009,6027895.66
41010,5668353.74
41012,2617161.8200000003
41013,2187174.68
41014,1375874.32
41016,7806387.45
41017,3030216.16
41018,646886615.87
41019,1078741.56
41020,6332384.82
41022,1510852.11
41024,2946549.52
41025,10727985.49
41026,2000868.59
41027,739093.59
41028,3303037.98
41029,10708202.77
41030,2612885.0500000003
41031,13994731.05
41032,23778004.66
41034,1528655.47
41035,5440486.83
41036,4108305.1799999997
41037,1440914.05
41038,2230022.55
41039,5311963.0200000005
41040,8981454.05
41041,1324942.16
41042,4998280.45
41043,13657338.32
41044,6007086.76
41045,8582741.93
41046,13557943.65
41047,39340124.15
41048,1953342.31
41049,20010181.06
41050,9799493.61
41051,8419303.78
41052,7882993.16
41053,4454248.53
41054,2323361.02
41055,19074639.64
41057,1275534.91
41058,922580.1799999999
41059,74279645.3
41060,8331549.96
41061,6066614.0200000005
41062,3972015.08
41063,3206095.73
41065,3255011.73
41066,3292815.99
41067,19816614.73
41068,4953550.52
41069,3211676.64
41070,6230353.21
41071,4676330.45
41072,2261427.76
41073,4532063.05
41074,11136482.6
41075,11058166.3
41077,1692474.06
41078,6189706.680000001
41079,1131339.6300000001
41080,12267399.75
41081,1254871.82
41083,5210074.36
41084,7522310.24
41085,7712875.76
41086,5541766.96
41087,3353590.59
41088,1252730.57
41089,2077366.84
41090,1616830.28
41091,17339771.810000002
41093,2366192.06
41094,6890501.98
41095,7912291.180000001
41096,2472369.0
41097,12198113.49
41098,860127.92
41099,5651489.850000001
41100,2477471.96
41101,11138915.42
41102,4267585.87
41103,2371087.17
41104,15543365.639999999
41105,3840832.13
41106,39669144.81
41107,2732920.86
41108,1362179.97
41109,6626582.1899999995
41110,4952560.55
41112,2812430.12
41113,3029450.52
41114,4656796.6
41115,2162139.04
41116,1458960.46
41118,2639529.0700000003
41119,1813770.8900000001
41120,11070868.540000001
41121,646051.47
41122,2432472.69
41123,4881801.92
41124,2406085.52
41125,5490895.21
41126,11325895.19
41127,1965266.29
41128,6528900.49
41129,4936493.5600000005
41130,4412827.05
41131,5270788.11
41132,2923470.67
41134,8521458.57
41135,7585141.8
41136,57658567.78
41137,5227200.64
41138,1915474.82
41139,9107862.36
41140,6263466.27
41141,1617348.99
41142,17805224.23
41143,14025695.21
41144,6606519.2
41145,5050451.0
41146,9292241.8
41147,12385281.08
41148,12137061.6
41149,29192235.33
41150,23695062.13
41151,42850096.17
41152,6086891.26
41153,2099601.89
41154,11651355.83
41155,7836104.32
41156,2918146.53
41157,12846085.34
41158,16857446.91
41159,13764364.89
41160,1913050.38
41161,34882944.9
41163,1608091.6300000001
41164,18210440.41
41166,4533368.08
41167,29646448.47
41168,2005445.56
41171,13203497.23
41172,1558062.03
41173,28825492.71
41174,1442880.79
41175,7786224.29
41176,6953791.78
41177,4547025.49
41178,852719.68
41179,1770780.36
41180,15035431.16
41181,8299166.75
41182,1353360.6600000001
41184,3710960.6799999997
41185,15955608.620000001
41186,1442758.8
41187,1731984.34
41188,1210393.76
41189,2845239.56
41190,1786749.97
41191,585361.22
41192,3339933.59
41193,1280962.6099999999
41194,239131402.65
41195,1594276.13
41196,1239377.46
41198,30587804.15
41199,7818790.35
41200,2999918.51
41201,2833525.1
41203,5249895.87
41204,14438762.93
41205,1902722.3199999998
41206,6771511.75
41207,8939368.6
41208,1303134.23
41209,4521281.3
41211,17547394.57
41212,27456048.91
41213,1369681.4200000002
41214,4663135.46
41215,821323.85
41216,2828004.5100000002
41217,7012386.89
41218,2979164.5300000003
41219,1241827.4100000001
41220,64424616.660000004
41221,2541965.0100000002
41222,3109708.57
41223,4981029.46
41224,863707.91
41225,7052435.350000001
41226,24213424.95
41228,1910549.42
41229,12080748.06
41230,18140653.22
41231,10760562.46
41232,44836247.18
41233,6230417.99
41234,2942127.63
41235,10827632.66
41236,1532924.63
41237,11549573.75
41238,21326549.52
41239,8415752.37
41241,13162355.3
41242,53862345.14
41243,6755910.38
41245,2173263.83
41246,2873338.96
41247,28007886.35
41248,11657336.74
41249,9409942.36
41250,7228293.07
41251,5383536.9
41252,10549710.68
41253,3126895.18
41254,1251590.83
41255,3047457.76
41256,11803007.86
41258,7603838.19
41259,5988866.72
41260,2180017.36
41261,1434178.8399999999
41262,5350000.87
41265,5886792.48
41266,1936366.06
41267,3985354.97
41268,2956227.37
41269,170177345.28
41271,8813370.68
41273,4056425.9
41274,1604895.72
41275,9864614.0
41276,26399233.62
41277,1022616.8200000001
41278,1642523.09
41279,3571272.8400000003
41280,16769596.83
41281,3951928.9299999997
41282,4093195.05
41283,2593328.73
41284,321727.24
41285,2264766.25
41286,1323175.46
41287,2415521.8
41288,6425207.29
41289,2561152.8600000003
41290,1831573.96
41291,2025977.6500000001
41292,1907115.23
41293,1793964.82
41294,10464169.3
41295,71806112.78999999
41296,10816301.27
41297,4021605.11
42001,4561875.0
42002,2342590.3800000004
42003,18061429.81
42005,206190696.87
42006,5543005.3
42007,2649257.08
42008,2851124.46
42009,2954228.7199999997
42010,11758739.11
42011,28242889.64
42012,3731520.46
42013,13427901.67
42014,3928208.3
42015,18088752.99
42016,5387671.67
42017,6064282.6
42018,5991099.36
42019,33613747.83
42020,7667256.54
42021,6159225.9399999995
42022,28824404.49
42023,41389261.88
42025,1797418.05
42026,11215440.21
42027,6498219.43
42028,5345626.88
42029,12218642.7
42030,5003921.92
42031,2962177.02
42032,10910095.9
42033,7272487.72
42034,1910142.28
42035,3042921.98
42036,4343081.61
42037,4820153.36
42038,5646506.6
42039,10258366.28
42040,2133775.9
42041,6981225.36
42042,7774186.669999999
42043,16724000.63
42044,164504456.87
42045,2022797.25
42046,17886841.57
42047,5293266.47
42048,7251207.26
42049,7833658.05
42050,2840879.64
42051,5309958.47
42052,32928085.439999998
42053,23716656.65
42054,2718040.78
42055,2338393.54
42056,30023185.16
42058,3674261.14
42059,51387699.65
42060,6000595.359999999
42061,7114981.67
42062,6486014.39
42063,4604356.82
42064,5771537.08
42065,10218491.969999999
42066,5747344.48
42067,3581159.75
42068,3393275.4299999997
42069,20370375.97
42070,10476786.379999999
42071,58802991.440000005
42072,1927662.1900000002
42073,3378993.85
42074,9177756.74
42075,6735070.02
42076,9298599.0
42077,4113836.06
42078,6976117.699999999
42079,5868512.86
42081,9074810.7
42083,5391015.5
42084,1734411.32
42085,11182540.309999999
42086,6103580.39
42087,6634042.149999999
42088,7213058.1
42089,4138213.4499999997
42090,3926917.5
42091,7296705.2
42092,30347490.72
42093,9278978.73
42094,68747605.61
42095,217267837.29999998
42096,8856653.34
42097,56134020.14
42098,6661979.93
42099,33311179.94
42100,4239504.16
42101,1895013.56
42102,8508920.790000001
42103,52249216.44
42104,7274579.58
42105,1687265.61
42106,3940604.1700000004
42107,2589577.35
42108,6286317.7
42109,2179159.58
42110,53218770.15
42112,5404518.92
42113,2289728.45
42115,10729352.67
42116,4817292.95
42117,1632341.79
42118,6451904.7
42119,4388474.69
42120,12514542.55
42121,2056443.27
42122,8376074.91
42123,55739186.49
42124,2772443.54
42125,2308533.57
42126,12656590.67
42127,71955955.81
42128,5129036.05
42129,20222763.68
42130,4099530.4699999997
42131,3622058.07
42132,4110123.22
42133,7530339.92
42134,9933704.23
42135,3696754.56
42136,8715445.77
42137,5661735.21
42138,4959476.62
42139,14008671.1
42140,7264629.6
42141,4064419.17
42142,5331809.66
42143,3890830.61
42145,10494252.92
42146,2489126.22
42147,148700799.56
42148,4689503.49
42149,94477697.33
42150,6387261.59
42151,2311015.17
42152,5061358.86
42153,4736535.62
42154,4641514.9799999995
42155,8828038.05
42156,12546295.49
42157,7394498.94
42158,3234190.4400000004
42159,17874195.23
42160,2356901.68
42161,6475669.79
42162,7048217.48
42163,15320622.93
42164,2481261.78
42165,24006283.29
42166,6170933.0600000005
42167,4261135.84
42168,38324806.06
42169,8287317.33
42170,22001880.86
42171,3496102.0100000002
42172,8213998.04
42173,4263088.36
42174,5670393.0600000005
42175,9139500.08
42176,10230448.48
42177,18202805.68
42178,5925453.26
42179,5999092.63
42180,4341764.46
42181,14498867.17
42182,26278945.66
42183,79003696.2
42184,94300692.18
42185,8020841.75
42186,176393108.74
42187,425885169.36
42188,4320492.7
42189,89267584.96
42191,6367366.55
42192,4860629.779999999
42193,9448065.81
42194,3361554.33
42195,9570257.44
42196,2033166.32
42197,5689902.02
42198,13226135.139999999
42199,14434429.72
42200,15490159.59
42201,4807418.16
42202,4337237.64
42203,4215330.72
42204,17747842.099999998
42205,8720956.2
42206,19500865.61
42207,386687392.05
42208,17258145.0
42209,5277629.12
42210,6481967.6899999995
42211,14987497.69
42212,8246814.48
42213,2842425.77
42214,5349800.13
42215,11881473.01
42216,6536872.81
42217,5971994.870000001
42218,1845997240.73
42219,5369296.88
42220,6977250.04
42221,4126788.54
42222,88529414.94
42223,60909617.37
42224,28356347.61
42225,28106371.17
42226,3580746.08
42227,6963976.03
42228,6263585.51
42229,4108456.83
42230,19140185.22
42231,11600529.040000001
42232,7279598.869999999
42233,7194440.03
42234,44372600.87
42235,4716154.029999999
42236,4408674.72
42237,69969841.34
42238,5028201.779999999
42239,10498057.06
42240,12595117.94
42241,4072672.79
42242,12590823.959999999
42243,3097003.59
42245,7264781.01
42246,10730021.4
42247,5210973.68
42248,9566781.129999999
42249,14854404.69
42251,4073191.3200000003
42252,5221389.76
42253,5152765.67
42254,7770754.29
42255,4967548.21
42256,31067499.82
42257,12471075.72
42259,31771580.810000002
42260,9323383.67
42261,7310079.080000001
42262,12666096.03
42264,7078602.68
42265,7656848.08
42266,5530055.58
42267,16806268.37
42268,11459962.41
42269,1836898.13
42270,13124672.59
42271,44574350.07
42272,12069430.65
42273,3792245.27
42274,2122919.27
42275,57614988.160000004
42276,6735780.54
42277,5726690.57
42278,1496495.8
42279,107206195.78
42280,4640290.63
42281,2144438.4
42282,3323806.84
42283,11138896.53
42284,11497313.76
42285,35021141.03
42286,7633185.779999999
42287,11808473.39
42288,7533204.819999999
42289,22995207.11
42290,2758363.37
42293,10132129.4
42294,10287372.8
42295,11017925.06
42296,3237391.46
42297,4925255.28
42298,7828416.64
42299,33335668.6
42300,5429159.779999999
42301,5323775.45
42302,65776609.839999996
42303,3242348.81
42304,35488571.52
42305,83895538.29
42306,3272541.24
42307,8243215.55
42308,11525225.799999999
42310,3800542.25
42311,18149256.09
42312,7260953.899999999
42313,4266957.7
42314,5704927.23
42315,3256546.88
42316,84231626.92
42317,2027957.96
42318,17482098.5
42319,4287717.77
42320,7375948.77
42321,3183548.04
42322,11438787.74
42323,66898398.51
42324,7121344.49
42325,4095697.1
42326,7170663.21
42327,4559431.91
42328,4916906.07
42329,4344917.47
42330,69890389.49
42331,7867943.91
42332,30992627.09
42333,5769697.53
42334,14473804.67
42335,2607885.73
42336,5491921.989999999
42337,3745139.58
42338,11505978.41
42339,3480171.12
43001,4721856.6
43002,15684033.02
43003,15053406.870000001
43004,4512811.5200000005
43005,8960491.17
43006,5359763.909999999
43007,10698619.44
43008,3726949.5
43009,445215.56
43010,9262755.9
43011,2719838.59
43012,67444408.03
43013,4683788.4
43014,1358491.47
43015,1712145.23
43016,8895557.870000001
43017,4328831.26
43018,20371843.83
43019,1754889.6300000001
43020,35729788.22
43021,10986256.11
43022,2715283.94
43023,3364455.57
43024,6414399.26
43025,27164240.62
43026,5385409.21
43027,2069928.1300000001
43028,3125755.15
43029,3185151.69
43030,4498770.279999999
43031,1889096.24
43032,17507160.81
43033,12712233.309999999
43034,4830700.82
43035,3628173.3200000003
43036,4584654.17
43037,3671299.06
43038,6064661.21
43039,7953620.600000001
43040,99538905.77
43041,45733897.449999996
43042,7851060.96
43043,5908632.0200000005
43044,2918910.76
43045,4155543.7
43046,19676926.79
43047,3335159.33
43048,16250557.19
43049,13449985.46
43050,1355196.56
43051,35827664.68
43052,2847517.06
43053,4051042.98
43054,9945520.13
43055,3269739.71
43056,5817880.46
43057,1877602.56
43058,9624041.09
43059,3540648.91
43060,1852996.1500000001
43061,5825712.66
43062,14391712.81
43063,2881998.4699999997
43064,3779406.19
43065,3171731.38
43066,4766337.79
43067,2912673.2199999997
43068,777300.54
43069,3360985.7
43070,7267656.21
43071,5433758.95
43072,1918975.65
43073,3165061.38
43074,8368376.22
43075,1793657.3599999999
43076,4624357.03
43077,5492000.55
43078,22790983.12
43079,2557655.09
43080,24121581.88
43082,1265922.7
43083,2677241.94
43084,10934828.95
43085,2558009.5300000003
43086,1516411.87
43087,33736627.45
43088,3298997.84
43089,25584959.62
43090,2738930.68
43091,9369310.219999999
43092,7173727.82
43093,6627695.23
43094,1621760.64
43095,2400017.43
43096,7103230.8
43097,4094178.19
43098,4641040.13
43099,2623469.3
43100,1586341.79
43101,2371949.16
43102,6887356.88
43103,2133553.26
43104,4119925.99
43105,1940774.1800000002
43106,2694938.41
43107,1587468.56
43108,5212141.4399999995
43109,2200273.9000000004
43110,6079794.44
43111,12356291.77
43112,49064025.82
43113,18901297.17
43114,11303928.93
43115,10973225.260000002
43116,2377363.2600000002
43117,6179116.02
43118,5899006.31
43119,9467647.95
43120,14265802.299999999
43121,2974625.5500000003
43122,4740786.81
43123,4089308.1
43124,11573926.219999999
43125,1987404.8699999999
43126,6565635.58
43127,4506801.47
43128,3830434.98
43129,3407572.58
43130,15934533.02
43131,2408868.64
43132,17432394.89
43133,3483811.93
43134,2547878.7199999997
43135,32274955.259999998
43136,8148981.74
43137,62775612.33
43138,7986812.100000001
43139,1517946.91
43140,5844988.01
43141,17033960.19
43142,6131625.58
43143,2752353.8400000003
43144,3598299.44
43145,1111882.11
43147,4157549.42
43148,8849441.73
43149,2625360.91
43150,8085083.52
43151,3835749.8899999997
43152,23350632.22
43153,13788816.14
43154,11950397.49
43155,1347657.03
43156,5264787.2700000005
43157,222173293.04
43158,2834086.02
43159,7623120.46
43160,3454488.23
43162,40856514.21
43163,14839033.86
43164,7239425.18
43165,21651570.71
43166,5989349.51
43167,3631675.63
43168,2393158.68
43169,1312473.19
43170,3839542.59
43171,2331293.13
43172,4003581.1
43173,2954033.27
43174,8333509.5
43175,2423506.56
43177,32978819.64
43178,4649849.61
43180,1633907.7999999998
43181,7397847.5600000005
43182,1931551.55
43183,1703783.73
43184,12594206.38
43185,27398167.34
43186,10998434.42
43187,4033128.5
43188,3806828.27
43189,5054755.71
43190,35003063.09
43191,2864289.5
43192,4288275.39
43193,4129416.91
43194,7361853.3
43195,2236809.4
43196,4421065.38
43197,6790461.550000001
43198,6656316.03
43199,11638090.68
43200,24181668.94
43201,2717125.79
43202,1502976.25
43203,6136123.149999999
43204,3488131.18
43205,41899717.34
43206,5045272.39
43207,2131627.91
43208,844241.22
43210,4438344.93
43211,22224243.98
43212,13413097.95
43213,22503087.419999998
43214,3854240.35
43215,3956552.7600000002
43216,35255311.06
43217,5972298.899999999
43218,8909503.059999999
43219,1694293.4300000002
43220,7623542.32
43221,9595584.93
43222,3595094.3400000003
43223,11116095.55
43224,56642852.83
43225,2134735.46
43226,3622104.1199999996
43227,6628492.47
43228,2871608.7699999996
43229,8043459.619999999
43230,9294295.959999999
43231,4941820.92
43232,3518340.66
43233,9059663.01
43234,32287145.13
43236,13704426.92
43237,5470112.42
43238,2793671.9299999997
43239,17960176.53
43240,2819145.9699999997
43241,11194911.32
43242,1277723.49
43244,34381967.04
43245,6793694.78
43246,7873097.75
43247,2049542.37
43249,6867509.28
43250,626909.1
43251,25358382.07
43252,1476580.74
43253,4522812.86
43254,4932934.72
43256,6765784.18
43257,6397075.25
43258,10978751.39
43259,5575651.17
43260,1222178.16
43261,3709236.89
43262,9536913.94
43263,1082087.54
43264,3192830.51
43265,7933256.67
43267,25632413.53
43268,98268591.75
44001,15801468.98
44002,34343729.61
44003,180215049.5
44005,57423624.82
44006,16777326.93
44007,19407527.96
44009,57185747.29
44010,43505783.62
44012,46936352.31
44013,33244094.81
44014,37455754.12
44015,68990632.2
44016,6222848.04
44018,38338638.09
44019,11938716.03
44020,111079337.67
44021,42279473.61
44022,19571102.939999998
44023,32811851.19
44024,15962105.01
44025,40154370.449999996
44026,147313787.49
44027,18034170.98
44028,45627336.99
44029,51342841.23
44030,33934520.629999995
44031,8835276.84
44032,23067814.07
44033,24900488.31
44035,91172748.74
44036,159421714.22
44037,19959936.2
44038,22932062.65
44039,8029376.2
44041,51777846.31
44043,86746456.07000001
44044,9871155.63
44045,98537280.08
44046,21371025.77
44047,112955747.35
44048,21700851.91
44049,75876919.35
44050,24092622.52
44051,36016037.23
44052,82260387.4
44053,15417541.459999999
44054,24169687.189999998
44055,362081837.34
44056,28271759.48
44057,22535172.87
44058,4345116.61
44061,20656972.04
44062,12049680.73
44063,36711201.38
44064,27577027.419999998
44065,8193537.99
44066,46705837.809999995
44067,52258368.07
44068,23247619.36
44069,141497699.84
44070,32754717.080000002
44071,37860160.1
44072,50681769.12
44073,48879971.67
44074,39146069.76
44075,23694087.89
44076,9485322.09
44077,26698816.18
44078,3168672.44
44079,27596128.119999997
44080,7876336.06
44081,35342671.43
44082,45519679.58
44083,19790272.03
44084,66025811.27
44085,10773323.219999999
44086,9824037.209999999
44087,72062201.52
44088,19347083.96
44089,35514891.93
44090,8149240.56
44091,12152521.84
44092,6858517.6
44094,19496088.66
44095,13222938.1
44096,44174707.760000005
44097,38982712.18
44098,41841157.84
44099,18317259.14
44100,17830366.39
44101,27086222.27
44102,24198279.459999997
44103,111317467.72
44104,7974956.72
44105,4864240.36
44106,28983352.349999998
44107,16943460.75
44108,16446512.540000001
44109,1519472704.96
44110,73163764.35000001
44111,15011510.219999999
44112,5153178.36
44113,35126882.54
44114,138181573.7
44115,30858374.47
44116,33118315.25
44117,21357665.400000002
44118,10933048.040000001
44119,14522913.08
44120,28771653.84
44121,4003685.48
44122,28268042.71
44123,8828581.31
44124,6812490.77
44125,44879444.62
44126,42793286.62
44127,18789167.46
44128,41387420.65
44129,87415327.18
44130,52523236.23
44131,205284347.06
44132,158117535.02
44133,26487788.52
44134,7335691.22
44135,69320707.10000001
44136,26540542.35
44137,25823783.25
44138,9092007.83
44139,8909112.75
44140,10607940.88
44141,8603472.540000001
44142,12258631.09
44143,228882493.13
44144,25177914.15
44145,20874601.47
44146,19857130.8
44148,6265653.5
44149,27133348.88
44150,36084954.27
44151,54962114.58
44152,20378685.46
44153,14081889.72
44154,110604863.48
44155,23650316.59
44156,19955531.63
44157,10298872.86
44158,82915938.76
44159,8721274.19
44161,34038543.1
44162,357693398.44
44163,37166238.11
44164,19299618.08
44165,17009861.68
44166,38866109.44
44168,44421489.93
44169,66589038.5
44170,8892088.24
44171,10356434.49
44172,80944072.02000001
44173,12599817.51
44174,19295574.46
44175,26383394.400000002
44176,30934930.669999998
44178,17645367.81
44179,40946134.31
44180,77185379.01
44182,50478036.25
44183,17408125.02
44184,840509513.3
44185,31423448.79
44186,60413317.59
44187,42415170.55
44188,81019001.53
44189,17343374.25
44190,125489698.74
44192,30526878.23
44193,13710620.94
44194,47247993.28
44195,83864778.04
44196,14318116.879999999
44197,16315650.76
44198,36853589.870000005
44199,20195456.38
44200,4069427.15
44201,65444839.45
44202,15024532.13
44203,13038024.29
44204,46558722.91
44205,20201407.19
44206,12254629.98
44207,9522909.17
44208,8932772.66
44209,80519934.53
44210,84253736.78
44211,58198288.620000005
44212,69500030.72
44213,74279513.55
44214,14449706.23
44215,119283708.54
44216,37824802.29
44217,46778562.86
44218,7635167.0
44220,10361530.8
44221,10184883.4
44222,11151269.6
44223,30008598.4
44224,11480913.35
45001,2521280.04
45002,1814162.27
45004,158301538.99
45005,1557140.54
45006,10161432.91
45008,41220450.51
45009,9155320.06
45010,5389750.99
45011,1632416.8099999998
45012,533906.1699999999
45013,1053807.51
45014,2550977.56
45015,4002665.79
45016,11529455.74
45017,3187362.79
45018,4651082.05
45019,6494385.0
45020,9961453.5
45021,1123360.3399999999
45022,4807488.45
45023,3156608.7399999998
45024,21643643.27
45025,10714473.97
45026,4773569.34
45027,2988751.69
45028,82932402.3
45029,22517093.24
45030,22243915.12
45031,33462860.03
45032,2588169.19
45033,2535516.8
45034,19066876.3
45035,9958687.69
45036,4597138.9799999995
45037,1598489.3499999999
45038,1788010.2
45039,5959922.87
45040,27102189.73
45041,843099.64
45042,14009296.08
45043,4656397.03
45044,1007263.0700000001
45045,2241800.49
45046,4203966.47
45047,1961106.8900000001
45049,7375661.84
45050,11145414.31
45051,13265398.4
45052,1148897.1099999999
45053,66537447.19
45054,2526291.15
45055,3428205.4
45056,1352226.75
45058,984022.3500000001
45059,3713351.46
45060,9375664.45
45061,16188242.209999999
45062,11384610.95
45063,7536128.47
45064,3393048.27
45065,856321.0100000001
45066,2877273.25
45067,41832401.11
45068,127211037.52
45069,9173608.01
45070,1315803.74
45072,10075527.54
45073,4062310.86
45074,396882.8
45075,52916287.78
45076,1300080.1400000001
45077,2805681.39
45078,849866.6799999999
45079,961737.17
45080,2253027.97
45081,4871907.06
45082,58795252.27
45083,21467310.060000002
45084,3319223.78
45085,17265260.45
45086,972331.49
45087,38776968.99
45088,1552063.11
45089,54160213.54
45091,1292232.89
45092,12268660.62
45093,26455905.38
45094,1126680.05
45095,12988994.2
45096,5106796.899999999
45097,5733026.66
45098,30894091.29
45099,2362278.3
45100,3894166.4000000004
45101,1430357.27
45102,2234657.37
45103,20010097.68
45104,15442174.01
45105,817903.97
45107,2957024.96
45108,21662109.11
45109,5592212.83
45110,2422003.25
45111,1157391.06
45112,3374300.39
45113,2385369.9899999998
45114,972876.52
45115,43222253.47
45116,4274772.33
45118,1970848.15
45119,11294445.52
45120,2460363.42
45121,2774712.1
45122,67817228.21
45123,8126224.16
45124,1081590.3
45125,1387988.96
45126,15480772.63
45127,24793099.62
45129,13109383.89
45130,9880826.68
45131,1547116.24
45132,1716596.26
45133,2054530.69
45134,12855730.18
45135,1605999.72
45136,4361218.04
45137,5582634.34
45138,1428331.18
45139,3680586.75
45141,2072002.57
45142,22671454.099999998
45143,997997.86
45144,6442187.64
45145,37247238.59
45146,58437284.21
45147,130794388.63000001
45148,9244154.87
45149,1264602.5
45150,3034446.27
45151,1382306.64
45152,1096694.12
45153,5906384.43
45154,34083483.3
45155,123803689.49
45156,3516083.5
45157,2867340.11
45158,2708772.2399999998
45159,918796.45
45160,3177928.07
45161,6462342.99
45162,2522848.45
45164,3769111.0300000003
45165,3942706.08
45166,2856909.81
45167,15502167.05
45168,3080936.8
45169,84966025.3
45170,609325.9800000001
45171,3060108.63
45173,35656453.74
45174,2164173.12
45175,13503270.65
45176,2827739.79
45177,1692827.5
45178,9495048.55
45179,17866835.12
45180,610923.27
45181,378433.62
45182,5696860.47
45183,771271.4299999999
45184,3520368.66
45185,1839574.05
45186,3107071.4
45187,31360246.07
45188,22156797.669999998
45189,2094679.51
45191,87341858.51
45193,17169045.7
45194,15830074.97
45195,1830259.28
45196,9799729.55
45197,16446720.49
45198,938933.49
45199,4515373.86
45200,14302422.370000001
45201,665158.81
45202,6391429.8100000005
45203,67501857.97
45204,5562315.8
45205,1892896.5
45206,1402700.77
45207,2029310.1099999999
45208,164880698.25
45209,1692052.79
45210,5409794.23
45212,8767741.39
45213,4292645.68
45214,1109122.58
45215,2587139.64
45216,2770298.77
45217,1036097.8200000001
45218,1185159.18
45219,1051077.17
45220,3539708.93
45222,6825332.08
45223,4226559.33
45224,54715653.84
45225,1622313.6099999999
45226,7150935.5200000005
45227,8899271.16
45228,5734609.25
45229,19429886.33
45230,4308215.68
45231,1106017.2
45232,205693524.81
45233,2053052.77
45234,1314041584.6299999
45235,59669619.16
45237,1012905.76
45238,3823445.46
45239,3171407.2
45240,9217536.21
45241,2364461.93
45242,1469463.8499999999
45243,3788067.04
45244,30873000.97
45245,12945900.66
45246,557180.0800000001
45247,39683094.85
45248,31105494.869999997
45249,5268610.61
45250,1069276.0
45251,2945647.59
45252,89073692.2
45253,21979528.990000002
45254,16631860.23
45255,2981958.39
45256,2368353.11
45257,2095183.43
45258,23006855.39
45259,10118621.34
45260,892436.73
45261,11513001.52
45262,747477.11
45263,912852.64
45264,1246120.96
45265,2481306.6
45266,2236765.9099999997
45268,5800192.39
45269,29555934.61
45270,17710210.94
45271,7802263.9
45272,55553263.01
45273,44006394.28
45274,44841431.73
45275,4230936.59
45276,5292988.25
45277,2500534.39
45278,5484763.76
45279,12325174.73
45280,8171212.54
45281,10832253.26
45282,17070301.87
45283,1345366.2999999998
45284,215836457.63
45285,120047182.65
45286,53056617.870000005
45288,4216630.86
45289,10280265.51
45290,18274642.69
45291,7219374.26
45292,5902608.22
45293,9767478.530000001
45294,1118654.78
45296,4162952.9899999998
45297,7864345.199999999
45298,41356452.14
45299,1299721.62
45300,23455493.16
45301,1559262.01
45302,120177659.96000001
45303,2679304.38
45305,1373517.8499999999
45306,5012257.4399999995
45307,11912117.24
45308,26741282.54
45309,6490679.970000001
45310,19570992.9
45311,3753077.2
45312,3647443.96
45313,7609643.87
45314,2829383.0300000003
45315,64484855.34
45316,4792439.260000001
45317,13940365.72
45320,1382584.35
45321,4157916.72
45322,305021.32
45323,3745647.61
45324,15851691.01
45325,1073370.3800000001
45326,3258538.62
45327,26553178.18
45328,1781702.01
45329,7717398.08
45330,1619522.41
45331,3162493.88
45332,11495972.83
45333,12766221.36
45334,4272935.03
45335,9856294.46
45336,6210270.74
45337,1464538.86
45338,49311421.95
45339,3669858.3200000003
45340,5489445.46
45341,1553994.14
45342,2230087.95
45343,1057601.8800000001
45344,5516927.59
45345,9579367.13
45346,13639610.28
45347,2517281.61
45348,5817344.34
46001,4397607.17
46002,1883334.08
46003,8209674.24
46004,1604165.95
46005,1695260.83
46006,2326010.24
46007,5402112.03
46008,1761482.11
46009,7313172.99
46010,1895948.44
46011,1966750.04
46012,4707925.609999999
46013,1676107.45
46015,14775124.9
46016,2561412.11
46017,2052620.12
46018,1622327.73
46020,2425275.03
46021,4032032.4499999997
46022,1997660.03
46023,4271596.78
46024,1488055.45
46026,1561373.65
46027,978402.33
46028,6417541.51
46029,21475058.71
46030,2074781.52
46031,1333522.8
46032,2670040.12
46033,4984007.029999999
46034,2085880.29
46035,1016943.39
46036,1124568.81
46037,1742376.95
46038,16426724.79
46039,1598771.28
46040,4598268.76
46041,1000016.7000000001
46042,202064946.07
46043,1576975.29
46044,6920872.29
46045,11511503.47
46046,2776260.5300000003
46047,1970401.88
46049,2111891.84
46050,1014236.64
46051,2403285.38
46052,2078717.7
46053,2603931.54
46054,2698336.78
46055,9712356.56
46056,664453.6499999999
46057,4248613.7
46058,4152747.53
46059,2493860.14
46060,1974522.97
46061,2077816.41
46062,3748559.41
46063,16725560.43
46064,11792836.33
46065,2687386.42
46066,5795865.89
46068,1542476.45
46069,1875581.77
46070,2442292.38
46072,2552884.63
46073,2507241.1
46074,2544534.46
46075,1657190.6
46076,3284341.12
46078,997078.96
46079,1302194.48
46080,2378238.53
46081,1029514.58
46082,2297147.17
46083,7150000.08
46084,2816132.63
46085,2880439.67
46086,3928002.95
46087,4820261.2
46088,6247660.26
46089,5411583.38
46090,951269.38
46091,1491111.6400000001
46092,1287191.23
46093,1780139.71
46094,1788828.81
46095,6472200.06
46096,1172625.13
46097,1468773.1600000001
46098,1746418.8299999998
46100,4816451.7
46101,3819557.38
46102,114788121.38000001
46103,4867547.82
46104,794514.5
46105,3411566.69
46106,2138238.57
46107,1872874.16
46108,2409613.57
46109,4593136.62
46111,1805789.0
46112,1491433.69
46113,1772057.75
46114,2353056.7
46115,2487146.77
46116,789870.59
46117,3451555.5900000003
46118,5057435.14
46119,2291389.16
46120,1798275.91
46121,1362264.32
46122,1004704.25
46123,1751688.54
46124,1874434.08
46125,3015439.88
46126,1945268.34
46127,44229656.73
46128,36234224.97
46129,1562041.3399999999
46130,1762494.79
46131,1414624.47
46132,2778616.89
46133,1433051.6300000001
46134,2698825.86
46135,1391522.44
46136,3782566.9499999997
46137,7106128.119999999
46138,12380820.18
46139,3525002.36
46140,1249605.28
46142,1450132.34
46143,18385296.28
46144,2380309.42
46145,7911281.83
46146,1684625.05
46147,1463816.95
46148,16875393.14
46149,4720921.48
46151,1191882.43
46152,4363914.34
46153,3308430.96
46154,1775391.76
46155,2058701.16
46156,9372762.83
46157,1087219.92
46159,2353424.82
46160,6975735.82
46161,3332602.23
46162,3164074.29
46163,3577758.95
46164,2659193.45
46165,2413333.25
46167,1604213.19
46168,1971546.96
46169,2016228.14
46170,9936724.14
46171,1697203.04
46172,2743868.29
46173,7014173.6
46174,2884100.6
46175,5221032.19
46176,5059390.84
46177,5460604.5
46178,2126431.13
46179,984440.19
46180,2455792.0900000003
46181,1450138.25
46182,21660233.02
46183,3635801.18
46184,2705716.27
46185,20263188.09
46186,1604598.22
46187,4565566.87
46188,1461873.46
46189,4161566.28
46190,1071227.53
46191,11705100.44
46192,1754095.27
46193,2320062.67
46194,2166472.8
46195,2806787.07
46196,1315656.6
46197,4028328.57
46198,2239663.11
46199,2661197.91
46200,1890822.42
46201,13783715.23
46202,2928434.3
46203,3332156.62
46204,4397273.35
46205,2015347.46
46206,1245009.21
46207,3196140.48
46208,2024880.54
46209,1188249.19
46210,967433.35
46211,4833591.83
46212,1100987.71
46213,1851368.82
46214,3462951.44
46215,7072819.48
46216,5069548.24
46217,2179594.31
46218,2611796.4499999997
46219,3146453.55
46220,5708380.4
46221,2843316.14
46222,1390966.85
46223,916698.6900000001
46224,24870937.32
46225,21155905.1
46226,2668877.9
46227,1463882.18
46228,7020761.82
46229,3594831.57
46230,581626.3200000001
46231,18039128.34
46232,8283447.899999999
46233,1458111.17
46234,1445299.96
46235,1652700.54
46236,1652729.14
46237,1549939.95
46238,2430796.75
46239,1077163.45
46240,12181648.91
46241,1911104.62
46242,1482311.3699999999
46243,1496352.96
46244,1526168.91
46245,1321822.67
46246,808689.82
46247,1005881.15
46249,1871769.72
46250,1227838.9
46251,32220307.43
46252,5424110.77
46253,1755516.07
46254,1432474.86
46255,2640166.79
46256,9663708.01
46257,1272053.79
46258,1522415.69
46259,2770293.23
46260,2011707.74
46262,4389889.91
46263,5299463.4
46264,1984900.55
46265,2684456.74
46266,3588345.9400000004
46267,5306296.45
46268,9951976.790000001
46269,1199041.92
46270,1383858.01
46271,2909096.27
46272,3140714.81
46273,6309872.49
46276,1883418.21
46277,1749271.86
46279,1971715.3699999999
46280,1893136.54
46281,1765335.35
46282,1878412.02
46283,3500984.99
46284,2096297.56
46286,1492661.26
46288,2535820.4499999997
46289,1079909.38
46290,1994802.02
46292,1427406.93
46293,4839525.56
46294,1226272.94
46295,1174243.7
46296,3816061.0
46297,12056446.56
46299,1931669.3099999998
46301,3718207.7
46302,1918011.14
46303,1080171.82
46304,1205238.1500000001
46305,1773784.72
46306,872087.33
46307,3955677.78
46308,1703204.51
46309,39955824.1
46310,2669087.38
46311,19709500.04
46312,2310184.31
46313,3049635.1999999997
46314,2282279.98
46315,2798534.05
46316,2221182.26
46317,3750035.53
46318,2155353.2199999997
46319,1307245.61
46320,3890332.14
46321,1959061.29
46322,5848348.05
46323,1153357.3
46324,2133674.08
46328,2032672.39
46329,1617078.02
46330,12841371.84
46332,3997122.29
46333,1454141.87
46334,20649747.87
46335,2545937.52
46336,2079551.69
46337,1828068.8
46338,1152127.0499999998
46339,2139804.08
46340,2434384.65
47001,299974324.26
47002,880438.26
47003,3241511.64
47004,35691712.07
47005,4142405.3
47006,1921352.58
47007,3239592.04
47008,1106962.82
47009,2153695.61
47010,1576492.1099999999
47011,2018531.81
47012,1266932.52
47013,2341504.64
47014,1906986.08
47015,14015201.11
47016,5770444.3
47017,3589895.3600000003
47018,1657551.93
47019,5573136.92
47020,1699925.62
47021,9828289.86
47022,3005333.12
47023,2644178.0300000003
47024,7093968.07
47025,4566909.83
47026,1895923.99
47027,23566033.24
47028,4678130.76
47029,5337660.98
47030,2075401.5699999998
47031,66417738.29
47032,58904582.67
47033,2142038.49
47034,4276967.92
47035,2121078.4699999997
47036,2241262.62
47037,2252295.41
47038,5993028.78
47039,1121651.52
47040,10010319.79
47041,4847629.75
47042,998552.8200000001
47043,7971970.79
47044,2190276.26
47045,2325598.49
47046,3078697.32
47047,1294660.21
47048,13498448.15
47049,26784534.43
47050,1468251.81
47051,22090127.82
47052,41682112.21
47053,2696737.37
47054,28249902.51
47055,3905094.82
47056,5341204.5
47057,12639353.66
47058,1215325.1400000001
47059,1775836.96
47060,8295932.090000001
47061,4532451.58
47062,2358972.55
47063,1245757.36
47064,1915251.2300000002
47065,24572644.39
47066,5543254.12
47067,3821190.8200000003
47068,6545084.109999999
47069,18124845.44
47070,3852370.29
47071,2203282.4
47072,1255721.5
47073,1216411.42
47074,2546122.05
47075,5030424.24
47076,2603945.0500000003
47077,8380705.8100000005
47078,12668458.22
47079,4983413.35
47080,1407378.14
47081,2758538.0
47082,2369362.7199999997
47083,1238892.08
47084,2164445.74
47085,2396684.96
47086,18996959.82
47087,2063382.5899999999
47088,3228714.07
47089,1722414.06
47090,1565010.27
47091,24781207.34
47092,2170383.88
47093,2063979.68
47094,4129303.93
47095,10961904.53
47096,1740508.28
47097,4691992.4399999995
47098,1796784.74
47099,5254041.11
47100,29031019.04
47101,7608756.399999999
47102,7595124.63
47103,1588099.19
47104,1736305.67
47105,3628887.32
47106,232579404.57000002
47107,2498571.4499999997
47108,3078958.58
47109,3609642.96
47110,6971129.07
47111,3662659.76
47112,3966546.69
47113,1710751.2
47114,1426033.95
47115,1504529.44
47117,9674250.34
47118,2089695.39
47119,2491267.3000000003
47120,1231710.59
47121,1826764.43
47122,2630990.58
47123,4361877.93
47124,1493271.28
47125,1944689.6600000001
47126,1058285.36
47127,7649722.64
47128,7228287.33
47129,2891733.61
47130,2562439.92
47131,2354918.14
47132,1498042.9
47133,2970416.8899999997
47134,2929837.53
47135,3293442.17
47136,1198870.52
47137,7456943.93
47138,11180920.02
47139,788643.4
47140,3511104.06
47141,2011470.88
47142,9126922.06
47143,14517229.8
47144,3077316.15
47145,24753354.52
47146,4703724.2299999995
47147,5519061.72
47148,3065027.44
47150,1622882.45
47151,3351812.2600000002
47152,5537114.83
47154,2136237.87
47155,2902508.4000000004
47156,5242165.15
47157,127982350.91
47158,1485964.14
47159,16215294.799999999
47160,1653437.21
47161,2080075.57
47162,1815669.58
47163,3536614.41
47164,1756373.4300000002
47165,10867306.68
47167,15959847.950000001
47168,29559865.490000002
47169,6869869.4
47170,5740253.34
47171,3176470.05
47172,2476882.0100000002
47173,7570705.51
47174,6137422.63
47175,24724608.74
47176,1237087.01
47177,3179425.5300000003
47178,2854636.89
47179,16088919.09
47180,4197659.9
47181,2074902.58
47182,2131135.38
47183,2165862.7199999997
47184,2621255.0
47185,10484638.409999998
47186,5105140.36
47187,2770801.3000000003
47188,2343673.6399999997
47189,1516949.54
47190,3707154.96
47191,6159764.96
47192,841066.43
47193,1305382.9300000002
47194,2069809.8
47195,59349255.99
47196,5384216.350000001
47197,2256899.64
47198,2232102.17
47199,1784950.26
47200,2208153.76
47201,89759938.51
47202,3238897.61
47203,20687656.26
47204,2910201.0500000003
47205,1980348.24
47206,2838162.04
47207,1337843.51
47208,3018871.61
47209,34084171.06
47210,14580820.81
47211,3712195.8299999996
47212,1805296.3699999999
47213,9439556.51
47214,4436083.13
47215,17553103.12
47216,4875861.83
47217,11279647.33
47218,2189933.82
47219,1154938.26
47220,1678523.33
47221,4300069.31
47222,1971985.03
47223,2604085.21
47224,1111780.2
47225,9068341.48
47226,2499166.13
47227,1520124.0
47228,3872490.63
47229,1366368.92
47230,5949195.36
47231,1726096.71
47232,4794065.22
47233,23220156.37
47234,4089626.8000000003
47235,4977930.2700000005
47236,719414.38
47237,2259500.06
47238,6825819.29
47239,2977752.56
47240,1928669.83
47241,6188237.17
47242,6802094.1899999995
47244,2239751.61
47245,939066.73
47246,8177692.76
47247,1716285.51
47248,2189521.88
47249,2323975.98
47250,807195.29
47251,1167917.16
47252,39621186.11
47253,1917103.08
47254,2449596.95
47255,1339249.1500000001
47256,1732601.69
47257,2328054.55
47258,2647212.4
47259,1484014.99
47260,4071913.97
47262,3798058.85
47263,2463694.7800000003
47264,6268338.39
47265,2619299.7
47266,1650817.08
47267,1169821.62
47269,5245953.18
47271,1197899.69
47272,1830132.52
47273,1681924.65
47274,2957471.01
47275,3101802.57
47276,1439552.41
47277,1693677.46
47278,6992300.75
47279,2320879.6
47280,17747290.2
47281,2170173.7
47282,2112678.1100000003
47283,6416348.59
47284,2460817.34
47285,6404365.0
47286,2765059.96
47287,837633.28
47288,4676611.07
47289,2715877.16
47290,4062822.3200000003
47291,5140694.83
47292,9667425.16
47293,3314267.92
47294,2113569.79
47295,3016512.14
47296,1713238.77
47297,680023.5
47298,1065270.76
47299,1827837.83
47300,5853349.14
47301,6943016.54
47302,6137547.38
47303,1196999.36
47304,927760.8899999999
47305,2811226.93
47306,9508060.8
47307,1768322.57
47308,955702.37
47309,3374209.63
47310,59614866.23
47311,1610453.07
47312,9778458.64
47313,1228722.06
47314,4149053.84
47315,7445921.82
47316,3446178.58
47317,3941522.06
47318,6207197.1
47319,1314431.06
47320,3683871.4200000004
47321,2352446.26
47323,184132567.91
47324,10891479.91
47325,1800960.09
47326,9630831.77
47327,2463464.06
47328,4092397.31
48001,5591456.22
48002,10914610.81
48003,7264420.07
48004,6950135.06
48005,6326117.44
48007,1347154.27
48008,5245726.32
48009,63806677.95
48010,6949400.39
48012,5797207.23
48013,10065629.01
48015,17217548.08
48016,11730901.71
48017,11819720.29
48018,12872486.85
48019,8100667.85
48020,3004408.62
48021,6709871.2
48025,8478940.36
48026,4402777.600000001
48027,33701438.0
48028,7504184.5
48029,6780595.86
48030,3988514.37
48031,3982228.22
48032,7168668.49
48034,50318092.11
48036,3123459.7600000002
48037,2655225.14
48038,10394948.52
48039,29011207.189999998
48041,2832054.25
48042,10276711.31
48043,9486476.57
48044,3312049.7600000002
48045,8394880.59
48046,2476103.45
48048,2206114.69
48050,8194038.0
48051,21840036.75
48053,6180136.76
48054,1861826.1500000001
48055,1897692.82
48056,6270739.73
48058,8014307.45
48059,9891057.84
48061,42419538.54
48063,4534229.69
48064,9759141.55
48065,3017506.46
48067,1882450.18
48068,3567676.56
48069,2511276.92
48070,14184619.83
48071,3751557.14
48072,5082467.93
48073,3140586.69
48074,7993793.390000001
48075,17027616.87
48077,2866783.07
48079,3214029.29
48080,38040349.39
48081,5780771.41
48082,3390094.25
48083,2928405.09
48085,3328845.04
48086,7749873.55
48087,10641591.95
48088,6314361.85
48089,10126229.4
48090,30746610.5
48091,2374784.48
48092,80543598.13
48094,54057943.669999994
48095,174149406.67000002
48096,22031294.75
48097,4681680.779999999
48098,2925671.9899999998
48099,36981273.06
48100,2651175.46
48103,14158526.11
48104,12492011.7
48105,10258604.32
48106,2509857.69
48107,3038951.68
48108,3766782.86
48110,2942461.51
48111,9390245.1
48112,2501092.6
48115,4531918.15
48116,15979167.24
48117,2813050.41
48119,9572634.38
48121,4085157.9299999997
48123,7618596.4399999995
48124,3612542.19
48126,5053775.2
48127,31085031.73
48128,4721334.91
48129,4781415.359999999
48130,2032315.1700000002
48131,2920520.06
48132,31175339.84
48135,3808340.04
48136,3832377.44
48137,12492902.639999999
48138,2536605.94
48139,6963802.02
48140,71054215.15
48141,4520037.22
48144,5654246.44
48145,2833578.65
48146,34513516.97
48147,9888702.09
48148,11645027.43
48149,2033073.47
48150,2227166.86
48151,2081818.48
48152,7148028.75
48153,3095387.31
48155,10731563.450000001
48156,12831929.950000001
48157,2012128.34
48158,2521885.51
48160,3096603.89
48161,1320474.55
48163,2218585.5100000002
48165,4967600.89
48166,5420916.340000001
48167,1979223.6500000001
48168,4760655.399999999
48169,5403384.55
48170,4409578.72
48171,2673409.33
48173,4148003.1500000004
48174,6536576.12
48175,4582445.67
48176,5411669.15
48177,4221248.37
48178,7725315.3
48179,5476589.87
48181,1479582.72
48182,2056544.04
48185,3604147.9499999997
48187,1826013.78
48188,4553678.07
48190,4975888.78
48191,2536196.31
48192,2975082.41
48193,4773252.37
48194,10539943.52
48198,13817775.89
49002,25088710.13
49003,12599774.24
49007,1796026690.03
49008,5387808.33
49009,2448111.17
49010,2538885.28
49011,2613810.97
49012,2107577.05
49015,140808828.59
49017,2935908.09
49018,135403859.82
49020,67808195.36
49021,81302139.18
49022,9088159.98
49023,244233743.82999998
49026,26304465.18
49027,12004986.65
49028,1707068.96
49029,8118090.26
49030,6641602.18
49035,46723487.25
49036,3818947.32
49038,1529606.23
49041,18101280.31
49045,4838156.13
49048,14273087.34
49050,70212120.42
49053,1880920.66
49054,41217198.12
49055,19204009.96
49056,1130729.99
49057,3345043.45
49058,11524621.56
49060,29549389.48
49061,6832762.4
49063,59797375.96
49064,3085326.44
49067,6363791.35
49068,14672249.46
49069,123862226.58
49070,3915600.08
49076,3895368.22
49080,61529786.8
49082,5648244.38
49086,24040727.919999998
49089,7831967.41
49090,7674037.3
49092,219062451.48
49099,444915364.82000005
49100,3211795.13
49102,5498544.29
49107,5812599.64
49109,10908095.39
49110,12425834.66
49112,8060971.47
49113,2361840.99
49114,2114278.3
49120,7966542.590000001
49121,5026249.0
49123,9214957.06
49125,121523112.83
49127,43045791.42
49129,56982487.08
49130,3799364.39
49131,4413159.51
49132,9712872.95
49135,13640427.690000001
49138,17949603.77
49140,12434345.93
49155,9498816.26
49160,25536580.49
49161,3103419.91
49163,25483656.05
49167,28552182.87
49170,6896543.07
49171,1587736.98
49174,11199505.15
49176,38541343.83
49178,6099483.4799999995
49180,71668438.09
49182,8618494.59
49183,47839007.160000004
49188,5964870.02
49192,25094086.16
49193,34212556.01
49194,43310787.379999995
49195,9821309.93
49200,50808207.92
49201,17872560.54
49205,10407076.3
49209,2155819.71
49211,15752442.03
49214,57321332.97
49215,38170358.19
49216,3219313.66
49217,4284163.48
49218,109253088.55
49219,6560924.9
49220,33940138.36
49221,9797744.02
49222,14773189.43
49223,36573314.46
49224,5763847.45
49228,65968769.2
49231,10892330.76
49235,4407079.55
49236,1646363.33
49237,1278193.88
49240,8441286.85
49241,14948188.32
49244,164432168.36
49246,126129517.81
49247,18533931.37
49248,90469272.81
49253,8973123.27
49257,5928791.75
49259,12871062.32
49260,11783074.620000001
49261,89250143.18
49262,6466534.1
49266,9252824.75
49267,94397930.97
49269,16230223.040000001
49271,12935452.01
49272,9762565.200000001
49278,32583428.36
49283,29200241.15
49284,7958136.5
49288,1431058.37
49291,1928361.26
49292,18590786.0
49294,17628863.95
49298,22447936.87
49299,17843996.75
49301,192045607.81
49302,2310001.39
49306,12052835.26
49307,145082852.05
49308,15045346.93
49310,5834055.68
49311,7373849.350000001
49321,2396886.7800000003
49323,73014101.03
49326,5326727.46
49328,265864040.77
49329,10785453.389999999
49330,5934095.26
49331,178545289.62
49332,35240483.72
49333,27212157.16
49334,1636493.56
49336,6756957.99
49338,8963207.28
49339,8587739.59
49341,6137999.63
49343,22091206.0
49344,7457473.4
49345,37946012.17
49347,37569300.34
49352,6023097.94
49353,153517195.22
49355,24994471.240000002
49358,7411953.66
49359,5171062.850000001
49361,11241931.14
49362,5788074.31
49364,5396828.7
49367,39051250.33
49368,20552377.5
49369,11015535.120000001
49370,2600714.45
49371,11233409.62
49373,79836884.71000001
49374,6185321.2299999995
49377,30565510.59
49378,16163518.459999999
49381,17442715.36
50002,31970887.400000002
50003,36676743.33
50004,4037532.61
50006,1297095.47
50008,1690465.03
50013,1696360.73
50015,3093850.8
50016,2046635.8900000001
50019,3956923.96
50021,342666.39
50022,727208.01
50023,4303918.89
50024,1269314.7000000002
50025,109357973.67
50026,296769.64
50027,4685140.73
50028,1157574.07
50029,13302582.209999999
50030,9153260.58
50031,48131250.68
50032,5080465.28
50033,1024140.59
50034,2432469.54
50036,7305567.02
50038,2651772.9
50039,1208245.1500000001
50040,1100849.5
50041,491092013.03
50042,5644278.29
50044,1244025.84
50045,3331280.92
50046,2029296.09
50048,4280906.78
50049,3907682.88
50050,1086250.39
50052,1024868.01
50054,871181.58
50055,403667.83999999997
50058,12225307.0
50059,1939319.28
50060,2035010.72
50062,637023.13
50064,750268.66
50066,29253727.03
50069,2373428.4
50070,246000.64
50072,647015.98
50074,20424050.509999998
50076,35326824.06
50077,11207356.43
50078,3499971.5300000003
50079,1115860.54
50081,5889991.37
50082,45250994.91
50083,3285583.0100000002
50084,2689958.67
50085,7583244.4399999995
50086,1660988.3800000001
50087,15833802.53
50088,2142203.51
50090,9635502.23
50092,2958989.02
50093,2038584.48
50094,1103895.72
50095,14862119.88
50096,1261093.55
50097,1069815.0699999998
50098,4902025.67
50099,94137716.08
50101,1029470.52
50102,10681753.2
50105,961271.13
50106,2862080.3400000003
50108,3817843.0300000003
50109,11971957.94
50110,9033287.28
50111,7727527.04
50112,3906683.6599999997
50115,1273784.26
50117,4320264.53
50118,1887632.28
50120,1145700.65
50121,2799581.11
50124,1173807.44
50126,708889.8200000001
50129,1255771496.75
50130,1885382.65
50135,1383526.8599999999
50137,3739694.28
50138,2183800.13
50139,39262143.31
50142,6312620.38
50143,7571769.43
50144,2942722.51
50145,2488345.3
50146,1818902.34
50147,125874499.72
50148,2850646.2
50149,6026444.19
50150,1424317.1300000001
50151,25613621.71
50152,2579508.89
50155,1610104.26
50156,442505.72
50158,3764382.25
50159,5738703.86
50161,4827134.98
50162,13922449.91
50164,8801850.33
50165,44012700.45
50166,5531684.18
50167,9021937.76
50168,32431961.12
50169,1026611.0900000001
50172,1224189.59
50174,1006496.08
50175,1682046.78
50176,7682637.75
50177,2533814.25
50178,6292045.43
50181,2386758.5500000003
50182,2344022.47
50183,1847462.34
50184,65313316.78
50185,3993933.58
50186,1883164.18
50188,5709349.57
50190,1107610.33
50192,499484.2
50193,2067999.32
50194,2824744.66
50195,3388384.7
50196,3082464.44
50197,19016000.95
50198,2217497.34
50199,6056455.57
50200,7447037.83
50205,800155.05
50207,841966.66
50208,1550193.1700000002
50209,7445597.88
50210,3096643.88
50214,3356139.09
50215,25781885.6
50216,6301831.22
50217,4083175.04
50218,190845706.32999998
50219,5666334.66
50221,270859.27999999997
50222,5723019.28
50225,1775085.2399999998
50227,2606748.7
50228,13661303.18
50229,905350.43
50230,6052632.17
50231,9040617.29
50232,2664264.69
50233,474555.28
50234,567810.65
50235,1323624.59
50236,35300288.22
50237,13203357.8
50238,2217705.14
50239,15935624.58
50240,2048160.43
50241,1004937.2300000001
50243,3349127.3899999997
50246,381375.23
50247,438549.7
50251,1943495.33
50252,7947100.84
50253,2317444.41
50256,54212188.72
50258,579970.25
50259,4825773.8
50260,17491831.58
50261,1247645.04
50262,3662382.84
50263,3720120.04
50265,1470046.99
50266,2239767.39
50267,30825533.220000003
50268,2404645.41
50269,1036483.36
50270,2589027.18
50271,778242.3200000001
50272,7625334.72
50273,10154703.47
50274,8473377.14
50275,1286430.79
50276,3112857.8200000003
50277,2644686.79
50278,917160.73
50279,3823098.42
50281,6172631.68
50282,1497041.24
50283,332433.18
50285,1888018.91
50288,11313259.1
50289,7597605.59
50290,3508490.7
50291,1014024.3099999999
50292,27980199.93
50294,10636629.58
50295,1154102.2
50296,1299342.03
50297,5322649.7
50298,3605230.29
50299,1084925.84
50300,1955275.46
50302,975633.7000000001
50304,1904341.98
50305,2457352.8
50310,638294.0
50311,1676783.88
50312,1245401.65
50315,2019579.0
50317,2330975.52
50321,1445617.51
50324,343546.29
50326,1826741.78
50327,1853321.1400000001
50328,3874628.1899999995
50332,8195804.01
50334,2323529.04
50335,1789918.6300000001
50336,1313654.32
50338,4197719.1
50340,712971.22
50341,23377038.86
50342,5395513.98
50345,3360542.57
50347,2168339.82
50349,14031571.97
50350,3007070.52
50351,403038.27
50352,1223093.32
50353,4033235.51
50356,6963160.5600000005
50357,906267.9400000001
50359,29218429.189999998
50360,1241125.41
50361,1046232.17
50362,1535220.77
50363,12369861.7
50364,2639339.03
50365,2033054.1400000001
50368,489083.41
50369,4812298.79
50370,3541151.54
50371,3075935.03
50372,632410.72
50373,816914.04
50374,191121.8
50376,1664441.8499999999
50378,5001584.2700000005
50379,860031.97
50382,2993389.84
50384,1193695.87
50387,1653353.8900000001
50388,6711833.03
50389,5136310.43
50390,1041450.89
50391,27358546.26
50393,24455791.38
50394,26037453.33
50395,1800056.5899999999
50397,1381588.34
50398,650491.24
50399,1565971.62
50400,21486738.4
50401,1825780.03
50402,33736084.59
50403,15920741.790000001
50405,3146023.71
50407,4284174.17
50408,4674640.66
50409,13397787.77
50410,39429870.44
50411,5090934.5
50412,34349971.38
50413,2427119.3
50417,12278297.36
50419,18272595.78
50420,5188940.78
50421,3814861.65
50422,3447483.16
50423,1213064.73
50425,8355245.13
50426,2270865.22
50428,7178052.66
50429,5505460.08
50430,51882.67
50431,9459996.48
50433,8327822.13
50435,2582508.29
50436,15628975.770000001
50437,4336907.36
50442,803493.13
50443,4009897.52
50444,17758807.85
50445,2068568.6300000001
50446,3247482.2399999998
50447,1769492.37
50448,6831190.44
50450,1656315.02
50451,666070.03
50452,3941741.36
50453,4663502.14
50454,1666889.71
50455,8254423.51
50456,6624400.99
50457,744416.61
50461,1169802.1
50462,2306594.68
50463,2940884.5100000002
50464,2738367.36
50467,2177290.87
50468,14449610.2
50469,1345012.02
50471,5891380.42
50472,1581390.6300000001
50473,1991758.71
50474,4921538.01
50475,4882096.49
50476,1164284.85
50478,2396935.53
50479,826250.3
50480,2481757.52
50481,8933769.29
50482,1986281.8699999999
50483,6991274.87
50484,93327656.07
50486,5499687.63
50487,55617853.31
50488,6766179.91
50489,2029058.26
50490,4936859.14
50491,1293547.16
50492,16529568.04
50493,10329061.24
50495,867729.5499999999
50496,9563205.5
50498,5481953.21
50499,5316456.58
50500,13737286.55
50502,186080454.82
50504,1239177.74
50505,2427272.66
50506,3454124.8000000003
50507,2550561.09
50509,17910757.36
50510,5630981.46
50511,601134.4099999999
50512,2126621.66
50513,947846.53
50514,1541748.7100000002
50517,1066725.79
50518,2874987.65
50519,2054379.51
50521,1396797.74
50522,1348390.08
50523,24272832.34
50525,3030669.12
50528,1475526.8699999999
50529,569387.48
50531,5565082.12
50532,56449105.620000005
50533,1510518.51
50535,5444395.07
50536,1279765.1800000002
50537,1367929.63
50538,1861577.75
50539,10784113.18
50540,2823436.52
50541,8638915.139999999
50542,5077076.38
50543,10568210.01
50546,20120616.4
50548,1036451.7
50549,1325435.55
50550,21785311.729999997
50551,19586523.84
50552,2364548.59
50553,2836784.2800000003
50554,16908395.96
50556,2428319.64
50562,21582186.37
50563,2892087.74
50564,10051580.51
50565,23784873.580000002
50567,3512193.85
50568,1497829.91
50569,1765684.79
50570,5341628.13
50571,302343.67
50572,1286465.03
50574,2878288.67
50575,4320161.88
50576,7398899.79
50577,1772654.4500000002
50578,698029.96
50579,17340220.25
50580,1602167.0399999998
50582,29255926.740000002
50584,1454171.4100000001
50585,9414903.02
50587,255547.22999999998
50588,5053256.62
50589,2101373.38
50590,2578765.7
50591,20505600.62
50592,23465537.6
50593,3192375.99
50594,5651464.36
50596,1350441.52
50597,6218601.72
50598,1426587.68
50599,8333360.61
50601,34732730.33
50603,6677018.75
50604,3987640.05
50606,4571542.03
50607,2947242.33
50609,1150114.44
50610,1362608.78
50612,4973545.649999999
50613,2248388.02
50615,101528252.48
50616,15507070.38
50617,2866531.18
50618,997270.1
50619,1936514.79
50621,349221.16
50624,1803351.13
50626,2344315.91
50628,1152170.98
50629,4510777.53
50633,425867.26
50634,332951.8
50637,2028288.4100000001
50639,38927884.32
50641,2318289.09
50643,3253301.89
50647,15776139.63
50648,8006301.09
51001,976941.38
51002,10475782.79
51003,2327177.88
51004,1051047.4
51005,1488471.75
51006,1123634.3599999999
51007,14585801.74
51008,2407039.8
51009,6469410.9399999995
51010,936337.77
51012,562055.72
51013,1140179.88
51014,2035404.68
51015,690266.24
51016,3075295.87
51017,3092120.0700000003
51018,7775864.42
51019,2247413.98
51020,312106.99
51022,1224814.16
51023,1869004.74
51025,4024950.6100000003
51027,4195984.22
51028,8098365.850000001
51029,22435634.89
51030,67855623.75
51031,1218923.64
51032,3552213.28
51033,1975095.92
51034,406438.22
51035,2085678.33
51036,5480506.63
51037,1655474.01
51038,2073186.02
51039,1150078.0999999999
51040,1761895.98
51041,1043448.2
51042,5627963.470000001
51043,43667130.46
51044,5024616.75
51045,1109214.47
51046,12386479.370000001
51047,951282.7200000001
51048,1132190.46
51049,9181851.58
51050,2151646.79
51051,1889968.82
51052,5883279.29
51053,358958.54
51054,7702775.45
51055,49163452.510000005
51056,4039394.15
51057,1001084.57
51058,24148666.94
51059,2374226.94
51060,1139568.6400000001
51061,1207315.53
51062,1055624.51
51063,2381355.83
51065,5403547.53
51066,2185206.58
51068,2425884.4
51069,956197.75
51070,2026645.2000000002
51071,1403076.57
51072,3460552.69
51073,1693762.2000000002
51074,6173795.75
51075,7355299.35
51076,4603383.07
51077,1315744.12
51078,6235675.8
51079,19486491.07
51080,1042305.7100000001
51081,1292091.44
51082,839768.8400000001
51083,685069.75
51084,543237.99
51085,4230428.59
51086,2064727.25
51087,1617292.3
51088,3293508.03
51089,987223.54
51090,2756275.57
51091,1624691.17
51092,4989718.760000001
51093,4020264.43
51094,1159652.47
51095,668967.25
51097,961209.9
51098,1026759.95
51099,7317360.83
51100,1014034.1200000001
51101,3997408.67
51102,2879083.0500000003
51103,1571469.15
51104,1255286.59
51105,13598773.29
51106,3121153.11
51107,1583590.95
51108,410348743.14
51109,814195.91
51110,810623.47
51111,757931.27
51112,7331080.640000001
51113,954593.4299999999
51115,9280162.97
51116,1523245.88
51117,3239002.94
51118,15572756.1
51119,3735951.67
51120,1061744.76
51121,1433328.78
51122,1195284.99
51124,1056843.42
51125,823670.1799999999
51126,454568.73
51127,830588.91
51128,615772.47
51129,1063565.28
51130,1609314.22
51132,2074734.9600000002
51133,922888.26
51134,1825373.8299999998
51135,861051.4500000001
51136,8398427.27
51137,885337.46
51138,450230.7
51139,2040502.52
51140,6168232.45
51141,7156095.58
51142,5754227.95
51143,664504.14
51144,6206001.62
51145,4121036.9
51146,1086668.61
51147,1911037.75
51148,1976748.21
51149,2879506.41
51150,1389418.53
51151,1169685.09
51152,4794388.88
51153,17965263.720000003
51154,2636516.21
51155,4484947.72
51156,1037521.13
51157,1819201.42
51158,5290593.1
51160,7044778.04
51161,6868475.600000001
51162,7603013.34
51163,3635734.1100000003
51164,1917833.84
51165,33266203.86
51166,704482.99
51167,2222811.61
51168,2133984.94
51169,709198.3300000001
51170,1129567.8199999998
51171,12753723.700000001
51172,65336188.18
51173,1028664.64
51174,683734.44
51175,1536551.29
51176,1656148.45
51177,1555567.12
51178,792249.05
51179,2391067.3
51181,2187154.0999999996
51182,1591699.73
51183,6172761.95
51184,4699610.09
51185,2323690.7199999997
51186,717344.89
51187,1608486.06
51188,3360231.34
51190,543781.02
51191,601248.99
51192,2079722.79
51193,20140190.13
51194,2118191.97
51195,14946949.35
51196,10747898.43
51197,811087.36
51198,3930734.88
51199,6839080.2700000005
51200,4861280.67
51201,1764018.22
51202,8179796.0200000005
51203,1218145.68
51204,14030379.01
51205,1184351.6700000002
51206,865590.59
51208,1524239.58
51210,13887292.42
51211,526634.87
51212,3408404.99
51213,901745.0399999999
51214,1636494.29
51215,1081266.1099999999
51216,1997702.36
51217,25297664.44
51218,1972389.6099999999
51219,1787138.73
51220,1229815.27
51222,999606.52
51223,746357.77
51224,1091179.3599999999
51225,6886424.46
51226,1003689.6
51227,3513784.0100000002
51228,804843.02
51229,1554323.0099999998
51230,339457351.5
51231,6792079.68
51232,1665606.33
51233,746272.48
51234,2716581.4
51235,1943616.2
51236,1279358.04
51237,18433145.25
51238,3647309.41
51239,935009.52
51240,1080231.04
51241,1325064.29
51242,20254264.31
51243,4120979.56
51244,2029559.95
51245,2427751.14
51246,2022378.95
51247,2392638.64
51248,19829180.19
51249,4397830.27
51250,40777118.99
51251,1249006.46
51252,9067821.69
51253,1596174.03
51254,2274881.14
51255,189317.29
51256,3670279.36
51258,1568795.46
51259,2909797.9
51260,676137.44
51262,11489172.21
51263,2581334.3
51264,7661492.36
51265,2780446.02
51266,4250979.66
51267,1292330.56
51268,3784996.94
51269,4895408.97
51270,2538612.54
51272,6621720.71
51273,1178682.65
51274,659698.26
51275,1601976.23
51276,2491167.8
51277,2472535.26
51278,3023513.7
51279,1444605.11
51280,427753.16
51281,11051271.75
51282,27555181.71
51283,1595736.77
51284,1386513.87
51285,6843395.47
51286,2201975.59
51287,16417280.32
51288,2034869.52
51289,4463668.6
51290,2651568.29
51291,10747025.96
51292,1821247.9
51293,2008229.6300000001
51294,1291902.19
51295,3143602.16
51296,1234295.2
51298,4915673.51
51299,6608160.7
51300,681891.37
51301,1381213.49
51302,592557.06
51303,4496275.42
51304,1364440.38
51305,1163006.5299999998
51306,855099.8099999999
51307,1183677.1
51308,14747687.73
51309,806416.93
51310,2586876.2800000003
51311,1471968.33
51312,6427851.1899999995
51313,2190138.4899999998
51314,2338577.9
51315,820264.49
51316,2280372.67
51317,565086.8099999999
51318,2216597.15
51319,1558848.3299999998
51320,3910757.84
51321,864969.41
51322,1488952.2
51323,1320668.6199999999
51324,1207982.17
51325,840456.11
51326,4982965.390000001
51327,2807717.86
51328,6798525.37
51329,8871625.18
51333,7993437.1899999995
51334,4853587.47
51336,476083.83
51337,1490103.77
51338,6227061.359999999
51339,5517109.02
51340,4373039.2700000005
51341,312721.03
51342,2451512.14
51343,4373223.99
51344,13404759.129999999
51345,2203790.25
51346,15382410.6
51348,1509256.0999999999
51349,2562106.96
51350,643817.05
51351,933923.76
51352,13340787.81
51353,422358.56
51354,4141971.82
51355,362011.5
51356,1059449.66
51357,7812142.36
51358,4745360.65
51359,1916436.21
51360,1296682.16
51361,2695817.1
51362,3616434.89
51363,2344574.06
51364,904225.98
51365,8582550.49
51367,10737219.98
51368,597974.0
51369,2468274.64
51370,1426967.84
51371,1240091.2
51372,7922493.720000001
51373,2386716.05
51374,484844.87
51375,4398765.44
51376,1527873.78
51377,1029005.7000000001
51378,4652194.680000001
51379,4061004.73
51380,34887324.69
51381,6952464.15
51382,943812.2200000001
51384,3608410.22
51386,1960069.58
51387,4373618.66
51388,26902519.38
51389,4997880.08
51390,7480761.92
51391,21446211.15
51392,3583960.35
51393,2559040.57
51395,501259.31
51396,1290526.31
51397,1949679.45
51398,1409871.41
51399,5806086.600000001
51402,1328415.37
51403,7726660.4
51404,1157720.07
51406,940220.3200000001
51407,1812671.57
51409,3959919.32
51410,4696166.75
51412,624101.2
51413,14217890.83
51414,1419242.76
51415,4436925.58
51416,4655272.7
51417,2103981.27
51418,6085431.18
51419,2500557.1100000003
51420,611069.88
51421,1247463.65
51422,5238098.24
51423,17378242.509999998
51424,1503499.33
51425,3055570.82
51426,651724.27
51428,4551165.03
51429,2458485.13
51430,646731.4500000001
51431,16297704.68
51432,8066724.1
51433,1497301.3900000001
51434,6231281.45
51435,3104397.92
51436,8099731.76
51437,1023647.8200000001
51438,1142800.63
51439,4095197.97
51440,12939803.75
51441,507150.02
51442,2391762.23
51443,1128339.03
51444,4859328.0200000005
51445,1437306.76
51446,6057475.65
51447,4463358.0200000005
51448,3874529.83
51449,7006461.09
51450,3960872.71
51451,476020.38
51452,512245.08
51453,9870185.29
51454,1613004888.67
51455,1618747.45
51456,711666.93
51457,2954429.43
51458,816351.97
51459,422326.81
51460,2643973.31
51461,12617538.49
51463,1392010.78
51464,1881862.53
51465,3250860.5100000002
51466,1316046.51
51468,2444672.94
51469,688049.06
51470,174056.86000000002
51471,4981280.98
51472,6978187.0200000005
51473,1169062.15
51474,49807188.94
51475,925636.5599999999
51476,4880598.21
51477,1151106.47
51478,2664026.45
51479,1706160.1300000001
51480,961452.36
51482,5721927.88
51483,1775315.3900000001
51484,1016140.66
51485,1563283.67
51486,1374362.76
51487,2437437.49
51488,2377760.22
51489,515339.78
51490,2181279.02
51491,606984.76
51492,11517953.72
51493,2617772.54
51495,988730.9299999999
51496,1324657.53
51497,457172.04
51498,468722.49000000005
51499,1418923.05
51500,2272723.29
51501,1097866.36
51502,1147743.67
51503,530661.62
51504,29562739.71
51505,1653881.59
51506,42135292.23
51507,52641679.25
51508,2896512.28
51509,1457687.3
51510,727202.44
51511,976837.53
51512,593859.3400000001
51513,5071209.58
51514,1321288.1
51515,2078740.1300000001
51516,537280.22
51517,1544669.59
51518,4763547.92
51519,406856.48
51520,1253408.45
51521,1833175.29
51522,2364193.62
51523,1454657.77
51524,1463004.8800000001
51525,9959468.89
51526,2965071.51
51527,1649945.29
51528,1698455.12
51529,1481693.57
51530,4338765.7
51531,12888874.5
51532,7381131.4799999995
51533,650102.0
51534,1309468.77
51535,58580590.4
51536,21530092.62
51537,2479070.13
51538,2225543.95
51539,441768.39
51542,2101735.98
51543,478773.97000000003
51544,4651815.7700000005
51545,3944589.25
51546,3042288.8
51547,819312.31
51548,2544710.3
51549,1106937.4200000002
51550,3857887.71
51551,3508747.9
51552,2735328.25
51553,904327.9
51555,2570983.3
51556,3877160.7
51557,2086262.64
51558,1587964.8299999998
51559,20197501.0
51560,1199758.8099999998
51562,28361570.97
51563,1018793.12
51564,9092687.14
51565,1021536.92
51566,3598072.29
51567,3440609.56
51568,2053348.35
51569,3108467.23
51570,1125614.29
51571,12773206.39
51572,1307398.74
51573,80684418.45
51574,1725276.2100000002
51576,24315291.7
51577,888434.24
51578,938858.36
51579,1470764.6300000001
51580,5854217.67
51581,1002551.3500000001
51582,4997309.49
51583,4177540.4
51584,1581418.02
51585,7317715.25
51586,1406906.34
51587,2631822.66
51588,2924528.0199999996
51589,2370082.04
51590,6466619.6
51591,2617005.41
51592,4240816.14
51594,1071778.86
51595,1462990.93
51596,3260204.14
51597,1851217.15
51598,3432902.5
51599,2840891.62
51600,1205850.17
51601,1440168.77
51602,896194.7000000001
51603,2855462.77
51604,1506825.13
51605,6571861.29
51607,1347095.3
51608,1071283.72
51609,3671943.8200000003
51610,2551115.42
51611,3958612.02
51612,45449970.92
51613,12128355.549999999
51614,9522700.11
51616,1872449.76
51617,9093525.49
51618,1093492.8800000001
51619,948133.87
51620,1289054.61
51621,13028725.959999999
51622,5343910.32
51623,3507382.1599999997
51624,4667757.92
51625,997749.9500000001
51626,1073262.07
51627,1934885.3900000001
51628,1033554.28
51629,5360784.1
51630,2968641.83
51631,1785857.96
51632,2289676.98
51633,1843979.52
51634,1313810.28
51635,1281502.95
51636,8318718.88
51637,2718371.92
51638,1092018.0
51639,396046.89
51640,1367317.76
51641,2250739.87
51642,775548.25
51643,5189583.4
51644,3083986.8
51645,1252095.24
51646,446869.3
51647,8197551.51
51648,5034255.08
51649,143951350.62
51650,190933.54
51652,776803.91
51654,1525694.37
51655,2917700.25
51656,4031496.12
51657,2867217.38
51658,887717.55
51659,236517.36
51660,11655159.91
51662,44660978.14
51663,23205434.23
52001,2651315.31
52002,676150.57
52003,2582841.86
52004,360451.04000000004
52005,418623.2
52006,2948435.45
52007,1506585.07
52008,12955735.67
52009,1075102.04
52011,568319.99
52012,639301.35
52013,1223406.45
52014,2180791.67
52015,918893.17
52016,1308208.46
52017,15383673.65
52019,961953.49
52021,2067909.17
52022,3460241.8000000003
52023,1885011.95
52025,882732.25
52027,1465944.69
52028,1007527.71
52029,714029.48
52030,506503.2
52031,3146256.6
52033,935400.26
52034,1743603.2200000002
52035,3940668.63
52037,2485862.18
52038,447298.57
52039,1103331.06
52040,1133350.22
52042,1157347.86
52043,934079.75
52044,6455540.720000001
52045,14317674.209999999
52047,1686112.99
52050,13232660.73
52051,588922.48
52053,362267.23000000004
52055,1495154.8399999999
52056,1935156.0699999998
52057,680459.1
52058,20290665.080000002
52059,1237306.51
52060,47111100.269999996
52061,4111214.05
52062,1083799.98
52063,2185913.12
52064,12290097.709999999
52065,1129203.5
52066,762733.52
52067,1118382.8699999999
52069,1669060.75
52070,871209.77
52072,2124392.06
52074,7590164.21
52075,1417965.72
52076,2756221.45
52079,7234558.18
52082,2370926.04
52083,9004707.41
52084,1463599.1400000001
52085,347354.2
52087,2017735.67
52088,5684915.5600000005
52089,984863.42
52090,917028.71
52091,2465565.12
52092,1336004.2
52093,37942955.03
52094,3708468.1
52095,5489514.399999999
52097,910187.03
52099,8915385.469999999
52101,731074.0900000001
52102,2383608.85
52103,1649449.2
52104,8319018.09
52105,1964613.23
52106,1737394.6099999999
52107,3785365.41
52108,1522711.3
52109,250019.6
52110,1639948.2
52113,1697262.56
52114,20439912.41
52115,869924.5199999999
52116,261259.59
52118,3264821.05
52119,3868376.0700000003
52120,2070681.7
52121,258955689.05
52122,849628.03
52123,26971289.07
52124,1123502.7
52125,8630918.67
52126,1839280.83
52127,1549567.79
52128,2130535.24
52129,1639324.65
52130,1574967.4
52131,3058998.93
52132,2915838.06
52133,2334218.48
52134,1632618.79
52135,1673526.17
52136,1268355.64
52137,937379.3799999999
52138,1620058.72
52140,8458176.85
52141,1512229.1099999999
52142,2095564.25
52145,1265374.16
52146,1148066.88
52147,1080406.13
52149,593414.14
52151,1474914.24
52155,4126731.73
52156,2775357.68
52157,117443.36
52158,2765081.98
52159,364481.57
52160,552215.05
52161,1087289.03
52162,2827999.71
52163,4904094.82
52164,2017289.75
52165,2727307.38
52167,3254919.43
52168,857942.3
52169,2191762.94
52170,1347114.31
52171,3523587.61
52172,2156471.64
52173,908581.6
52174,554432.38
52175,3543647.85
52177,15677735.31
52178,3570514.0
52179,196827.66
52181,2112662.25
52182,21012615.95
52183,603998.92
52184,2157623.08
52185,1300180.3499999999
52187,6188500.29
52189,4339460.02
52190,2889725.49
52193,2080884.58
52194,22340287.31
52195,483237.4
52196,1771179.24
52197,18272308.97
52198,1200834.99
52199,695459.65
52200,1321384.48
52201,847508.8099999999
52203,2673925.84
52204,1373883.03
52205,5087036.71
52206,920784.39
52207,933846.97
52208,1620833.4100000001
52211,18455547.22
52212,4082212.61
52213,1391745.31
52214,256620.88
52216,1304748.4
52217,1213126.74
52218,1268321.1199999999
52219,850360.22
52220,2922747.75
52221,1669959.73
52222,525029.78
52223,974751.0199999999
52227,3859756.46
52228,755275.8099999999
52229,1433263.16
52230,3633682.19
52231,1188767.6300000001
52232,529056.06
52233,1528013.24
52234,574742.71
52235,941366.28
52237,2729878.96
52240,1404893.98
52242,7935284.949999999
52243,1828675.3099999998
52244,5064874.3
52245,1012246.75
52246,4569378.5600000005
52247,4829939.91
52248,3197840.65
52249,1374942.96
52250,39586835.73
52251,4640957.26
52253,2806398.44
52254,1455601.32
52256,1892669.49
52257,1361733.22
52258,4965503.15
52260,1074538.92
52264,1111103.89
52265,12651160.66
52266,1141367.43
52267,1170440.06
52269,128253367.81
52271,2101380.8200000003
52272,1544416.99
52273,1861606.74
52274,2321372.12
52275,918157.63
52276,2395619.88
52277,643653.09
52278,1041437.96
52280,1127363.87
52282,3981722.2600000002
52284,1656625.04
52285,587946.89
52286,1985302.76
52287,819720.02
52288,2563771.5
52289,4685212.07
52290,1103723.63
52291,717394.98
52292,7080559.74
52294,5426586.7
52295,1587349.04
52297,3000223.5300000003
52298,1168051.3800000001
52300,2666498.9699999997
52301,939299.2100000001
52302,1769103.8699999999
52303,1390232.5999999999
52304,571730.6799999999
52305,4797673.47
52306,4503208.71
52307,2389724.24
52308,3313262.72
52310,1664800.09
52311,2157322.9
52312,615554.75
52313,1891945.8599999999
52315,1182821.82
52316,761664.81
52318,1926321.28
52319,696095.9
52320,2637937.58
52321,1844659.63
52322,960218.64
52325,1109837.2
52326,440184.18
52327,2718368.0300000003
52328,175128.28
52330,2075029.74
52331,27832143.8
52332,18700812.88
52335,999533.14
52336,1376018.24
52337,1682028.67
52341,1544505.24
52342,643208.74
52344,549753.04
52346,5133156.24
52347,1821201.03
52348,7378065.79
52349,2145188.09
52350,1054992.11
52352,1072637.5
52353,59186288.059999995
52354,468896.12
52355,2664197.17
52356,958910.0
52357,3618252.23
52358,1075670.21
52359,2121887.61
52360,3249130.6999999997
52362,849115.3999999999
52363,849344.7000000001
52364,974297.07
52365,3428815.91
52366,821335.03
52367,424203.32
52369,1171268.34
52370,6207286.84
52371,2447417.91
52372,967820.03
52373,866422.99
52374,2285151.84
52375,281921.67
52376,2324612.65
52377,3871667.21
52378,937944.52
52380,2411471.32
52383,1757485.56
52384,1999097.45
52385,919371.09
52386,5223161.3
52388,1727417.87
52390,1211743.63
52391,2020884.89
52392,954811.03
52393,815347.3099999999
52394,1879150.02
52395,828685.68
52396,2614235.41
52397,737768.37
52398,16740015.84
52399,1998252.6300000001
52400,1506868.6199999999
52401,3445113.9499999997
52403,1029497.87
52405,13206200.6
52406,2299561.31
52407,2412137.94
52411,15269195.92
52413,887577.41
52414,8107140.99
52415,1528146.75
52416,1421922.1099999999
52419,1260705.69
52420,4059986.25
52421,2425008.56
52422,3110617.8499999996
52423,4986222.36
52424,691003.47
52425,2096158.99
52426,1674524.23
52428,892121.46
52429,2542252.2800000003
52431,2778588.5700000003
52432,13565532.92
52433,2329369.65
52436,1156318.31
52437,575046.86
52438,1453500.82
52439,2081269.34
52440,4206622.8
52442,4265498.9
52443,983129.02
52444,4512046.53
52445,823949.11
52446,1544194.11
52447,1471986.9400000002
52448,427790479.6
52449,17436634.89
52450,1828027.79
52452,853240.01
52453,1017798.49
52455,1382818.99
52456,5247610.45
52457,1349169.6400000001
52459,1001206.97
52461,6143561.529999999
52463,2314381.83
52464,1012865.46
52465,1075583.83
52467,1056148.04
52468,1481463.97
52469,3403922.03
52470,4152519.2
52472,1149800.28
52473,2294733.85
52474,873862.94
52475,555354.41
52476,1561790.04
52479,8985789.52
52480,3213596.5500000003
52482,1296276.48
52483,950431.54
52484,4115473.62
52486,1050367.74
52487,423996.89
52488,2078150.82
52489,714995.4299999999
52490,6711397.1899999995
52491,2967465.89
52492,5091898.100000001
52493,825571.4600000001
52494,1426390.1
52495,1955990.69
52497,3301916.0
52499,669726.3
52500,4550668.83
52502,593638.56
52503,483982.62
52504,4193729.33
52505,529038.22
52506,1041558.1
52507,975345.77
52510,4535726.9
52511,785715.91
52512,7173546.54
52513,719911.22
52514,2277065.94
52515,1087948.33
52516,349297.72000000003
52517,1926713.74
52518,1399797.46
52519,570048.22
52520,1542471.3900000001
52522,4548820.39
52523,710247.73
52524,4941019.2
52525,2410667.21
52526,1434024.79
52528,2180965.5
52529,6918420.82
52534,10511681.6
52535,5196884.17
52536,454146.68
52538,3230668.35
52539,775675.88
52540,992873.49
52541,2562547.63
52542,1192581.35
52543,4076146.81
52544,4609515.55
52545,1246988.9
52546,403952.91
52547,3626971.52
52548,327799.61
52549,333650.1
52550,29641917.509999998
53001,18005211.259999998
53002,5388205.61
53003,30691904.08
53005,24163257.45
53007,27952813.16
53008,12263331.68
53009,7439659.16
53010,2513991.54
53011,5926578.97
53012,4277972.38
53013,8192388.87
53015,14254209.22
53016,11641448.99
53017,15745396.28
53018,14536777.72
53019,1541390.22
53021,5125222.45
53022,5305243.1899999995
53023,2690810.02
53025,10690297.44
53026,6908908.76
53027,2000274.2
53028,3022790.84
53029,14539755.47
53030,3460789.53
53031,4113467.29
53033,1128495.94
53034,41737747.51
53035,4605222.62
53036,10755511.56
53037,5358015.64
53038,2154938.54
53039,17640868.19
53040,7075471.5200000005
53041,2020126.28
53042,9603820.45
53043,3558919.69
53045,5742701.24
53046,2896388.62
53047,3476590.48
53048,11672124.6
53049,5535544.96
53051,6046987.11
53052,1454712.2000000002
53053,5207239.0
53054,83908005.0
53055,5329601.39
53056,7458748.33
53057,5413966.11
53058,3010881.85
53059,2386003.42
53061,10116390.43
53062,140343833.9
53063,3906226.14
53064,9349812.38
53066,11372530.92
53067,4408502.49
53068,1916874.15
53069,2709916.29
53071,5196164.52
53072,10132660.2
53073,12587207.34
53074,6758014.94
53075,2975161.12
53076,4224182.51
53077,41820206.25
53078,8049779.17
53079,3687455.71
53080,2151494.08
53082,5281599.63
53083,8921658.3
53084,60418858.34
53085,2478395.8
53086,7992689.27
53087,2650690.75
53088,9142972.47
53089,4002152.83
53090,2578537.15
53091,6492722.47
53093,3632623.65
53094,20483488.44
53096,75024534.25999999
53097,102261925.52
53098,4757002.57
53099,8287856.75
53100,17057855.04
53101,6970320.23
53102,1978574.52
53103,22657157.64
53104,13949058.0
53105,1562818.4
53106,5337663.0200000005
53107,32845539.02
53108,4683282.489999999
53109,4924307.4
53110,12040376.23
53111,2675802.07
53112,4060252.15
53113,5325554.87
53114,2875600.77
53115,2720324.88
53116,7989518.069999999
53117,6384029.2700000005
53118,1898008.62
53119,49139911.550000004
53120,5784885.74
53121,23443637.97
53122,9239172.53
53123,16069354.950000001
53124,10688039.69
53125,16330128.75
53126,13814554.41
53127,27941349.05
53128,3068513.29
53129,3437176.31
53130,447813511.36
53131,2430768.5300000003
53132,3670244.58
53133,6844012.34
53134,1466756.17
53135,5998134.0
53136,11973222.620000001
53137,23510501.47
53139,3134120.6599999997
53140,43253155.63
53141,6612096.23
53142,2908717.95
53143,5249513.2700000005
53144,9328697.37
53145,5067490.55
53146,20074357.64
53147,142414432.79999998
53148,2053492.3399999999
53150,7711078.82
53151,11431301.98
53152,32518750.55
53153,4317779.74
53154,7960295.2700000005
53155,14201839.51
53156,2529279.86
53157,12960017.01
53158,6658674.81
53160,4223838.02
53161,25623826.75
53162,7177235.38
53163,8930583.129999999
53164,4545740.96
53165,3097980.52
53168,13132032.01
53169,3164159.67
53170,9501937.48
53172,4376048.859999999
53173,2116635.18
53174,4228154.74
53175,12944312.15
53176,4968908.41
53177,2542090.63
53178,2958987.5
53179,3125027.66
53180,6606012.01
53181,13463190.69
53182,18875749.29
53184,1736123.01
53185,31254904.32
53186,17336091.14
53187,1512462.7
53188,25640676.27
53189,896251.43
53190,5699714.88
53191,4752264.46
53192,3778175.55
53193,5680805.61
53195,3040728.59
53196,3292055.46
53197,10746736.3
53198,2800602.62
53199,2671420.52
53200,7602576.87
53201,69293745.3
53202,5626612.01
53203,3679942.54
53204,4206581.93
53206,2207739.3000000003
53208,4190889.42
53209,5259193.52
53210,22373055.07
53211,18943168.61
53212,5851560.11
53213,4373689.78
53214,1607544.82
53216,9454821.92
53218,6846756.41
53219,10321973.02
53220,3002906.93
53221,4078683.91
53222,2797531.68
53223,4313631.43
53224,9065134.57
53225,3536319.5500000003
53226,6950858.29
53228,7149535.08
53229,12352185.66
53230,2460436.47
53232,2098376.98
53233,2315306.65
53234,2493027.58
53235,2282997.7800000003
53236,2308904.1
53237,3444436.54
53238,5906560.92
53239,4436059.02
53240,3684269.03
53242,2613712.75
53243,17524048.990000002
53245,12745697.5
53246,15638692.92
53247,39344405.64
53248,2165358.01
53249,4239324.32
53250,4967235.39
53251,3653502.36
53253,5653188.57
53255,18603291.93
53256,2762048.36
53257,4862885.44
53258,9813181.84
53259,4480789.89
53260,4321489.68
53261,1661663.02
53262,8975014.13
53263,2480785.03
53264,2652704.1300000004
53265,10012678.569999998
53266,2599374.26
53267,19134670.32
53269,5028788.12
53270,1424528.6400000001
53271,34374354.38
53272,2926650.48
53273,15670509.36
53274,3554691.97
53276,8362557.33
54001,2478642.59
54002,3513819.82
54003,1807716.73
54004,1591042.82
54005,1226952.78
54006,2624722.61
54007,5275861.73
54008,5124217.68
54009,1499969.07
54010,5968397.2700000005
54011,4148134.48
54012,2724892.23
54013,1473010.57
54014,2410083.23
54015,2426460.82
54016,1973145.5099999998
54017,2034072.36
54018,4750078.09
54019,1571492.35
54020,3819160.2199999997
54021,2138363.7399999998
54022,5847388.1899999995
54023,3872544.08
54024,1753452.42
54025,10272749.52
54026,2794860.3200000003
54027,6282917.54
54028,31802429.99
54029,16983393.14
54030,1324936.72
54031,2962082.24
54032,1962961.75
54033,1100206.27
54034,3005900.55
54035,1689004.4400000002
54036,10213502.14
54037,3108646.04
54038,12095103.879999999
54039,50820000.629999995
54040,13584152.46
54041,1896913.7100000002
54042,3516961.15
54043,8065009.19
54044,2049086.52
54045,5757455.9
54046,5573295.390000001
54047,2444615.59
54048,3599997.7
54049,4469084.75
54050,2049774.24
54051,34938286.94
54052,1682420.0
54053,2641258.92
54054,13418081.07
54055,2978682.73
54056,1211446.95
54057,1845790.6400000001
54058,1966470.4
54059,4987470.55
54060,10598391.66
54061,3962588.48
54062,6500267.88
54063,3109545.47
54064,1868897.11
54065,7483253.15
54066,2633462.72
54067,5482424.47
54068,1869621.9300000002
54069,4726601.32
54070,1435673.67
54071,1816469.8900000001
54072,3267229.1799999997
54073,6077869.27
54074,639376.17
54075,2603806.71
54076,33944784.53
54077,11813587.639999999
54078,860857.6599999999
54079,51962719.1
54080,9155842.92
54081,3006089.11
54082,3106312.8600000003
54083,2607891.15
54084,9822717.26
54085,1563420.6600000001
54086,5513545.44
54087,1753164.1300000001
54088,1982672.93
54089,9627520.57
54090,18315003.53
54091,6132334.4399999995
54092,1681609.36
54093,2773429.35
54094,1981173.4300000002
54095,672209.45
54096,2319643.13
54097,3384431.03
54098,2352603.48
54099,99317043.24
54100,4082188.44
54101,1927625.38
54102,9080879.39
54103,1758281.66
54104,3145236.33
54105,4956224.48
54106,2598051.57
54107,936350.16
54108,1331556.31
54109,5785287.56
54110,12686620.82
54111,20689672.330000002
54112,4911822.53
54113,6211059.59
54114,2108698.02
54115,62825571.339999996
54116,12920344.25
54117,1218232.37
54118,5928953.69
54119,1883622.31
54120,2716273.9899999998
54121,1265832.85
54122,8030413.600000001
54123,10432538.34
54124,1270505.77
54125,6398577.04
54126,2286144.01
54127,5382429.37
54128,4295390.069999999
54129,9503423.15
54130,1687386.02
54131,3812739.49
54132,804208.23
54133,2772420.65
54134,2671072.5
54135,11048514.2
54136,47857936.39
54137,7534053.55
54138,23707050.61
54139,5032777.4399999995
54140,2072818.9499999997
54141,1596626.11
54142,1797322.36
54143,4372183.44
54144,2944162.26
54145,5453158.109999999
54146,4494253.069999999
54147,2165641.45
54148,4074946.3200000003
54149,17935463.87
54150,33978343.19
54151,10891649.34
54152,21933490.919999998
54153,1338546.59
54154,8741620.04
54155,4797536.0
54156,2574167.7
54157,31050636.09
54158,2530199.52
54159,69671300.57
54160,4641593.42
54161,5219229.9
54162,7672164.26
54163,2573959.92
54164,1951601.01
54165,4390220.16
54166,1263115.82
54167,15113638.14
54168,2608505.46
54169,1358378.28
54170,1036237.36
54171,13963827.16
54172,2606497.17
54173,2605516.54
54174,24214967.97
54175,1728043.9400000002
54176,18515206.95
54177,2591687.96
54178,2067169.07
54179,3335731.98
54180,1381757.4200000002
54181,6075078.92
54182,4158574.24
54183,2306400.43
54184,37425695.660000004
54185,1171445.34
54186,6621935.24
54187,2925736.1599999997
54188,9856947.2
54189,7358471.57
54190,2997736.39
54191,1470203.9
54192,2400649.31
54193,1831771.25
54194,3783114.79
54195,1458736.64
54196,20149107.83
54197,12658504.54
54198,2163679.87
54199,4789753.2
54200,2431307.63
54201,4935117.57
54202,2800464.74
54203,2439865.67
54204,1114648.5
54205,20194585.6
54206,6736387.390000001
54207,1294654.28
54208,3325395.95
54209,1286464.3
54210,1767673.2200000002
54211,3976838.6199999996
54212,3395323.16
54213,3557902.16
54214,5473315.68
54215,50989894.49
54216,2020956.58
54217,2434652.83
54218,1299516.62
54219,1093095.41
54220,2491863.24
54221,1890862.98
54222,17610239.76
54223,2751725.24
54224,2584945.59
54225,2037819.18
54226,3821134.9699999997
54227,8979818.05
54228,2168198.07
54229,6290151.84
54230,1160181.49
54231,2957216.14
54232,25541351.93
54233,966225.5
54234,19672439.41
54235,3289096.12
54236,4822051.97
54237,1109676.27
54238,3099840.1500000004
54239,994286.47
54240,1312036.9
54241,799256.5
54242,5068833.9799999995
54243,2915186.72
54244,1158999.42
54245,1667229.21
54246,1026755.15
54247,1789204.8800000001
54248,1816642.94
54249,1470086.54
54250,5815254.85
54251,1731339.21
54252,3458241.55
54253,7075290.37
54254,24171793.49
54255,2708688.0300000003
54256,2683702.7800000003
54257,29206143.79
54258,2950806.54
54259,3272994.2800000003
54260,7376123.81
54261,35324244.59
54262,2969772.4499999997
54263,38334266.9
54264,3126251.51
54265,20015864.49
54266,3356318.44
54268,2163937.2600000002
54269,2745773.06
54270,31700994.37
54271,1283001.93
54272,7741906.44
54273,82672363.12
54274,46223460.29
54275,2017923.94
54276,9476868.01
54277,3215898.16
54278,1182480.32
54279,8024032.1899999995
54280,51086192.97
54281,3936146.3
54282,1073728.37
54283,2663022.09
54284,6313211.01
54285,1228869.1300000001
54286,20322473.31
54287,2902702.56
54288,5430531.01
54289,3714547.39
54290,2883599.73
54291,2423096.4
54292,2732247.98
54293,1500382.34
54294,2240592.85
54295,6500473.97
54296,6328588.789999999
54297,2750364.06
54298,1246603.8699999999
54299,2401672.9299999997
54300,33111700.14
54301,1385300.4100000001
54302,5344335.71
54303,3975349.91
54304,60739048.66
54305,15233579.4
54306,4619057.4
54307,2146284.5
54308,3026545.63
54309,3398600.4699999997
54310,280483.83
54311,5017245.09
54312,9639938.04
54313,1424242.69
54314,35762917.53
54315,5330016.0600000005
54316,2808164.42
54317,1638059.65
54318,31397988.29
54320,5705161.01
54321,54927858.2
54322,35547350.24
54323,114938834.64
54324,1584339.02
54325,1990948.35
54326,1540868.59
54327,7179868.32
54328,45262161.76
54329,169904249.96
54330,2579704.0100000002
54331,4094505.27
54332,8814733.16
54333,2196210.6
54334,3457354.32
54335,4913079.59
54336,9883207.09
54337,1728310.31
54338,5080364.16
54339,30996809.71
54340,1779833.2
54343,2760820.97
54344,2671652.4699999997
54345,1954005.79
54346,2337578.48
54348,3379498.45
54349,1915014.18
54350,5421738.62
54351,9025202.14
54352,5645523.75
54353,8743144.48
54354,1745763.84
54355,2476432.29
54356,2339802.37
54357,48470309.62
54358,2332712.6
54359,1728345.84
54360,3054590.27
54362,9388686.32
54363,1994256.0199999998
54364,9440695.31
54365,2793739.99
54366,11881257.9
54367,19231876.79
54368,1787755.71
54369,6884957.04
54370,2763028.85
54371,10011693.790000001
54372,2474829.55
54373,8772092.7
54374,4008257.9000000004
54375,7989015.66
54376,2416623.69
54377,1690580.6300000001
54378,5950887.0
54379,1978735.53
54380,4178706.81
54381,1789764.98
54382,83179945.15
54383,7807041.64
54385,9674146.38
54386,2491463.52
54387,1720539.01
54388,1517443.31
54389,1213118.74
54390,8317424.649999999
54391,19876774.28
54392,3384350.7399999998
54393,7229043.57
54394,1254066.37
54395,584769827.83
54396,2251685.6
54397,56979801.46
54398,1671859.7
54399,2656308.07
54400,11072399.83
54401,2395409.98
54402,4733932.68
54403,10409109.77
54404,3289457.47
54405,4855583.45
54406,3251465.8000000003
54407,1499367.2
54408,2360142.5700000003
54409,1582404.91
54410,2957965.59
54411,2155402.1999999997
54412,1177064.7100000002
54413,1865066.67
54414,6828463.96
54415,49661000.89
54416,1770583.52
54417,2039152.83
54418,2631206.5300000003
54419,1652271.57
54420,1591614.26
54421,3633386.39
54422,1659062.64
54423,3844566.16
54424,1175465.69
54425,25142939.91
54426,5189340.15
54427,7949047.249999999
54428,8307459.9
54429,2551136.2800000003
54430,33250845.61
54431,132337441.48
54432,12539006.56
54433,2662794.22
54434,3079664.84
54435,3394483.97
54436,1698848.5
54437,9698397.28
54438,1403971.22
54439,22937063.0
54440,1170831.36
54441,2494428.93
54442,1144627.85
54443,906600.51
54444,2568261.48
54445,2401840.37
54446,1357336.7
54447,1149867.42
54449,6967628.17
54450,2689787.58
54451,27934357.55
54452,1437575.96
54453,2209164.34
54455,3533519.1100000003
54456,5641928.7
54457,1038112.58
54458,2774394.3
54459,14369608.48
54460,1509544.69
54461,964737.8099999999
54462,19964634.06
54463,5217398.52
54464,1200227.89
54465,5149081.33
54466,2632953.94
54467,3187072.52
54468,1031766.73
54469,8190732.85
54470,1991450.39
54471,1316005.4
54472,7436043.62
54473,2255801.74
54474,3874049.45
54475,1827344.55
54476,2588684.74
54477,1750184.05
54478,1377690.6
54479,1242405.6400000001
54480,1130376.52
54481,1672409.9500000002
54482,40515773.25
54483,46259344.71
54484,2289264.27
54485,3627799.32
54486,3533761.88
54487,1661131.8599999999
54488,1455049.65
54489,1595069.4000000001
54490,7899674.6899999995
54491,3884857.75
54492,1712468.06
54493,16413406.200000001
54494,1837574.06
54495,17168746.560000002
54496,5658405.57
54497,5938822.17
54498,30385512.279999997
54499,2016084.63
54500,3357613.01
54501,1829896.3099999998
54502,3397643.48
54504,4189754.64
54505,8821374.0
54507,1207232.45
54508,1620717.5399999998
54509,6784674.12
54510,3614744.77
54511,1501203.05
54512,2102845.09
54513,4874664.56
54514,6048277.7
54515,4006576.9899999998
54516,501220.07
54517,1750185.06
54518,13455187.24
54519,4534414.63
54520,4126058.9
54521,15385496.530000001
54522,1398195.76
54523,5104271.54
54524,1749479.47
54525,4119686.6500000004
54526,45336379.52
54527,5954975.78
54528,153592324.43
54529,1231158.46
54530,2119884.2399999998
54531,1753291.33
54532,2780310.92
54533,11073692.51
54534,5042982.54
54535,1465017.1099999999
54536,25013945.85
54537,7641728.33
54538,2847409.2
54539,2298590.94
54540,5316271.7700000005
54541,1784143.75
54542,22290882.650000002
54543,2974101.0500000003
54544,1059776.66
54545,3008768.4899999998
54546,18408962.59
54547,157704384.21
54548,4934132.99
54549,27346180.06
54550,3667684.19
54551,1147774.62
54552,1949986.4600000002
54553,2063604.77
54554,1635924.58
54555,1788035.6700000002
54556,2180330.62
54557,14665337.59
54558,3995476.9299999997
54559,3797173.44
54560,1079826.3900000001
54561,944103.5700000001
54562,1924608.49
54563,8809655.51
54564,1773008.08
54565,3643068.38
54566,2361520.5700000003
54567,5321164.81
54568,2901402.16
54569,1999144.79
54570,4280963.0
54571,5194996.27
54572,4561290.78
54573,1770390.27
54574,5420058.33
54575,28111966.08
54576,1179320.02
54577,1701918.84
54578,62364746.010000005
54579,2709572.7399999998
54580,50483648.64
54581,4320105.3
54582,2605769.89
54583,4483044.28
54584,16532536.95
54585,3635782.0100000002
54586,8191985.01
54587,3027535.6
54588,3180698.41
54589,986558.9400000001
54590,5582173.3
54591,4156892.85
54592,1894839.68
54593,3283079.53
54594,2988438.5900000003
54595,5398768.52
54596,8513337.33
54597,3347602.1900000004
54598,1469121.57
54599,1080389.12
54600,1548892.5
54601,2251901.67
54602,1277654.22
55001,4360770.76
55002,605332.19
55004,614240.2999999999
55005,979916.29
55007,1721288.18
55008,1108300.0599999998
55009,5021448.45
55010,38436349.050000004
55011,1892779.33
55012,5666380.82
55013,3349635.2600000002
55014,3736517.83
55015,3943310.5599999996
55017,1070059.19
55018,837981.8500000001
55021,595171.4400000001
55022,1473686.21
55023,720751.19
55024,1215338.15
55025,2993027.97
55026,1540890.2
55027,1891003.35
55028,1127005.06
55029,214376096.51
55031,2649717.51
55032,1080835.46
55033,308404.65
55034,676613.57
55035,2387132.6799999997
55036,1099552.3800000001
55037,1664537.2000000002
55038,1062590.08
55039,263280.63
55040,2898048.1
55041,4691156.21
55042,3321402.7
55043,20799886.3
55044,362086.29000000004
55045,4166435.0100000002
55046,1617769.6
55047,1857996.8
55048,507080.97
55049,3443465.2399999998
55050,113287.87000000001
55051,1904061.78
55053,2785640.84
55054,788407.71
55055,206203.55
55057,862115.29
55058,1992520.2200000002
55059,5605306.01
55060,4568365.17
55061,2756259.38
55062,1307182.17
55063,17379442.03
55064,2209544.27
55065,1754349.42
55066,1793294.14
55067,996328.5700000001
55068,1335782.51
55069,1615520.26
55070,1016787.81
55071,2128964.54
55072,825476.73
55073,5253534.72
55075,1496009.74
55076,2062209.75
55077,2325032.5300000003
55078,3705169.96
55079,4561813.27
55080,1559449.4000000001
55081,635824.63
55082,806305.0
55083,1455530.33
55084,1075185.36
55085,2672383.8
55087,14819371.86
55088,1466396.74
55089,1002461.73
55093,4532266.43
55094,3678197.59
55095,1302861.14
55096,4360812.9
55097,4087835.5700000003
55099,1551981.48
55100,424206.73
55101,2336984.45
55102,6080559.6899999995
55103,372637.48
55104,2989814.86
55105,969479.9400000001
55106,1195629.26
55107,290674.34
55108,1420583.57
55109,1690519.53
55110,1690600.94
55111,3882270.59
55113,1641318.4100000001
55114,2307395.12
55115,766350.12
55116,544779.64
55117,14857501.68
55118,454364.42000000004
55119,1683029.03
55120,8321363.61
55121,1512960.22
55122,64073137.080000006
55123,4409545.26
55124,3661809.52
55125,9264326.68
55127,505113.17
55128,1642572.05
55129,259965.37999999998
55132,10397227.86
55133,2985371.9899999998
55134,727070.8400000001
55137,405353.41
55138,1927384.87
55139,96971.59
55140,315334.9
55141,802332.66
55142,5177359.61
55143,640380.42
55144,6420180.05
55145,9501944.0
55146,1755092.11
55148,1244928.73
55149,489193.27
55150,7546765.85
55153,1955698.66
55154,18163740.58
55155,2864832.94
55156,1656467.26
55157,911666.35
55158,5786081.81
55159,2803302.57
55160,723375.65
55162,236074.46
55163,720037.92
55165,1928476.9100000001
55166,9671713.959999999
55167,3872257.13
55168,453914.24
55169,2032595.39
55170,1460582.11
55171,1093773.83
55172,1169138.89
55173,800353.0599999999
55174,712029.6900000001
55175,1726881.4400000002
55177,498844.72
55178,2043706.98
55179,2770859.89
55180,982693.97
55181,22420790.19
55182,1719768.32
55183,751090.23
55184,18113763.65
55185,1249021.92
55186,32932142.4
55188,833796.54
55189,123310.5
55191,2262381.81
55192,557069.27
55193,1587505.87
55194,1020673.42
55195,1304891.78
55196,1486577.81
55197,2588041.11
55198,5268137.29
55199,1292497.9
55200,3924386.63
55201,526918.4
55202,1313269.25
55204,1720457.73
55206,2512611.07
55207,1067133.87
55208,658130.8300000001
55210,954760.3600000001
55211,701536.48
55212,1121048.89
55214,2418973.98
55215,26990619.03
55216,653906.76
55217,1910359.75
55218,497241.27999999997
55219,1096440.0699999998
55220,1761244.07
55221,2175868.71
55222,92715.41
55224,7213412.83
55225,1926787.8900000001
55226,1302235.4
55228,3062558.97
55229,2758314.2800000003
55232,783924.02
55236,4696541.97
55237,891803.84
55239,218648.49
55241,1967616.98
55242,1243401.9100000001
55243,2026483.72
55244,2304208.35
55245,5406203.01
55246,1610337.1500000001
55247,1501711.3599999999
55248,6854347.760000001
55250,1078196.92
55251,561402.82
55252,1155003.39
55253,5446466.91
55254,1416011.22
55255,2324190.2399999998
55256,1691605.44
55257,785397.84
55258,6715260.96
55260,648461.33
55261,983163.25
55262,3538526.84
55263,1392216.86
55264,2356541.39
55265,897715.36
55266,1033577.7
55267,2515683.51
55268,7987008.28
55269,926297.01
55270,340239.25
55271,4136261.28
55272,6423246.74
55274,5902232.31
55275,778617.59
55276,2084853.48
55278,2674081.71
55279,4681950.5
55280,617874.83
55281,485626.7
55282,1975239.91
55284,872094.35
55285,2130246.59
55286,2137216.5100000002
55288,10843012.85
55289,1007154.4400000001
55290,1202715.95
55291,32553187.71
55292,2882520.15
55293,1839972.3599999999
55295,547452.88
55296,4745029.47
55297,1216150.8900000001
55298,2902813.85
55299,932736.14
55300,1289281.01
55301,935905.98
55302,17451899.62
55303,1031986.41
55304,2534888.6
55306,1913830.29
55307,95495.15000000001
55310,1498306.05
55311,261381.47999999998
55312,1897378.4100000001
55313,912399.56
55315,6496029.7
55316,4461293.3
55317,1642264.04
55320,456604.08999999997
55321,1416134.06
55322,1082812.38
55323,447694.08999999997
55324,16014490.81
55325,779944.35
55326,916727.64
55327,2253152.14
55328,2371132.85
55329,1865355.6500000001
55330,1835211.03
55331,1733535.56
55332,1059214.48
55333,551862.82
55334,2052680.89
55335,1400797.58
55336,3074486.54
55338,773372.2
55339,833823.74
55340,4755063.05
55341,1746332.82
55343,980650.9
55344,356668.43
55345,2272465.27
55346,2763270.31
55347,2472074.48
55348,9928452.25
55349,1306428.96
55350,1391212.26
55351,23026132.47
55352,1212682.5
55353,851376.1900000001
55355,1490259.85
55356,830254.05
55357,731727.05
55358,2058587.0499999998
55359,2055071.05
55360,1727051.17
55361,1276352.15
55362,1776797.24
55363,1034370.8899999999
55364,4708428.67
55365,1377598.29
55366,9335403.61
55367,1109614.98
55368,1283215.1099999999
55369,7042506.029999999
55370,1255993.1600000001
55371,535461.19
55372,3337103.12
55373,1670030.74
55374,838983.6799999999
55375,445846.88
55376,457006.12
55377,1364642.72
55378,1868633.8
55379,811825.74
55380,2257590.56
55381,1534711.1099999999
55382,3443331.1900000004
55383,3464050.0100000002
55384,1120445.98
55385,5123594.67
55386,2989107.89
55387,2364064.03
55388,1152133.91
55389,2719562.02
55391,2484543.9099999997
55394,171570.75
55395,1468733.23
55396,1323365.73
55397,2119099.09
55398,19537936.25
55399,637424.47
55400,411944.37
55401,2599706.44
55403,714093.48
55404,3600684.06
55405,2252451.39
55406,700090.8200000001
55407,1164766.05
55408,2522226.76
55409,758038.3099999999
55410,2433168.98
55411,1832256.04
55412,2830090.93
55414,961722.4299999999
55415,1545050.76
55416,4024174.92
55419,1563478.72
55420,2217042.31
55421,1453089.75
55422,2489539.01
55423,2856332.3
55424,858655.93
55425,1548521.44
55426,3181149.27
55427,35326841.32
55428,1493871.22
55429,544658.35
55430,1553692.9500000002
55431,772094.5
55433,2370607.36
55434,1082494.98
55435,3953805.9099999997
55436,636064.03
55437,1289173.19
55438,3022825.7399999998
55439,653373.27
55442,2477679.22
55443,4272640.2299999995
55444,2081356.32
55445,2196340.29
55446,1164890.19
55447,3534141.61
55448,547287.65
55449,4408835.93
55450,806707.2999999999
55452,467983.9
55453,1061387.1500000001
55454,1195777.95
55456,1667868.01
55457,1195835.5499999998
55458,1783692.04
55459,2993853.19
55460,1827979.22
55461,3536031.42
55462,3074740.72
55463,54980226.53
55464,1792985.94
55465,1333485.94
55466,3632879.45
55467,7315861.1
55468,1157165.92
55469,1015444.72
55470,2132114.11
55471,510791.36
55472,1707819.25
55473,1229071.88
55474,1854247.24
55475,472504.18
55476,11472135.99
55477,2879692.61
55479,1986351.02
55481,3061304.43
55482,1996363.9
55484,2162318.58
55485,796864.4
55487,1214822.57
55488,685315.68
55489,2189677.2
55490,3030154.4699999997
55492,8097601.79
55493,2255328.17
55494,3385115.66
55495,1877666.6199999999
55496,13151842.629999999
55497,2413409.15
55498,5890793.09
55500,5611081.2299999995
55501,6681589.59
55502,37457793.92
55503,1777000.3199999998
55504,3060993.88
55505,17442946.74
55506,1432003.8199999998
55507,1318710.04
55508,1643983.3800000001
55509,1929426.6400000001
55510,965216.21
55511,731008.99
55512,3485315.59
55514,7747177.0
55515,778184.33
55516,5421974.5
55517,5652200.43
55518,2076055.26
55519,14683347.09
55520,4135811.9000000004
55521,1846300.0999999999
55522,578111.23
55523,1802173.1099999999
55525,648158.46
55526,1420840.2000000002
55527,8095766.08
55528,895969.5700000001
55530,1052155.46
55531,1871278.2
55532,4827293.08
55533,25441022.29
55534,1654746.3499999999
55535,566558.6
55536,1461483.02
55537,936511.42
55540,634472.09
55541,4280005.28
55543,9284304.43
55544,866775.79
55545,185210867.45
55546,941135.5800000001
55547,1469432.35
55549,1304152.85
55551,15237149.57
55552,736058.4
55553,9148586.95
55554,1964152.93
55555,346869.73
55556,364721.61
55557,1365573.77
55559,641358.46
55560,1322840.3199999998
55561,562564.36
55562,1154793.57
55563,847550.41
55565,447747.1
55566,2525354.98
55567,978659.8099999999
55568,3286475.29
55569,1947138.3800000001
55570,1883169.15
55571,2371116.13
55572,752891.43
55573,19377982.53
55574,1923069.7400000002
55575,1942447.5
55577,1394315.77
55578,1559295.48
55579,872876.65
55580,832202.18
55581,1792531.07
55582,747044.89
55583,1325145.44
55584,2349444.78
55586,1172757.6300000001
56001,36528042.04
56002,23435906.57
56003,48198723.31
56004,16008443.01
56005,77868719.18
56006,12348294.4
56007,119768051.91
56008,48413331.85
56009,12137945.46
56010,43680253.57
56011,11462863.76
56012,18872442.9
56013,22407114.8
56014,15794993.77
56015,17035315.74
56017,30391793.23
56018,10244688.110000001
56019,3734123.63
56020,5921449.41
56021,11404307.63
56022,9281344.77
56023,44895899.42
56024,18543183.06
56025,3056264.81
56026,21757944.189999998
56027,5467022.0
56028,16616773.8
56029,9902463.83
56030,7228230.16
56031,22389370.44
56032,12638115.22
56033,26825140.34
56034,82375064.39
56035,11955625.41
56036,56980106.0
56039,8932064.0
56040,21402673.27
56041,26966438.88
56042,16492111.91
56043,7819894.050000001
56044,5656078.31
56045,6581364.99
56046,33289954.299999997
56047,14742450.32
56048,8418759.78
56049,2642687.53
56050,5601378.37
56051,6993239.0
56052,31487481.84
56053,51026428.79
56054,27554163.39
56055,25290775.67
56056,2048741.18
56057,36245859.61
56058,21143728.28
56060,7850946.39
56061,54748196.97
56062,11689124.96
56063,17605658.5
56065,3617695.23
56066,52996354.41
56067,50107705.22
56068,2542300.58
56069,50267676.0
56070,25843477.82
56071,9376719.52
56072,12391021.36
56073,21799293.34
56074,13563731.540000001
56075,46201951.339999996
56076,15825060.15
56077,9738138.700000001
56078,96134001.27000001
56079,10805796.42
56080,16318531.5
56081,31976935.07
56082,2768175.14
56083,129944935.77
56084,5734604.79
56085,8992349.91
56086,12761577.02
56087,17841045.939999998
56088,11826702.18
56089,21864433.900000002
56090,60321317.68
56091,39923822.35
56092,7187804.31
56093,8463956.4
56094,44961104.67
56096,13767094.48
56097,30871583.81
56098,218442257.33
56099,7422288.16
56100,19546631.669999998
56101,65927218.95
56102,20506749.15
56103,4613760.97
56104,9022605.2
56105,11887388.07
56106,13928025.77
56107,102541492.66
56108,10519359.47
56109,12363722.37
56110,11647786.83
56111,13247043.76
56112,7182267.86
56113,9325485.08
56114,9839377.43
56115,12263242.48
56116,21672567.33
56117,44897332.0
56118,29996571.29
56119,23336753.02
56120,17176968.77
56121,601080695.26
56122,13342058.07
56123,23949401.42
56124,33683658.11
56125,18513426.86
56126,16504162.29
56127,28268523.51
56128,16838444.9
56129,19201300.46
56130,22965689.46
56131,12033929.05
56132,11869509.469999999
56133,10574829.93
56134,11811060.98
56135,11921352.84
56136,7389036.87
56137,24452550.78
56139,2742675.48
56140,59140875.199999996
56141,15365201.59
56143,43038023.59
56144,34557451.620000005
56145,10287301.74
56146,12914100.35
56147,33666539.03
56148,10862766.459999999
56149,23210618.62
56151,33142999.35
56152,28070809.92
56153,22879205.62
56154,11422938.49
56155,36401580.589999996
56156,4651795.62
56157,15474716.09
56158,42343288.6
56159,31615665.950000003
56160,17727103.2
56161,24202194.7
56162,191041256.08
56163,17403891.26
56164,46677973.65
56165,109070269.82000001
56166,62945401.24
56167,17208830.55
56168,17227632.74
56169,47198872.46
56170,22828035.779999997
56171,15576670.3
56172,31681463.330000002
56173,36072735.06
56174,20942186.939999998
56175,22133088.15
56176,33512551.63
56177,68800570.01
56178,170729293.24
56179,26666067.27
56180,5336804.4399999995
56181,33515330.91
56182,12604953.89
56184,65694036.41
56185,92449740.93
56186,110804307.15
56188,17119363.82
56189,9739553.42
56190,25393363.8
56191,3762047.92
56193,42923027.13
56194,24328329.39
56195,10400614.16
56196,13118843.209999999
56197,20566044.61
56198,22594022.73
56199,7575201.01
56200,16044576.07
56201,7209848.75
56202,3139652.61
56203,9669871.64
56204,10540198.850000001
56205,6506266.27
56206,94602221.05
56207,10945857.370000001
56208,4000585.49
56209,3414841.12
56210,5529039.0
56211,7628395.48
56212,18522234.09
56213,16461460.86
56214,32983054.99
56215,11742454.81
56216,4279531.83
56218,6620315.9799999995
56219,9105063.370000001
56220,8979353.86
56221,12754710.0
56222,29201112.85
56223,10358190.07
56224,3737778.57
56225,3069065.66
56226,5268800.78
56227,6061874.09
56228,9637925.75
56229,12912468.44
56230,7673145.24
56231,25530812.180000003
56232,6924940.5600000005
56233,20856145.8
56234,30867785.21
56236,8400716.74
56237,18715397.51
56238,7028020.11
56239,10729875.8
56240,101896131.22999999
56241,14598307.469999999
56242,10514509.21
56243,88279025.7
56244,35584631.18
56245,7288720.94
56246,19689425.27
56247,38091009.62
56248,34754402.62
56249,19387199.0
56250,6354114.31
56251,75118320.88
56252,9829688.61
56253,6650177.42
56254,10744533.66
56255,17496541.98
56256,1097901.5899999999
56257,10044909.09
56258,31771312.96
56259,9744413.55
56260,620313966.43
56261,20403598.6
56262,16419923.440000001
56263,21599690.44
56264,4417601.19
57001,8001727.08
57002,516408.06
57003,16459403.6
57004,1435654.91
57006,12467003.45
57007,1855267.77
57008,2457554.74
57009,1188904.43
57010,899635.96
57011,9932738.790000001
57012,49268363.96
57013,27095275.400000002
57014,4318931.2
57015,6235605.7
57016,6597314.82
57017,21284154.72
57018,1918901.62
57019,231229021.03
57020,2912589.83
57021,14807163.23
57022,17349705.79
57024,3123400.8899999997
57025,6453453.2299999995
57026,8612233.5
57027,1271732.03
57028,29124235.57
57029,2210110.08
57030,3143212.23
57031,7704351.890000001
57032,26615158.14
57033,4874993.08
57034,1216890.83
57035,1763824.49
57036,1961118.45
57037,3421469.59
57038,53684949.21
57039,24392902.29
57040,2224903.2
57041,20376674.04
57042,4558898.649999999
57043,29166739.0
57044,1728503.27
57045,924354.76
57046,14055551.959999999
57047,12102538.45
57048,294206.99
57049,23260022.13
57050,930046.0
57051,5247737.71
57052,7048340.87
57053,996543.29
57054,897144.24
57055,6662862.3
57056,1537232.78
57057,6313582.53
57058,116334675.16000001
57059,884207.1100000001
57060,10154009.27
57061,7543544.2
57062,3787993.02
57063,1807843.85
57064,4424355.82
57065,2728278.25
57066,4197687.2299999995
57067,23329667.259999998
57069,5022291.34
57070,2210227.2199999997
57071,3865597.27
57072,5638336.82
57073,9014361.59
57074,7629619.31
57075,2277911.45
57076,6173203.39
57077,1464115.9100000001
57079,9935477.069999998
57080,814669.72
57081,1111483.09
57082,5082815.17
57083,12393050.19
57084,2127045.97
57085,2632114.2399999998
57086,6613040.67
57087,2873373.84
57088,3258233.76
57089,108469506.65
57090,1630906.29
57091,12576230.55
57092,6169813.9799999995
57093,6633903.06
57095,9253437.84
57096,16732381.110000001
57097,39127764.43
57098,2301958.72
57099,4328024.739999999
57100,2872181.97
57101,13321599.94
57102,22223206.86
57103,1997063.74
57104,9622610.76
57105,1389627.65
57106,34891884.35
57107,1468230.35
57108,4226532.220000001
57109,6274091.5
57110,6602786.079999999
57111,3421754.01
57112,1146599.35
57113,5643026.16
57114,6376616.45
57115,1586926.67
57116,1216183.74
57117,5833488.66
57118,1178887.5899999999
57119,14389217.209999999
57120,1647179.25
57121,2089283.33
57122,9099009.2
57123,26704653.990000002
57124,69368189.76
57125,7232969.66
57126,2906533.99
57127,1586587.5799999998
57128,3300444.64
57129,7472356.08
57130,629747.0
57131,2127181.43
57132,31400390.82
57133,2304163.2399999998
57134,18627884.07
57136,7474694.14
57137,5786742.74
57138,680058.52
57139,3217673.13
57140,3829851.29
57141,1354144.17
57142,2378041.3499999996
57143,31669599.580000002
57144,52573907.019999996
57145,3514499.77
57146,5014215.42
57147,2450420.11
57148,4069092.44
57149,1872739.4100000001
57150,7325340.31
57151,1823925.08
57152,5091878.43
57153,21114773.56
57154,8913437.0
57155,37003926.56
57156,9564838.67
57158,1443174.45
57159,46876394.04
57160,153491383.23000002
57161,1084800.27
57162,15270210.67
57163,25842017.47
57165,6919242.7299999995
57166,445775.09
57167,4374564.34
57168,5968636.12
57169,4504631.83
57171,17045605.01
57172,4529390.99
57173,1657493.97
57174,1309285.96
57175,3921031.96
57176,15242018.139999999
57177,59269390.150000006
57178,4335285.08
57179,12473281.19
57180,5856876.41
57181,1112154.98
57182,546484.75
57183,2932956.87
57186,11012294.51
57187,3814373.3000000003
57188,4593930.53
57189,2138882.39
57190,3177903.66
57191,6019551.399999999
57192,11258733.780000001
57193,38036043.75
57194,8918329.92
57195,7621902.41
57196,4610211.13
57197,4969894.9
57198,2015441.28
57199,4926889.44
57200,3328081.97
57201,10205981.26
57202,15902182.66
57203,2683814.63
57204,4310333.33
57205,27219522.05
57206,79865304.61
57207,82083943.91
57208,18824339.56
57209,59107640.44
57210,9243450.99
57211,19907266.11
57212,9941007.92
57213,11585810.96
57214,5276938.67
57215,4851770.109999999
57216,1647671.8599999999
57217,7424098.65
57218,7371957.58
57219,11596941.06
57220,1344466.83
57221,78110154.0
57222,17331042.36
57224,50590392.15
57225,2355990.98
57226,44364541.29000001
57227,243594168.94
57228,1432757.0499999998
57229,2233862.65
57230,2656854.97
57231,1309170.8900000001
57232,10336629.59
57233,3603277.98
57234,5871214.74
57235,15709181.49
57236,612804.6
57237,3082665.6500000004
57238,2615112.34
57239,5043534.12
57240,133676262.99
57241,3109919.29
57242,40831850.8
57244,5632148.47
57245,6928858.27
57246,1579572.5399999998
57247,1043752.13
57248,2076002.19
57249,3127940.3
57250,14447371.77
57251,9720694.46
57252,6101233.18
57253,4021386.1
57254,8397708.38
57255,4947708.14
57256,5031766.26
57257,1239949.42
57258,3294522.34
57259,5875058.0
57260,33679425.32
57261,13868045.23
57262,12728206.69
57263,7666438.74
57264,5367672.87
57265,889335.0800000001
57266,1225412.59
57267,10183716.32
57268,957583.27
57269,88646592.33
57270,3869484.04
57271,5969514.55
57272,2552902.83
57273,5460426.69
57274,7995707.16
57275,9505221.39
57276,3122886.25
57277,2651092.68
57278,2346079.61
57280,3314142.82
57281,3441225.11
57282,2598314.0
57283,118968848.31
57284,1195218.1300000001
57286,3445339.12
57287,64721771.769999996
57288,16009296.100000001
57289,43296182.3
57290,1585661.44
57291,5165450.18
57292,237886.26
57293,2821382.37
57294,2286818.19
57295,982610.89
57296,9734294.09
57297,2853857.6100000003
57298,2083224.7000000002
57299,6487007.87
57300,4902060.04
57301,4658387.39
57302,8975667.92
57303,34543969.660000004
57304,4543141.71
57305,3346776.25
57306,120399060.04
57307,2912170.36
57308,2090229.57
57309,4899798.74
57310,2914596.08
57311,5649447.93
57312,3853751.35
57313,2374914.62
57314,9780961.66
57315,7517200.01
57316,8010370.98
57317,2990866.56
57318,2480846.89
57319,5531813.88
57320,2749413.03
57321,6038249.04
57322,5102398.81
57323,64784682.879999995
57324,9539002.74
57325,8937893.25
57326,2732075.58
57328,637414.63
57329,4026337.22
57330,16146363.14
57331,4802569.62
57332,94373536.86
57333,6678588.97
57334,3768467.71
57335,2547193.1
57336,40325527.0
57337,8184730.91
57338,9173594.31
57339,5075969.1899999995
57340,12608975.62
57341,5966132.5200000005
57342,960683.9299999999
57343,22121924.46
57344,6471167.0200000005
57345,3285462.68
57346,11438261.51
57347,5036434.15
57348,9532668.33
57349,2090565.55
57350,17706341.67
57351,6434003.29
57352,3144841.09
57353,930264.9
57354,1367235.54
57355,7365251.36
57356,11977848.7
57357,4430956.79
57358,7246878.0200000005
57359,1622163.04
57360,14522704.21
57361,5760157.75
57362,2707773.17
57364,7918427.59
57365,6422884.6899999995
57366,2049551.99
57367,2076632.1700000002
57368,22932840.66
57370,19389196.830000002
57371,3893210.3499999996
57372,11045171.0
57373,7864137.859999999
57374,2486707.88
57375,2679007.54
57376,5949840.99
57377,2577710.34
57379,3238347.82
57380,806056.99
57381,1985256.57
57382,10092619.83
57383,2343719.13
57384,4388592.78
57385,8606210.13
57386,3587042.42
57387,2250060.83
57388,5960478.03
57389,4032981.07
57390,13700518.540000001
57391,448881.27
57392,5898206.94
57393,1872412.5999999999
57394,6220877.1
57395,2191526.88
57396,6755658.84
57397,1886000.59
57398,5902580.77
57399,979121.6399999999
57401,1959005.2000000002
57402,2331182.99
57403,1842969.88
57404,2736820.61
57405,742742.47
57406,1349905.64
57407,4631461.88
57408,7885776.45
57409,5901286.78
57410,1517279.41
57411,3188446.2
57412,24731308.52
57413,58362262.62
57414,15565114.51
57415,13100617.56
57416,4152403.4
57417,1409018.2699999998
57418,2945802.88
57419,11479336.53
57421,2351521.2800000003
57422,11742946.379999999
57423,979271.0399999999
57424,2513935.41
57425,6198149.9
57426,11103604.36
57427,8222767.87
57428,26656216.43
57430,4190515.12
57431,4546514.130000001
57433,126581313.87
57434,6160759.67
57436,1581972.75
57437,4480218.8100000005
57438,5703860.0200000005
57439,9409550.6
57440,1236091.7
57441,28065547.61
57442,2135266.15
57443,45534702.53
57444,2993164.98
57445,6158658.9799999995
57446,917260.3400000001
57447,71352084.85
57448,5697900.95
57449,3346012.77
57451,2888947.4699999997
57452,14342078.97
57453,3697308.6
57454,11318670.48
57455,3451298.38
57456,9182467.81
57457,3873927.6700000004
57459,4070388.07
57460,10798563.790000001
57461,3162662.4
57462,4268704.6
57463,1288566334.7
57464,7662009.5200000005
57465,14421582.149999999
57466,7130970.84
57467,1939200.56
57468,8138702.2299999995
57469,11020769.55
57470,539314.0700000001
57471,2984970.33
57472,1339860.8399999999
57473,886149.14
57474,49774199.42
57475,4608722.07
57476,2629154.6799999997
57477,20476461.81
57478,1055884.04
57479,6989680.57
57480,172743363.41
57481,19492189.08
57482,17205067.94
57483,69108950.51
57484,24962008.53
57485,1125783.23
57486,648007.56
57487,46127319.82
57488,4256930.09
57489,7166725.15
57490,2363410.16
57491,72999193.33
57492,5520222.1899999995
57493,3429157.91
57494,2722973.14
57495,2245088.76
57496,5030482.720000001
57497,3827043.19
57498,16013286.72
57499,15037118.91
57500,925272.9299999999
57501,1036395.6
57502,6386552.18
57504,4502841.19
57505,11718459.27
57506,3738034.2600000002
57507,3253707.23
57508,46341346.7
57509,4665933.28
57510,6903930.9
57511,16640338.36
57512,6230553.8
57513,1425011.43
57514,10452321.42
57515,13962399.59
57516,3902884.9299999997
57517,6704507.67
57518,3510205.86
57519,2576930.21
57520,683020.02
57521,24878259.509999998
57524,1631734.48
57525,661443.37
57526,5366442.2
57527,2643994.07
57528,1403037.41
57529,32352970.62
57530,4318579.82
57531,6137424.11
57532,3113487.96
57533,10862755.06
57534,17450731.84
57535,14467253.45
57536,2681787.91
57537,52066435.63
57538,1595345.71
57539,808280.88
57540,59945710.269999996
57541,7171258.4799999995
57542,7274041.49
57543,11983718.98
57544,2900201.4
57545,15999207.91
57546,12877891.49
57547,4578846.0
57548,4078080.82
57549,7778799.59
57550,34048853.61
57551,3094455.5799999996
57552,6470383.5
57553,7002164.0200000005
57554,6154286.95
57555,1272451.07
57556,37622210.07
57557,8561251.28
57558,805135.17
57559,2656858.58
57560,4835896.42
57561,10344249.94
57562,8478687.86
57563,4509559.65
57564,3694292.0100000002
57565,6752534.34
57566,24364908.349999998
57567,2149464.88
57568,16423229.479999999
57569,4308960.180000001
57570,5294046.66
57571,11968162.280000001
57572,18789115.2
57573,1141632.4600000002
57574,6266774.66
57575,13258805.43
57576,12011989.23
57577,3608770.16
57578,4329283.84
57579,3858211.27
57580,2215193.1799999997
57581,4948219.62
57582,32091237.65
57583,1117147.74
57584,5804179.12
57586,2577214.39
57587,3627974.2600000002
57588,12134032.72
57589,31302878.77
57590,4092450.8
57591,104355611.71
57592,4759426.42
57593,5791244.1
57594,2303967.22
57595,1113376.69
57596,16297576.200000001
57597,22218932.080000002
57598,22214144.49
57599,3582857.8000000003
57600,12387525.2
57601,11621089.45
57602,15868251.010000002
57603,12191915.48
57604,6578181.87
57605,2308524.64
57606,203564280.79999998
57607,8425609.91
57609,984225.11
57610,2834407.2199999997
57611,2342268.79
57612,1916529.27
57613,2860490.02
57614,8029612.03
57615,11523990.42
57616,20725313.56
57617,3787319.8
57618,7111817.04
57619,7541056.54
57620,34657902.42
57621,1449868.8399999999
57622,20559142.05
57623,13245904.56
57624,4929542.48
57625,924478.16
57626,5679649.06
57627,3617577.59
57628,87868327.55
57629,9109373.84
57630,169338072.8
57631,252367438.64000002
57633,12561079.66
57634,13876566.35
57635,6102323.08
57636,4060404.8200000003
57637,1648733.47
57638,29701421.73
57639,9139486.22
57640,8899712.97
57641,3531901.13
57642,18990564.439999998
57643,2868745.27
57644,22097538.68
57645,28886867.830000002
57647,37702744.02
57648,4487576.680000001
57649,5666310.76
57650,18442410.28
57651,8952933.57
57652,4111146.3800000004
57653,1016021.3
57654,4864712.38
57655,10619136.629999999
57656,4537317.39
57657,660729.94
57658,10784392.91
57659,40723258.160000004
57660,99034641.73
57661,2864742.4699999997
57662,1840362.46
57663,54958267.02
57664,1202748.74
57665,11110545.489999998
57666,92267887.45
57667,12228632.24
57668,19118699.65
57669,29960040.18
57670,1954835.81
57671,1579719.53
57672,553155509.9499999
57673,668235.86
57674,1036392.45
57675,1266258.34
57676,1400730.9000000001
57677,48125699.54
57678,38876877.32
57679,5461382.29
57680,14177866.43
57681,4658930.7700000005
57682,1272101.69
57683,65645047.910000004
57684,5502374.41
57685,2143459.81
57686,2415726.07
57687,2261836.61
57689,4533021.98
57690,26126542.43
57691,1804667.7799999998
57692,1130555.16
57693,6460154.63
57694,2410222.88
57695,4540682.44
57696,9212405.41
57697,3203704.8499999996
57698,2442878.7
57700,8123842.66
57701,5850703.03
57702,1174217.7
57703,3902599.46
57704,4872951.16
57705,2853489.6999999997
57706,6844938.38
57707,4582710.62
57708,14118855.4
57709,3964500.87
57711,5048769.18
57712,21509581.700000003
57713,2819309.94
57714,5091940.42
57715,4809845.37
57716,18984575.240000002
57717,2381429.2
57718,2445578.27
57719,727854.75
57720,5954952.760000001
57721,4670136.25
57723,5069146.01
57724,29422624.34
57725,4205839.83
57726,4619023.93
57727,1002470.53
57728,1839229.8499999999
57730,6706633.34
57731,15705206.190000001
57732,14873746.48
57733,12559295.0
57734,5346378.6
57736,6019942.81
57737,728391.96
57738,4754683.97
57739,7082595.12
57740,7404422.01
57741,5947982.51
57742,11165717.45
57743,1806588.39
57745,9034816.58
57746,14271246.079999998
57747,3908127.2399999998
57748,8753319.89
57749,2518054.76
57750,7894591.27
57751,157604988.99
57752,59929416.69
57753,624659.21
57754,1140858.93
57755,799825.3300000001
57756,7303357.1
57757,120424233.27
57759,421678.61
57760,9026598.9
57761,3804347.94
57762,6500799.17
57763,450403.77
57764,10232587.67
57765,7696924.94
57767,8743066.3
58001,1096215.95
58002,4101313.8400000003
58003,6153377.050000001
58004,2953103.3
58005,1541284.25
58006,1986028.6
58007,2913900.3000000003
58008,2235886.04
58009,1288136.57
58010,7076205.21
58011,2261591.11
58012,5767791.65
58013,1279537.55
58014,582334.3
58015,1131355.18
58016,1219910.19
58017,1548917.3800000001
58018,586689.68
58019,712122.27
58020,1686377.85
58021,1774755.94
58023,2139172.7600000002
58024,2212350.49
58025,1007689.39
58026,2382999.82
58027,1167018.99
58028,1003729.77
58029,905836.65
58030,2120835.97
58031,1809124.47
58032,4365553.26
58033,6687861.37
58034,1568695.55
58035,1263224.46
58036,6302225.010000001
58037,5764098.33
58038,1981001.9700000002
58039,3523757.2600000002
58040,1584506.89
58041,2326021.56
58042,1153204.3399999999
58043,662679.0700000001
58044,5398004.46
58045,2093327.82
58046,16764462.81
58047,4968184.28
58048,1860309.35
58049,757326.7999999999
58050,734817.76
58051,7154025.68
58052,521091.93000000005
58053,3064541.05
58054,481097.44999999995
58055,5833808.55
58056,1603028.71
58057,9211840.81
58058,4118889.65
58059,55340537.36
58060,3827244.33
58061,919333.89
58062,32139643.66
58063,2990828.92
58064,4807266.6
58065,11242424.34
58066,966534.72
58067,6412507.58
58068,3687107.9599999995
58069,895647.69
58070,883761.38
58071,1288595.51
58072,3427894.01
58073,2073280.1500000001
58074,3378469.86
58075,967631.09
58076,956218.62
58077,4421467.61
58078,452716.91
58079,85769725.76
58080,2201881.37
58081,3383218.07
58082,3046928.87
58083,19970971.86
58084,1157928.33
58085,7129104.63
58086,110647406.17
58087,4542337.14
58088,27602692.22
58089,3855773.4899999998
58090,2536470.93
58092,4201143.1
58093,1456068.07
58094,3965436.58
58095,48992143.3
58096,1892951.6600000001
58097,1554117.33
58098,829805.15
58099,2935383.91
58101,1748018.46
58102,11850783.84
58103,4197391.59
58104,9352796.82
58105,1914213.73
58106,4469740.16
58107,1212271.39
58108,866018.76
58109,13145982.63
58110,2186043.6
58111,937814.58
58112,4502739.17
58113,1039972.4500000001
58114,1381013.17
58115,2045686.92
58116,908244.0299999999
58117,30615533.41
58118,6950283.93
58119,745169.73
58120,3192968.4
58121,24509323.48
58122,2473161.19
58123,1324884.8
58124,2099656.38
58125,733547.4199999999
58126,2867787.8699999996
58127,1350753.81
58128,2246643.6
58129,1546459.27
58130,1113391.31
58131,20443062.8
58132,3069689.07
58133,680830.96
58134,43965432.120000005
58135,1134378.22
58136,1032568.0700000001
58137,563160.55
58138,3719216.87
58139,1326922.51
58140,2845719.59
58141,1162676.08
58142,2522435.09
58143,774658.1
58144,3682458.82
58145,12402338.450000001
58146,9212591.46
58147,2350604.05
58148,3244845.94
58149,21786304.31
58150,1288479.38
58151,24279213.32
58152,19816139.61
58153,850385.2700000001
58154,984744.88
58155,2247471.0
58156,1820597.47
58157,1739124.44
58158,2182169.04
58159,2218839.06
58160,33322902.23
58161,979084.0000000001
58162,1193102.27
58163,2662323.11
58164,3790931.2399999998
58165,1588965.53
58166,2359903.98
58168,4481309.27
58169,606005.0700000001
58170,765633.8
58171,1563934.27
58172,1711668.63
58173,1542483.54
58174,1339961.48
58175,740536.4600000001
58176,3494476.56
58177,3556797.14
58178,1004306.79
58179,3076800.4
58180,9417687.379999999
58181,1374994.79
58182,14670673.64
58183,932624.14
58184,1408608.72
58185,4798710.42
58186,1263314.08
58187,3976441.02
58188,1054947.9000000001
58189,2911949.43
58190,1505661.82
58191,1188569.25
58192,1233467.8399999999
58193,19408483.4
58194,388221428.40000004
58195,2015189.5499999998
58196,1551208.2
58197,1762027.78
58198,2851648.0500000003
58199,1765962.31
58200,2056762.84
58201,1500304.74
58202,217658.05
58203,1149390.4
58204,3180188.46
58205,11283910.82
58206,365964.02999999997
58207,7169222.32
58208,1466686.82
58209,1842925.7
58210,4195228.03
58211,3111515.14
58212,1996626.25
58213,2388273.87
58214,38626528.59
58215,15418264.03
58216,1693763.62
58217,2719789.39
58218,18222246.11
58219,1587244.73
58220,3875850.39
58221,1163990.25
58222,2552560.94
58223,5673777.37
58224,1177877.08
58225,2051614.92
58226,3088800.14
58227,13695117.33
58228,3856623.38
58229,1808932.49
58230,1237942.66
58231,1720249.16
58232,9636710.84
58233,1030038.14
58234,1289305.71
58235,2300314.35
58236,2109226.73
58237,285249.68999999994
58238,16365244.35
58239,608994.55
58240,862918.49
58241,1687360.35
58242,1174750.99
58243,855508.3599999999
58244,1366157.4
58245,1373017.1
58246,12625984.96
58247,1806913.43
58248,1125078.8
58249,2415344.46
58250,11259643.87
58251,3113782.6799999997
58252,1330181.34
58253,889985.55
58254,3013676.74
58255,2356523.0300000003
58256,1887142.39
58257,514543.72000000003
58258,3173140.63
58259,1173364.3699999999
58260,12426122.06
58261,4193089.32
58262,3026728.07
58263,1338926.32
58264,21810573.7
58265,1454587.25
58266,1722188.92
58267,7859598.779999999
58268,2540746.8200000003
58269,2218833.73
58270,1877532.9200000002
58271,1602741.1500000001
58272,1635820.02
58273,10990488.8
58274,1585151.07
58275,1476384.71
58276,2109020.62
58277,2315662.56
58278,9357769.43
58279,835553.74
58280,6897760.74
58281,5335470.58
58282,4470554.36
58283,383311.91
58284,772427.1499999999
58285,1531997.63
58286,8062448.899999999
58287,2475569.86
58288,1966497.08
58289,1986593.0
58290,413939.75
58291,1393134.68
58292,896945.86
58293,2041894.5
58294,1133316.59
58295,3333608.12
58296,1623030.1600000001
58297,2062733.23
58298,1605855.5399999998
58299,2875859.13
58300,7478144.09
58301,1864768.4
58302,3726693.3800000004
58303,69902870.1
58304,20432016.13
58305,941748.68
58306,1452789.03
58307,877205.54
58308,1241911.37
58309,4329396.38
58310,334250.67000000004
58311,1391543.35
58312,2520490.37
58313,613334.6699999999
59001,2153906.87
59002,21960712.54
59003,2953265.83
59004,10204515.7
59005,19826495.380000003
59006,1950802.35
59007,5842001.45
59008,67716366.42999999
59009,380518125.49
59010,1240116.57
59011,51730662.43
59012,30791349.52
59013,6833315.15
59014,112896528.58
59015,23898484.37
59016,10427445.17
59017,106179629.25
59018,9742648.7
59019,6663348.4
59021,18552364.5
59022,16861469.14
59023,3262925.09
59024,27389454.14
59025,10201212.06
59026,7419876.34
59027,10836439.100000001
59028,125240621.52
59029,8476584.77
59031,1489436.46
59032,56838443.94
59033,114462654.57
59034,31604340.87
59035,11407733.83
59036,36303804.28
59037,26612541.77
59038,9218874.61
59039,8957886.41
59041,13747013.44
59042,11098564.57
59043,93905228.28
59044,22447526.150000002
59045,2468015.08
59046,5952606.54
59047,2382030.96
59048,3259187.9
59049,2086049.94
59050,949863.8600000001
59051,21169877.73
59052,20724479.61
59053,26070823.45
59054,4773213.06
59055,2815211.93
59056,5578306.82
59057,3323811.1
59058,6129966.72
59059,2527656.34
59060,1530043.7200000002
59061,1803591.09
59062,1715365.19
59063,13809350.09
59064,13477289.110000001
59065,4511633.76
59066,1229628.23
59067,29611466.5
59068,26301385.23
59069,5764651.37
59070,2533590.54
59071,12652400.26
59072,1447799.2
59073,3560420.81
59074,17702433.85
59075,9165786.32
59076,2283221.11
59077,2509871.45
59078,5444065.25
59079,85460413.41000001
59080,19367290.46
59081,2927464.33
59082,8854191.31
59083,1007453.16
59084,24656538.400000002
59085,1673123.75
59086,15505374.21
59087,4894012.95
59088,8602649.21
59089,9014488.41
59090,83966049.55
59091,4620746.85
59092,29760806.55
59093,2389179.27
59094,39277032.89
59096,10605713.03
59097,3216934.81
59098,20973946.95
59099,16469318.18
59100,2515440.33
59101,2435722.03
59102,1740902.8699999999
59103,5037445.39
59104,18685999.19
59105,8741537.52
59106,6440299.92
59107,40347194.53
59108,2820258.1700000004
59109,8541911.92
59110,5316686.17
59111,1135432.42
59112,68781202.93
59113,7803775.1899999995
59114,7153914.47
59115,5436566.460000001
59116,2477990.5
59117,7561343.220000001
59118,13257872.4
59119,4964087.16
59120,8588365.48
59121,4296243.4799999995
59122,333889934.78999996
59123,12261706.280000001
59124,18600130.78
59125,3299159.26
59126,13378416.44
59127,866191.2599999999
59128,5128552.9
59129,18620370.810000002
59130,7139735.5
59131,55541424.59
59132,6300597.569999999
59133,6061916.4799999995
59134,6999359.72
59135,22901325.17
59136,77908205.98
59137,4809070.89
59138,3828667.12
59139,155134840.70999998
59140,3220514.75
59141,3589213.96
59142,1619346.69
59143,32010525.16
59144,4953251.24
59145,4625968.16
59146,12670090.7
59147,660181.89
59148,4639088.88
59149,7713501.62
59150,4991354.63
59151,11860280.98
59152,87702155.88
59153,69994543.41
59155,111172369.14999999
59156,20720539.07
59157,13593144.15
59158,16781734.7
59159,6086959.5600000005
59160,30832009.66
59161,3369906.4499999997
59162,3849985.16
59163,116423823.13
59164,2458412.55
59165,56433406.95
59166,5913509.72
59167,1732184.5799999998
59168,31191170.58
59169,1437419.44
59170,38413855.08
59171,232308.40999999997
59172,223172405.35
59173,6709398.46
59174,1897029.39
59175,3786832.12
59176,3251929.81
59177,6258451.7
59178,481191022.76
59179,92615287.84
59180,9358288.2
59181,3452633.07
59182,1544336.6600000001
59183,771171222.16
59184,2896344.5599999996
59185,11213297.0
59186,960843.7300000001
59187,2410412.29
59188,1612451.4300000002
59189,5410559.82
59190,3316517.23
59191,4643462.07
59192,9637034.41
59193,13278792.879999999
59194,5931000.55
59195,7932004.859999999
59196,9648147.51
59197,17794911.26
59198,3147012.9
59199,6372530.5
59200,4823633.5
59201,2968303.67
59202,22146231.34
59203,10210916.22
59204,2537467.8000000003
59205,55341841.839999996
59206,29040604.2
59207,39508242.34
59208,2006755.75
59209,3265516.69
59210,16609968.899999999
59211,9197645.6
59212,49700757.37
59213,3611394.06
59214,6167325.47
59215,6088183.83
59216,2834682.47
59217,2514426.92
59218,7948653.1
59219,5412908.91
59220,87432136.31
59221,12693599.08
59222,10275358.12
59223,3409219.17
59224,12672812.69
59225,76697438.02
59226,6344034.96
59227,39063097.22
59228,14759200.040000001
59229,4965752.61
59230,24128537.89
59231,6370091.93
59232,2278738.98
59233,3642636.7199999997
59234,40622110.17
59236,1343857.82
59237,10849993.47
59238,8965245.43
59239,36817340.38
59240,1074183.1300000001
59241,4250036.25
59242,5981653.25
59243,8781148.79
59244,13067027.32
59246,4021910.32
59247,9318702.2
59249,133697768.27
59250,11755010.11
59251,4231946.79
59252,16438556.02
59253,53871304.6
59254,5198771.23
59255,3270605.52
59256,34358824.81
59257,6289180.16
59258,24027212.98
59259,2463322.32
59260,18700889.34
59261,10330184.08
59262,11946410.729999999
59263,5754633.93
59264,3557593.99
59265,13293809.79
59266,31404013.48
59267,2620278.57
59268,62146916.7
59269,11545649.39
59270,1865960.54
59271,394756387.20000005
59272,33187389.830000002
59273,329622350.87
59274,3306229.86
59275,4958876.850000001
59276,42715125.410000004
59277,1524022.47
59278,16205082.14
59279,85557468.14
59280,6430047.44
59281,8068373.510000001
59282,5421567.75
59283,3778465.6799999997
59284,17839194.19
59285,15223955.91
59286,92438777.06
59287,1047928.6
59288,25188716.150000002
59289,9512520.0
59290,1980844.42
59291,124253730.75
59292,20085011.970000003
59293,9201012.440000001
59294,3886884.31
59295,166788261.74
59296,1612971.54
59297,14522210.91
59299,139723511.15
59300,2774127.58
59301,16585029.799999999
59302,21243757.5
59303,15270703.940000001
59304,2348732.65
59305,9586595.83
59306,2737610.72
59307,2955245.92
59308,6383854.72
59309,26858693.69
59310,5185481.24
59311,3253336.69
59312,4989160.4
59313,48279796.33
59314,24542278.759999998
59315,2550893.5
59316,13045574.12
59317,26382058.45
59318,4900057.93
59319,18344411.12
59320,7394474.9799999995
59321,5144084.57
59322,19797494.48
59323,5614538.67
59324,113250961.64
59325,3557225.6999999997
59326,7703695.640000001
59327,65647136.75
59328,139457322.53
59329,49085059.82
59330,16986398.71
59331,25427029.42
59332,7231784.919999999
59333,1632356.81
59334,22569429.22
59335,16506603.91
59336,6781352.85
59337,4386772.34
59338,3042211.66
59339,51972385.349999994
59340,31427719.790000003
59341,2804809.56
59342,2646418.57
59343,68272629.84
59344,11930912.459999999
59345,15028809.16
59346,38378858.97
59347,3171149.53
59348,32443577.24
59349,11508907.53
59350,1856887281.03
59351,3010573.96
59352,42218719.660000004
59353,2104981.84
59354,6112768.03
59356,12173268.209999999
59357,11703467.55
59358,4761740.41
59359,112592147.09
59360,111628354.67
59361,30484717.73
59363,4043684.96
59364,6463338.4
59365,74376561.22
59366,6277850.47
59367,67483001.47
59368,159488284.75
59369,19397544.41
59370,3846000.13
59371,3534251.54
59372,3827050.43
59374,2926628.34
59375,24403685.93
59377,10492341.52
59378,213831431.14
59379,4540899.66
59381,3201860.73
59382,9690269.08
59383,74451781.54
59384,11548788.43
59385,13620608.06
59386,70117525.96
59387,14534602.76
59388,6028645.61
59389,26182317.56
59390,33063407.560000002
59391,7191617.869999999
59392,307364555.84000003
59393,3590598.48
59394,2872848.94
59395,1749530.18
59396,4946439.49
59397,3373884.78
59398,21899186.84
59399,6077804.86
59400,58838738.11
59401,17840729.01
59402,4319539.26
59403,5997665.39
59405,3571983.9299999997
59406,3206292.07
59407,4122124.86
59408,10066881.030000001
59409,17021447.73
59410,167602976.79
59411,16708872.25
59412,2505518.63
59413,4353171.8
59414,39307336.11
59415,1917147.58
59416,13394271.98
59418,15421009.82
59419,10354971.25
59420,828967.3300000001
59421,86678124.17
59422,5314524.7700000005
59423,9809819.4
59424,8542025.959999999
59425,3518101.86
59426,56132390.28
59427,3033609.3
59428,23659876.23
59429,15727768.88
59430,4800159.77
59431,46565637.31
59432,2575983.92
59433,6874414.83
59434,11119222.31
59435,17100807.26
59436,5575769.32
59437,14341455.61
59438,10017292.48
59439,3389313.79
59440,6526392.91
59441,4030961.83
59442,2900149.87
59443,1663897.6300000001
59444,6071926.24
59445,7631300.08
59446,3981565.58
59447,67853174.07
59448,1886073.0599999998
59449,37099338.49
59450,6982068.76
59451,3766812.59
59452,39938559.160000004
59453,3758295.47
59454,3262545.84
59455,4528958.46
59456,86930163.92999999
59457,37554901.56
59458,8423960.07
59459,49562630.85
59461,2651205.54
59462,25559628.16
59463,5407872.359999999
59464,11546158.6
59465,5947319.93
59466,28975063.65
59467,20201827.75
59468,1751968.5799999998
59469,1590255.5
59470,10786672.85
59471,10750716.64
59472,4046919.48
59473,2451958.09
59474,4939017.65
59475,28340863.36
59476,29775515.12
59477,14222385.879999999
59478,8240565.420000001
59479,15527964.21
59480,8337603.5200000005
59481,64253649.83
59482,37572178.199999996
59483,1313057.6400000001
59484,52982234.58
59485,13084272.55
59486,18507285.48
59487,12927418.629999999
59488,23512338.51
59489,28016598.71
59490,2255481.2
59491,83669907.28
59492,3399610.44
59493,1709812.2
59494,621165.64
59495,22005923.490000002
59496,1986510.93
59497,17272307.16
59498,2333250.33
59499,9867875.5
59500,2501137.8200000003
59501,10619086.63
59502,8436044.51
59503,1039914.46
59504,26225802.23
59505,7212294.11
59506,2348737.03
59507,84659446.81
59508,90121886.7
59509,50640701.87
59511,11643331.26
59512,724960384.1
59513,4213452.18
59514,23661604.939999998
59515,19498308.97
59516,7037502.65
59517,8329216.11
59518,1633025.54
59519,9091895.9
59520,8755859.66
59521,4949745.89
59522,9155789.29
59523,18421213.8
59524,19558438.99
59525,23989364.9
59526,306186750.37
59527,46822701.44
59528,6480122.66
59529,2648302.74
59530,2077469.6500000001
59531,2303648.1199999996
59532,3592709.14
59533,11531914.42
59534,4814737.21
59535,9630573.9
59536,4025841.41
59537,3084932.03
59538,1382463.07
59539,4440640.89
59541,7097473.6
59542,5821831.72
59543,8247584.76
59544,82874114.61
59545,5311815.42
59546,7799075.57
59547,5579170.61
59548,5173589.680000001
59549,2073914.6400000001
59550,18117648.54
59551,8122833.37
59552,1608905.19
59553,21891025.67
59554,6798524.96
59555,8641577.17
59556,2300518.0500000003
59557,23914305.3
59558,9692332.94
59559,16794558.95
59560,80549400.34
59562,3936344.75
59563,1137741.99
59564,24272155.009999998
59565,3181552.2
59566,28425313.58
59567,2659542.31
59568,3870415.6599999997
59569,123276294.53999999
59570,9281057.73
59571,37498111.58
59572,17840972.759999998
59573,1304453.76
59574,125978638.22
59575,1653219.0399999998
59576,12613625.49
59577,4781972.41
59578,8614267.07
59579,4262180.17
59580,43954568.17
59581,24406393.75
59582,3030623.44
59583,1907170.8399999999
59584,9197962.67
59585,34612194.64
59586,26463340.41
59587,6752234.38
59588,43416749.06
59589,26583660.98
59590,4819282.93
59591,4817735.08
59592,16970439.51
59593,5452942.8
59594,7342385.66
59595,4701457.63
59596,2238322.2
59597,6769134.36
59598,18394977.63
59599,617053498.1999999
59600,5065319.41
59601,18793791.51
59602,6956006.83
59603,136374216.92000002
59604,5417249.11
59605,10246058.32
59606,574337215.08
59607,3489013.76
59608,7888282.31
59609,7976748.890000001
59610,6064611.760000001
59611,15285401.85
59612,3941208.46
59613,8562411.530000001
59614,10088726.87
59615,12878476.49
59616,70624658.99
59617,4707611.65
59618,4716142.3100000005
59619,6435487.42
59620,4617242.49
59622,8046276.78
59623,3945919.54
59624,17363509.88
59625,6002880.8100000005
59626,8899567.23
59627,5154501.140000001
59628,3697226.39
59629,10683761.44
59630,11216795.13
59631,10892023.36
59632,50724555.56
59633,4572527.68
59634,4201099.82
59635,1312482.71
59636,59411690.05
59637,6687794.27
59638,7531658.67
59639,9290165.77
59640,5138033.22
59641,11630233.520000001
59642,3588347.35
59643,843253.5700000001
59645,4554916.36
59646,91242469.19
59647,24042602.46
59648,71606589.14
59649,1972414.65
59650,205580779.20999998
59651,8978441.5
59652,4202418.36
59653,49327934.37
59654,67722239.93
59655,2167977.38
59656,28326931.240000002
59657,3575637.24
59658,2036050.5
59659,22304810.64
59660,18759787.18
59661,1343855.07
59662,5941945.3100000005
59663,43958984.489999995
59664,1884365.77
59665,952467.5700000001
59666,8822421.62
59667,1490163.46
59668,4788667.08
59669,4768311.68
59670,7168630.29
60001,5561280.12
60002,9704039.81
60003,2960972.65
60004,2471965.88
60005,3725050.82
60006,8748584.17
60007,23486053.27
60008,3166016.3200000003
60009,21447900.09
60010,18315276.67
60011,2730871.5700000003
60012,21959565.490000002
60013,8301750.24
60014,1793704.05
60015,8554680.11
60016,1863187.94
60017,5693899.45
60019,3412072.6599999997
60020,2446177.55
60021,3419610.55
60022,6533504.84
60023,5204803.27
60024,5586823.79
60025,17040898.880000003
60026,2957570.59
60027,2881906.66
60028,4375682.7299999995
60029,37892532.92
60030,4235937.52
60031,2759268.27
60032,4221815.14
60033,5511053.34
60034,7728294.53
60035,2379409.2
60036,3128726.45
60037,4459162.62
60039,1889822.43
60040,5084032.4799999995
60041,33639979.17
60042,15583144.36
60043,4611562.8100000005
60044,13110432.5
60045,8875696.89
60046,1203767.33
60047,5353656.4799999995
60048,2929425.23
60049,1515137.09
60050,2713143.45
60051,1849544.8199999998
60052,991376.3300000001
60053,4773509.22
60054,6911933.7
60055,2378235.77
60056,543793.65
60057,604094427.23
60058,1618630.79
60059,2247855.4
60060,5469331.78
60061,763661.1
60062,2471728.71
60063,5265649.5
60064,6320722.92
60065,14815392.53
60066,2810851.3200000003
60067,4530954.3100000005
60068,17439197.33
60069,9188812.709999999
60070,3501401.84
60071,1176440.67
60072,2860953.87
60073,3835265.82
60074,6509275.27
60075,1196020.51
60076,3137018.55
60077,2947230.85
60078,1541903.1
60079,7123459.13
60081,2688386.1
60082,6493034.390000001
60083,8071670.859999999
60084,1445326.1
60085,1612510.65
60086,14968920.82
60087,3946785.4899999998
60088,35986666.65
60089,3013220.1
60090,4149422.88
60091,2159598.33
60092,1091769.96
60093,2850711.15
60094,1904767.3099999998
60095,1338426.71
60097,2006627.74
60098,1575534.02
60099,1128799.3800000001
60100,1883809.68
60101,3198952.61
60102,12063040.31
60103,40844695.03
60104,35497857.91
60105,1785577.48
60106,28633276.46
60107,20236123.2
60108,1874678.8
60109,1864761.52
60110,2644836.0
60111,1655333.11
60112,2195272.38
60113,1093962.3399999999
60114,1786569.53
60115,4341190.86
60116,18548811.73
60117,2624807.04
60118,2914629.41
60119,16973207.76
60120,7042909.4
60121,1192147.89
60122,4495944.29
60123,2780526.9899999998
60124,1954763.6400000001
60125,13124516.7
60126,2969953.3
60127,2982384.28
60128,2299324.66
60129,7382438.81
60130,16387498.96
60131,1876906.07
60132,1693195.13
60133,4612681.54
60134,14789440.98
60135,13901456.43
60136,3056529.7
60137,2370766.6
60138,12812618.13
60139,101703875.91
60140,2859963.14
60141,108219712.84
60142,24525537.009999998
60143,29830371.0
60144,1476994.94
60145,3836062.4
60146,2047911.7200000002
60147,7450168.64
60148,2436999.81
60149,15356135.43
60150,17891953.29
60151,23708107.25
60152,2088618.98
60153,1135634.58
60154,9288372.0
60155,25122293.02
60156,27213192.09
60157,59300821.85
60158,2350759.5700000003
60159,354731096.53
60160,4023354.1999999997
60161,1009691.9
60162,2135789.27
60163,2282933.55
60164,4632887.99
60165,4947815.3
60166,8212411.98
60167,2993344.09
60168,3811710.56
60169,3919840.09
60170,3040097.42
60171,1661802.28
60172,28321417.62
60173,6860596.88
60174,1537551.8900000001
60175,284563646.69
60176,122319016.03
60177,3007081.37
60178,37917335.76
60179,1332586.05
60180,4626753.28
60181,8691612.95
60182,1138180.93
60183,2476279.6
60184,1216894.72
60185,7011947.49
60186,2163141.7
60187,3791334.01
60188,13894324.75
60189,6449816.95
60190,1904888.98
60191,4482221.51
60192,2011236.73
60193,1801746.91
60194,2128511.1
60195,2881324.3200000003
60196,9769069.13
60197,5001186.96
60198,3727273.85
60199,3510181.12
60200,1804995.13
60201,2335902.9899999998
60203,2627208.2600000002
60204,4337538.41
60205,406685.0
60206,2746040.4699999997
60207,1727009.48
60208,1230053.16
60209,10552889.16
60210,1239251.05
60211,3031611.62
60212,12094492.83
60213,10355097.22
60214,2392666.48
60215,2575042.2
60216,1880135.42
60217,2798712.04
60218,7128698.89
60219,1413045.95
60220,5347081.55
60221,4056418.45
60222,3664426.66
60223,29317092.78
60224,1284983.33
60225,3330063.5599999996
60226,2139790.4
60227,1089167.96
60228,2640720.32
60229,2272501.61
60230,1914985.6300000001
60231,3004572.77
60232,3678079.63
60233,21774610.44
60234,13439785.83
60235,4766602.08
60236,1940040.91
60237,1466217.01
60238,19390339.71
60239,3870474.6399999997
60240,2799144.81
60241,2575366.37
60242,2652873.89
60243,1079558.83
60244,1678801.43
60245,23767696.48
60247,1540228.74
60248,2196578.26
60249,1757126.41
60250,3954031.1500000004
60251,2663962.0500000003
60252,2593964.2399999998
60253,2285464.7199999997
60254,6295486.3
60255,1934097.41
60256,5885631.24
60257,4589290.2299999995
60258,1413298.58
60259,4712364.99
60260,3457133.51
60261,4836262.76
60262,2066090.1
60263,1931413.1099999999
60264,3289347.81
60265,4001034.4
60267,1743552.75
60268,2626349.16
60269,2050302.64
60270,6516774.36
60271,1807079.02
60272,3889355.98
60273,3268578.3699999996
60274,4732874.97
60275,985661.39
60276,1227593.52
60277,8604644.94
60278,3456228.04
60279,1613355.19
60280,1267771.27
60281,11810369.89
60282,80988384.8
60283,1161156.44
60284,14159407.48
60285,2881265.68
60286,24963707.68
60287,2733690.21
60288,2855801.67
60289,2216178.64
60290,2160727.8600000003
60291,16719621.95
60292,1067366.18
60293,2795628.2399999998
60294,692077.95
60295,1790246.59
60296,1590421.99
60297,1927665.09
60298,2939144.36
60299,5783355.99
60301,1525107.98
60302,3776829.81
60303,1597738.53
60304,1865935.3800000001
60305,2033041.29
60306,1248542.8900000001
60307,4153991.6
60308,4193083.26
60309,9844997.23
60310,4422572.63
60311,1316935.07
60312,1036553.87
60313,23947377.76
60314,5282281.7299999995
60315,2459991.66
60316,1363100.68
60317,6035975.95
60318,6341298.06
60319,3042112.91
60320,2415190.4
60321,7088968.0
60322,1073335.16
60323,4176446.91
60324,5675855.01
60325,19682220.889999997
60326,7565559.0200000005
60327,4840980.6
60328,1443431.5
60329,1247978.47
60330,9629247.74
60331,3102406.2
60332,2387094.18
60333,9924954.360000001
60334,7399846.45
60335,1400273.7
60336,2354770.59
60337,6851768.01
60338,33306231.78
60339,1949615.84
60340,5318107.72
60341,22387725.169999998
60342,28779384.119999997
60343,4390807.48
60344,3344974.66
60345,1624644.22
60346,61622818.68
60347,2569008.1
60348,2891780.95
60350,15572010.41
60351,6637892.98
60352,1642428.77
60353,770266.84
60354,469937.36
60355,10776121.92
60356,3337636.75
60357,2230791.57
60358,10905880.83
60359,2325117.44
60360,56200205.65
60361,2991342.07
60362,1944611.78
60363,2232819.3400000003
60364,4861888.73
60365,3243348.91
60366,2804773.79
60367,4973489.07
60368,13217003.27
60369,39694259.54
60370,10435157.120000001
60371,1858274.08
60372,3468450.89
60373,6155716.71
60374,19962053.62
60375,2145515.3
60376,2183384.08
60377,2582383.22
60378,1942719.7
60379,4165628.93
60380,12296038.56
60381,1972688.88
60382,40752352.7
60383,4297833.7700000005
60385,6181109.609999999
60386,3075233.16
60387,6572417.07
60388,1417445.73
60389,1093946.19
60390,5197730.47
60391,2464910.91
60392,5908010.69
60393,5235723.73
60394,955878.99
60395,116881416.01
60396,5794851.01
60397,680206.21
60398,19863232.93
60399,2283778.69
60400,1580717.51
60401,2566363.33
60402,24259127.61
60403,11228132.59
60404,9679100.45
60405,6522828.470000001
60406,6196802.09
60407,2188399.02
60408,3336100.2
60409,11139209.09
60410,1729636.05
60411,5279233.2
60412,5485468.82
60413,4198540.06
60414,162247753.25
60415,1213377.8
60416,2317412.58
60418,2248165.63
60420,3421865.0
60421,3000436.2600000002
60422,1257720.94
60423,7000217.220000001
60424,2100807.74
60425,4754137.75
60426,1372821.21
60427,1440149.79
60428,5269660.34
60429,3010864.63
60430,9951797.85
60431,4520836.74
60432,7478699.61
60433,6145430.06
60434,1577288.57
60435,2381118.47
60436,1310450.55
60437,777006.73
60438,1229101.5999999999
60439,30824005.3
60440,6547225.0
60441,10119467.5
60442,1623234.39
60443,3219318.7399999998
60444,1801938.06
60445,2014105.19
60446,28564542.79
60447,5231699.31
60448,2146046.81
60449,1202327.42
60450,30783932.85
60451,16224603.64
60452,2251712.73
60454,7607077.090000001
60456,7802771.63
60457,2470002.6399999997
60458,1808968.83
60459,1241214.47
60460,1074053.8
60461,1626305.11
60462,29631845.38
60463,171595588.93
60464,8437526.06
60465,2109028.96
60466,1585663.41
60468,3623166.64
60469,4978511.4
60470,9047904.66
60471,147173613.54999998
60472,1061456.0899999999
60473,2176047.17
60474,2505940.73
60476,2124416.97
60477,11645481.639999999
60478,1835383.69
60479,4251050.08
60480,3615281.6
60481,3703714.04
60482,27671700.37
60483,4648336.65
60484,2435784.5100000002
60485,2636899.1
60486,5188898.16
60487,2081742.51
60488,3581398.82
60489,7687804.9799999995
60490,2365093.54
60491,13815315.48
60492,7386941.87
60493,5110517.75
60494,28433771.55
60495,4409026.7299999995
60496,1104920.43
60497,1700677.3399999999
60498,4697313.77
60499,1536040.76
60500,33174944.21
60501,10652760.35
60502,1131906.12
60503,1190120.97
60504,11116713.18
60505,7126123.7299999995
60506,5565940.3
60507,4890850.93
60508,21172105.61
60509,80107959.64
60510,5752229.95
60511,2820148.73
60512,1172063.06
60513,23574557.849999998
60514,1582540.71
60515,3902978.09
60516,2108743.19
60517,5089894.37
60518,3939936.0
60519,1287425.92
60520,2059141.86
60521,1475808.98
60522,3051206.8499999996
60523,9235709.11
60524,20032910.97
60525,2716698.65
60526,11674100.61
60527,591303.12
60528,2374479.01
60529,1460596.12
60530,4240736.86
60531,19662079.3
60533,27804531.82
60534,4634813.63
60535,3541306.83
60536,1644468.78
60537,44859590.76
60538,1654483.5
60539,6705903.33
60540,4531035.2
60541,1809460.21
60542,4507869.7
60543,1355092.78
60544,1321766.9400000002
60545,4482254.12
60546,1401752.59
60547,5347938.36
60548,4043916.25
60549,2553824.34
60550,2262122.59
60551,2134729.69
60552,1741285.3599999999
60553,3786970.79
60554,2124461.49
60555,815538.58
60556,2275549.41
60557,2733976.67
60558,2916195.4200000004
60559,3603146.1599999997
60560,4926726.46
60561,1129965.5899999999
60562,8791752.73
60563,5653116.22
60564,2836697.77
60565,4378970.26
60566,2427480.62
60567,8835467.27
60568,2322499.62
60569,2181842.16
60570,20908361.52
60571,1450453.78
60572,2553876.57
60573,3881269.07
60574,3628437.23
60575,25913348.21
60576,3311450.4
60577,19618806.34
60578,11002966.93
60579,5509535.6
60581,48681709.94
60582,5339987.42
60583,4105916.24
60584,42067073.68
60585,3273842.91
60586,5887458.64
60587,12272106.9
60588,2954225.78
60589,37399856.47
60590,7728656.42
60591,11837390.75
60592,5277430.61
60593,1352043.01
60594,3231390.47
60595,5098107.140000001
60596,2676625.17
60597,14348224.61
60598,8648701.48
60599,1413352.22
60600,4081492.35
60601,7761877.09
60602,1046245.4199999999
60603,5810415.87
60604,1499528.03
60605,2044294.5699999998
60608,992241.3099999999
60609,3847245.54
60610,5577826.159999999
60611,4931192.88
60612,177929158.84
60613,1384731.32
60614,2300920.57
60615,1324074.05
60616,43196184.29
60617,2908886.67
60618,3263163.5300000003
60619,6254105.08
60620,5524979.28
60621,1659849.06
60622,3253709.9
60623,8606214.05
60624,1566308.3299999998
60625,5750850.55
60626,5247119.1899999995
60627,1183961.72
60628,5017254.64
60629,3192291.14
60630,2741848.32
60631,6836332.0
60632,5587883.97
60633,2663538.98
60634,3180895.16
60635,9027130.19
60636,54859013.13
60637,2108036.85
60638,4917237.9399999995
60639,13287908.92
60640,1331083.6099999999
60641,9685719.15
60642,6333090.600000001
60643,13944566.16
60644,15539319.05
60645,3992987.6199999996
60646,7630486.94
60647,22981186.41
60648,1768497.62
60650,2834732.0900000003
60651,12894270.3
60652,8444733.28
60653,2758420.86
60654,2403910.45
60655,3238642.1799999997
60656,1367675.8
60657,2996043.5599999996
60658,5040359.71
60659,868341.52
60660,3822977.5599999996
60661,5102980.29
60662,2904161.69
60663,2768342.35
60664,2720433.19
60665,25061608.330000002
60666,5910526.84
60667,30271560.41
60668,4840060.4399999995
60669,3287747.4099999997
60670,34985110.51
60671,3216496.06
60672,2114784.2199999997
60673,2690808.08
60674,5327048.6
60675,3953113.99
60676,7108069.16
60677,1807312.61
60678,10106578.96
60679,2069619.41
60680,5409491.74
60681,3692634.41
60682,7311306.5
60683,2715857.29
60684,57581365.760000005
60685,13411453.31
60686,12919493.76
60687,2383524.21
60688,1967506.27
60689,5304114.56
60691,1455194.77
60692,2111672.08
60693,2574731.8499999996
60695,10064386.76
60697,643989.49
60698,3421413.08
60699,1644302.84
60700,7900788.37
60701,6749506.93
60702,2780521.63
60703,10263183.95
61001,441405116.23
61002,5030613.600000001
61005,1196363.34
61006,135068463.84
61007,42455152.03
61008,10894946.540000001
61010,734633.76
61011,1597234.53
61012,1130757.8
61013,1053005.54
61014,1075648.03
61015,1848584.7100000002
61017,254939.59999999998
61018,1178250.45
61020,902483.16
61021,1500137.79
61023,1285722.28
61024,4041119.6599999997
61026,1045240.34
61028,2301427.4899999998
61029,6246308.8100000005
61030,997437.13
61032,2489799.25
61034,1524533.95
61035,2044914.24
61036,1368124.72
61037,1329248.48
61038,14992400.24
61039,1285174.57
61040,8586357.47
61041,1955490.5
61043,10535467.55
61044,2863331.46
61046,1319885.18
61048,554338.99
61049,629625.97
61050,4317946.33
61051,2117209.16
61052,704732.9
61053,1506670.68
61054,1651364.98
61055,2904638.12
61056,936811.13
61060,912104.74
61061,13559295.9
61062,634692.8
61063,21197303.12
61064,741110.4
61066,351193.98
61067,685902.72
61068,1025734.28
61069,1766511.94
61070,4212702.01
61071,1353491.35
61072,581712.55
61074,7402456.7
61075,12218463.43
61076,854178.29
61077,6776079.640000001
61078,2861195.96
61079,15829476.12
61080,849015.9
61081,7256554.43
61082,904895.89
61084,697869.1599999999
61085,348885.56
61086,627874.13
61087,860837.63
61088,292911.55
61089,746960.4600000001
61091,7533491.850000001
61092,3976603.78
61093,6932567.83
61094,3135971.3
61095,1709040.35
61096,20970933.06
61097,4861177.199999999
61098,1647055.97
61099,1297241.79
61100,694501.21
61101,726308.75
61102,3125173.48
61103,1339162.43
61104,340093.09
61105,1207513.0
61107,2436510.96
61108,771647.85
61111,1555261.61
61113,1047629.0100000001
61114,415577.49
61116,17967556.84
61117,15401411.05
61118,808275.5700000001
61120,1011508.75
61121,3561842.6
61122,831923.98
61123,725841.11
61124,3789385.0300000003
61126,2181326.99
61129,3071127.45
61130,2109037.4299999997
61133,5849330.17
61137,944863.9099999999
61138,1089571.89
61139,3169861.41
61140,2883052.69
61141,2201661.7399999998
61142,1110700.07
61143,21652655.29
61145,56771323.59
61146,3270498.91
61148,2472428.94
61149,3144422.23
61150,5483722.04
61151,1646253.96
61152,718770.89
61153,11214799.07
61156,2908826.81
61158,1203839.74
61159,659047.98
61160,1212613.33
61162,1248054.1
61163,15616158.670000002
61164,1176759.22
61165,3489570.61
61166,1402486.1099999999
61167,17917383.01
61168,79210798.65
61169,160704149.32
61170,900318.45
61171,703226.5700000001
61176,1071880.1800000002
61178,305247.21
61180,658209.49
61181,20282814.79
61182,3396833.94
61183,1075825.04
61187,665699.61
61188,741745.42
61189,2888813.14
61190,293714.09
61192,1226134.33
61193,1012095.9299999999
61194,3333684.38
61195,2409235.31
61196,11100971.41
61197,888697.61
61198,824870.25
61199,1144799.23
61202,2389980.18
61203,5498195.65
61206,2373306.38
61207,3176279.44
61208,2309380.77
61209,2993768.54
61210,895645.77
61211,15931266.26
61212,572920.62
61213,2334361.13
61214,65466065.5
61215,2178015.02
61216,819233.2
61217,156883.62
61218,9362571.27
61219,1218464.45
61221,2202658.29
61222,8850999.61
61224,1966828.72
61225,285233.5
61227,1093303.0
61228,4653543.14
61229,536874.9
61230,22764066.0
61232,13387129.29
61233,2384459.17
61234,6360674.43
61237,2150455.5900000003
61238,709139.71
61240,4086829.78
61241,2678864.5500000003
61242,2757330.2399999998
61243,5880214.43
61244,1883559.2
61248,4686909.52
61251,945285.75
61252,473126.73
61255,2726072.14
61256,696130.0700000001
61257,638742.28
61258,6946159.92
61259,683930.37
61260,5162289.45
61261,896293.58
61262,799168.14
61263,1874881.81
61264,346846.69
61265,1281676.02
61266,602558.01
61267,1658541.04
61268,623385.2599999999
61269,5679373.5600000005
61271,752368.41
61272,181162.56
61273,583110.3300000001
61274,748186.48
61275,5774084.4
61276,646003.5299999999
61277,1737613.0
61278,22282232.79
61279,1884211.17
61281,2395603.15
61283,2167855.33
61284,1302487.54
61286,1234162.04
61287,3798105.5599999996
61288,2741438.02
61289,264309.84
61290,741860.73
61291,530771.48
61292,4369872.83
61293,41554873.69
61294,7450185.5200000005
61295,786966.52
61297,5617067.24
61298,832137.76
61300,3096162.41
61301,1333282.23
61302,516161.13
61303,2114797.9499999997
61304,1948695.0599999998
61307,1168863.79
61308,1557340.45
61309,15888479.07
61310,3679105.65
61314,1854309.43
61316,817696.22
61317,670941.78
61319,958736.79
61321,5221877.6
61322,335038.12
61323,1187803.3099999998
61324,13476138.75
61326,1583556.97
61327,3132722.18
61328,1334616.81
61329,6285352.32
61330,1221365.08
61331,812130.24
61332,1841467.53
61333,1569837.47
61336,745558.86
61339,15956509.540000001
61341,14886183.33
61342,12448636.34
61344,8050771.49
61345,16378018.2
61346,1542339.23
61347,624947.22
61348,4239057.5
61349,890240.48
61350,1376906.45
61351,740553.91
61352,575121.56
61357,1006524.49
61358,1368387.74
61360,1051220.35
61361,793552.26
61362,3046489.27
61363,660532.77
61365,1986583.72
61366,1522347.1600000001
61367,977651.83
61369,9594420.81
61370,1198357.9000000001
61371,908407.52
61372,993544.52
61373,1862313.08
61374,922859.05
61375,7949188.29
61376,3038337.66
61379,2047134.63
61381,507745.97
61382,10415386.84
61384,1696870.2499999998
61385,1465295.88
61386,4573233.92
61387,6751832.97
61388,1145332.14
61389,8277866.419999999
61390,754184.27
61391,24684616.89
61392,1202455.51
61393,840637.62
61394,10455232.17
61395,2060611.77
61396,984927.16
61397,25597795.6
61398,245743.05000000002
61399,683272.02
61400,2100052.9899999998
61401,693555.86
61402,2896315.7
61404,3299525.09
61405,3311035.84
61406,1496319.48
61407,5848599.97
61408,2513040.31
61411,2327685.54
61412,4056004.35
61413,1338582.24
61414,12040778.83
61415,2055893.07
61416,433440.68
61418,3148822.28
61419,1478710.19
61420,552042.6900000001
61421,4785604.45
61422,2624911.88
61423,2616232.11
61424,1820893.49
61425,744200.23
61426,2455435.44
61427,1389606.88
61429,5852869.53
61432,3348531.3
61433,1376321.06
61435,1891989.8
61436,1856099.33
61438,1283712.6400000001
61439,904340.22
61440,6961148.29
61442,1322422.04
61443,4808671.41
61444,6349284.05
61445,5985262.96
61446,1474408.93
61447,15363647.93
61448,2568250.88
61450,648842.34
61451,2273008.9
61452,1273288.4
61453,1999219.02
61454,5123934.12
61456,12150191.959999999
61457,5233633.52
61459,2695213.75
61460,7169434.59
61461,773315.1699999999
61462,4915962.33
61463,21701312.97
61464,33768760.54
61466,5332674.28
61467,2362949.94
61472,875330.14
61473,770159.87
61474,22735923.18
61475,5250828.69
61476,1195696.6900000002
61479,943511.04
61480,2097877.91
61481,563778.88
61482,1391858.21
61483,42484117.83
61484,26672337.22
61485,830187.93
61486,49532232.15
61487,2337369.02
61488,596083.16
61490,1689186.5799999998
61491,27744445.150000002
61492,823316.45
61493,800900.74
61494,8636604.530000001
61497,8212452.83
61498,468029.68
61499,2335606.7600000002
61500,940229.7999999999
61501,2910386.31
61502,405035.89
61503,1155944.37
61505,876917.17
61507,1089428.86
61508,25490555.59
61510,979960.4400000001
61512,619466.23
62001,9353837.03
62002,2617831.0999999996
62003,4203231.02
62004,26887573.19
62005,8273452.24
62006,3254212.91
62007,2268773.46
62008,3885731.94
62009,1684713.89
62010,1512432.52
62011,2952023.72
62012,1591611.81
62013,7538585.14
62014,104474172.69
62015,961393.02
62016,1354460.1500000001
62017,1026142.43
62018,1805024.62
62019,25262510.65
62020,2373219.12
62021,2840164.11
62022,2448781.5
62023,15074521.290000001
62024,4335690.17
62025,17550995.6
62026,1356673.28
62027,1734692.11
62028,5053510.720000001
62029,1833287.1
62030,1374130.19
62031,7781459.9399999995
62032,44687887.46
62033,20859765.32
62034,24770201.62
62035,46591102.550000004
62036,5904801.25
62037,10067850.19
62038,40457906.63
62039,6538299.42
62040,104020501.45
62041,450393298.19
62042,5812274.069999999
62043,23814650.79
62044,7121520.93
62045,15757737.270000001
62046,3359579.98
62047,759951.84
62048,81463567.62
62049,3152728.7
62050,12130173.25
62051,30638992.07
62052,1747316.41
62053,5071614.26
62054,8937754.3
62055,1798527.65
62056,4382458.6
62057,41275212.5
62058,2093667.7
62059,2252623.77
62060,31377381.51
62061,2275667.3899999997
62062,320427.58999999997
62063,16212985.53
62064,2102077.57
62065,145569350.20999998
62066,466641.66
62067,2963341.6399999997
62068,1769638.1099999999
62069,1911136.72
62070,1813247.64
62071,2861901.0
62072,1581922.35
62073,5285513.47
62074,1204951.8499999999
62075,10924893.540000001
62076,1404276.4700000002
62077,2963060.15
62078,4487171.53
62079,1122017.1099999999
62080,38191716.52
62081,2561136.66
62082,2509606.13
62083,66793141.550000004
62084,3014610.3200000003
62085,624689.64
62086,3665185.92
62087,5781580.8
62088,2244808.0300000003
62089,2194214.09
62090,1141812.19
62091,797322.08
62092,2498782.69
62093,2019478.48
62094,2455710.04
62095,1863492.63
62096,3715014.9400000004
62097,6570724.220000001
62099,17921137.67
62100,14072359.89
62101,1036923.36
62102,1487156.49
62103,1213013.88
62104,2227040.88
62105,2826892.59
62106,2004268.3599999999
62107,6495073.319999999
62108,141053266.76
62109,1286515.5
62111,2023672.85
62112,3921497.39
62113,4174913.4499999997
62114,1158320.7399999998
62115,3481907.29
62116,1174721.75
62117,4563895.0200000005
62118,1283291.08
62119,343504934.38
62120,2246467.02
62121,1155141.58
62122,1635409.37
62123,2654652.56
62124,2485870.32
62125,5130656.97
62126,70557925.98
62127,2758420.33
62128,28757805.16
62129,1738598.3900000001
62130,4572470.11
62131,1823992.04
62132,50362073.92
62133,82434556.28
62134,1606680.0399999998
62135,2452977.93
62137,469200.27999999997
62138,5020367.74
62139,35568956.940000005
62140,2775542.25
62141,4570027.13
62142,956238.0
62143,681041.3
62144,1509839.6
62145,2983860.25
62146,1222367.8
62147,3739935.5
62148,8103892.34
62149,2113701.99
62150,1792487.46
62151,2131443.83
62152,1363807.93
62153,5440090.54
62154,5706298.39
62155,2470901.58
62156,14487750.64
62157,636682.13
62158,3995829.3400000003
62160,444546245.83
62161,4071288.44
62162,3426242.48
62163,1506311.78
62164,5748788.6899999995
62165,1041173.84
62166,3220014.52
62167,883113.42
62168,3369513.12
62169,1939570.1900000002
62170,12037911.44
62171,817031.05
62172,1103869.67
62173,30928578.669999998
62174,5686674.36
62175,717643.64
62176,3044498.18
62177,4280347.04
62178,233818711.63
62179,2247140.09
62180,999167.44
62181,10771472.959999999
62182,2606756.32
62183,5526305.77
62184,1656816.5
62185,2018197.7199999997
62186,100335077.63
62187,1655375.0199999998
62188,19520733.27
62189,603468.4
62190,7522976.72
62191,3733634.31
62192,2747164.77
62193,731525644.14
62194,59654903.31
62195,8542360.16
62196,3275474.1100000003
62197,7421991.68
62198,2104267.92
62199,5155834.46
62200,13889217.01
62201,25136670.95
62202,4293943.6
62203,2007934.5999999999
62204,11773717.31
62205,8293656.16
62206,1320642.89
62207,2736808.24
62208,803670.36
62209,1274818.96
62211,1151570.21
62212,2169939.98
62213,5764490.54
62214,3344382.49
62215,191337712.69
62216,961727.53
62217,8394355.3
62218,2126955.93
62219,944434.29
62220,2186808.94
62221,2107440.96
62222,1150368.76
62223,926235.03
62224,15167532.63
62225,3834049.21
62227,2159398.13
62228,1605484.77
62229,3714695.6100000003
62230,5720945.33
62231,1114886.0399999998
62232,4186698.55
62233,6407062.55
62234,3325753.87
62235,17174337.95
62236,2191627.23
62237,4749787.2299999995
62238,420548.19
62239,53044405.26
62240,27212738.98
62241,2047072.33
62242,796723.95
62243,1081852.08
62244,36963974.65
62245,2859552.51
62246,2381537.48
62247,3233734.3400000003
62248,3097542.92
62249,56385937.88
62250,95848762.05
62251,2361530.9
62252,21322180.64
62253,469303.88
62254,3552997.33
62255,7526047.8
62256,2108464.7399999998
62257,3261319.9699999997
62258,4011530.65
62259,14836641.18
62260,2016768.7
62261,34018785.08
62262,15136536.7
62263,32372488.810000002
62264,11040152.99
62265,5345161.16
62266,411563.12000000005
62267,1771088.67
62268,41840955.57
62269,4439890.24
62270,49459154.43
62271,5524385.74
62272,2235286.84
62273,3331464.43
62274,34042575.349999994
62275,4553175.26
62276,33846918.89
62277,15771848.34
62278,4915645.82
62279,10579897.78
62280,1703665.1300000001
62281,5026645.47
62282,704487.51
62283,872329.13
62284,9986564.37
62285,2364586.39
62286,1972452.7
62288,15367918.48
62289,3915543.6799999997
62290,1882694.42
62291,18733508.849999998
62292,4812089.75
62293,1741644.64
62295,8613849.47
62296,1749341.67
62297,22272787.68
62298,2887114.41
62299,1223018.08
62300,31944898.98
62301,562720.17
62302,2003148.2
62303,1217271.12
62304,1699572.35
62306,3289881.0199999996
62307,3835629.7600000002
62308,3682696.38
62309,8932792.27
62310,8654367.64
62311,9340206.71
62312,1599341.17
62313,5494948.149999999
62314,2532681.56
62315,1759008.0699999998
62316,1437987.99
62317,2951930.39
62318,85040980.87
62319,2107716.66
62320,1438974.82
62321,21489088.5
62322,532778.01
62323,7863082.75
62324,3233867.34
62325,11100537.709999999
62326,1247507.65
62327,3464072.75
62328,6252978.74
62329,25113055.759999998
62330,9562467.5
62331,6219775.5600000005
62332,2945684.77
62333,2927962.78
62334,3842768.52
62335,4521677.08
62336,3204039.42
62337,1493431.11
62338,16143644.17
62339,1219242.09
62340,2542942.54
62341,3336954.42
62342,459884.24
62343,1517502.18
62344,1145303.23
62345,1044906.59
62346,1581140.53
62347,700505.4700000001
62348,1278616.69
62349,11111087.03
62350,9197124.33
62351,66609493.52
62352,1005661.23
62353,2227231.11
62354,4205252.58
62355,3997300.25
62356,10720567.96
62357,416094.28
62358,1485835.07
62359,4112711.49
62360,30829221.919999998
62361,29367651.560000002
62362,2141334.63
62363,2815351.9
62364,28911415.78
62365,936767.79
62366,4156550.51
62367,4144472.5900000003
62368,1709224.17
62369,4310599.82
62370,816399.79
62371,15450979.35
62372,747410.4199999999
62373,6612559.56
62374,1416346.3599999999
62375,869946.62
62376,17109129.98
62377,6676837.18
62378,799535.89
62379,2333330.32
62380,2124893.73
62381,888796.41
62382,3676976.43
62383,6805650.71
62384,8011704.39
62385,3065914.32
62386,50611846.29
62387,3703494.58
62388,2361382.73
62389,466373.08999999997
62390,7997471.4399999995
62391,5851582.67
62392,2355940.7
62393,3682937.08
62395,601924.52
62396,173464.92
62397,35668644.79
62398,1268616.57
62399,3726695.0799999996
62400,27289077.28
62401,28023878.150000002
62402,1347466.65
62403,7775442.75
62404,1177016.36
62405,3349042.56
62406,2229357.86
62407,6772232.600000001
62408,6852085.11
62409,1233366.7699999998
62410,2124716.76
62411,381665.63
62412,3760772.25
62413,119414652.64
62414,1652233.1400000001
62415,2561252.8899999997
62416,1237319.22
62418,1667344.53
62419,1278427.16
62421,1332040.28
62422,2517284.0100000002
62423,13159368.69
62424,2111464.0
62425,645213.0700000001
62426,1128731.29
62427,241911298.63
62428,3111291.68
62429,1745492.45
62430,958596.0
62432,1730849.72
62433,1190031.98
62434,1178953.47
62435,1040473.61
62436,635483.44
62437,2343204.49
62438,5620086.47
62439,2003308.91
62440,4707744.5
62441,2292770.91
62442,2400545.21
62443,46298794.94
62444,1604385.94
62445,4299936.14
62446,4646936.98
62447,18240216.42
62448,11985224.959999999
62449,1048236.4400000001
62450,1833737.31
62451,4190393.17
62452,6551674.38
62453,717776.91
62454,15282249.43
62455,484666.8
62456,4967909.0200000005
62457,38051418.03
62458,4540911.22
62459,1907910.25
62460,1991424.85
62461,3334965.75
62462,1465626.13
62463,3002318.48
62464,38088444.27
62465,1923229.6600000001
62466,1344237.08
62467,557468.08
62468,1628847.53
62469,3389987.29
62470,841893.59
62471,6965085.02
62472,941919.87
62473,85477986.5
62474,8842819.65
62475,2051560.93
62476,5285767.09
62477,5480035.75
62478,1576819.73
62479,14334230.7
62480,22430524.25
62481,1321300.8900000001
62483,722617.71
62484,2488062.29
62485,2205047.15
62486,8866954.42
62487,13091536.8
62488,4333028.56
62489,17936398.76
62490,1729374.73
62491,30285269.86
62492,1680221.08
62493,1414244.42
62494,357823.66
62495,2814022.73
62496,2126583.9
62497,64061516.72
62498,473466827.98
62499,1496041.12
62500,2300596.71
62501,1480042.0699999998
62502,61980902.08
62503,1855211.47
62504,2992422.0
62505,6125516.88
62506,9772393.7
62507,1284318.37
62508,2248605.47
62509,1161702.41
62510,270975045.54
62511,683431.14
62512,3285026.74
62513,1133436.76
62514,2031776.9400000002
62515,2698513.2600000002
62516,61402201.849999994
62517,1840397.3599999999
62518,1192705.24
62519,5031852.12
62520,15722006.48
62521,1501414.2
62522,1667549.53
62523,40537602.98
62524,5610383.0
62525,64536748.98
62526,776191.55
62527,2021694.44
62528,62443618.55
62529,8940288.87
62530,3514486.2
62531,3235662.42
62532,7655586.18
62533,536863.9299999999
62534,23708373.83
62535,1339188.85
62536,4591335.43
62537,793725.22
62538,2014737.56
62539,1524112.12
62540,8621912.23
62541,920226.3400000001
62542,2180348.2199999997
62543,16110574.75
62544,771346.15
62545,909647.36
62546,1728884.49
62547,570180.47
62548,69754443.47
62549,7223283.93
62550,8131058.57
62551,1022817.16
62552,4721748.34
62553,1838567.83
62554,1018369.39
62555,50829322.730000004
62556,843347.54
62557,9042668.55
62558,892932.74
62559,7702980.04
62560,35687029.28
62561,2680401.75
62562,1351503.91
62563,75641391.12
62564,2552247.39
62565,477578.15
62566,3699172.77
62567,3547251.71
62568,3926756.9000000004
62569,4164328.49
62570,82228410.37
62571,37367707.82
62572,2350345.16
62573,23619721.77
62574,1918176.7600000002
62576,609179.41
62577,768595.14
62578,419621.5
62579,6572064.99
62580,3870571.55
62581,1374666.65
62582,9470329.129999999
62583,3902880.19
62584,8309203.49
62585,4744813.66
62586,2331897.84
62587,66774848.019999996
62588,34256573.12
62589,2751343.97
62590,497436.31999999995
62591,1430812.68
62592,2683824.31
62593,531378.97
62594,1537498.25
62595,3929522.69
62596,1964541.2500000002
62597,1710498.18
62598,1954922.71
62599,1212463.67
62600,1022274.7400000001
62601,1750345.48
62602,1012022.03
62603,4873211.7299999995
62604,54296208.11
62605,135971.02
62606,7928008.06
62607,868362.37
62608,1970284.9200000002
62609,8345730.159999999
62610,2973287.89
62611,1704588.4400000002
62612,4133624.9699999997
62613,5648054.51
62614,2798723.14
62615,2758425.96
62616,1572737.84
62617,109119573.07000001
62618,5525245.25
62619,1941855.67
62620,10983268.15
62621,6160247.42
62622,1974989.67
62623,3303278.3
62624,65638084.78
62625,308624.59
62626,25297307.44
62627,3924086.57
62628,62100005.58
62629,2054123.17
62630,2352211.71
62631,4416868.47
62632,1422578.03
62633,2101366.15
62634,5658425.5600000005
62635,857901.39
62636,1333684.0999999999
62637,92544094.8
62638,10117104.64
62639,2880968.77
62640,2389526.5100000002
62641,1930161.16
62642,3814892.9699999997
62643,96002881.49
62644,1814186.3
62645,36126702.25
62646,4072826.54
62647,6128906.39
62648,2333081.19
62649,6311841.15
62650,4319573.88
62651,3706422.33
62652,9342550.65
62653,4896756.93
62654,8746584.74
62655,1364545.76
62656,5095154.14
62657,2869238.5700000003
62658,1037974.52
62659,1124622.11
62660,2792409.85
62661,3945366.51
62662,3995016.37
62663,1841676.16
62664,1410586.92
62665,1441741.5
62666,18407726.16
62667,92639719.61
62668,812260.31
62669,1235156.3800000001
62670,2530892.38
62671,1695703.99
62672,4727687.31
62673,4358855.52
62674,3488393.92
62675,1377651.33
62676,3177445.0300000003
62677,2031483.61
62678,3913203.31
62679,1418059.75
62680,7654151.27
62681,5345456.149999999
62682,545103.39
62683,1423489.77
62684,17444883.38
62685,2838133.78
62686,2602096.1799999997
62688,32422334.669999998
62689,1111593.8800000001
62690,1119937.06
62691,6869186.49
62692,1113133.42
62693,6818764.04
62694,1643267.6
62695,1662523.59
62696,3412137.3899999997
62697,1176202.11
62698,1018021.88
62699,2793592.28
62700,1611995.9
62701,3114847.99
62702,3303175.98
62703,1979542.07
62704,3241918.9499999997
62705,12639221.959999999
62706,28395142.8
62708,350586.32
62709,1813462.6400000001
62710,1985438.44
62711,24181510.759999998
62712,3732435.38
62713,8897936.8
62714,3532032.5900000003
62715,1692327.4300000002
62716,3354832.4
62717,2886020.44
62718,7100162.21
62719,2086769.1400000001
62720,373700.06999999995
62721,8915886.8
62722,1000894.36
62723,1157918.33
62724,64288358.36
62725,991279.66
62726,1478217.61
62727,14499958.31
62728,3552498.5100000002
62729,1397542.69
62730,10590057.799999999
62731,1329925.51
62732,1938140.95
62733,2419456.55
62734,4365723.55
62735,13040307.4
62736,26297657.38
62737,38007155.36
62738,887185.3300000001
62739,1078749.63
62740,1253040.76
62741,1287108.86
62742,964502.41
62743,2595900.9499999997
62744,21231159.64
62745,1107474.7
62746,23029228.689999998
62747,4440117.7299999995
62748,12577315.32
62749,1068720.18
62750,6557291.46
62751,6015274.5600000005
62752,4850801.5200000005
62753,64403288.96
62754,2671530.4
62755,27515970.79
62756,7505957.61
62757,32301678.77
62758,77561915.47
62759,2274656.13
62760,1227685.06
62761,907198.8
62762,846562.77
62763,4697065.46
62764,31576473.150000002
62765,150565369.33
62766,4804079.46
62767,68169353.05
62768,736734.78
62769,5120514.98
62770,31626716.490000002
62771,80811467.45
62772,3669653.3200000003
62773,32084077.27
62774,53399944.68
62775,1044979.92
62776,1283809.51
62777,796008.02
62778,281839.53
62779,717469.17
62780,2528018.13
62781,2142377.44
62782,2935211.31
62783,952189.53
62784,3822540.24
62785,8165056.74
62786,1293306.94
62787,1785346.56
62788,3675447.96
62789,1861111.6500000001
62790,1620853.9699999997
62791,454314.33
62792,5457003.68
62793,5817102.26
62794,3729692.23
62795,1278507.4100000001
62796,3308822.83
62797,2554475.35
62798,1130404.16
62799,3703734.48
62800,2062449.32
62801,16448615.98
62802,1266196.81
62803,1753540.7899999998
62804,2799561.4299999997
62805,2642661.1
62806,1637605.5
62808,1893900.31
62809,1798516.3099999998
62810,7064218.36
62811,6184024.16
62812,3368489.09
62813,2814950.32
62814,715116.65
62815,2199098.58
62816,2708239.3200000003
62817,17069400.54
62818,815632.6599999999
62819,6605162.930000001
62820,8544080.45
62821,1522634.89
62822,1238589.79
62823,1750255.91
62824,1172686.13
62825,5775617.43
62826,181775609.54999998
62827,7521856.8
62828,414301.81
62829,3448743.53
62830,937341.75
62831,2180770.61
62832,3058745.7800000003
62833,1040331.28
62834,1711162.49
62835,5199264.449999999
62836,9537066.18
62837,2171243.69
62838,585080.37
62839,5585656.37
62840,887653.25
62841,15296069.7
62842,72564600.23
62843,2014272.67
62844,4529279.27
62845,2745270.37
62846,34026615.15
62847,8541600.09
62848,12117865.59
62849,14867034.6
62850,1831246.06
62851,6838490.43
62852,7497401.71
62853,7543717.15
62854,5632200.600000001
62855,2217771.1999999997
62856,5106929.78
62857,825636.2100000001
62858,1040661.81
62859,2189791.67
62860,1652704.06
62861,22426689.57
62862,1605185.9400000002
62863,36045597.19
62864,4026014.54
62865,26188378.47
62866,2421567.29
62867,1396188.19
62868,1686738.35
62869,2770333.01
62870,7391928.51
62871,2058320.63
62872,2580880.61
62873,4735258.52
62874,3923013.75
62875,12594635.86
62876,1501052.97
62877,1994711.79
62878,1514600.9000000001
62879,2131334.1
62880,378080.24
62881,2931490.14
62882,6962520.42
62883,1624029.08
62885,2283241.5
62886,1441455.6
62887,1200750.93
62888,893466.69
62889,4891767.41
62890,1493766.3399999999
62891,874211.79
62892,3558400.1199999996
62893,65896067.02
62894,41225364.18
62895,52535245.9
62896,4663572.57
62897,4129414.89
62898,1593140.92
62899,30900488.98
62900,3563564.66
62901,7069452.22
62902,25020829.98
62903,2526739.9899999998
62904,2313016.69
62905,7177007.78
62906,5341167.32
62907,89964488.44
62908,11011381.56
62909,2419870.77
63001,23238199.18
63002,1943093.52
63003,72797302.05
63004,19286105.31
63005,3379401.55
63006,9781303.36
63007,4619525.84
63008,3346875.62
63009,13139974.4
63010,21676224.56
63011,1584914.3099999998
63012,12470027.64
63013,5449328.99
63014,72869643.45
63015,2592642.99
63016,8157121.68
63017,4548521.25
63019,43920346.66
63020,3520782.29
63021,5129298.66
63022,16068653.74
63023,6362986.85
63024,2545535.15
63025,3722229.45
63026,28693182.04
63027,1860566.9000000001
63028,11162217.14
63029,2995808.0300000003
63030,3497925.29
63031,2749085.77
63032,80770191.61
63033,2050633.98
63034,9784369.86
63035,6841428.62
63036,2385884.84
63037,7021139.53
63038,87209859.33
63039,6519790.21
63040,49354206.21
63041,3865585.5300000003
63042,21896062.19
63043,4484521.4
63044,3101429.5300000003
63045,7702668.82
63046,2182714.29
63047,50422334.3
63048,14375190.11
63049,4633674.04
63050,29753838.54
63051,3965162.9099999997
63052,7377292.04
63053,8372503.279999999
63054,16634867.11
63055,14822552.28
63056,3653611.3000000003
63057,5592584.52
63058,2966114.56
63059,2858360.3400000003
63060,2159447.37
63061,2084781.23
63062,3158454.6
63063,65525947.43
63064,2068004.9699999997
63065,2592291.88
63066,14901059.28
63067,2336459.6799999997
63069,37176341.120000005
63070,39333947.33
63071,6633718.51
63072,7282171.6
63073,4476905.6
63074,1352816.04
63075,175304346.34
63076,4312501.16
63077,8145117.38
63079,2159986.63
63080,11053858.26
63081,4001200.0
63082,3735207.7600000002
63083,9455759.81
63084,11132727.28
63085,13334983.71
63086,6635316.86
63087,2496773.81
63088,856913.85
63089,18521839.0
63090,3286212.97
63091,8118983.15
63092,16080552.290000001
63093,9604940.200000001
63094,9414366.2
63095,966823.36
63096,3950604.24
63097,4321745.0200000005
63098,7890552.1899999995
63099,23725562.96
63100,8986008.139999999
63101,1220310.29
63102,9489773.33
63103,52867150.07
63104,2248592.54
63105,2335911.77
63106,14500547.56
63107,3354604.15
63108,5146572.0
63109,5130217.8100000005
63110,8004792.58
63111,1274769.87
63112,4426122.41
63113,1199377683.47
63114,1108151.8599999999
63115,3087035.6900000004
63116,23490361.42
63117,4020668.01
63118,7944344.139999999
63119,5411811.23
63120,5101709.32
63121,9314390.18
63122,1526685.76
63123,2438883.94
63124,174448751.84
63125,40767334.1
63126,8285924.859999999
63128,7040193.8100000005
63129,5361511.59
63130,4290025.7
63131,5646395.0600000005
63132,13755215.84
63134,1847002.14
63135,3880166.99
63136,4716105.26
63137,3797346.3099999996
63138,3796014.9899999998
63139,8325848.720000001
63140,4514255.93
63141,12755851.370000001
63142,3645254.05
63143,7371657.0
63144,6934879.17
63145,1902186.04
63146,7144896.8
63147,4265964.38
63148,26314481.77
63149,4604818.34
63150,16086676.97
63151,9697180.329999998
63152,3778954.46
63153,2373345.34
63154,3843953.52
63155,2597395.59
63156,651028.22
63157,5936365.470000001
63158,2236392.54
63159,2016735.86
63160,7700204.39
63161,3913118.68
63162,4855711.3
63163,13268093.36
63164,82233332.22
63165,14352538.91
63166,1898615.52
63167,1996158.21
63168,4508039.0
63169,1201276.6
63170,6714836.649999999
63171,5266318.93
63172,822418.48
63173,3854256.42
63174,3150974.5
63175,7182742.88
63176,3241972.6999999997
63177,4451559.92
63178,188149246.3
63179,12725624.09
63180,12048749.0
63181,2908842.79
63182,5385702.86
63183,1949610.15
63184,2225791.35
63185,4924428.88
63186,3994195.18
63187,12635667.700000001
63188,6177822.2
63189,12275759.620000001
63190,4581209.46
63191,1999002.62
63192,10698794.57
63193,74657355.01
63194,3593746.63
63195,42679313.89
63196,3709621.6399999997
63197,1373088.0899999999
63198,11546892.4
63199,3714316.33
63200,8181960.9399999995
63201,6365555.05
63202,1038953.5900000001
63203,8871367.6
63204,8856995.26
63205,4369080.1899999995
63206,13404610.82
63207,8152991.07
63208,1898017.67
63209,1783597.53
63210,25793949.65
63211,13645801.87
63212,10709564.06
63213,15960532.26
63214,33460386.970000003
63215,5144870.96
63216,1881401.0000000002
63218,3842613.07
63219,6472104.95
63220,4176510.5
63221,4007320.32
63222,4641422.59
63223,9062840.24
63224,9662668.05
63225,21092882.0
63226,27614535.349999998
63227,16925379.91
63228,8869914.89
63229,7372107.59
63230,4307889.83
63231,23095162.41
63232,2563066.23
63233,13886127.5
63234,6887646.93
63235,1804432.39
63236,70316019.05
63237,5091530.7
63238,6703438.56
63239,6938594.72
63240,3632856.78
63241,5304740.350000001
63242,3322986.69
63243,5016906.17
63244,11165998.65
63245,27387439.0
63246,8611600.01
63247,14288533.35
63248,8346624.68
63249,3329291.3299999996
63250,4429943.12
63251,3357417.65
63252,3329233.0
63253,1599758.69
63254,12029754.04
63255,3959483.95
63256,3176638.1599999997
63257,5907044.22
63258,16677342.280000001
63259,4273856.36
63260,3948709.68
63261,8749887.790000001
63262,17559391.74
63263,20467499.49
63264,5051295.04
63265,13672106.61
63267,6180113.72
63268,5279552.44
63269,9069272.1
63270,4182999.2199999997
63271,9136664.6
63272,21282784.54
63273,13152854.75
63274,6958031.359999999
63275,11058963.73
63276,13911773.020000001
63277,853870.7799999999
63278,7343439.9
63279,8804726.309999999
63280,3564168.2600000002
63281,15507827.2
63282,12938960.99
63283,11875526.02
63284,89636999.38
63285,12153687.76
63286,3627682.98
63287,3629209.94
63288,3444515.16
63289,5667492.46
63290,7313770.94
63291,38304610.67
63292,5978775.5600000005
63293,4948481.44
63294,3922373.17
63295,10536867.79
63296,6987083.98
63297,2149689.58
63298,3753085.98
63299,2794924.36
63300,194577868.3
63301,5800588.76
63302,27961730.23
63303,1557873.73
63304,1633758.43
63305,16078853.99
63306,5990953.649999999
63307,49726401.28
63308,73312453.74
63309,4202619.55
63310,2717177.82
63311,2958318.36
63312,4462420.82
63313,4293629.96
63314,9582160.719999999
63315,16734364.899999999
63317,5355847.609999999
63318,3989337.67
63319,15204109.290000001
63320,3429408.9099999997
63321,6163200.93
63322,14493120.97
63323,4437590.59
63324,9190704.11
63325,2168909.6999999997
63326,4882043.7
63327,11393754.58
63328,1210819.72
63329,2935964.42
63330,2304155.11
63331,3059295.75
63332,4366810.2700000005
63333,2035840.3
63334,10327727.57
63335,5857504.96
63336,6051803.359999999
63337,1826737.4200000002
63338,71834468.84
63339,4895063.25
63340,3376513.79
63341,5039894.04
63342,2981005.27
63343,3578933.19
63344,2025082.93
63345,28292443.22
63346,4919979.96
63347,2539950.88
63348,5981761.69
63349,17840159.09
63350,10656547.08
63351,3407437.6100000003
63352,14602595.700000001
63353,8738914.16
63354,20526223.310000002
63355,3371551.03
63356,3698375.26
63357,2735937.15
63358,4628593.61
63359,3156774.03
63360,1893061.55
63362,8137803.18
63363,4547214.32
63364,3540416.9099999997
63365,6573218.63
63366,2886660.9200000004
63367,2503622.56
63368,10844736.06
63369,3544130.44
63370,8396574.37
63371,4140174.94
63372,3953306.15
63373,2398162.83
63374,3618839.33
63375,1822116.18
63376,2248536.6
63377,6325056.75
63378,8079911.93
63379,3331128.1
63380,20608578.0
63381,24355641.16
63382,4913730.74
63383,6335840.19
63384,3404608.14
63385,6451366.9799999995
63386,4583481.25
63387,6793387.97
63388,9448008.8
63389,1387147.8299999998
63390,2827638.94
63391,3542882.43
63392,4805421.4399999995
63393,21921101.55
63394,4216121.72
63395,9760533.45
63396,8634961.58
63397,13075527.530000001
63398,2983579.85
63399,2983116.54
63400,6963801.34
63401,6923403.17
63402,2930984.09
63403,2913771.19
63404,3689016.73
63405,5928598.19
63406,2981995.94
63407,5120217.41
63408,2685451.54
63409,2852944.16
63410,5544384.55
63411,3203969.34
63412,8585749.89
63413,6717006.1
63414,4420533.5200000005
63415,12472557.04
63416,1443101.36
63417,17176980.61
63418,4643781.77
63419,7473809.53
63420,7387803.56
63421,5133610.19
63422,4617046.22
63423,5095113.390000001
63424,3515856.3
63425,10465550.01
63426,15145806.319999998
63427,3036891.4699999997
63428,4735919.7
63429,933873.32
63430,155291301.28
63431,3207937.2399999998
63432,5074231.41
63433,2112689.26
63434,5798677.46
63435,3528130.8600000003
63436,3831893.65
63437,2048430.21
63438,4844653.63
63439,3799128.12
63440,2681021.59
63441,4351737.37
63442,1010410.88
63443,3961686.44
63444,1938873.55
63445,4021836.29
63446,4387462.0
63447,1277397.19
63448,12903718.49
63449,4550498.11
63450,6929405.05
63451,6331499.22
63452,1241601.74
63453,20413841.43
63454,11753893.11
63455,32288133.31
63456,3233171.2
63457,52472432.54
63458,1442788.04
63459,3122515.7
63460,6459492.430000001
63461,2224099.52
63462,3333669.56
63463,5315466.16
63464,3996513.87
63465,7584114.36
63466,2785289.79
63467,1539463.18
63468,5069798.49
63469,9958542.780000001
63470,65833794.25
63471,6394360.6
63472,6631428.9
63473,2077530.58
64001,1473162.14
64002,1877948.82
64003,4480510.29
64004,1358156.19
64005,7180835.609999999
64006,13447714.94
64007,4143647.15
64008,4812857.21
64009,10398600.690000001
64010,10392712.75
64011,3200426.05
64012,2712224.75
64013,2830025.12
64014,8788334.35
64015,3681417.07
64016,7826915.41
64017,2312367.8
64018,4853408.22
64019,4791835.83
64021,7216662.050000001
64022,1797096.19
64023,5156229.01
64024,378225562.36
64025,2218233.07
64026,4274506.39
64027,1238061.71
64028,1334772.92
64029,18103226.05
64031,4111301.9
64032,2370674.45
64033,1452324.38
64034,4027999.7600000002
64035,15451890.4
64036,5251351.140000001
64037,6213215.35
64038,32318674.42
64039,3109448.48
64040,17838937.31
64041,8388838.63
64042,4779621.64
64043,3352689.34
64044,1328444.6900000002
64045,2278478.7199999997
64046,5156416.47
64047,6683871.47
64048,1014373.2799999999
64049,4084870.1399999997
64050,1618637.33
64051,3712367.3600000003
64052,1719622.53
64053,1747429.37
64054,5731866.930000001
64056,1473280.04
64057,16009847.18
64058,10650418.07
64059,6670139.680000001
64060,9497311.51
64061,33575905.25
64062,20807613.46
64063,12075427.93
64064,6534522.01
64065,32325277.279999997
64066,4114667.48
64067,13175668.95
64068,27991647.27
64069,5531181.59
64070,3370843.32
64071,2513090.1399999997
64072,4643969.79
64073,3575402.17
64074,1024744.46
64075,2360377.15
64077,1608130.26
64078,3605778.5500000003
64079,1547733.4200000002
64080,4914120.81
64081,5011322.54
64082,1304370.08
64083,1985436.51
64084,1966051.8399999999
64085,7372208.73
64086,11617285.68
64087,5551592.38
64088,2430534.25
64089,1999291.35
64090,1742090.51
64091,2040879.29
64092,10731736.94
64093,9372374.64
64094,25457173.39
64095,3294207.1399999997
64096,2102746.42
64097,3465902.68
64098,976203.35
64099,2440362.12
64100,24352395.03
64101,8576037.52
64102,557109849.21
64103,1800546.83
64104,11373205.82
64105,3860368.8499999996
64106,2827679.8000000003
64107,2225575.77
64108,8024915.16
64109,9457292.53
64110,6530066.78
64111,1842078.27
64112,3567019.12
64113,3231591.43
64114,3628842.79
64115,1437160.47
64116,3002376.89
64117,3286491.89
64118,1056048.44
64119,4747863.69
64120,5758373.01
64121,1649537.43
64122,402707492.02
64123,19336609.08
64124,11382335.2
64125,92690268.03
64126,6100170.65
64127,9219844.59
64128,4131208.71
64129,113262037.71
64130,8417512.53
64131,4480919.37
64132,33864898.08
64133,6729689.21
64134,5821996.01
64135,4758079.22
64136,8279375.0200000005
64137,4128713.21
64138,21780979.14
64139,9470895.13
64140,51497161.33
64141,3263053.09
64142,4478557.57
64143,1642153.93
64144,2543919.25
64145,3060957.86
64146,2646007.8099999996
64147,22202458.79
64148,14343381.65
64149,2804798.82
64150,2670019.16
64151,1075088.39
64152,11385765.62
64153,3455352.3400000003
64154,3310929.2300000004
64155,1802832.8299999998
64156,2733142.89
64157,7519133.94
64158,1549510.96
64159,2140715.48
64160,70302615.68
64161,10063305.229999999
64162,1625930.6600000001
64165,2600814.82
64166,2160770.72
64167,2947843.66
64168,6563440.54
64170,2077088.3499999999
64171,2524832.1799999997
64172,2409346.4899999998
64173,1655022.72
64174,869473.3899999999
64175,3832406.5900000003
64176,2536293.53
64177,3926372.98
64178,3585023.91
64179,1990829.26
64180,1999753.56
64181,2456986.19
64182,730400.76
64183,4781671.18
64184,5303148.15
64185,6408222.71
64186,3013560.82
64187,3386193.2
64188,9491793.79
64189,51817756.45
64190,6089126.14
64191,19807991.96
64192,1896325.18
64193,1580777.5
64194,2601177.25
64195,1929016.34
64196,1684001.2
64197,1459526.76
64198,11149233.34
64199,2431192.8099999996
64200,1883380.05
64201,3193648.02
64202,4950877.76
64203,2885369.67
64204,24909822.64
64205,2027782.47
64206,2359767.2600000002
64207,2665041.9899999998
64208,2932847.45
64209,2779853.3
64210,1971689.21
64211,4929566.37
64212,2368156.2199999997
64213,26254103.73
64214,4154457.49
64215,1518205.3
64216,6725842.77
64217,7040459.9399999995
64218,9065936.520000001
64219,2957951.27
64220,3038247.32
64221,2141744.14
64222,1357088.42
64223,4155997.58
64224,5304405.0
64225,9640492.74
64226,1689326.94
64227,5458625.84
64228,2771697.93
64229,3263907.44
64230,39107940.01
64231,5106167.36
64232,2708746.16
64233,14565103.36
64234,2363616.96
64235,4301770.93
64236,1053353.57
64237,22467352.67
64238,20144452.17
64239,2133546.7
64240,3134804.07
64241,3524949.59
64242,1488690.5699999998
64243,1927936.98
64244,1920432.54
64245,3613392.91
64246,1664719.5
64247,3924397.05
64249,31756346.37
64250,10694237.84
64251,1845623.94
64252,5029001.84
64253,4084794.98
64254,4407248.91
64255,4063392.33
64256,56373403.91
64257,3414170.16
64258,2467793.91
64259,9586676.39
64260,165056961.02
64261,2823226.16
64262,3325932.1399999997
64263,2455635.41
64264,2573914.37
64265,2748302.79
64266,1871038.54
64267,2050182.4000000001
64268,2723484.79
64269,33974516.660000004
64270,6959961.62
64271,7792089.45
64272,2881526.44
64273,13072335.6
64274,4799785.3
64275,7541093.94
64276,5278773.18
64277,5662759.88
64279,20141972.41
64280,3650018.45
64281,1638614.26
64282,8148319.03
64283,3984676.05
64284,46577412.199999996
64285,4625725.6
64286,4783343.82
64287,2952506.7199999997
64288,5213194.25
64289,17023931.21
64290,4529688.7
64291,2774901.4899999998
64292,2071571.44
64293,1682682.83
64294,3373525.8600000003
64295,1553370.42
64296,1366475.6
64297,2330720.59
64298,2416082.19
64299,1778493.51
64300,26898731.75
64301,6410378.48
64302,4671409.35
64303,1701435.0799999998
64304,16992982.08
64305,6699993.48
64306,4543781.1899999995
64307,1456526.8900000001
64308,3260314.37
64309,2208866.41
64310,10865772.42
64311,1537512.99
64312,3240880.31
64313,4496127.07
64314,10246528.04
64315,7525494.68
64316,11031950.6
64317,15730026.610000001
64318,2436924.96
64319,3223175.76
64320,59566904.1
64321,3437112.98
64322,6793276.74
64323,808118.81
64324,12259739.45
64325,2538674.12
64326,1178502.1
64327,3534496.6999999997
64328,8253257.98
64329,6872467.93
64330,4479479.43
64331,7716519.34
64332,1920836.18
64334,1508598.8199999998
64335,128578130.12
64336,11403412.69
64337,1380272.83
64338,1580458.53
64339,10486053.78
64340,1059172.66
64341,1227537.49
64342,6599526.18
64343,4058529.29
64344,2931916.9699999997
64345,4477741.54
64346,2801060.68
64347,1640790.75
64348,120084801.58
64349,3439755.93
64350,10871147.25
64351,4652446.13
64352,5169378.88
64353,11764203.25
64354,3696889.57
64355,1846627.62
64356,1229411.5799999998
64357,1585370.4200000002
64358,2671035.47
64359,9168102.99
64360,2184430.27
64361,2421992.93
64362,3206238.08
64363,4077744.6
64364,9554638.88
64365,4883830.98
64366,2401990.37
64367,4691699.19
64368,2032379.3699999999
64369,3349421.1
64370,3607463.5300000003
64371,36001359.59
64372,1270967.31
64373,12714735.709999999
64374,7784021.779999999
64375,3549757.9499999997
64376,5828663.08
64377,10594049.14
64378,3121862.4000000004
64379,3982888.17
64380,1869022.3199999998
64381,2667171.06
64382,3844723.16
64383,1573941.01
64385,4468542.18
64386,5083965.640000001
64387,4994519.83
64388,1803616.03
64389,3720886.6599999997
64390,1610104.2000000002
64391,2756388.44
64392,1459995.32
64393,36631102.05
64394,868854.86
64395,1094015.82
64396,33321803.2
64397,1757850.8099999998
64398,5041919.17
64399,17396357.72
64400,9773290.96
64401,1861712.94
64403,2925574.65
64404,5928627.41
64405,47999572.56
64406,4636301.75
64407,44445630.14
64408,705135.52
64409,7155187.8
64410,73644959.2
64411,4228207.94
64412,2249104.02
64413,8084479.99
64414,1765266.99
64415,12909463.67
64416,11607532.84
64417,34050858.0
64418,3184151.24
64419,7893811.77
64420,3375008.6999999997
64421,13215339.63
64422,138683600.11
64423,2676545.22
64424,11025674.26
64425,5458556.029999999
64426,2801205.53
64427,1956665.73
64428,2494172.79
64429,2061533.03
64430,76723776.15
64431,6434904.32
64432,743795.36
64433,5116058.21
64434,1224953.88
64435,2499128.01
64436,15292424.66
64437,5286778.42
64438,4175351.5900000003
64439,8350000.52
64440,3127264.06
64441,6326658.07
64442,3344618.22
64443,18816919.69
64444,4367452.45
64445,885057376.8000001
64446,2052855.2199999997
64447,2128892.16
64448,13886085.7
64449,1771019.88
64450,4195032.0
64451,1605683.09
64452,3510823.49
64453,26007549.19
64454,1970446.66
64455,1711849.7
64456,1474076.37
64457,2215860.2199999997
64458,2508631.0500000003
64459,1868447.41
64460,2465077.89
64461,6493431.08
64462,2379424.52
64463,6947393.39
64464,641522.66
64465,2203658.8
64466,3581400.43
64467,7424214.5200000005
64468,3280316.67
64469,2114328.93
64470,5402387.52
64471,2967487.42
64472,4150806.77
64473,2962158.2
64474,819092.52
64475,10634570.94
64476,5426593.05
64477,25318642.1
64478,4130427.1500000004
64479,1413260.28
64480,3014393.09
64481,2100356.43
64482,4342388.79
64483,167775067.69
64484,11693554.52
64485,30571327.49
64486,2560204.88
64487,4816296.0600000005
64488,4075698.33
64489,4666245.48
64490,6591551.04
64491,2660602.23
64492,5295394.78
64493,24678631.330000002
64494,2428391.07
64495,48334997.82
64496,35266896.13
64498,3782363.64
64499,52504877.87
64500,3054390.52
64501,4007989.35
64502,8085807.19
64503,1076658.6400000001
64504,31185302.19
64505,2657507.34
64506,5394766.73
64507,2047194.3499999999
64508,1915199.1700000002
64509,1194082.54
64510,7806488.13
64511,23830491.330000002
64512,3537963.4099999997
64513,17418141.58
64514,1868215.46
64515,2875623.65
64516,4246470.71
64517,1959553.17
64518,5694968.9399999995
64519,47084353.29
64520,8049986.7700000005
64521,5473394.48
64522,7255150.74
64523,7924095.99
64524,2319515.26
64525,5090172.04
64526,14199004.99
64527,16929176.42
64528,3374407.6
64529,2327443.7399999998
64530,1857014.65
64531,1348106.28
64532,990759.38
64533,8573839.41
64534,2451761.77
64535,2293069.61
64536,7068065.64
64537,859542.75
64538,5438716.279999999
64539,2756329.73
64540,15549669.499999998
64541,3994564.1299999994
64542,4332237.1
64543,7494415.41
64544,914161.4
64545,71527855.63
64546,16415074.88
64547,52800041.33
64548,2062069.06
64549,9957149.81
64550,7131857.64
64551,1499016.1099999999
64552,2128377.94
64554,2879564.8000000003
64555,1428561.9
64556,4110309.71
64557,3007144.88
64558,17605718.92
64559,6801786.83
64560,1668570.42
65001,2974689.64
65002,5957712.22
65003,1781948.75
65004,6597429.14
65005,2122614.4899999998
65006,5671085.0
65007,5754056.960000001
65009,1587277.96
65010,1949926.5
65011,2477864.45
65012,1284473.8199999998
65013,649644.15
65014,924435.54
65015,1939179.73
65016,1303432.86
65017,77569487.85
65018,3547695.47
65019,6106697.6899999995
65020,1406761.46
65021,4215568.57
65022,3168551.05
65023,655931.17
65024,1610448.72
65025,26187490.689999998
65026,1802017.18
65028,2766275.9
65029,7271145.95
65031,16306054.81
65032,20785280.32
65033,1448804.3
65034,500825.96
65035,2755639.68
65036,2495731.99
65037,2019830.96
65038,712735.89
65039,2002403.99
65040,3393845.26
65041,5037375.4399999995
65042,3007403.1700000004
65043,2346746.03
65044,2161459.2800000003
65045,8622989.94
65046,5934959.41
65047,44041717.53
65048,2864407.45
65049,2215017.22
65050,3416701.5
65051,2712007.17
65052,1322544.57
65053,1186611.28
65054,4812110.42
65055,3379626.31
65056,7594104.329999999
65057,10182388.01
65058,3419961.33
65059,95251204.03
65060,1645196.44
65061,968361.05
65062,23616906.09
65063,1577312.99
65064,2598868.6999999997
65065,2231267.46
65066,1036604.76
65067,993210.92
65068,316216.57000000007
65069,11383274.06
65070,4448431.1899999995
65071,1442406.94
65072,18640119.06
65073,2045807.1300000001
65074,1792032.95
65075,1408431.3
65076,1006930.09
65077,4432596.3
65078,5653705.58
65079,2184258.74
65080,6105797.29
65081,2005649.11
65082,1295550.55
65083,2798634.09
65084,1988682.21
65085,1232669.3900000001
65086,2257367.33
65087,1821020.53
65088,899682.87
65089,6409190.11
65090,1180332.7
65091,823812.8
65092,13477126.49
65093,2169837.46
65094,1364150.89
65095,2790618.55
65096,1208005.57
65097,2100921.59
65098,3411437.84
65099,4151421.48
65100,27089465.060000002
65101,4769934.88
65102,921887.5800000001
65103,1174440.21
65104,2462943.32
65105,2490186.88
65106,5148208.57
65107,1053125.6500000001
65108,5843018.38
65109,892582.4
65110,895965.88
65111,1235632.27
65112,3378479.4499999997
65113,2703257.02
65114,826710.02
65115,2184609.45
65116,4300830.07
65117,7046032.49
65118,416768.57
65119,2388545.9499999997
65120,1693244.78
65121,2962617.55
65123,23008678.78
65124,1605946.03
65125,2433455.15
65126,1936848.79
65127,13077646.67
65128,2746446.45
65129,10736995.35
65130,5953962.24
65131,1639207.42
65132,573247.57
65133,2094711.3499999999
65134,283348.57
65135,1826228.22
65136,744457.82
65137,949435.04
65138,63640673.8
65139,1577077.4100000001
65140,822736.1100000001
65141,2190239.22
65142,1914298.82
65143,1714441.67
65144,1204108.31
65145,6938077.12
65146,1381959.37
65147,3263674.47
65148,1436184.52
65149,2099921.72
65150,3394681.0100000002
65151,1072433.69
65153,1191356.98
65154,1001070.75
65155,1378287.31
65156,2794380.44
65157,646014.27
65158,1926352.98
65159,2127727.7
65160,2122729.63
65161,1227653.22
65162,966014.93
65163,1218635.78
65164,1252155.56
65165,1967191.2000000002
65166,993679.89
65167,617439.1900000001
65168,7502474.1
65169,2311541.73
65170,1132404.47
65171,1020983.9299999999
65172,1579486.0
65173,4523272.22
65174,1715547.71
65175,2138964.04
65176,3382342.85
65177,2536824.04
65178,1424919.8699999999
65179,661313.39
65180,435409.65
65181,1036522.01
65182,2960026.17
65183,7438870.0
65184,1783607.19
65185,5428939.25
65186,963177.94
65187,1427548.39
65189,1594788.28
65190,680126.8
65191,2505076.06
65192,30930619.06
65193,1967528.33
65194,2025256.81
65195,4686664.07
65196,1048743.73
65197,3104015.9
65198,8195211.550000001
65199,7126589.73
65200,2970655.36
65201,1980686.8399999999
65202,3138445.07
65203,814188.64
65204,506731.35
65205,2723076.89
65206,1904829.45
65207,973205.87
65208,869767.95
65209,2056119.29
65210,3963518.12
65211,2928186.25
65212,5776411.59
65213,2602785.11
65214,671303.76
65215,564371.5800000001
65216,542136.4
65217,603466.83
65218,8274742.350000001
65219,1085830.82
65220,1447578.5999999999
65221,3213564.59
65222,1586498.29
65223,8990548.67
65224,2842297.61
65225,959274.1
65226,39288806.56
65228,4538853.14
65229,958241.9500000001
65230,3351339.2
65231,1478809.56
65232,683652.5499999999
65233,3201587.3400000003
65234,2858829.56
65235,27950734.12
65236,3343561.35
65237,1355368.8599999999
65238,3414402.94
65239,1563673.01
65240,2491588.69
65241,1542743.59
65242,1931724.29
65243,3432277.49
65244,2583346.68
65245,2693541.06
65247,1676895.3699999999
65248,2437397.82
65249,1306131.6099999999
65250,2676830.95
65251,10384204.75
65252,5531788.130000001
65253,728541.59
65254,1850203.28
65255,721008.97
65256,1270095.25
65257,7515778.9799999995
65258,53877454.21
65259,2074099.95
65260,1180664.12
65261,688074.77
65262,3162832.9000000004
65263,1274569.95
65264,3061586.74
65265,2552168.13
65266,795313.5599999999
65267,5824960.0600000005
65268,2088441.59
65269,1216547.75
65270,1300198.3699999999
65271,3375761.66
65272,708664.63
65273,1725825.47
65274,1755928.95
65275,1654822.16
65276,1173388.72
65277,710648.1499999999
65278,879977.26
65279,2017095.4300000002
65280,2512941.42
65281,2078568.52
65282,18365731.82
65283,1125605.46
65284,10768524.53
65285,1921644.7599999998
65286,190731424.44
65287,7081978.74
65288,1163347.84
65289,2127521.66
65290,1598962.29
65291,1832353.88
65292,4291278.87
65293,1671339.92
65294,1407843.75
65295,29869750.599999998
65296,4967468.77
65297,764995.3
65298,1304899.6500000001
65299,1640158.16
65300,668405.9500000001
65301,1138436.92
65303,3805970.88
65304,32963781.9
65305,2826799.75
65306,2303693.62
65307,2660762.63
65308,1784308.36
65309,581590.63
65310,1687984.2
65311,996196.79
65313,2615545.21
65314,3806759.0100000002
65315,6538966.15
65316,1818684.1300000001
65317,3403976.62
65318,2053125.7000000002
65319,1197864.21
65320,5378146.1
65321,792457.9700000001
65322,2528517.79
65323,1259231.97
65324,2238023.56
65325,1271966.8
65326,1453820.6600000001
65327,2006405.59
65328,1492301.97
65329,3369619.01
65330,2124521.25
65331,16652003.34
65332,1744448.07
65333,1383549.76
65334,2387498.34
65335,3040251.91
65336,668447.4199999999
65337,1252793.2
65338,2036191.3
65339,1877552.81
65340,9571806.66
65341,2396424.38
65342,2443051.36
65343,1914263.48
65344,16511349.72
65345,1012242.0700000001
65346,1471227.08
65347,828707.3099999999
65348,1532554.5799999998
65349,844154.6399999999
65350,5823405.5
65351,978537.14
65352,2160198.73
65353,2305966.11
65354,967379.72
65355,1213756.29
65356,1054069.8800000001
65357,1644590.67
65358,1255607.73
65359,697913.22
65360,4062992.2
65361,1177940.94
65362,16350106.639999999
65363,2977378.69
65364,686069.23
65366,8890636.02
65367,2053434.54
65368,619479.0299999999
65369,5155585.850000001
65370,6033601.57
65371,3607848.0
65372,4096638.5999999996
65373,2214642.33
65374,3754042.7399999998
65375,16245365.43
65376,2508305.36
65377,1746898.6300000001
65378,1483674.8
65379,698494.3699999999
65380,982332.64
65381,1060081.52
65382,1816554.73
65383,2242334.76
65384,2585046.22
65385,1428517.61
65386,1700698.78
65387,1670191.76
65388,97170458.14
65389,11995297.32
65390,2316030.81
65391,517097.8
65392,3062621.6799999997
65393,1603779.4900000002
65394,2291289.35
65395,12916819.82
65396,5014965.12
65397,2742250.09
65398,2362619.76
65399,4904586.05
65400,2174385.76
65401,2974612.49
65402,998862.69
65403,768693.83
65404,2629100.39
65405,1328032.3499999999
65406,2589967.37
65407,1952866.75
65408,7725961.41
65409,2295539.1399999997
65410,2485069.16
65411,3154759.91
65412,1868128.3800000001
65413,4494672.95
65414,684477.57
65415,2530663.1599999997
65416,565162.12
65417,43611353.88
65418,1889774.9100000001
65419,1682281.82
65420,2029142.68
65421,1529822.49
65422,4100255.82
65423,1520821.73
65424,8017481.42
65425,3544141.14
65426,1340092.0
65427,2041698.8499999999
65428,1483665.32
65429,1412093.45
65430,592100.1799999999
65431,1652797.81
65432,1264777.26
65433,12672846.129999999
65435,8167326.71
65436,2219456.71
65437,2302998.45
65438,1066207.47
65439,2541606.3
65440,391524922.96999997
65441,1111569.1099999999
65442,2621421.3
65443,263558.45999999996
65444,2492012.87
65445,2692704.05
65446,2036703.1
65447,15628892.52
65448,1860597.22
65449,1961253.7100000002
65450,3655492.4099999997
65451,4929270.61
65452,9599045.33
65453,1020453.48
65454,1190150.42
65455,3035805.92
65456,3902005.0199999996
65457,914351.62
65458,1110713.71
65459,975333.02
65460,33920273.71
65461,1674269.82
65462,1997320.4000000001
65463,3531848.92
65464,2397746.09
65465,16434271.25
65466,1590270.71
65467,1200334.14
65468,832841.86
65469,2546504.48
65470,1650791.48
65471,8414592.76
65472,688832.73
65473,5915612.62
65474,1101430.78
65475,1091581.94
65476,2311870.6300000004
65477,988817.37
65478,4218962.06
65479,3232289.56
65481,27285462.91
65482,4588004.029999999
66001,1695009.47
66002,21155093.09
66003,49957539.379999995
66004,96523756.59
66005,10730621.14
66006,4829191.15
66007,4528920.83
66008,222291730.74
66009,24917572.78
66010,5401705.78
66011,25842940.99
66012,18088767.67
66013,2040088.32
66014,20747992.79
66015,8764017.49
66016,68230285.77
66017,133163685.28
66018,2425445.7
66019,6102544.3
66020,30889630.97
66021,49533180.74
66022,2294095.92
66023,4234833.08
66024,54677849.78
66025,18570337.16
66026,8388417.39
66027,6393319.890000001
66028,104401265.68
66029,3272001.83
66030,12565104.26
66032,1658031.91
66033,2149661.91
66034,2300965.24
66035,1827728.97
66036,2386887.81
66037,188056775.39000002
66038,43901066.04
66039,5255820.67
66040,2078956.73
66041,6165548.63
66042,7345205.35
66043,5899210.28
66044,3740682.08
66045,4683154.03
66046,10671471.55
66047,1384710.56
66048,26082044.46
66049,85299077.76
66050,32763807.32
66051,3785202.77
66052,2345449.38
66053,53654562.52
66054,2151655.2800000003
66055,6181020.64
66056,6282252.1899999995
66057,5660822.45
66058,13600332.39
66059,20851463.1
66060,3809118.33
66061,3128713.19
66062,4066684.23
66063,4104216.0500000003
66064,7061542.99
66065,94883193.24
66066,9260148.17
66067,21966005.45
66068,2188252.89
66069,23764256.48
66070,3748922.9699999997
66071,25451276.28
66072,5904569.6899999995
66073,3270239.25
66074,4825297.82
66075,8774189.04
66076,3165205.71
66077,3929393.27
66078,3343286.73
66079,3094894.93
66080,7753855.0600000005
66081,3695699.6
66082,16559328.8
66083,2163713.32
66084,6631206.93
66085,3517661.83
66086,980313.27
66088,36486089.4
66089,2992713.21
66090,2000110.72
66091,2149027.04
66092,2297548.8
66093,18794259.17
66094,18008858.78
66095,12206436.07
66096,9799458.46
66097,3153445.61
66098,6543222.15
66099,3227825.9499999997
66100,6994499.17
66101,11164261.35
66102,2959428.91
66103,7130184.23
66104,6876280.88
66105,11686886.0
66106,17283352.5
66107,18388843.51
66108,31938028.07
66109,7249706.26
66111,3487073.88
66112,2798778.36
66113,3382729.7399999998
66114,10893754.62
66115,11535966.06
66116,3884140.09
66117,6405885.55
66118,3992580.41
66119,7098747.350000001
66120,3334286.73
66121,7350686.109999999
66122,2909451.57
66123,8636813.12
66124,62983713.65
66125,6746144.56
66126,3964313.4899999998
66127,8148942.23
66128,1348647.54
66129,13187367.629999999
66130,23463911.51
66132,7048188.390000001
66133,14440584.33
66134,7784640.83
66136,993342809.21
66137,10050604.33
66138,18840322.73
66139,2256712.49
66140,28637007.419999998
66141,46790308.75
66142,1824126.49
66143,3045407.73
66144,52784561.16
66145,16444809.459999999
66146,6587861.7
66147,12813529.66
66148,42244553.31
66149,84011893.48
66150,27743338.159999996
66151,4635777.659999999
66152,1890721.63
66153,2814664.65
66154,8949276.67
66155,3625131.71
66156,4706229.95
66157,3049131.17
66158,3458586.19
66159,2610900.02
66160,8202652.34
66161,11981837.65
66162,3350971.5300000003
66164,106848011.5
66165,6346600.24
66166,2913477.69
66167,18885742.82
66168,19250709.599999998
66169,2306236.14
66170,4018035.77
66171,162008866.56
66172,77671396.09
66173,8183224.42
66174,20475773.27
66175,20415396.28
66176,19401779.009999998
66177,7978944.27
66178,11262493.469999999
66179,13014464.74
66180,75243411.77
66181,8577951.84
66182,40947400.24
66183,2569427.21
66184,2458443.63
66185,2777491.63
66186,19138566.58
66187,21556214.82
66188,5094356.53
66189,38240877.55
66190,19743284.79
66191,2521661.54
66192,2563059.81
66193,8181140.38
66194,4699899.7700000005
66195,74287219.85000001
66196,28588153.34
66197,1633856.47
66198,12143072.03
66199,2017428.6199999999
66201,1218822.39
66202,5265147.82
66203,1556638.18
66204,5448294.56
66205,34802218.13
66206,2719608.11
66207,5491169.0
66208,16948444.45
66209,2788050.3200000003
66210,72180906.19
66211,1731307.98
66212,36528378.160000004
66213,58192592.53
66214,7467545.73
66215,4870269.16
66216,3574262.81
66217,15461346.68
66218,5930746.66
66219,1951746.05
66220,3145096.54
66221,1856656.34
66222,28566466.15
66223,6434061.489999999
66224,20200112.14
66225,9421023.55
66226,6397572.43
66227,30414102.990000002
66228,6479518.5600000005
66230,21629046.39
66231,6436816.83
66232,2519648.37
66233,4028040.21
66234,3945138.04
67001,15339598.1
67002,5422386.06
67003,5920722.45
67004,21654535.77
67005,8757573.91
67006,2202148.51
67008,12453479.36
67009,4252112.55
67010,16817079.41
67011,7477288.29
67012,6558895.6899999995
67013,3521748.73
67016,6072887.680000001
67017,5909369.08
67018,4938053.24
67019,9282431.97
67020,10171017.81
67021,74764668.09
67022,1997199.37
67023,8216493.23
67025,49590278.65
67026,3703949.12
67027,2335049.2199999997
67028,46854226.79
67029,4549182.87
67030,5393895.59
67031,14010475.93
67032,2874861.01
67033,4147688.41
67034,22584829.59
67035,3557205.76
67036,2783231.19
67037,3725369.05
67038,1346745.51
67039,2626344.02
67040,7092806.65
67043,96733946.81
67044,2034154.89
67045,45131520.18
67046,71887043.97
67047,2521162.58
67048,4289925.86
67049,11124889.97
67050,1121983.73
67051,6120760.36
67052,24495963.7
67053,3653766.39
67054,3061112.5
67055,10109146.5
67056,5989987.55
67057,2565702.51
67058,3642148.5500000003
67059,5957913.33
67060,4688685.34
67061,65074828.309999995
67062,1691181.8
67063,8771639.23
67065,7150703.73
67066,18778056.25
67067,58890818.61
67068,2255068.0
67069,4258839.05
67070,2807302.14
67071,5371481.59
67072,7821195.319999999
67073,36397265.55
67074,5367231.4
67075,5113790.5200000005
67076,7250335.4
67077,4318932.13
67078,2162122.41
67079,1946297.43
67080,9260637.04
67081,6236446.81
67082,6461875.5
67083,5631502.43
67084,26414935.009999998
67085,6274148.79
67086,1987661.66
67087,8687204.98
67088,3820112.72
67089,17996989.74
67090,3676540.8800000004
67091,3534619.97
67092,4720741.7700000005
67093,4982437.8
67094,3178681.08
67095,21572164.9
67096,2056783.22
67097,5113010.18
67098,10771584.53
67099,4063858.2
67100,1860513.93
67101,25558739.55
67102,2129463.4
67103,12113554.61
67104,10822762.9
67105,21640948.05
67106,77709563.21
67107,3593837.58
67108,40554905.97
67109,4765939.72
67110,8077805.33
67111,4830033.63
67112,38038381.94
67113,4811121.24
67115,15531384.219999999
67116,7027211.79
67117,3870666.4699999997
67118,36984762.17
67119,9144703.21
67120,3819703.09
67121,5931944.2
67122,12664372.06
67123,4554252.05
67124,28212265.9
67125,23084099.5
67126,2309778.52
67127,9315364.45
67128,34985819.25
67129,6558147.52
67130,130733520.8
67131,38993266.27
67132,12617820.05
67133,4787435.54
67134,3124872.42
67135,8522712.18
67136,2857551.52
67137,49205870.20999999
67138,5592298.279999999
67139,3824115.15
67140,5353585.34
67141,4724572.65
67142,9057056.34
67143,3107571.06
67144,3194446.2100000004
67145,2938040.33
67146,6112577.279999999
67147,5202318.62
67148,2941443.14
67149,3526764.4200000004
67150,8155532.88
67151,50373201.24
67152,68104627.72
67153,3989450.08
67154,39717015.95
67155,8697889.58
67156,13177088.69
67159,1784333.47
67160,8859194.22
67161,2917147.03
67162,4490616.89
67163,4139715.8299999996
67164,8552280.540000001
67165,5038155.54
67166,2965436.4699999997
67167,9171358.83
67168,9329073.61
67169,20879136.57
67172,20448384.18
67173,6222314.12
67174,9096648.71
67176,27357202.13
67177,4008528.23
67178,3083838.36
67179,4515535.78
67180,329083054.05
67181,2136710.8899999997
67182,12815585.15
67183,10257553.49
67184,24883662.61
67185,6211724.55
67186,4539799.01
67187,4674702.84
67188,4301279.23
67189,9552285.87
67190,2695268.99
67191,19603946.65
67192,7337727.02
67194,52648359.44
67195,4520379.31
67196,19996097.49
67197,8682454.02
67198,1628091.74
67199,1637105.72
67200,5241903.1
67201,4145940.41
67202,38440753.089999996
67203,2782491.31
67204,52804071.49
67205,51529643.620000005
67206,9224990.98
67208,5578702.68
67209,2697095.09
67210,7815101.18
67212,20126141.36
67213,5971205.46
67214,5379807.95
67215,5451782.01
67216,19243020.14
67217,3614779.4
67218,209691667.23
67220,2676829.6599999997
67221,2295777.2
67222,36519483.74
67223,14234315.4
67225,1065744.25
67226,21878925.53
67227,3664455.7800000003
67228,7541076.54
67229,2489996.4
67230,10065273.74
67231,2275614.11
67232,2478229.63
67233,9964732.76
67234,15668541.06
67235,2624271.17
67236,4655685.3
67237,22143420.72
67238,4228965.9399999995
67239,20890200.96
67240,6127669.24
67241,1414059.28
67242,5688618.45
67244,2029947.7999999998
67245,1956271.07
67246,10362776.2
67247,7726568.21
67248,18466812.5
67249,793811.29
67250,2197579.9
67252,9733602.36
67253,7636192.9799999995
67254,7126154.67
67255,4169577.9699999997
67256,20443281.73
67257,6446985.71
67258,4095824.7199999997
67259,11525164.04
67260,2566898.85
67261,41342291.93
67263,18911396.1
67264,7153527.4
67265,9433571.15
67266,4129136.5
67267,113733565.42999999
67268,16720789.040000001
67269,2585356.15
67270,2902310.19
67271,3447854.34
67272,4233191.609999999
67273,5081925.91
67274,4705795.43
67275,8825733.87
67276,13714712.110000001
67277,8548204.47
67278,6282098.930000001
67279,2213943.67
67280,5194259.57
67281,66781177.65
67282,38559454.67
67283,23215583.33
67285,12139288.48
67286,14452065.88
67287,4023217.33
67288,2373352.9699999997
67289,5647545.05
67290,5789234.68
67291,38823892.14
67292,6744328.98
67293,5939516.91
67295,5539136.16
67296,11071666.98
67298,3805713.38
67299,6737374.64
67300,131696591.24
67301,12534379.75
67302,24224906.45
67303,4267486.54
67304,5540045.27
67305,23602383.36
67306,4009792.78
67307,2374524.78
67308,9070455.63
67309,32418457.419999998
67310,9661046.34
67311,25702751.72
67312,4346663.41
67313,34263879.34
67314,3335432.42
67315,4799460.87
67317,5684716.72
67319,3778043.9499999997
67320,4817924.59
67321,2896592.1
67322,12965316.940000001
67324,82070802.72
67325,12083209.11
67326,13702118.200000001
67327,8945376.82
67328,5554229.32
67329,11182786.33
67330,6752015.35
67331,9134732.03
67333,3148525.28
67334,2526186.09
67335,12046890.27
67336,18027571.91
67337,4168055.86
67338,11858345.13
67339,51127350.620000005
67340,13372938.73
67341,3385148.31
67342,15810115.06
67343,36326038.75
67344,2789432.13
67345,26110964.24
67346,5972616.79
67347,13986720.85
67348,215005454.66
67349,4607428.8
67350,16849675.310000002
67351,15695987.69
67352,3971768.1300000004
67353,3528261.0100000002
67354,4237478.77
67355,11739695.14
67356,27027416.73
67358,7066103.149999999
67359,11646314.59
67360,6925090.08
67361,1965866.17
67362,9680402.53
67363,7633763.25
67364,5518401.78
67365,65634488.35
67366,5283596.87
67367,16181588.39
67368,20341456.54
67369,2324287.4099999997
67370,10743165.27
67371,11580171.55
67372,32647016.02
67373,3631411.3800000004
67375,10606563.59
67377,15791522.17
67378,28154553.27
67379,11744118.66
67380,2385214.69
67381,3217238.6
67382,4631933.06
67383,1722443.5
67384,6088129.49
67385,4197334.02
67386,2515434.89
67387,3675469.9499999997
67388,58063572.64
67389,31843570.330000002
67391,2966705.61
67392,4647806.89
67394,1677360.67
67395,4581446.65
67396,1557604.38
67397,26770268.9
67398,4467239.92
67400,8116621.340000001
67401,3644900.21
67403,3793091.81
67404,8724892.74
67405,20260768.759999998
67406,2581125.26
67407,8375273.2
67408,8836113.07
67409,6179760.02
67410,7806248.5600000005
67411,71661290.39999999
67412,7897927.88
67413,3588685.49
67414,9028858.62
67415,6178611.37
67416,4331444.47
67417,1326343.42
67418,18010834.32
67420,9788577.17
67421,13080728.08
67422,4855165.66
67423,7407389.1899999995
67424,3259679.6999999997
67425,7138072.98
67426,2840267.11
67427,3581394.81
67428,5739754.78
67429,6944186.4799999995
67430,5493394.21
67432,6975906.41
67433,8344294.84
67434,49488765.089999996
67435,9742524.99
67436,5498632.07
67437,129501922.55
67438,6904326.0
67440,4307881.59
67441,2280992.46
67442,6521013.67
67443,8333840.46
67444,731986.62
67445,31015537.97
67446,4603540.61
67447,190608704.07999998
67448,27458546.88
67449,14317837.66
67450,2344769.57
67451,12584180.08
67452,13826317.61
67453,8020824.58
67454,4147438.74
67455,6298662.01
67456,2802632.84
67458,57056098.74
67459,7248992.25
67460,14641554.41
67461,4114849.94
67462,201693764.98
67463,42005791.36
67464,10268696.0
67465,12798466.040000001
67466,3617506.06
67467,4284250.98
67468,5370199.53
67470,1157945.59
67471,45446438.81
67472,41093013.26
67473,8147308.66
67474,40687092.49
67475,3565465.9499999997
67476,5137442.2299999995
67477,5131849.18
67478,23341841.28
67479,4869641.27
67480,13494854.629999999
67481,10596372.66
67482,2131294678.81
67483,2444171.26
67484,2874354.03
67485,12168656.83
67486,18699960.84
67487,15346047.27
67488,1812501.41
67489,6249414.84
67490,4083154.9299999997
67491,2862313.88
67492,3262074.5300000003
67493,4991101.7299999995
67494,4598165.14
67495,50528576.68
67497,4877244.48
67498,5606766.47
67499,2642070.8
67500,16867159.2
67501,4050913.75
67502,1563552.4000000001
67503,1862333.98
67504,10833846.200000001
67505,3013294.43
67506,47145759.82
67507,15907977.780000001
67508,3402174.59
67509,5430003.08
67510,2795539.53
67511,8192894.600000001
67513,1347605.44
67514,7833648.3
67515,5375752.63
67516,6583316.88
67517,4691001.87
67519,54849964.82
67520,36723653.79
67521,2999241.16
67522,7360701.1
67523,18653997.5
67524,8073609.5
67525,21942004.48
67526,9970391.870000001
67527,2806623.94
67528,7162070.2
67529,29034160.33
67530,3500658.94
67531,3604085.27
67532,15921973.42
67534,9840510.06
67535,7686738.04
67536,2290489.29
67537,9162427.53
67538,8487148.22
67539,26973684.07
67540,5046468.319999999
67541,6475966.51
67542,4799596.62
67543,23072105.349999998
67544,129048593.42
67545,3345920.07
67546,4854808.18
67547,17907751.580000002
67548,7668252.720000001
67550,15309546.14
67551,20739911.34
67552,4257397.49
67553,2674043.5300000003
67554,7185464.67
67555,3852919.89
67556,1893190.2
67557,9724180.83
67558,5434852.4799999995
67559,2222624.52
68001,14114596.520000001
68002,5837580.74
68004,80671260.89
68005,24939758.81
68006,16644220.290000001
68007,13104582.77
68008,4168260.82
68009,12922649.13
68010,7303795.64
68011,7185409.56
68012,13967508.129999999
68013,9115066.2
68014,4296258.17
68015,22864040.919999998
68016,8939567.74
68017,12547768.18
68018,7885684.12
68019,7285053.11
68020,39865782.32
68021,46227265.2
68022,18984354.009999998
68023,8455436.79
68024,2021701.19
68025,4599213.06
68026,21227693.27
68027,5055936.76
68028,35655782.25
68029,6372734.27
68030,4169871.5100000002
68032,13667744.42
68033,5405898.98
68034,4101683.3800000004
68035,4345117.24
68036,63945975.71
68037,5057178.69
68038,9664371.49
68039,8768014.540000001
68040,16028544.88
68041,21350348.419999998
68042,70700326.29
68043,29662146.18
68044,9736847.03
68045,6373968.37
68046,6001533.47
68049,5526749.97
68050,8748229.26
68051,11990603.78
68052,3136419.2
68054,4469078.22
68055,7619269.35
68056,72928312.97
68057,3131555.56
68058,20472126.59
68059,18048952.66
68060,24045661.46
68061,11453679.91
68062,20238800.49
68063,136951669.85
68064,37194314.23
68065,9804738.91
68066,966690401.08
68067,4598518.87
68068,26470666.93
68069,14126203.879999999
68071,4089311.01
68072,13188610.94
68073,5370804.13
68074,11909905.31
68075,8689741.04
68076,5080130.13
68077,4062325.0700000003
68078,24064319.53
68079,2459374.5100000002
68080,4757151.58
68081,3876302.08
68082,87876252.03
68083,4875686.09
68084,11611813.4
68085,3077602.94
68086,2579462.52
68087,6987742.35
68088,7043898.59
68089,13375976.959999999
68090,15807139.66
68091,44973918.45
68092,6416812.9799999995
68093,9906434.379999999
68094,12243546.33
68095,9770247.97
68096,5287805.359999999
68097,15134489.94
68098,11122394.59
68099,5556290.83
68100,4494908.76
68101,7370795.68
68102,5392421.61
68103,5367944.68
68104,5291169.06
68105,3414399.15
68106,2852835.64
68107,4457366.55
68109,4552143.46
68110,8655185.77
68111,12574625.459999999
68112,123427318.83999999
68113,23042276.02
68114,2161682.4499999997
68115,15057194.6
68116,6621458.180000001
68117,11632656.719999999
68118,35411043.01
68119,5803527.88
68120,21111141.169999998
68121,8382592.17
68122,4433309.01
68123,8747954.56
68124,5580624.4
68125,5366792.17
68126,39213232.06
68127,6118615.090000001
68128,10758091.89
68129,17176523.24
68130,9366448.78
68131,2052987.1900000002
68132,10039524.97
68134,14825515.74
68135,71532542.99
68136,4706323.72
68137,5498178.64
68138,37539983.57
68139,12158770.92
68140,15187365.47
68141,19274333.75
68142,5278024.149999999
68143,20574251.21
68144,30470030.04
68145,36097261.52
68146,22772340.96
68147,9298299.89
68148,6454888.68
68149,136575727.66
68150,5834221.03
68151,8973162.63
68152,24483425.92
68153,5856024.51
68154,152197357.45
68155,33203300.060000002
68156,33283942.759999998
68157,13771032.08
68158,10359493.59
68159,9759430.6
68160,6603060.01
68161,6669160.32
68162,84720758.08
68163,54245012.79
68165,4734769.89
68166,91123969.86
68167,8448072.57
68168,4862969.28
68169,7618188.07
68170,7662247.38
68171,12021136.91
68172,24722085.090000004
68173,20374523.56
68174,13793309.38
68175,20950382.28
68176,3579245.4200000004
68177,13916245.72
68178,7013444.91
68179,9477398.52
68180,5934503.82
68181,7760709.59
68182,12162189.48
68183,3198723.88
68184,5107803.24
68185,27507711.76
68186,4773990.93
68187,4578658.51
68188,7982844.75
68189,7419710.91
68190,902287.35
68191,5622320.77
68192,5348995.81
68193,5574603.39
68194,4705953.42
68195,58437485.46
68196,3136197.71
68197,5843309.09
68198,5429360.24
68199,3361320.58
68200,6587237.04
68201,39909872.71
68202,3870659.1500000004
68203,13682552.14
68204,12752799.5
68205,9128706.209999999
68207,8643050.72
68208,7131765.23
68209,5801424.28
68210,4131879.2800000003
68211,4319356.42
68212,3921434.4299999997
68213,5153062.2
68214,4266741.25
68215,11883835.83
68216,8851944.23
68217,14462417.57
68218,22677220.970000003
68219,9837941.17
68221,7848023.3
68222,10213188.85
68223,10579542.290000001
68224,1350200694.6100001
68225,13001144.879999999
68226,51293716.35
68227,14617443.06
68228,2770685.84
68229,3400324.25
68230,8190426.4
68231,98698030.53
68232,10311239.49
68234,5276604.609999999
68235,10601599.1
68237,4862936.91
68238,16427095.030000001
68239,5700761.02
68240,15119262.53
68241,4714848.75
68242,14357655.81
68243,3400319.13
68244,4216513.39
68245,5224343.8100000005
68246,9694254.22
68247,13923555.59
68248,10450186.33
68249,32348916.89
68250,9334066.2
68251,11429082.37
68252,9600091.24
68253,56965536.93
68254,13012857.1
68255,15739869.940000001
68256,68320781.61
68257,11171625.08
68258,25297522.04
68259,7330252.48
68260,7570794.569999999
68261,3197035.0
68262,8562286.8
68263,7933428.7700000005
68264,6009890.15
68265,9563432.64
68266,21071903.84
68267,19058984.11
68268,9086359.59
68269,81151191.77
68270,34664411.4
68271,115266102.72
68273,11159775.42
68274,2890962.37
68275,5496284.62
68276,3474869.09
68277,28068542.47
68278,98373014.79
68279,7801150.88
68280,5862264.05
68281,4614782.08
68282,3152125.2
68283,9721128.29
68284,10835554.42
68285,4708616.68
68286,27298946.52
68287,46092877.55
68288,7593767.3100000005
68289,20443607.75
68290,6721460.94
68291,15570366.63
68292,23301376.28
68293,1411670.21
68294,17967528.36
68295,32886453.83
68296,13596392.979999999
68297,211082163.36
68298,48580838.11
68299,4495327.85
68300,98179010.53
68301,11793413.86
68302,7433751.78
68303,3439843.52
68304,11286261.43
68305,20929061.59
68306,6441305.6
68307,6559128.5
68308,3648213.28
68309,59431745.94
68311,4547590.38
68312,5337634.06
68313,7273236.51
68315,64851287.83
68316,7168845.63
68317,10589084.58
68318,53051945.0
68320,14222018.68
68321,35303409.91
68322,8297621.49
68323,5217141.399999999
68324,6160136.2
68325,8365912.06
68326,2411555.77
68327,5356539.89
68328,2893156.22
68329,12130070.72
68330,2705320.03
68331,22617186.28
68332,6446420.09
68333,7220197.79
68334,73290720.16
68335,5907963.99
68336,3816063.04
68337,5714624.89
68338,44103494.07
68340,7251420.46
68341,11998944.4
68342,14390432.110000001
68343,30918239.15
68344,5619443.36
68345,7604818.03
68347,9998234.86
68348,39118324.98
68349,54383124.5
68350,6518861.63
68351,13689760.61
68352,33033322.91
68353,6026482.98
68354,7969651.45
68355,22437386.42
68356,7758049.32
68357,3841425.9
68358,5021917.69
68359,15456399.1
68360,7321460.92
68361,3492809.86
68362,7616022.55
68363,8843973.46
68364,14761295.17
68365,32048189.01
68366,6400475.35
68367,8358634.9
68368,10095911.3
68370,5999698.66
68371,6069031.54
68372,13211957.37
68373,6231206.5
68374,70508846.58
68375,101362617.19
68376,152400769.68
68377,12379106.62
68378,4460595.09
68379,13186415.08
68380,7490886.09
68381,5818512.75
68382,5099105.18
68383,4165965.71
68384,21924628.08
68385,7974963.260000001
68386,11264855.52
69001,4485153.6899999995
69002,5283912.88
69003,17008731.56
69004,5335946.95
69005,6437513.04
69006,51991232.79
69007,35051283.22
69008,7269192.96
69009,75416721.74
69010,45928411.55
69012,6020222.63
69013,32521324.38
69014,11890442.07
69016,1700869.24
69017,6662519.23
69018,27188836.97
69019,98133466.89
69020,7476548.67
69021,23225033.580000002
69022,5237987.21
69023,12167103.8
69024,44344401.72
69026,4410268.35
69027,96493331.78
69028,31679795.59
69029,210559627.46
69030,10111524.65
69031,14100536.629999999
69032,12464860.95
69033,16049655.43
69034,190282893.29999998
69035,8938520.75
69036,5601957.09
69037,5962133.23
69038,11762173.200000001
69039,7388525.01
69040,41229930.55
69042,5622781.39
69043,73707486.65
69044,57193971.64
69045,9030338.48
69046,25697198.14
69047,8656501.99
69049,21697237.27
69050,17382217.83
69051,8515174.68
69052,40497495.83
69053,4281949.18
69054,4960117.44
69055,17532950.22
69056,12855766.91
69057,4642918.18
69058,6080960.92
69059,21625556.52
69060,7114522.03
69061,11056690.969999999
69062,10837073.28
69063,29675051.85
69064,39330297.29
69065,6008979.07
69066,53454781.61
69067,14437023.0
69068,14590258.98
69069,70562406.42
69070,11921202.379999999
69071,7103423.3
69072,88379173.92999999
69074,11805707.95
69075,2130392.29
69076,22891986.14
69077,7137894.46
69078,12145020.06
69080,18494385.98
69081,105180458.5
69082,2551486.65
69083,10291683.120000001
69084,18157527.82
69085,8832930.65
69086,19929802.1
69087,17853402.66
69088,34406230.52
69089,68300474.85
69090,5255814.78
69091,184595061.46
69092,50742922.07
69093,13087016.27
69094,36235315.86
69095,10472082.87
69096,67754073.76
69097,6848791.09
69098,4840764.61
69099,14650927.34
69100,60759605.11
69102,8604929.48
69103,9626042.16
69104,5107450.95
69105,7995769.22
69106,5671425.87
69107,14392116.57
69108,9937619.85
69109,7061157.4399999995
69110,21273753.02
69111,5503177.59
69112,44363820.57
69113,9883957.96
69115,27965439.57
69116,54188054.07
69117,34867380.99
69118,40287753.74
69119,10027801.07
69120,8181886.0
69121,26098521.990000002
69122,14366203.85
69123,3436289118.79
69124,4757001.76
69125,11733265.98
69126,5408317.77
69127,46274902.31
69130,4660709.85
69131,28981382.13
69132,10514176.870000001
69133,28162933.2
69134,3128281.03
69135,33209711.630000003
69136,27386255.99
69137,4607037.13
69138,4656564.53
69139,22136182.73
69140,15822593.39
69141,53800632.760000005
69142,26892051.95
69143,56555135.87
69145,10303994.99
69148,23723094.55
69149,128826004.87
69151,12888707.83
69152,75574916.11
69153,10084211.229999999
69154,20749496.31
69155,10713340.370000001
69156,22087974.74
69157,48030834.46
69159,33675232.24
69160,9256293.25
69161,8895004.69
69162,12336755.62
69163,38571975.12
69164,4292097.600000001
69165,8156989.35
69166,4314183.38
69167,5077250.399999999
69168,8946090.7
69169,5529467.32
69170,11065889.86
69171,17696418.83
69172,9140828.15
69173,10691560.03
69174,9078783.77
69175,19673845.259999998
69176,28668295.64
69177,15478048.53
69178,7616546.49
69179,32645167.009999998
69180,3017847.5700000003
69181,3251613.86
69182,6993335.87
69183,4961964.65
69184,9003247.92
69186,4179856.0
69187,7756738.04
69188,9047200.59
69189,28651826.11
69190,15481296.41
69191,39136244.05
69192,1877045.43
69193,9701271.809999999
69194,39296052.34
69196,4942238.78
69197,16533656.99
69198,6499468.55
69199,148406760.72
69200,16777064.53
69201,20132216.75
69202,103547021.71
69203,10965983.42
69204,138884637.47
69205,29002845.220000003
69206,40159054.74
69207,15722974.4
69208,15875030.42
69209,14520155.61
69212,4585356.19
69214,10763119.73
69215,7182132.52
69216,8680013.71
69217,7823161.2
69218,8920589.84
69219,24480504.18
69220,25802734.0
69225,11137536.33
69227,48461714.26
69228,26258309.83
69229,5912078.45
69230,3409717.75
69231,21646763.21
69233,6735891.83
69234,16836910.91
69235,17044190.990000002
69236,7260492.84
69238,42587715.54
69239,13783873.24
69240,7151594.359999999
69241,20896404.14
69242,6475155.13
69243,149908736.8
69244,108592855.47
69245,8080952.57
69246,10325025.44
69248,86333755.89
69249,24408094.58
69250,65579744.72
69252,5664507.07
69253,7440961.47
69254,11375842.26
69255,40786075.31
69256,368535213.23
69257,12318673.58
69258,4981503.09
69259,408317545.36
69260,29096486.92
69261,1877220.8099999998
69263,8396680.37
69264,315538282.15
69265,9264015.24
69266,802584553.03
69267,19598147.28
69268,44808227.02
69269,11076769.67
69270,75651698.13
69271,104286851.98
69272,32447064.349999998
69273,92821714.29
69275,142121169.14000002
69276,94918132.04
69277,169806063.77
69278,30389748.85
69279,36517854.72
69280,16512288.23
69281,21148530.97
69282,185046276.52
69283,75295487.35
69284,20386406.19
69285,38301103.09
69286,239292682.22
69287,49590409.08
69288,40738770.86
69289,68367246.52
69290,371829612.65999997
69291,51045622.89
69292,31082286.189999998
69293,11918155.780000001
69294,21145108.06
69295,11274748.120000001
69296,28486065.65
69297,33457320.03
69298,22282124.96
69299,60698527.0
70001,2307483.07
70002,1875420.44
70003,527381.28
70004,4306604.16
70005,885933.98
70006,10175791.67
70007,3523522.5300000003
70008,1378941.3900000001
70009,1798140.75
70010,1522537.52
70011,2881331.33
70012,4385495.17
70013,1010369.91
70014,5864156.89
70015,3405197.81
70016,2414019.2
70017,3524446.58
70018,2975529.5
70019,1593232.17
70020,2674625.79
70021,2642780.51
70022,2575625.2800000003
70023,1760067.43
70024,4025883.31
70025,2062671.18
70026,31118358.98
70027,821516.58
70028,2097077.1600000001
70029,2992456.21
70030,605470.2
70031,3798037.17
70032,343092.66
70035,1955902.06
70036,982920.21
70037,5121399.2
70038,4401880.34
70039,2996988.83
70040,1386579.49
70041,3328501.94
70042,1041110.16
70043,3166018.37
70044,3383250.39
70045,4554869.0200000005
70046,3234897.9899999998
70047,1119701.99
70048,1676091.41
70049,1643217.04
70050,714315.6699999999
70051,669056.15
70052,1522738.8
70053,745039.05
70054,2358303.69
70055,3680340.9899999998
70056,3108098.63
70057,1171753.0999999999
70058,5932635.62
70059,3888919.54
70060,2576677.3
70061,1287468.8399999999
70062,2256950.41
70063,1980420.1600000001
70064,2070350.33
70065,748156.24
70066,1394293.53
70067,1516615.23
70069,1257351.46
70070,580976.31
70071,1014756.15
70072,1205341.99
70074,2668980.9
70075,2178599.64
70076,3771799.43
70077,2257100.14
70078,1374619.96
70079,3499018.62
70080,2385456.98
70081,3093235.4099999997
70082,1679981.47
70083,5000090.32
70084,3831005.42
70085,7469127.31
70086,978617.33
70087,2512060.12
70088,1137340.8800000001
70089,1101932.49
70090,407946.5
70091,722809.02
70092,2458108.4699999997
70093,5621486.78
70094,3765046.68
70095,11603917.72
70096,3672714.3
70097,3416939.9099999997
70098,2824197.09
70099,1162229.34
70100,981418.79
70101,5267418.33
70102,2821947.48
70103,2142404.35
70104,6919741.33
70105,970536.54
70106,1222744.78
70107,3175756.78
70109,2665494.32
70111,2660627.91
70112,2455938.13
70113,1195735.19
70114,2318449.03
70115,2295448.34
70116,3628069.89
70117,7363277.06
70118,1861887.82
70119,3889763.72
70120,24203674.17
70121,7969902.21
70122,18392095.85
70124,978774.6699999999
70125,2097904.35
70126,1374723.26
70127,1113154.56
70128,1954264.4100000001
70129,2103701.93
70130,6158375.02
70132,6764367.51
70133,1772988.03
70134,3427623.64
70135,862634.39
70136,3618418.6999999997
70137,2574471.91
70138,1283814.1700000002
70140,806890.47
70141,1673762.25
70142,2228236.11
70143,2413761.62
70144,746060.34
70145,5152412.57
70146,1027667.96
70147,2487454.77
70148,542593.72
70149,6218653.19
70150,2734145.52
70151,705755.46
70152,2663694.25
70153,1459360.15
70154,4323773.390000001
70155,5856234.46
70156,1470655.69
70157,4019209.9299999997
70158,1117313.37
70159,993344.93
70160,4901502.47
70162,3276942.65
70163,3472678.59
70164,667663.97
70165,3524348.98
70166,1790254.92
70167,3184132.5
70168,6343386.23
70169,6232745.06
70170,1399135.87
70171,13695686.37
70172,1349973.67
70174,1719351.12
70175,2109484.79
70176,2944754.07
70177,5523227.13
70178,3792292.31
70179,1539440.81
70180,5044897.97
70181,1272681.5799999998
70182,1753764.61
70183,934734.5399999999
70184,4370009.19
70185,2432168.41
70186,1418481.7999999998
70187,1339694.68
70188,503769.77999999997
70189,2313956.58
70190,2082737.36
70192,1780334.98
70193,1645817.16
70194,2710511.16
70195,2337733.78
70196,2849098.01
70197,7168328.65
70198,16899287.91
70199,1766781.06
70200,884350.79
70201,1568891.89
70202,1846475.62
70203,884797.79
70204,1374084.04
70205,2151911.63
70206,3495952.11
70207,18394125.27
70208,3055133.31
70210,2134105.61
70211,929484.8099999999
70213,2568487.6999999997
70214,2453291.15
70215,1488910.58
70216,2616623.74
70217,2521007.37
70218,672729.96
70219,5903610.88
70220,3342397.41
70221,4254457.0
70222,1284634.64
70224,4045691.42
70225,1030457.8999999999
70226,2554644.01
70227,6931668.49
70228,9640117.69
70229,3531779.17
70230,1345407.88
70231,363565.45999999996
70232,1442799.24
70233,1642710.06
70234,3111864.29
70235,1971011.8599999999
70236,3360238.99
70237,1396627.58
70238,655784.67
70239,3529473.08
70240,9179816.69
70242,2794826.5
70243,5360084.25
70244,1904958.71
70245,32360787.340000004
70247,2565759.04
70248,11684255.69
70249,1931452.51
70250,7026815.960000001
70251,1977628.99
70252,2781299.7199999997
70253,2769320.76
70254,2057477.8800000001
70255,4121992.75
70256,5357874.28
70257,9233675.99
70258,8690612.19
70259,2214962.91
70260,4310782.33
70261,8531221.68
70262,1831753.7
70263,4173041.01
70264,778190.24
70265,1775347.1400000001
70267,3875041.8
70268,2530012.04
70269,222880.98
70271,3096767.6599999997
70272,2749739.11
70273,1173235.5999999999
70274,746705.45
70275,3055816.2
70276,873655.82
70277,2875211.33
70278,1643408.27
70279,66768485.71
70280,3082762.64
70282,14058387.29
70283,5608205.87
70284,2866916.3
70285,107661663.78
70286,1477379.99
70287,1393886.29
70288,1729055.01
70289,3178473.7
70290,3277801.22
70291,1859232.33
70292,18080113.11
70293,948513.21
70294,1326166.03
70295,3498723.65
70296,1630981.54
70297,777544.02
70298,1934152.37
70299,3219637.77
70301,718967.52
70302,1272044.27
70303,1844731.32
70304,1482275.0
70305,663015.14
70306,6885623.47
70307,1446647.62
70308,3628923.65
70309,3179985.48
70310,79716045.82
70311,75241217.27
70312,5951696.3
70313,3887804.39
70314,2091372.37
70315,3986178.22
70316,1306172.96
70317,1019116.7
70318,4520137.3100000005
70319,1383085.05
70320,1839730.06
70321,12890459.540000001
70322,4304975.2299999995
70323,4823088.52
70324,5652941.03
70325,3372020.0
70326,2403873.77
70327,1585219.63
70328,2099365.67
70329,1137312.33
70330,2425532.83
70331,3449321.46
70332,417109.62
70334,22806415.34
70335,1410673.31
70336,1453414.99
70337,2042551.78
70338,2919395.03
70339,15462477.17
70340,2325244.32
70341,4187680.15
70342,2354675.19
70343,3026803.3
70344,3216327.95
70347,2311327.1999999997
70348,7537846.050000001
70349,1666135.19
70350,1528046.85
70351,4720010.9799999995
70352,1924039.28
70353,6170390.0
70355,3606535.0
70356,3310326.02
70357,6244281.0
70358,2835815.9299999997
70359,598993.89
70360,1750921.76
70361,1356467.96
70362,3347894.99
70363,6084672.75
70364,2105489.79
70366,1075298.58
70367,1431123.3199999998
70368,2617221.42
70369,1392660.11
70371,2271849.61
70372,1858292.04
70373,5335717.11
70374,1406817.2
70376,3405390.85
70378,10528025.54
70380,1337187.74
70381,2911380.1500000004
70383,4806794.62
70384,1549586.35
70385,2292882.71
70386,767544.13
70387,11896292.66
70388,49323385.57
70389,611520.09
70390,5996237.82
70392,1241256.95
70393,4019543.57
70394,605604.85
70395,776929.1699999999
70396,655682.59
70397,1310817.61
70398,839214.02
70399,2464146.45
70400,2594497.75
70401,1490594.3599999999
70402,3466647.34
70403,1730819.75
70404,8575428.68
70405,2344792.41
70406,2245018.58
70407,2715585.07
70408,18078807.82
70409,1223127.53
70410,7121160.4799999995
70411,489065.67
70412,1107331.05
70413,14738539.540000001
70414,5053706.03
70415,6295948.149999999
70416,3017009.12
70417,1568478.74
70418,6066224.0
70419,1135179.29
70420,967414.03
70421,17953791.87
70422,1178366.0899999999
70423,3207335.16
70425,1556426.67
70426,2267562.21
70427,2500096.94
70428,17302125.830000002
70429,8832247.59
70430,1226544.61
70431,2622409.38
70432,3582875.23
70433,5804851.94
70435,10403607.86
70436,1238324.18
70437,253346.28
70438,3337985.98
70439,3008831.36
70440,612169.53
70441,3874556.02
70442,3294411.41
70443,1117857.71
70444,2382090.04
70445,1332052.98
70446,6858623.899999999
70447,23808858.62
70448,2115493.24
70449,1026340.95
70450,1297379.48
70451,20155607.4
70452,2381990.73
70453,2399994.05
70454,947963.22
70455,7626546.92
70456,2385241.98
70457,1675241.77
70459,5254695.78
70460,7584798.37
70461,1092146.46
70462,511698.94
70463,1136106.59
70464,6087980.27
70466,1367180.81
70467,22663872.6
70468,1289709.54
70469,2072601.9100000001
70470,1401877.92
70471,515348.44
70472,8916147.2
70473,10064282.66
70474,998766.37
70476,581080.92
70477,8143947.08
70478,9043940.15
70479,1507883.1400000001
70480,2108841.68
70481,2368455.18
70482,11480972.9
70483,1550907.97
70484,1072768.48
70485,3531857.6399999997
70486,1519355.5999999999
70487,2275948.89
70488,1882248.15
70489,13870787.77
70490,1165905.91
70491,6418883.78
70492,5865492.7700000005
70493,5349662.13
70494,3366337.6700000004
70496,831340.23
70498,4892351.37
70499,1523156.08
70500,2033306.96
70501,784561.86
70502,867994.75
70503,2447151.87
70504,3958572.77
70505,725136.85
70506,3859270.29
70507,2565584.77
70509,2159972.73
70510,3054383.34
70511,1431290.37
70512,1243589.12
70513,16070278.129999999
70514,7042371.12
70515,652892.33
70516,2444232.84
70517,1626668.6500000001
70518,1428620.5
70519,929480.65
70520,1512855.6
70521,2381720.73
70522,1331889.3399999999
70523,2101069.08
70524,1180135.83
70525,2124573.9699999997
70526,7172500.890000001
70527,1043471.6799999999
70528,4548034.7
70529,2166604.02
70530,1536917.09
70531,928978.25
70532,2549255.38
70533,1218415.05
70534,1664926.08
70535,1286488.3599999999
70536,1060750.37
70537,3024609.38
70538,1415714.75
70539,3397323.28
70540,1439430.6
70541,1980739.8599999999
70542,2622691.37
70544,1150216.76
70545,1687108.3800000001
70546,2346192.29
70547,2147551.34
70548,1415645.47
70549,837885.5
70550,159160202.66
70552,1581305.79
70553,1284324.89
70554,2220300.76
70555,3108102.72
70557,405482.92
70558,2254253.6
70559,2509195.19
70560,1793171.1600000001
70561,13807073.88
70562,903812.73
70563,3976599.39
70564,3511148.29
70565,1064203.82
70566,2764110.7
70567,2141741.94
70568,1036407.99
70569,1129777.85
70571,1078612.29
70572,4060978.88
70573,1756831.3699999999
70574,680483.96
70575,8916081.73
70576,1742625.24
70577,4596750.300000001
70578,1798520.82
70579,3856069.93
70580,1606624.16
70581,5966006.63
70582,1960572.95
70583,1272259.43
71001,3655632.85
71002,3987891.9
71003,7637377.640000001
71004,7909290.37
71005,2608282.5700000003
71006,1750395.05
71007,1668946.45
71008,1798000.24
71009,10257862.07
71010,4927972.609999999
71011,5066107.1899999995
71012,3730056.0
71013,1220663.93
71014,219596345.12
71015,6220455.21
71016,9151323.89
71017,886768.04
71018,3733770.87
71019,2680900.12
71020,1388595.87
71021,1536565.59
71022,6802184.21
71023,7333884.29
71024,3036055.92
71025,3180263.32
71026,2528926.98
71027,4300604.45
71028,1224865.32
71029,2076400.8000000003
71030,1776160.3099999998
71031,1332891.72
71032,4033835.17
71033,5893376.64
71034,3213610.8899999997
71035,1575134.91
71036,1816079.0499999998
71037,1704491.34
71038,3703093.17
71039,1733769.74
71040,31069362.44
71041,1013511.47
71042,3042585.1599999997
71043,875470.47
71044,3106158.6
71045,1859691.43
71046,1982093.42
71047,70353266.08
71048,2098760.29
71050,2231524.51
71051,2416488.29
71052,3936408.0
71054,2481150.97
71056,25446927.71
71057,1794074.37
71058,1730745.55
71059,19211035.310000002
71060,2683348.53
71061,2211277.69
71062,2625304.46
71063,7816429.94
71064,8071696.630000001
71065,2815224.69
71066,1092132.7
71067,1333466.48
71068,980110.5599999999
71069,3803651.04
71070,17568106.35
71071,3791985.34
71072,840774.85
71073,62504044.28
71074,6619299.26
71075,6994405.180000001
71076,530983131.84999996
71077,3132538.14
71078,1354001.3
71079,4296077.66
71080,755895.4
71081,22592126.61
71082,2531452.13
71084,5864161.42
71085,2774487.31
71086,3384270.24
71087,3597330.16
71088,2260989.39
71089,1866024.67
71090,25237390.96
71091,1526053.8599999999
71092,4576781.5600000005
71093,5727484.76
71094,1200556.52
71095,4217496.11
71096,1935239.22
71097,5403974.99
71098,2570422.23
71099,2060895.74
71100,1840135.29
71101,2551968.75
71102,5442198.59
71103,1713869.99
71104,1386549.9000000001
71105,48795657.37
71106,38125718.699999996
71107,2526579.61
71108,2022940.14
71109,2944679.81
71110,4012184.92
71111,2814462.59
71112,2878904.45
71113,1738541.8099999998
71115,989436.45
71116,2354724.11
71117,8564676.06
71118,57289500.519999996
71119,7680433.87
71120,34055636.79
71121,2705351.29
71122,3864622.6999999997
71123,5556004.960000001
71124,1870814.59
71125,1174412.75
71126,7132204.52
71127,1166556.35
71128,689321.0
71129,3403541.5799999996
71130,2045182.08
71131,7668913.13
71132,12535972.27
71133,29799991.099999998
71134,4632419.62
71135,5720486.54
71136,1662187.51
71137,56143558.589999996
71139,2778742.08
71140,680314.6
71141,2992185.28
71142,2326610.65
71143,3718435.88
71144,1239285.82
71145,6624553.45
71146,1759367.77
71147,1755011.44
71148,5931800.88
71149,12918849.82
71150,25485058.89
71151,655958.96
71152,3358663.9899999998
71153,153727283.37
71154,26641445.9
71155,6525235.489999999
71156,2237220.06
71157,22987212.93
71158,23044554.77
71159,1716187.8499999999
71160,2113345.04
71161,2526675.33
71162,5982753.029999999
71163,617754.72
71164,3060136.29
71165,3831503.5500000003
71166,2947090.96
71167,2968824.99
71168,1958840.88
71169,5173459.4
71170,13975244.61
71171,3549762.7399999998
71172,2207477.87
71173,2700176.44
71174,2205914.56
71175,2061470.22
71176,62277328.72
71177,5536543.409999999
71178,11284806.75
71179,1232040.61
71181,1533467.21
71182,17749087.650000002
71183,2477355.41
71184,2754656.0
71185,2030702.5799999998
71186,1152729.94
71187,10037566.81
71188,952632.59
71189,12367164.9
71190,27672103.95
71191,2779701.87
71192,16596450.07
71193,3247966.52
71194,4655930.8
71195,1903124.3
71196,4895449.59
71198,3980877.77
71199,1761906.96
71200,4648882.59
71201,1637470.6
71202,21747181.57
71203,510138.18
71204,16269215.75
71205,3078560.08
71206,2200702.21
71207,1837330.29
71208,1351863.77
71209,6229485.76
71210,4894281.92
71212,9085003.89
71213,4186757.64
71214,4303454.34
71215,19073017.58
71216,1325139.0
71217,1507125.1199999999
71218,4633031.64
71219,3112880.73
71220,6294406.8
71221,41599927.44
71222,3580346.82
71223,5431253.56
71224,1018717.36
71225,5600691.49
71226,415585.38
71227,7203769.07
71228,1152493.07
71229,2309891.84
71230,92730725.11
71231,5111783.07
71232,3015167.2199999997
71233,3496421.18
71234,2129414.7199999997
71235,14655101.58
71236,12010753.2
71237,3503640.68
71238,12286323.74
71239,11203967.84
71240,2934527.85
71241,5266075.19
71242,10939108.89
71243,3937234.58
71244,2437186.04
71245,1572287.05
71246,1910795.09
71247,2447703.02
71248,6085174.66
71249,9612387.8
71250,6576651.96
71251,3849585.35
71252,2058760.8399999999
71253,5676602.75
71254,1125674.0
71255,1719271.1199999999
71256,2834405.69
71257,4568283.45
71258,3072732.5300000003
71259,2838385.19
71261,4629268.48
71262,2340790.23
71263,67156044.86
71264,2331107.39
71266,4914081.88
71267,13466026.61
71268,1999844.5499999998
71269,9409112.78
71270,451728443.9
71271,1782146.4200000002
71272,2869876.36
71273,2493181.81
71274,1865720.39
71275,19116440.82
71276,1408612.81
71277,3650872.81
71278,1577892.6300000001
71279,8493638.26
71280,2423285.6599999997
71281,3111468.89
71282,5622584.58
71283,3381290.77
71284,1604702.27
71285,4788877.63
71286,2551832.31
71287,4282447.5
71289,15489379.239999998
71290,3507615.86
71291,9809707.81
71292,8260092.81
71293,3799658.0
71294,17074423.82
71295,10078059.01
71296,4433771.77
71297,5451118.52
71299,2181462.62
71300,5861034.65
71301,1623173.24
71302,2703732.98
71303,3825214.68
71305,7720470.01
71306,99910490.56
71307,2176676.04
71308,573407.62
71309,26682029.98
71310,33912887.2
71311,2353930.55
71312,1489992.14
71313,1694707.8
71314,2412243.02
71315,1245252.98
71316,2898995.04
71317,2354292.9
71318,11622189.2
71319,6677549.13
71320,3676895.9
71321,1515678.6700000002
71322,819117.2999999999
71323,1435094.14
71324,6863082.0600000005
71325,4328437.8
71326,2599414.58
71327,2651388.81
71328,3795370.0
71329,3588036.25
71330,6840610.47
71331,1099801.0
71332,3149567.25
71333,6745934.66
71334,2426035.8000000003
71335,928365.79
71336,16295063.8
71337,1999808.98
71338,1926582.05
71339,2833908.88
71340,11712158.53
71341,2253226.68
71342,105946472.87
71343,3374991.03
71344,899666.4099999999
71345,5873665.01
71346,7701497.2
71347,3904339.96
71348,2725203.84
71349,644302.1599999999
71350,11566218.77
71351,15857843.95
71352,787107.12
71353,4065259.57
71354,3901902.05
71355,2545802.05
71356,5595509.09
71357,1928909.71
71358,798818.09
71359,4374847.1
71360,14743159.39
71361,875438.1399999999
71362,1595916.88
71363,936702.22
71364,1516875.99
71365,2791482.4
71366,2918375.17
71367,3065955.71
71368,2745221.37
71369,3912552.9000000004
71370,4823083.68
71371,13747491.040000001
71372,17628075.65
71373,15045610.68
71374,1688063.64
71376,3235213.42
71377,1189728.63
71378,17366803.89
71379,15375946.98
71380,5860113.22
71381,2515544.5700000003
71382,4447534.2299999995
71383,7094974.96
71384,2812651.9499999997
71385,4655831.74
71386,952513.9400000001
71387,3450301.06
71388,3733890.65
71389,2662259.52
71390,5026588.64
71391,4285937.56
71392,5082111.11
71393,4708154.66
71394,6256035.73
71395,1840379.66
71396,3131107.3899999997
71397,2434702.41
71398,3597477.2
71399,6715590.160000001
71400,2222357.77
71401,7289319.7
71402,3583246.46
71403,2321136.15
71404,10773278.290000001
71405,1752357.2
71406,1896461.6400000001
71407,1850019.88
71408,2514898.23
71409,4175121.87
71410,5649600.38
71411,2230838.79
71412,5299852.28
71413,5540244.12
71414,4420411.79
71415,1417733.4
71416,6577757.279999999
71417,12018944.78
71419,18700627.990000002
71420,11899234.57
71421,966373.65
71422,1680366.6700000002
71423,2059992.31
71424,3252818.47
71425,2953951.31
71426,2931243.26
71427,928188.1000000001
71428,7689068.609999999
71430,2259876.0100000002
71431,2761292.39
71433,3970287.22
71434,3469054.37
71435,1613367.1099999999
71436,4682932.19
71437,3159752.36
71438,3194208.99
71439,3242337.97
71440,6992307.87
71441,3120423.78
71442,17168020.74
71443,10465217.450000001
71444,6359084.04
71445,71695786.22
71446,3016494.98
71447,2145211.17
71448,20160655.02
71449,726979.39
71450,2271235.58
71451,1233218.44
71452,1412856.15
71453,2337921.31
71454,2046554.28
71455,1597042.8
71456,11875417.469999999
71457,923650.5700000001
71458,792340.81
71459,2390469.7600000002
71460,4551577.44
71461,784109.63
71462,3473828.27
71463,5639210.72
71464,1482155.3800000001
71465,2845716.74
71466,665188.36
71468,4853310.3
71469,3830577.39
71470,3242956.57
71471,370665.48000000004
71472,2225694.66
71473,1807923.05
71474,1956688.8299999998
71475,49278127.46
71477,4281667.95
71478,1782631.38
71479,12390837.36
71480,5362968.89
71481,6771811.89
71482,6830663.34
71483,3362726.41
71484,6517183.76
71485,2409224.32
71486,40237200.010000005
71487,1953397.5999999999
71488,1226549.82
71489,4867410.22
71490,6050285.04
71491,6342653.350000001
71492,1424257.6
71493,2636176.13
71494,4007258.68
71495,8263346.37
71496,2046178.36
71497,20579821.98
71498,2255283.32
71499,26340963.130000003
71500,1297746.65
71501,1259589.1
71502,9299136.25
71503,679325.46
71504,1554949.83
71505,939897.75
71506,7940299.98
71507,1659703.52
71508,2497248.61
71509,4346845.13
71510,5081070.390000001
71512,26706202.68
71513,6302421.49
71514,2208268.27
71515,1844287.4300000002
71516,4688114.0
71517,1255570.97
71518,2879900.31
71519,2242862.5300000003
71520,16716032.85
71521,1202550.71
71522,12817830.61
71523,8279360.609999999
71524,2435667.15
71525,4431756.61
71526,4955745.18
71527,3550099.35
71528,9645302.02
71529,2166933.87
71530,5665577.49
71531,2370441.41
71532,1147433.22
71533,3154143.8
71534,1027003.3300000001
71535,3175208.95
71537,2128289.78
71538,2529544.16
71539,951476.17
71540,30258241.19
71541,2984053.25
71542,11679339.38
71543,57845820.98
71544,1272273.05
71545,10985213.68
71546,7621354.5600000005
71547,2504674.32
71548,1894591.79
71549,2362165.0
71550,6181456.45
71551,1155479.51
71552,4701601.37
71553,2169693.31
71554,1476374.82
71555,11881093.54
71556,6798107.77
71557,3542499.07
71558,9649907.91
71559,4433344.46
71561,2161190.63
71562,1200996.31
71563,1136833.38
71564,6129616.72
71565,4781754.96
71566,8554092.27
71567,4894946.37
71568,440947.21
71570,3305622.0700000003
71571,4267427.11
71572,1335709.86
71573,1800910.57
71574,5768709.16
71576,1970439.28
71577,997082.4299999999
71578,2371665.72
71579,934782.79
71580,3004137.29
71581,2777298.94
71582,6083814.420000001
71583,7540338.87
71584,12620115.73
71585,9991237.59
71586,2141999.41
71588,8098347.98
71589,3339456.83
71590,3261192.09
71591,3891508.0
72001,11293847.36
72002,1521229.9300000002
72003,69858026.47
72004,2576827.87
72005,7076831.62
72006,13900260.98
72007,4934582.46
72008,37987806.33
72009,2681001.0
72010,3644376.5300000003
72011,6398361.11
72012,3079059.69
72013,24066993.62
72015,1217616.14
72016,13729139.4
72017,1387572.79
72018,810053.6699999999
72019,2488646.31
72020,6340941.62
72021,3353981.81
72022,10504950.89
72023,20310232.009999998
72024,27999158.92
72025,11471706.78
72026,10899782.94
72027,2962123.69
72028,4303791.01
72029,28259655.51
72031,2438178.42
72032,1795436.12
72034,2277605.91
72035,38987136.54
72036,1580151.3
72037,598386.86
72038,4513833.96
72039,37535225.29
72040,1429363.05
72041,1670294.97
72042,23643237.26
72043,2792999.5300000003
72044,3050210.79
72045,4398273.27
72046,8917243.68
72047,10618466.27
72048,1824932.23
72049,2222198.57
72050,21708838.740000002
72051,24875022.29
72052,4854061.13
72053,8182459.16
72054,31436128.28
72056,12624731.450000001
72057,398086.72000000003
72058,34377327.62
72059,7243262.18
72060,1521712.81
72061,8379659.32
72062,7182963.46
72064,6689352.55
72065,25074649.630000003
72066,1757607.89
72067,4593126.7
72068,19938370.59
72070,2206831.94
72071,73803723.1
72072,1165873.36
72073,6924831.28
72074,2171531.4
72075,6066543.04
72076,2033204.09
72077,4694350.42
72078,2044568.29
72079,1969511.7
72080,32837860.78
72083,2027800.9799999997
72084,7605756.56
72085,2745963.2800000003
72086,1561531.0499999998
72087,3817034.76
72088,2153100.94
72089,14158413.850000001
72090,37033311.53
72091,926633.94
72093,4531255.17
72094,5063538.09
72095,53692008.190000005
72096,11091148.15
72098,3475832.42
72099,2696598.13
72100,1914041.62
72101,2970606.4
72102,573094.78
72103,5752796.91
72104,3535208.23
72105,3459291.2800000003
72106,4246134.7
72107,2148987.08
72109,4385099.82
72110,7123442.44
72111,3600034.88
72112,3259550.19
72113,5015160.99
72114,1738961.85
72115,7142117.18
72118,11057800.59
72119,7390173.48
72120,1532711.44
72121,3429702.42
72122,5363120.72
72123,645109.5700000001
72124,49761169.5
72125,2672464.6799999997
72126,1296917.34
72127,11953779.049999999
72128,5480259.54
72129,3635586.21
72130,4847748.36
72131,3394134.21
72132,103943539.69
72133,7668915.29
72134,4354691.42
72135,2626208.57
72136,2572971.58
72137,24136970.02
72138,34933425.52
72139,5905927.4
72141,5032212.62
72142,1227120.3900000001
72143,16175194.860000001
72144,3179311.34
72145,3154142.08
72146,14269873.78
72147,5385481.2
72148,595944.1799999999
72149,4821461.86
72150,9573256.18
72151,7507773.78
72152,2400127.81
72153,4353705.58
72154,146901806.07
72155,16976486.169999998
72156,7428908.550000001
72157,4209492.95
72158,6931698.54
72160,3282623.3
72161,4664928.07
72163,3018047.21
72164,633344.9800000001
72165,10788442.969999999
72166,1389679.31
72167,4258027.77
72168,27937365.56
72169,9611314.290000001
72170,1457608.56
72171,651770.65
72172,6782483.0
72173,8902436.56
72174,1013096.72
72175,13334181.71
72176,53957131.66
72177,4003125.12
72178,1210156.48
72179,22614711.45
72180,48276381.85
72181,863081743.64
72182,17061332.94
72183,11058146.27
72184,2614519.89
72185,5382357.4399999995
72186,8225191.95
72187,11094246.33
72188,698918.64
72189,28620002.97
72190,2849123.94
72191,30718743.46
72192,819367.3899999999
72193,4345974.9799999995
72194,2588011.68
72195,12900725.06
72196,3412227.37
72197,3559653.59
72198,21971611.9
72199,1201312.3
72200,29089489.63
72201,1929451.6300000001
72202,1580827.46
72204,5178023.63
72205,10913706.43
72208,6149208.9399999995
72209,1730391.76
72210,2343754.77
72211,6386425.0
72212,6309639.4
72213,30132974.81
72214,78947.33
72215,9031608.6
72216,4161809.21
72217,23087079.34
72218,1367830.34
72219,5183938.88
72220,5642049.22
72221,3130469.45
72222,2051552.49
72223,24706225.91
72224,2456870.13
72225,5319213.97
72226,7495217.1
72227,224787.14
72228,12567991.84
72229,2641712.22
72230,6486663.55
72231,41206978.35
72232,3162211.74
72233,603315.09
72234,2992371.46
72235,3222535.89
72236,1353970.43
72237,2679564.14
72238,489260.12
72239,4192398.07
72241,20530414.73
72243,10105743.17
72244,18747511.21
72245,4215766.03
72246,1734424.22
72247,8375580.01
72248,5760197.42
72249,4250351.29
72250,1633824.64
72251,2983458.79
72252,7292388.32
72253,19406514.45
72254,2009655.2
72255,6014832.74
72256,4553579.42
72257,14564901.93
72259,2966378.92
72260,28747962.45
72261,2966212.59
72262,19779441.42
72264,151080742.81
72265,1238011.74
72266,4339857.2
72267,7486624.58
72268,4636234.51
72269,38228653.15
72270,1154695.28
72271,2854368.2399999998
72272,2464662.41
72273,1855256.69
72274,4477153.350000001
72275,7794561.74
72276,21572281.39
72277,1572948.3800000001
72278,9013195.950000001
72279,1534112.25
72280,12193169.25
72281,3182715.4
72282,3952492.13
72283,4232440.45
72286,3334161.29
72287,7573545.49
72289,12033776.57
72290,7957918.88
72291,6725364.5
72292,1631146.08
72293,3870307.2
72294,5300578.22
72295,4183383.6599999997
72296,5194365.52
72297,2867888.0300000003
72298,2186329.31
72299,15589335.13
72300,20496223.169999998
72302,1704880.95
72303,4675721.8
72305,5576726.83
72306,6686914.78
72307,2075205.03
72308,12351244.84
72309,2712632.67
72310,11293762.1
72311,2890242.62
72312,2709689.3499999996
72313,1529351.62
72314,2883324.33
72315,8710766.9
72316,5154192.4
72317,4248093.05
72319,2861429.83
72320,25611855.21
72321,3696438.7800000003
72322,1512128.97
72323,1688301.0
72324,3423794.35
72325,7426494.99
72326,1491734.7999999998
72327,4224015.8
72328,17869060.15
72329,29194397.84
72330,3833289.5300000003
72331,7071747.92
72332,5211616.67
72333,3442211.4499999997
72334,38818538.9
72335,4708849.5600000005
72336,10069112.4
72337,7210328.5600000005
72338,2636789.71
72339,4627275.350000001
72340,6274375.96
72341,4251498.87
72342,1223293.96
72343,3438448.0300000003
72344,32393121.490000002
72345,1096497.26
72346,58794625.83
72347,1923842.2200000002
72348,735230.98
72349,2468045.35
72350,21156210.97
72351,9071543.74
72352,605024.97
72353,1856147.25
72354,1024361.44
72355,853811.98
72356,2692952.06
72357,4044797.7600000002
72358,13113284.31
72359,6936064.9399999995
72360,11616254.209999999
72361,3211106.24
72362,1022099.9400000001
72363,14331740.870000001
72364,15719911.450000001
72366,3196117.32
72367,4600324.5600000005
72368,3512504.4499999997
72369,4261340.15
72370,2801324.31
72372,607873.89
72373,37969564.43
72374,2612902.75
72375,3494434.08
72376,5130246.390000001
72377,5675468.59
72378,9253719.42
72379,2130503.9
72380,6743808.19
72381,9323885.46
72382,4323133.83
72383,874911.34
72385,9550007.77
72386,19529755.11
73001,3836370.79
73003,63967635.92
73004,37750727.22
73005,5534336.399999999
73006,109875586.33
73007,15180424.850000001
73008,368817348.26
73010,76582143.36
73011,233351188.99
73012,4989479.21
73013,36458439.68
73014,3349075.86
73015,284860213.69
73017,7889298.3
73018,6924491.010000001
73019,14439924.65
73020,5718793.18
73021,12819868.27
73022,8414003.55
73023,35593496.43
73024,49824581.12
73025,6018736.19
73026,25437197.86
73027,4076843.45
73028,6672284.6899999995
73029,33361493.07
73030,33576172.28
73031,37531939.97
73032,37690918.32
73033,5483047.74
73034,74398228.04
73036,14338422.23
73039,5584946.71
73040,26119329.74
73041,3564309.5
73042,3839083.7600000002
73043,23239433.94
73047,14315360.28
73048,3975440.77
73049,4762665.9399999995
73050,4860120.149999999
73051,49248845.25
73052,4498039.45
73053,10265198.56
73054,275325602.92
73055,33994678.68
73057,73562474.09
73058,14864970.459999999
73059,21928096.28
73061,6507979.789999999
73063,10671745.16
73064,55709439.79
73065,722578735.14
73067,21400435.74
73068,5976302.71
73069,10363580.24
73070,9292914.82
73071,37933148.0
73072,3256081.9
73073,13165110.41
73074,6192405.09
73075,5175775.9
73076,3010186.6
73077,5095238.89
73078,2462427.42
73079,8732135.59
73081,14500508.31
73082,5613540.72
73083,6367233.46
73084,11794492.26
73085,14466498.67
73086,4625577.34
73087,59538338.39
73088,19833861.97
73089,8887612.94
73090,6646944.11
73091,4530085.51
73092,3790366.43
73094,33762816.32
73095,4597166.46
73096,9682091.58
73097,5673623.19
73098,20145534.56
73099,4998301.62
73100,17510704.61
73101,4313967.87
73103,39739803.8
73104,9368221.18
73105,13024700.4
73106,6079702.95
73107,14964237.93
73109,17261877.91
73110,11142755.72
73113,5195793.31
73114,19634598.33
73116,34871215.38
73117,13192206.34
73119,7368866.52
73120,7833812.18
73121,30041844.03
73122,3288961.79
73123,20543844.82
73124,35217046.81
73128,47443491.75
73129,15390183.81
73130,20394927.69
73131,7256431.109999999
73132,51813696.339999996
73133,4089832.3899999997
73135,38463085.300000004
73137,25152253.56
73138,11302080.69
73139,5739516.38
73140,4852560.89
73141,8005972.74
73142,18233090.259999998
73145,4220599.82
73146,19171036.24
73147,2647220.2399999998
73149,5957837.37
73150,210767147.08
73151,36907827.29
73152,2157990.29
73153,16153165.05
73154,24535269.580000002
73155,15907361.450000001
73156,3758965.51
73157,71733405.49
73159,5839994.069999999
73160,14932706.98
73161,10524473.14
73162,12022520.83
73164,9841981.17
73166,4196089.17
73168,6552690.26
73170,5241302.26
73171,74203877.47
73173,29668175.47
73175,9969749.93
73176,58217327.64
73177,4563282.42
73178,7075557.600000001
73179,116502389.55
73180,12579946.65
73181,59349341.49
73182,16981193.99
73183,7765813.15
73184,5305857.35
73186,30041282.78
73187,85532715.59
73188,12278060.48
73189,4407140.53
73190,6456726.65
73191,21633677.990000002
73192,4533442.11
73193,2685403.28
73194,63104677.13
73196,6515590.09
73197,34110770.11
73200,5120024.21
73201,12974825.09
73202,4231834.34
73204,21145489.57
73205,3061974.92
73206,68008632.72
73207,7086153.97
73208,13427442.58
73210,3960880.0
73211,21169782.01
73212,26474886.92
73213,77597417.13
73214,3399141.68
73215,68104144.91
73216,7685111.27
73217,3645903.61
73218,12318254.59
73219,3963645.7
73220,7719694.47
73221,8988685.209999999
73222,55495764.21
73223,15865705.71
73224,11097670.54
73225,20957517.76
73226,11235294.23
73227,452359300.47
73228,7080580.88
73229,7584036.04
73230,39459532.76
73231,12965607.17
73232,30095356.459999997
73233,2599736.08
73234,5082080.09
73235,54651946.24
73236,36099709.03
73237,7718534.58
73240,15327695.879999999
73241,20872295.97
73242,22191352.380000003
73243,16266724.63
73245,8830651.57
73246,3434620.66
73247,12432875.49
73248,157636841.46
73249,14467424.93
73250,28480076.560000002
73252,10227045.2
73253,23836826.07
73254,2486646.1
73255,17109597.13
73256,5681401.84
73257,370692615.10999995
73258,24025529.8
73259,10440203.870000001
73261,101727323.43
73262,14100699.870000001
73263,15086571.57
73265,7150937.75
73267,5589705.59
73268,9531447.26
73269,6648200.53
73270,40110009.09
73271,3049807.94
73272,5402003.3
73273,6304589.15
73274,15106694.07
73275,6456164.73
73276,5263668.13
73277,3581804.88
73278,21652747.87
73280,15883902.05
73281,6571581.92
73282,11510483.83
73283,6308542.4799999995
73284,19840231.52
73285,35864002.16
73286,20461422.28
73288,11322539.87
73289,4817295.7299999995
73290,151594766.21
73292,4223436.05
73293,4514168.84
73294,4602432.06
73296,252740940.2
73297,12248913.23
73298,10636569.86
73299,2954000.19
73300,12275731.08
73301,7509581.53
73302,2801688.33
73303,177633475.64000002
73304,161607475.24
73306,75457572.64
73307,58425137.72
73308,15689112.750000002
73309,3402784.36
73310,3896450.85
73311,2695622.49
73312,9913065.23
73313,4132212.62
73314,3844117.5100000002
73315,4885438.4399999995
73316,4282189.73
73317,22687336.1
73318,29964052.38
73320,25308075.33
73322,13242645.31
73323,27953814.419999998
73324,3035318.25
73326,19302237.7
73327,5118336.55
73328,13372216.14
73329,35275806.68
73330,28855203.08
74001,25270549.01
74002,49611279.67
74003,18544572.669999998
74004,4866769.06
74005,34598968.55
74006,23358313.58
74007,27866031.61
74008,54317612.85
74009,10492853.85
74010,1502025444.5900002
74012,352648499.47
74013,41141901.69
74014,85215807.10000001
74015,13562648.51
74016,32919365.5
74018,17749887.38
74019,60723238.730000004
74020,9742806.02
74021,19082748.39
74024,24798199.77
74025,16788356.53
74026,56887627.06
74027,4298679.38
74029,5612529.41
74030,5716267.64
74031,23583264.810000002
74032,24231079.6
74033,14214716.46
74034,7943763.68
74035,6191510.44
74036,7867143.08
74037,34769265.32
74038,21727030.23
74040,37114183.35
74041,6305909.62
74042,206324901.48000002
74043,71872827.27
74044,16469567.16
74045,6233355.02
74046,6242643.17
74048,19470449.26
74049,7088216.27
74050,7957083.78
74051,8358919.24
74052,9753725.32
74053,15023801.01
74054,6791814.26
74055,7414900.64
74056,407620522.49
74057,11262896.56
74058,29951780.15
74059,4257511.94
74060,2600532.67
74061,7346819.57
74062,16144446.36
74063,71449669.05
74064,12409962.89
74065,8829591.67
74066,3816617.11
74067,41791966.72
74068,7326124.58
74069,9065690.06
74070,35361879.15
74071,3390575.97
74072,2664964.9000000004
74073,13785830.870000001
74074,5526640.24
74075,16892926.25
74076,17320278.65
74077,10336154.5
74078,4424177.74
74079,11011635.17
74080,98008227.47
74081,202177671.19
74082,44976624.019999996
74083,70634643.3
74085,49432635.51
74086,8860315.4
74087,32692619.48
74088,12301713.610000001
74089,25055734.73
74090,24562528.23
74091,5274083.59
74094,67582715.99
74095,2781915.4699999997
74096,44484185.6
74097,16222641.32
74098,8232289.7
74099,24324556.91
74100,9115493.39
74101,7321566.45
74102,13284148.92
74103,21878749.68
74104,28540904.82
74105,76071617.71
74106,7731825.61
74107,2350856.45
74108,12522201.67
74109,16762094.18
74111,4529377.65
74112,141521684.27
74114,4651645.11
74116,19141501.98
74117,9117763.85
74118,25699971.82
74119,238854202.55
74121,16337824.51
74122,7711020.95
74123,92684495.47
74124,22141566.05
74126,11620886.34
74127,17673779.33
74128,50008310.4
74129,5095232.61
74130,10654966.620000001
74131,29091696.47
74133,98340701.38
74134,145975075.09
74135,6702244.76
74136,117982567.81
74137,41025083.11
74138,13248309.64
74139,12186034.68
74140,17798430.81
74141,8257017.61
74142,8892883.05
74143,77115505.45
74144,11214965.07
74145,9158530.89
74146,13638152.21
74147,12670748.25
74148,5630549.329999999
74150,20037628.44
74151,6739375.97
74152,19026938.5
74153,26855868.57
74154,22617096.04
74155,11684359.96
74156,7044046.91
74157,12025813.11
74158,12029560.42
74159,56826314.71
74160,23019846.16
74161,15903460.24
74162,10103105.17
74163,26035506.52
74164,78902026.8
74165,17533127.54
74166,21735354.49
74167,15629621.95
74168,11989592.68
74169,94775605.65
74170,13336505.51
74171,18326407.990000002
74172,17835911.56
74173,224080223.26
74174,11818772.89
74175,5313635.81
74176,28475542.07
74177,14307856.96
74178,5376582.2
74179,10263205.17
74180,26549091.939999998
74183,42747267.19
74184,15012921.76
74185,31068664.95
74186,9998146.1
74188,25213411.740000002
74189,19493377.63
74190,36416005.800000004
74191,176208626.64
74192,12988813.71
74193,16745173.069999998
74194,5449789.97
74195,10117666.040000001
74196,8614904.93
74197,18569796.42
74198,12684071.19
74199,7196267.2
74200,38285545.15
74201,36219105.88
74202,8152267.2
74203,3403615.7199999997
74205,18848622.82
74206,8712437.31
74208,147885732.86
74209,15129741.39
74210,28380639.84
74211,36372096.33
74212,34507861.99
74213,103324506.86
74215,44460559.1
74216,12192480.26
74218,139778405.95
74219,11383002.53
74220,87532891.56
74221,7859767.87
74222,5090661.46
74223,6611008.7
74224,111287265.78
74225,213843245.11
74226,10979681.790000001
74228,5199283.2
74229,32976598.92
74231,6553976.25
74232,6713613.31
74233,18007048.81
74234,12087453.42
74235,6740545.04
74236,190006106.31
74237,21158113.6
74238,26512087.5
74239,28102449.58
74240,16236123.34
74241,40471619.31
74242,92616210.35
74243,164317826.24
74244,9489381.72
74249,23188085.54
74250,77310200.47
74252,11290984.81
74253,10902398.27
74254,4302092.45
74255,16331297.18
74256,244063753.70999998
74257,8571062.379999999
74258,97823678.21
74259,5534999.28
74260,8757259.53
74261,9531197.82
74262,15944256.65
74263,45438036.82
74264,93992717.94
74265,7687014.28
74266,13079812.43
74267,48123795.839999996
74269,40521891.24
74271,8947935.69
74272,49048150.45
74273,31474531.99
74275,41383818.25
74276,60119735.66
74278,121156098.62
74279,14592457.37
74280,68818129.25
74281,438167101.49
74282,94799773.14
74283,10433188.73
74284,15112770.59
74285,5088429.18
74286,14305365.03
74287,10461232.879999999
74288,40597447.6
74289,29058827.29
74290,22822915.98
74291,3609864.51
74292,8608884.26
74293,52660173.14
74294,14722736.43
74295,5827002.06
74296,11124957.48
74297,4764050.91
74298,80452167.81
74299,45694701.44
74301,10667884.84
74302,9482752.96
74303,32529629.11
74304,9030231.06
74305,102044910.08000001
74306,7203652.0600000005
74307,7824692.29
74308,10046345.19
74309,50043895.14
74310,8831845.45
74311,74418991.78
74312,35704931.3
74313,7744098.22
74314,24607768.88
74315,13475528.07
76001,16660448.92
76002,5060458.37
76004,5251105.57
76005,20691816.66
76006,1220799.08
76007,4519621.62
76008,4921179.47
76009,1733725.61
76010,3329107.25
76011,3127684.31
76012,1325932.02
76013,4635708.680000001
76014,10517673.93
76015,4007909.08
76016,1191013.22
76017,5493524.35
76018,8988350.42
76019,2764649.51
76020,8687352.41
76021,2627384.88
76022,2376710.53
76023,1745299.1099999999
76024,1295541.29
76025,3371280.06
76026,21327921.75
76028,1061194.47
76029,1592349.37
76030,3508734.07
76032,2492332.52
76033,2688615.4
76034,19481960.41
76035,19286627.99
76036,4572697.25
76038,2340113.74
76039,10371576.5
76040,3321034.68
76041,11077046.35
76042,1031638.9
76043,6407666.29
76045,2643428.97
76046,3169349.7399999998
76047,1349960.3900000001
76048,2598565.12
76049,1772792.07
76050,5201048.54
76051,12796431.68
76052,1497659.7899999998
76053,1458200.19
76054,2929526.21
76055,2228373.56
76056,4686242.08
76057,133617971.81
76058,1568628.85
76059,1622132.49
76060,2249588.63
76062,1048255.1799999999
76063,2421130.21
76064,2766783.08
76065,2393493.79
76066,1993908.01
76067,3279187.11
76068,4622245.86
76069,18738784.63
76070,4809054.0200000005
76071,2573159.16
76072,1824292.82
76074,951138.17
76075,2428023.48
76076,2148355.11
76077,1722039.0
76079,1670798.8699999999
76082,3375886.94
76083,1895113.3900000001
76084,1939891.45
76085,2355639.81
76086,4404921.18
76087,3818125.3800000004
76088,3055440.94
76090,6681679.42
76091,1502761.5699999998
76092,3985868.5100000002
76093,2270535.6
76094,2404203.69
76095,31652547.470000003
76096,5421758.17
76097,925001.5700000001
76099,7304867.54
76100,9524280.89
76101,29908921.09
76103,44635214.03
76104,2476413.37
76105,5441955.63
76106,2191507.58
76107,1881086.44
76108,56680256.199999996
76109,1565050.33
76110,6447288.29
76111,1545421.71
76112,2441717.25
76113,2022180.6999999997
76114,136820479.15
76115,3410064.81
76116,28998871.580000002
76117,4220680.2700000005
76118,1755059.32
76119,845223.66
76120,2256956.74
76121,2080205.73
76122,5302743.02
76123,4955767.53
76124,2319249.4099999997
76125,11830218.19
76126,2254334.72
76128,5439926.43
76129,2435864.7600000002
76130,2249377.23
76131,4930440.27
76132,2176301.14
76133,5614218.15
76134,2714834.94
76135,6561438.57
76136,7614085.41
76138,2163507.73
76139,1412236.82
76140,2814116.45
76141,10568431.17
76142,2612064.11
76143,16694464.59
76144,940229.7799999999
76146,19384368.79
76147,4898582.24
76148,2798864.54
76149,1925166.35
76151,3413766.4699999997
76152,3980117.52
76153,1930593.2400000002
76154,3383141.6
76155,1922545.67
76156,2584818.25
76157,101051537.25999999
76158,2114157.05
76159,46547624.980000004
76160,1695107.88
76161,1514350.22
76162,1192728.1
76163,3816400.29
76164,69901574.62
76165,51943668.46
76166,4623763.85
76167,12028151.19
76168,689051.72
76169,9346524.38
76170,1250373.55
76171,1003978.82
76172,1192497.71
76173,3471025.59
76174,2889119.84
76175,1617170.32
76176,2790084.09
76177,2144540.65
76178,62106746.92
76179,16728799.79
76180,1498854.0299999998
76181,1684345.74
76182,1403639.6099999999
76183,9111799.370000001
76184,1104250.63
76185,3197542.88
76186,2913306.86
76187,1543033.3900000001
76188,2852774.05
76189,1438822.3900000001
76190,1561898.01
76192,30013091.24
76193,1730257.14
76194,4056616.42
76195,1109206.21
76196,25233046.25
76197,1921358.43
76198,3511513.12
76199,4823001.39
76200,2936485.41
76201,3872343.69
76202,1419672.96
76203,4886151.4
76204,1493460.1199999999
76205,1652934.92
76206,2769551.86
76207,1532452.71
76208,3101634.33
76209,3909797.88
76210,2544779.13
76211,1942214.19
76212,61549344.95
76213,2735851.31
76214,2252166.5
76216,75852634.05
76217,349837285.46
76218,1295755.8800000001
76219,19254767.34
76220,3346852.9499999997
76221,3665559.6799999997
76222,21437779.919999998
76223,4116981.4
76224,6339336.06
76225,5309084.96
76226,1194015.05
76227,2173536.9699999997
76228,2722305.1
76229,2606531.17
76230,1855194.5999999999
76231,143979816.87
76232,4055379.15
76233,931448.77
76234,5609043.970000001
76235,26253541.32
76236,3171604.3899999997
76237,2750356.39
76238,22340106.17
76239,4963704.06
76240,6146100.78
76241,1566939.7
76242,2387629.89
76243,2579670.25
76244,1960122.3399999999
76245,12104510.56
76247,2633649.8
76249,3560441.22
76250,5936044.01
76251,3088223.94
76252,9220980.959999999
76253,6393432.9
76254,28319182.77
76255,68960810.9
76257,1707801.9000000001
76258,29053596.99
76259,177976042.54
76260,17115513.76
76261,4184383.92
76262,2093886.19
76263,14042534.9
76264,2816356.95
76265,1535396.3
76266,4073529.3400000003
76268,2143603.8400000003
76269,1216783.45
76270,21950609.34
76271,16449029.81
76272,10507520.52
76273,2260280.2399999998
76274,628102.49
76275,12379517.29
76276,63234230.26
76278,6971074.2299999995
76279,2175053.23
76280,670202.07
76281,16593352.29
76282,4962771.6
76283,1174142.22
76284,944432.41
76285,2302809.09
76286,7505553.87
76287,6377690.33
76288,1563814.64
76289,13987184.16
76290,4984788.94
76291,7276757.41
76292,1080388.9
76293,1554604.44
76294,4021232.06
76295,11254960.22
76296,20493861.32
76297,2239127.2
76298,2996346.22
76299,2457922.64
76300,2562964.68
76302,27093821.69
76303,4929274.9
76304,3089536.77
76305,321089997.65
76306,1288375.13
76307,12925356.77
76308,1966482.7
76309,1737491.26
76311,4246586.37
76312,66789994.980000004
76313,2168354.44
76314,3272616.97
76315,8886812.88
76316,2612805.03
76317,2123334.2199999997
76318,3977831.38
76319,74964760.03
76320,2080561.2500000002
76321,20206697.2
76322,279690552.39
76323,933174.34
76324,7035843.99
76325,3863524.27
76327,2437294.06
76328,2545263.47
76329,28763663.67
76330,3670654.7199999997
76331,6303750.0200000005
76332,4085109.06
76333,5249131.3100000005
76334,3138169.06
76335,910516.54
76336,3028718.3200000003
76338,1458149.77
76339,2133319.39
76340,3982174.76
76341,69481179.4
76342,4611176.29
76343,2181246.9499999997
76344,2970530.2199999997
76345,2491430.49
76346,3124391.0500000003
76347,1957671.58
76348,3881279.6599999997
76349,23708619.82
76350,2800817.75
76351,1394289087.32
76352,885047.73
76353,1537430.22
76354,6170368.1
76355,8538710.02
76356,1227646.52
76357,2896521.02
76358,1985276.5999999999
76359,985479.2799999999
76360,2274381.9299999997
76361,6547302.68
76362,2012634.17
76363,4080050.08
76364,2257617.34
76365,1456062.03
76366,27572953.2
76367,12599816.05
76368,1948442.79
76369,5285947.7
76370,1764321.06
76371,965671.64
76372,2096035.67
76373,1851535.65
76374,10933697.440000001
76375,3442542.82
76377,16125183.2
76378,6980476.82
76379,1412843.75
76380,1905699.2599999998
76381,1336001.09
76382,6444998.35
76383,966423.51
76384,121272842.02
76385,8089992.0200000005
76386,2208508.57
76387,2126248.81
76388,3245855.34
76389,1124037.17
76390,6195499.44
76391,17442363.849999998
76392,11256036.86
76393,697778.77
76394,6829639.02
76395,6014476.66
76396,1682765.88
76397,12273259.25
76398,4596870.04
76399,2054910.93
76400,19496844.46
76401,16015819.92
76402,33280555.39
76403,2154403.2399999998
76404,13552449.67
76405,668390.7000000001
76406,4757271.34
76407,2397657.93
76408,4581830.5
76409,5818752.4799999995
76410,76914552.97
76411,1444794.82
76412,4245571.9399999995
76413,4213295.1899999995
76414,20088078.95
76415,2283485.37
76416,987114.37
76417,1782066.22
76418,5273926.79
76419,1278576.65
76420,2891761.29
76421,4949413.77
76422,1931163.31
76423,1618458.36
76424,1661834.35
76425,2699197.91
76426,937288.6
76427,9872816.75
76428,531194.4199999999
76429,44023172.76
76430,862453.42
76431,791635.36
76432,1898642.34
76433,3693565.0100000002
76434,3837964.76
76435,3517881.26
76436,3365449.19
76437,4181327.17
76438,1248125.53
76439,1494161.88
76440,1016084.89
76441,3573253.77
76442,2920244.1199999996
76443,4669157.04
76445,3269026.79
76446,9219559.84
76447,115014817.92
76448,10486091.82
76449,1627074.65
76450,2138655.67
76451,107391403.98
76452,32353257.580000002
76453,3436777.95
76454,949323.23
76455,1628700.2
76456,7688220.79
76457,4694440.1
76458,731453.62
76459,2588569.91
76460,2581751.0
76461,1905398.7300000002
76462,54269588.74
76463,5027397.56
76464,11823714.0
76465,4405067.46
76467,10456818.01
76468,7132600.6899999995
76469,2509279.73
76470,3620447.71
76471,7107123.76
76472,2969426.63
76473,4497400.1
76474,28692599.27
76475,46976613.6
76476,231028939.34
76477,1323702.23
76478,876175.15
76479,2066920.73
76480,6150892.62
76481,48500443.51
76482,32668922.44
76483,1962645.0999999999
76484,97945551.55
76485,1836988.52
76486,5775321.81
76487,2376459.39
76488,5829713.16
76489,8596288.53
76490,10441518.13
76491,2512177.89
76492,5655680.18
76493,44841104.45
76494,2118690.45
76495,51014728.58
76497,89725248.49
76498,147552135.45
76499,8795053.34
76500,2658098.74
76501,1337355.25
76502,3071930.41
76503,8296379.67
76504,1794598.4700000002
76505,909260.1000000001
76506,1314195.02
76507,6808395.45
76508,2015270.0599999998
76509,13956465.07
76510,1481533.7
76511,1686098.85
76512,627098.93
76513,1822816.9
76514,6743238.9399999995
76515,10207041.79
76516,1828535.44
76517,20071403.380000003
76518,4051994.0100000002
76519,1321155.8800000001
76520,3117725.53
76521,772453.0900000001
76522,6761541.32
76523,1499081.1300000001
76524,727663.86
76526,661310.0499999999
76527,2513614.42
76528,5704825.92
76529,1597139.42
76530,2742619.52
76531,3321077.15
76532,3490475.05
76533,26150603.35
76534,10835199.63
76535,2033266.95
76536,6801428.69
76537,1541197.45
76538,1554427.28
76540,939091578.2
76541,11808115.94
76542,1067514.26
76543,4227670.75
76544,2913080.7
76545,34930082.86
76546,920653.81
76547,2564792.05
76548,5715069.24
76549,990548.84
76550,4682850.16
76551,6637737.83
76552,36389326.62
76553,1499951.21
76554,1630899.79
76555,3139429.79
76556,4865378.49
76557,15115801.33
76558,5403715.35
76559,2376826.87
76560,7193450.58
76561,68681755.28
76562,6155244.7700000005
76563,11597354.34
76564,4112724.6399999997
76565,11372768.43
76566,3893464.7399999998
76567,2217397.7
76568,3314563.26
76569,2760192.18
76570,1664131.16
76571,3963437.1799999997
76572,1019142.71
76573,3448071.11
76574,1867654.4
76575,238157209.93
76576,5361839.12
76577,3875766.3800000004
76578,1437495.71
76580,4068602.75
76581,959543.2
76582,1473826.3900000001
76583,1590147.02
76584,2052564.1
76585,3208130.9099999997
76586,5108474.83
76587,3770859.95
76588,3228591.27
76589,2262787.57
76590,1854097.35
76591,21266052.05
76592,8313300.12
76593,6518613.8
76594,10506551.81
76595,24592570.07
76596,7207253.75
76597,4183452.37
76598,2905111.0300000003
76599,18885696.69
76600,13046684.32
76601,716543.0499999999
76602,1796795.75
76603,3033517.32
76604,1176968.8800000001
76605,6687795.89
76606,1239013.9
76608,8031409.92
76609,2757235.44
76610,16850273.5
76611,3347942.71
76612,1090139.6400000001
76613,6131113.08
76614,10824392.52
76615,9535362.4
76616,11614957.49
76617,9209593.33
76618,252896247.93
76619,2508133.8899999997
76620,2585541.85
76621,5364305.08
76622,1964733.59
76623,1242599.28
76624,39125466.05
76626,2329860.96
76627,7530299.89
76628,5283748.33
76629,1522208.08
76630,2158090.01
76631,5212303.319999999
76632,4097315.4899999998
76634,2413267.1
76635,917045.0599999999
76636,11668581.719999999
76637,5880217.13
76638,7061694.779999999
76640,43544916.92
76641,2197542.85
76642,2470673.07
76644,3876178.3099999996
76645,1400160.74
76646,7449328.3
76647,30876498.41
76648,19689030.73
76649,5796504.399999999
76650,6530017.94
76651,2042079.17
76652,4063119.8
76653,2472269.3
76654,1550370.5
76655,84655679.47
76656,3389725.8200000003
76657,18253566.580000002
76658,4277991.88
76660,20274536.07
76662,827121.2899999999
76663,9022858.15
76664,4032216.94
76665,3366024.35
76666,1924272.5
76667,2528902.58
76668,1655656.1
76669,3166093.98
76670,4176799.03
76671,1252954.55
76672,6940389.82
76673,3484423.42
76675,7138182.359999999
76676,4820356.39
76677,3297771.25
76678,3069822.95
76679,912542.3700000001
76680,687837.07
76681,119046931.12
76682,5220606.88
76683,6229066.55
76684,8861194.35
76685,3081622.55
76686,2234875.95
76688,2459180.3000000003
76689,3222626.65
76690,3567259.8699999996
76691,1529658.91
76692,1351643.57
76693,6567731.22
76694,1046125.76
76695,2725606.99
76697,8188977.350000001
76698,3023898.14
76699,2007116.46
76700,13483639.379999999
76702,5483689.38
76703,2581432.51
76705,23503941.23
76706,4257960.74
76707,7120522.48
76708,6224456.67
76709,41864582.03
76710,1198666.41
76711,103728835.58
76712,3975480.7199999997
76714,3695529.87
76715,3275550.56
76716,20755967.77
76717,4450488.99
76718,8196425.42
76719,7432080.85
76720,13154141.08
76721,3567056.19
76723,1651155.87
76724,1364287.53
76725,2782787.87
76726,3486902.64
76727,7429826.59
76728,11664453.5
76730,1974023.08
76731,1461533.6199999999
76732,3187702.47
76733,1332683.85
76734,2959045.2600000002
76735,24975656.65
76736,10273234.05
76737,4352458.03
76738,4564531.26
76739,3161146.22
76740,2964199.33
76741,2136195.98
76743,25015882.27
76744,801659.59
76745,1323039.79
76746,1739670.19
76747,1939849.48
76748,8848256.99
76749,2067313.14
76750,13547632.86
76751,6729378.75
76752,30466363.59
76753,7397086.640000001
76754,13443276.76
76755,4647554.359999999
76756,3528693.74
76757,4919825.7700000005
76758,93265673.35
76759,5418636.55
77001,10395788.88
77002,4946540.15
77003,4208985.22
77004,1984572.95
77005,45310449.45
77006,11157763.66
77007,2952456.72
77008,8488056.1
77009,1924543.63
77010,6487630.92
77011,3323150.37
77012,2392031.58
77013,3003484.8400000003
77014,76970431.54
77015,895828.51
77016,22156097.18
77018,17513062.84
77019,2639537.28
77020,6575805.58
77021,1834226.79
77022,23691099.48
77023,2413634.38
77024,4746270.99
77025,9728050.59
77026,2980076.6
77027,9068214.53
77029,3216467.77
77030,4287724.21
77031,4647192.17
77032,5358766.17
77033,2262613.57
77034,7575621.64
77035,3862966.5999999996
77036,1394724.6199999999
77037,40391256.050000004
77038,4585831.26
77039,14669569.46
77040,28586131.37
77041,3175282.0100000002
77042,14821787.43
77043,1475045.92
77044,10425247.65
77045,3770321.25
77046,2396367.92
77047,11241849.299999999
77048,24613517.05
77049,4235482.5
77050,3144408.84
77051,26621492.21
77052,2280825.32
77053,151721016.69
77054,4360849.45
77055,16434025.8
77056,1886433.55
77057,3143659.7
77058,206743573.12
77059,7238000.94
77060,5611361.11
77061,15053565.76
77062,1828056.57
77063,9644082.09
77065,8111879.6899999995
77066,2648927.7399999998
77067,63562502.03
77068,1391301.55
77069,13771439.67
77070,10521299.809999999
77071,4997259.63
77072,5952814.76
77073,3728211.92
77075,9904059.26
77076,7232810.33
77077,8607627.16
77078,8335687.0
77079,49862987.769999996
77080,1220515.62
77081,5999959.34
77082,9577682.96
77083,165539455.86
77084,6146730.96
77085,19272460.91
77086,11611832.73
77087,1324599.79
77088,36330595.21
77089,5836039.36
77090,1933126.13
77091,2716407.37
77093,3003045.7600000002
77094,3116072.76
77095,20994860.99
77096,25212904.01
77097,2265009.3000000003
77098,1352829.46
77099,24486925.72
77100,44181783.0
77101,4829957.27
77102,1553936.0799999998
77103,1317056.96
77104,9285423.66
77106,3546758.74
77107,30249498.85
77108,336429468.55
77109,16912268.58
77110,1866831.09
77111,85734343.0
77112,949835.6900000001
77113,6940753.87
77114,29184056.21
77115,3296117.66
77116,7134191.55
77117,3543219.25
77118,102284387.50999999
77119,1055465.29
77120,2941684.5
77121,38137214.68
77122,143912207.94
77123,41217441.1
77124,8883999.6
77125,7463747.37
77126,15027829.959999999
77127,18404586.029999997
77128,14355869.05
77129,13766623.040000001
77130,2554740.84
77131,139152887.09
77132,56818295.19
77133,2273725.06
77134,1714196.83
77135,7019744.96
77136,2314142.96
77137,3155478.52
77138,4938586.5
77139,46645733.44
77140,2642730.52
77141,6127083.95
77142,42762707.089999996
77143,31821636.73
77144,3659423.7399999998
77145,4456327.31
77146,45384204.089999996
77147,3498010.4699999997
77148,13119341.47
77150,4053149.32
77151,2243503.89
77152,239429668.14
77153,68604515.52
77154,7028727.84
77155,26620125.22
77156,6126852.109999999
77157,3420357.43
77158,2222456.07
77159,19775072.55
77161,4938901.42
77162,6148856.79
77163,2495756.62
77164,5189130.19
77165,4801952.48
77167,2981278.41
77168,16339571.08
77169,63227071.95
77171,51234707.1
77172,5868411.62
77173,3390919.4099999997
77174,3545122.6
77175,33063477.64
77176,19339115.1
77177,7214220.29
77178,5053639.91
77179,5018312.0
77180,9005864.67
77181,39860425.85
77182,36797735.15
77183,77848412.2
77184,3839963.2199999997
77185,6556195.449999999
77186,144599313.88
77187,2877489.6799999997
77188,7721720.42
77190,1538385.4
77191,6169512.16
77192,45953989.49
77193,2795892.32
77194,6250851.17
77195,4997820.52
77196,22416986.85
77197,1515250.18
77198,2292639.24
77199,7048396.08
77200,1409775.3499999999
77201,3372157.83
77202,5228903.65
77203,10485061.92
77204,5704710.21
77205,1430715.86
77206,737001.23
77207,1497266.22
77208,9362124.77
77209,8021069.23
77210,27371892.27
77211,15996417.06
77212,1968389.16
77214,9948687.38
77215,64458305.63
77216,10568160.95
77217,28674455.31
77218,1481693.36
77219,20895631.83
77220,2674179.11
77221,5917119.67
77222,31042991.43
77223,5257565.78
77224,3225188.72
77225,2478368.1
77226,19932869.36
77227,3182446.12
77228,1324738.02
77229,10965459.76
77230,1434182.42
77231,4716555.0
77232,5514501.78
77233,4211611.63
77234,3989909.92
77235,2813016.36
77236,2224379.81
77237,3134816.74
77238,28049061.52
77239,10316374.98
77240,10023409.69
77241,12070342.99
77242,2545844.94
77243,175005609.78
77244,6826992.35
77245,2024403.04
77246,2632387.06
77247,2555963.25
77248,5461627.38
77249,43203868.11
77250,1710850.4000000001
77251,109196874.3
77252,6037233.92
77253,2832944.82
77254,7083719.93
77255,13844066.219999999
77256,1350542.22
77257,20707281.42
77258,120512825.8
77259,21601688.05
77260,18034594.42
77261,7676650.96
77262,3017363.3000000003
77263,1577941.8699999999
77264,7451663.29
77265,6012438.68
77266,9157896.71
77267,1640098.0
77268,20277737.169999998
77269,14090531.6
77270,4691759.92
77271,647304.1599999999
77272,4183183.36
77273,5010603.18
77274,3458473.76
77275,860197.14
77276,24101276.79
77277,9573768.02
77278,3762676.88
77279,13746101.11
77280,8684621.549999999
77281,4039047.4899999998
77282,45173127.05
77283,4458580.43
77284,498363592.83
77285,122108641.47
77286,1140176.44
77287,3122035.86
77288,376370393.40999997
77289,3075091.8499999996
77290,3502301.61
77291,93787712.50999999
77292,7555693.33
77293,6016132.79
77294,240769602.8
77295,7318313.739999999
77296,159124659.91
77297,2615237.87
77298,2460659.02
77300,3685207.4899999998
77301,3211312.09
77302,14256860.49
77303,4178802.4899999998
77304,1071382.81
77305,198425427.72
77306,15495896.63
77307,117427704.23
77308,5797500.48
77309,31143875.69
77310,1698504.05
77311,6973658.89
77312,21618097.65
77313,3877881.5700000003
77314,2539909.13
77315,17845188.23
77316,113671825.98
77317,36158343.45
77318,7090545.050000001
77319,1943739.94
77320,42510113.9
77321,2471057.3
77322,45193612.6
77323,16133795.94
77325,3154439.74
77326,56872044.22
77327,68614141.53
77328,3332244.58
77329,4097649.56
77330,38728019.480000004
77331,3051418.06
77332,3942166.92
77333,100658238.65
77335,19646247.84
77336,6497277.260000001
77337,106399415.94
77338,2945519.29
77339,13940722.34
77340,3333788.1
77341,2122054.97
77342,1548308.55
77343,3630342.46
77344,13074379.540000001
77345,2901584.59
77347,6101269.86
77348,2187094.51
77349,48918453.769999996
77350,148192596.07
77352,11468581.06
77353,2984099.45
77354,7070124.74
77355,1645760.87
77356,1524939.07
77357,8447760.84
77358,5791688.2700000005
77359,20307585.79
77360,4078694.67
77361,2062620.22
77363,20172180.03
77364,2115760.63
77365,3583044.17
77366,2109633.35
77367,3566072.13
77368,10833696.14
77369,9609950.56
77370,5031390.94
77371,21877455.99
77372,22167020.27
77373,288269783.59
77374,17970950.47
77376,6500848.149999999
77377,13771490.98
77378,29344967.72
77379,174556298.06
77380,2024905.23
77381,5574857.12
77382,31337668.57
77383,4794387.86
77384,13558699.19
77385,17740133.46
77386,8156027.37
77387,2072924.95
77388,3587863.6
77389,35001722.13
77390,150296265.83
77391,2739393.28
77392,3889123.55
77393,21145889.92
77394,16245017.33
77395,1447821.83
77396,1024041.58
77397,12050752.92
77398,4041321.01
77400,10179385.33
77401,4179671.28
77402,3597011.19
77403,6977121.65
77404,10917040.73
77405,10110349.969999999
77406,5112569.92
77407,139574232.6
77408,2125690.5
77409,15754723.0
77410,5195836.81
77411,3000442.31
77412,2851211.8
77413,15833965.54
77414,4146828.02
77415,11354221.24
77416,2377094.21
77417,1561044.32
77418,5726514.05
77419,20780505.59
77420,32804944.6
77421,1538442.86
77423,4269097.43
77424,1908918.44
77425,8033364.430000001
77426,8646574.81
77427,6384667.24
77428,5520529.649999999
77429,2128090.54
77430,33998059.53
77431,44566501.54
77432,5813665.72
77433,16422397.83
77434,2932841.06
77435,10777151.6
77436,5047339.06
77437,52913027.33
77438,54613889.160000004
77439,4553348.13
77440,4921262.55
77441,23975201.14
77442,26785882.87
77443,2792198.59
77444,1711466.72
77445,188813760.52
77446,2885676.71
77447,15135315.33
77448,5881231.0
77449,33856982.07
77450,36629063.11
77451,5934695.03
77452,725242.52
77453,8314884.97
77454,2967830.21
77455,22893975.830000002
77456,4870630.24
77457,12223872.24
77458,46487710.94
77459,14248474.06
77460,5481340.79
77461,1492761.3
77462,10350926.87
77463,28137775.88
77464,74148266.04
77465,5586226.390000001
77466,6085447.18
77467,2261272.2199999997
77468,154040884.22
77469,6085693.05
77470,50927090.37
77471,5629355.949999999
77472,2577332.1799999997
77473,2695473.59
77474,4789922.75
77475,28589711.48
77476,3137422.31
77477,15891533.06
77478,5737883.149999999
77479,96233716.09
77480,7431305.79
77481,2094104.94
77482,51919619.62
77483,8642316.01
77484,1752342.03
77485,5416993.92
77486,7933177.0600000005
77487,80502021.53999999
77489,1415077.98
77490,4230010.46
77492,6310443.95
77493,20972468.080000002
77494,38552180.56
77495,65027902.379999995
77496,1753872.8699999999
77498,2947426.63
77500,2321430.5100000002
77501,5766436.01
77504,4609106.83
77505,2091613.54
77506,4777347.14
77507,2375812.32
77508,16390873.65
77509,2678118.35
77510,9286289.64
77511,9574382.19
77512,6619387.4
77513,28853356.7
77514,178445713.83
77515,5638611.31
77516,5229761.39
77517,23320563.99
77518,9208879.52
77519,7550574.93
77520,4421006.66
77521,8977866.09
77522,2245662.62
77523,1940466.15
77524,5435847.79
77525,3807431.96
77526,2337169.63
77527,3837957.3099999996
77528,5880066.13
77529,6876513.37
77530,3799218.77
77531,13900756.969999999
77532,1579364.69
77533,21723267.97
77534,7576613.05
78003,40540630.83
78005,162584070.71
78006,5131002.42
78007,8250228.03
78009,4179630.44
78010,13687481.21
78013,4978312.95
78015,92454900.46
78020,10504506.21
78029,116084544.92999999
78030,22859277.349999998
78031,8073212.23
78033,14210963.81
78034,8693557.4
78036,7345094.8100000005
78043,34018358.080000006
78048,12911427.13
78049,12349086.149999999
78050,6171558.04
78053,6104926.649999999
78057,13172061.4
78062,56706547.76
78068,10218851.03
78070,6349300.3100000005
78071,7422261.88
78072,3654721.78
78073,117938961.94000001
78076,4026788.17
78077,7868501.5200000005
78082,6094482.859999999
78084,4999999.640000001
78087,12493032.99
78089,36501316.78
78090,25790161.97
78092,77052888.27
78096,5051872.21
78104,6985944.7
78107,13779887.08
78108,9338609.78
78113,13331526.250000002
78117,99185030.57000001
78118,35840092.28
78120,16777499.11
78123,124674030.75999999
78124,107183714.8
78125,11529217.68
78126,169829528.6
78128,13916784.31
78133,100357326.12
78138,100080472.9
78140,13098887.48
78143,20433224.8
78146,218113744.73
78147,5065351.2
78152,21846260.82
78158,264812095.43
78160,53040443.01
78162,10711633.72
78163,3137499.83
78164,12010003.17
78165,164719710.79
78168,66670297.18
78171,7537952.47
78172,258727686.96
78185,3721457.93
78188,6427379.109999999
78189,16458934.03
78190,94655209.69
78192,8549830.82
78193,11216114.13
78194,2386100.3600000003
78196,4043629.56
78202,6919127.14
78206,52060722.940000005
78208,114526743.78
78209,9166743.19
78217,74577556.77
78220,55585919.39
78224,45754398.45
78227,6620242.84
78230,6595447.47
78231,2116463.18
78233,30957677.98
78234,3625284.73
78236,5639955.779999999
78237,1271648.32
78238,45228551.84
78239,32037150.19
78242,128136424.77999999
78245,6753763.909999999
78246,10628686.64
78255,29663713.64
78261,8323684.02
78262,9919633.22
78263,16282133.0
78264,1308706.01
78265,19840339.54
78267,94475243.1
78269,14202800.03
78276,7485956.069999999
78278,5190940.050000001
78281,6504017.57
78283,2609730.85
78285,3957907.73
78289,9696718.46
78290,8940780.4
78291,29853729.74
78296,17671266.91
78297,157735088.06
78299,33276884.169999998
78300,4948980.35
78302,3807457.67
78305,5014883.86
78307,7843328.56
78310,37231829.52
78311,227113323.52
78314,34079620.19
78317,8084152.77
78320,6949884.760000001
78321,48442004.980000004
78322,92459852.29
78324,7102501.48
78325,6207108.83
78327,37568167.699999996
78329,6343869.83
78334,15161905.27
78335,167010514.48
78337,15698306.98
78343,17681015.7
78344,6622098.51
78346,13118747.48
78349,5964451.68
78350,75627412.63
78354,49845943.75
78356,60163579.54
78358,245626339.45
78361,479879968.07
78362,164308794.44
78364,6919572.43
78366,4066669.86
78367,25007969.21
78368,17207900.24
78372,180714472.02
78380,51211141.13
78381,11663092.01
78382,38437278.11
78383,163515261.93
78384,8799104.030000001
78385,3057470.7600000002
78389,24151205.82
78391,4689920.42
78396,56821887.5
78397,48012909.39
78398,8126784.68
78401,51945438.54
78402,39068119.519999996
78403,19178232.650000002
78404,2080121.2
78406,4503750.55
78407,3225042.12
78410,11391561.33
78413,4563077.63
78415,7238328.99
78416,3659829.47
78417,3177504.31
78418,113323709.93
78420,54300000.32
78423,189988801.6
78431,25089188.169999998
78437,7522472.44
78439,2028105.07
78440,369674728.99
78442,31014764.74
78443,6951463.21
78444,6183925.01
78451,12999316.41
78455,68447026.52
78460,8981725.23
78464,10753656.09
78465,19211150.73
78466,56732938.97
78470,13343035.6
78472,3667612.34
78474,5392298.06
78475,3016606.7499999995
78478,2589199.87
78481,114415212.08
78484,6235018.25
78486,75134565.75
78490,265554207.10999998
78497,11451284.85
78498,433184523.13
78499,8858475.82
78501,57478103.6
78502,49579322.23
78505,3816746.23
78506,11820137.55
78513,15875016.07
78516,12497626.83
78517,231297241.88
78518,1770545.94
78520,9890154.129999999
78522,7826299.99
78528,6878450.3
78530,3617163.76
78531,48548249.32
78536,3763774.97
78537,47558689.660000004
78545,129714103.03999999
78548,7010606.959999999
78550,16170662.34
78551,497037843.55
78557,6238666.47
78558,10486867.48
78559,3016243.3
78561,8567160.88
78562,15029575.83
78564,5912505.17
78565,3751922.04
78567,17112299.62
78569,6191290.9
78571,56827968.27
78575,59265282.67
78576,13143815.0
78586,358166319.09
78588,5037791.71
78590,5164689.93
78591,17762249.06
78597,6889659.56
78601,16790542.93
78605,7808928.53
78606,1092320.48
78608,2924559.2199999997
78609,8026561.029999999
78615,18589022.810000002
78616,22284372.3
78618,3884158.3200000003
78620,15654879.52
78621,311082179.38
78623,11129092.42
78624,81828660.22
78638,41675346.02
78640,389280264.43
78642,105454137.46
78643,82466844.3
78644,55550199.56
78646,731478232.05
78647,10595288.12
78650,172486675.68
78653,7064078.72
78655,6304284.0
78668,7501841.69
78672,49914713.92
78674,83091667.21000001
78677,4654209.92
78681,7376465.0200000005
78683,22301753.29
78686,166399847.61
78688,77631046.25
79001,11891028.66
79002,1435700.7100000002
79003,43763800.44
79005,48982765.08
79007,3412489.6900000004
79008,9880843.8
79009,2839435.59
79010,5873418.05
79012,10041530.08
79013,27080983.06
79014,18102625.5
79015,1296638.28
79016,10812760.01
79018,2546432.68
79019,1720319.29
79020,5762161.6
79022,1527849.8
79023,953609.7699999999
79024,10751363.42
79025,6799281.18
79029,3949254.42
79030,7489269.890000001
79031,18756938.68
79032,4235358.24
79034,12614016.26
79038,8802866.25
79040,2011977.75
79042,1792644.05
79046,2849450.32
79047,2312062.0
79048,42226578.18
79049,156181506.47
79050,4095136.56
79055,773639.39
79056,5218101.34
79057,16231256.15
79058,4746083.2700000005
79059,5734692.37
79060,1880816.8699999999
79061,36637914.57
79062,63924675.2
79063,15002419.15
79064,6571560.03
79066,10848223.55
79069,6078760.119999999
79070,3502138.19
79071,2774185.25
79074,1768166.48
79076,16106221.57
79077,6987167.16
79078,11027217.58
79079,56373961.47
79080,16794486.13
79081,94436585.8
79083,21431836.19
79084,3406571.57
79085,1205174.56
79086,9142572.87
79087,4140724.21
79088,13068297.92
79089,1384197.35
79090,5872599.93
79091,7076045.37
79092,2400002.22
79094,7891070.2299999995
79095,4986808.600000001
79096,10283696.89
79100,19351230.18
79101,25570816.43
79102,4137705.84
79103,18642736.51
79104,3140670.02
79105,3972793.59
79106,2787927.67
79108,4697956.6
79109,31904402.950000003
79111,1659535.48
79112,6825993.51
79114,10944195.78
79115,4176032.78
79116,8404513.43
79117,4221675.08
79118,1718759.96
79119,6306038.32
79120,6980454.96
79121,2682290.14
79122,6878475.289999999
79123,25206079.43
79124,2525354.45
79125,10149623.79
79126,2073855.05
79127,8337206.35
79128,6188460.83
79129,9038167.950000001
79130,20689776.92
79131,2725055.48
79132,2942010.92
79133,8496785.870000001
79134,4568060.76
79135,8068215.81
79136,8728715.37
79137,12642917.4
79139,663089.93
79140,7404262.32
79141,2644238.38
79142,758175.9800000001
79144,2041899.57
79145,2351170.0500000003
79147,11936316.9
79148,19213114.22
79149,2041746.5
79150,7032790.28
79152,2501892.27
79153,1537976.8199999998
79154,2666461.94
79156,6376580.58
79157,16398206.91
79158,962038.26
79159,4769945.16
79160,1104728.75
79161,3044886.71
79162,20505994.79
79163,4822116.96
79164,3276961.52
79165,1645062.44
79166,10614642.99
79167,1827762.79
79170,22004335.09
79172,8909607.01
79174,83562063.31
79175,4270241.32
79176,10235003.61
79177,2089253.96
79179,52742308.48
79180,2484058.43
79183,2441137.19
79184,19471270.55
79185,29920620.14
79189,10429750.72
79190,3075195.01
79191,739886583.28
79195,50617185.39
79196,21617725.98
79197,1450695.6300000001
79198,1893256.1700000002
79200,2214548.59
79201,19564416.52
79202,106998660.59
79203,3454942.0
79204,8422483.92
79205,791980.81
79207,5128911.55
79208,11541516.780000001
79209,2538092.93
79210,10088778.65
79212,3670376.44
79213,14113344.36
79215,2734940.92
79216,26876464.57
79217,8470386.74
79218,2216134.52
79220,4456851.16
79223,710459.47
79225,3117840.41
79226,2374924.61
79229,3065503.62
79230,7249489.140000001
79231,4589882.95
79235,10631562.83
79236,5025830.9
79238,4003161.92
79239,16229465.94
79241,4189215.18
79242,7898310.649999999
79243,1814454.83
79244,2322783.29
79246,6386361.09
79249,12915967.91
79250,2238033.83
79251,7110603.88
79252,2266843.08
79253,4681132.16
79254,3169987.9699999997
79255,4441478.7700000005
79256,2406453.25
79257,12918372.26
79258,2727373.6999999997
79259,10252389.58
79263,4250628.69
79265,5927271.5600000005
79267,2421621.94
79268,11598672.41
79269,2657088.48
79270,64509707.1
79271,3892418.52
79273,3402482.42
79274,2121489.87
79276,9853482.38
79277,10009149.41
79278,2404630.0100000002
79280,6993817.54
79281,9025569.68
79283,9004811.02
79284,4023929.75
79285,12326555.27
79286,5955916.76
79289,13106438.28
79290,6404576.43
79293,7119421.850000001
79294,1263683.71
79295,5170832.87
79297,2841389.64
79298,14516885.48
79299,20775917.37
79300,12319986.16
79301,5044025.89
79302,9283863.96
79303,2426462.79
79304,8963178.06
79306,1348380.1600000001
79307,21103255.47
79308,4392671.2700000005
79309,3939056.5100000002
79310,3427831.33
79311,17759993.82
79312,1079251.57
79313,5138852.34
79316,5123153.32
79319,3672916.5100000002
79320,3545818.48
79322,12588439.93
79326,12838386.89
79329,134663308.33
79331,1506285.27
79332,945344.29
79334,6336655.76
79335,5074983.94
79336,1610186.6800000002
79337,6947380.9399999995
79338,2225901.33
79339,17620082.78
79340,3649002.79
79341,916049.83
79342,6258314.09
79343,3245528.02
79345,6740661.97
79346,947288.82
79347,7359061.16
79348,1499440.37
79349,1381081.96
79350,1400836.7
79351,10766622.16
79352,1556266.3199999998
79354,1929257.06
79355,28208436.06
79357,1940881.96
80001,191169048.12
80002,2559098.88
80003,4100136.04
80004,2533082.14
80005,665332.6900000001
80006,1397128.3800000001
80008,4954218.399999999
80009,4445486.29
80010,21565442.36
80011,16857994.470000003
80013,11969983.92
80014,330356.93
80015,545051.34
80016,96242895.07000001
80017,1576459.59
80018,721045.86
80019,4316924.69
80020,4561278.93
80021,1192408366.69
80022,1315976.94
80023,1160676.92
80024,7334266.71
80025,2210216.47
80026,238116.37
80027,176998.81
80028,1464975.74
80029,2177928.57
80030,1710116.85
80031,4804593.4799999995
80032,614368.46
80033,1907252.79
80034,2137749.3
80035,415432.92000000004
80036,6652744.09
80037,639015.9400000001
80038,704560.16
80039,25426932.65
80040,803293.75
80041,603186.62
80042,858702.99
80043,2927680.9699999997
80044,1938798.45
80045,953718.91
80046,564187.87
80047,4865847.09
80048,729420.91
80049,853144.77
80050,2393011.23
80051,1006233.68
80052,936003.34
80053,619981.28
80054,1034059.54
80055,1186904.8800000001
80056,534283.87
80057,430053.02
80058,1461802.4
80059,842483.03
80060,837255.59
80061,1119701.3
80062,11604297.11
80063,9886869.03
80064,1227262.44
80065,814902.9400000001
80066,1323657.6099999999
80067,605892.78
80068,2037319.9400000002
80069,1473800.58
80070,11245933.91
80071,15591797.07
80073,771595.03
80074,476769.03
80076,2459408.01
80077,1212025.76
80078,3441021.92
80079,1661688.58
80080,1212813.1500000001
80081,289922.48
80082,4624635.66
80083,812043.9500000001
80084,1068852.32
80085,321937.29000000004
80086,14637026.959999999
80087,911098.49
80088,1133298.5899999999
80089,1273032.15
80090,1003898.2899999999
80092,3898316.2800000003
80093,9571049.26
80094,2088213.92
80095,1298627.7
80096,8269827.61
80097,596623.15
80098,729065.02
80099,2837788.25
80100,3435624.78
80101,5742771.4
80102,1232435.6199999999
80103,599628.77
80104,638530.39
80105,1381866.55
80106,931861.1399999999
80107,4469659.56
80108,611913.47
80109,1866790.02
80110,3650046.08
80112,1492775.2000000002
80113,2298261.37
80114,2911892.47
80115,1277345.71
80116,1023059.9199999999
80117,924254.6900000001
80118,624322.5700000001
80119,2687627.41
80120,4728075.28
80121,885889.41
80122,2869502.21
80123,1913932.6800000002
80124,5240051.6
80125,333361.23
80126,6206059.5600000005
80127,7105932.85
80128,536275.64
80129,6440243.02
80130,2575436.11
80131,18610967.81
80132,951268.01
80133,2025261.71
80134,403864.61
80135,1114308.8499999999
80136,16339633.74
80137,3183904.8
80138,718412.95
80139,441687.06
80140,419259.45
80141,2170682.7600000002
80142,1157227.88
80143,736583.19
80144,4857558.12
80145,532084.75
80146,579394.48
80147,1084731.45
80148,2170282.16
80149,2755765.98
80150,587384.24
80151,1936961.0
80152,716215.93
80153,1377306.32
80154,513648.01999999996
80155,1562584.76
80156,2033830.45
80157,886307.51
80158,393827.68000000005
80159,2107411.06
80160,6693217.9399999995
80161,1040263.1699999999
80162,3202813.41
80163,2619172.81
80164,35625149.8
80165,1360644.77
80166,4502460.68
80167,2025913.2
80168,8563745.23
80169,484928.01
80170,648920.53
80171,3103287.95
80172,3933152.5
80173,2881225.12
80174,401414.83999999997
80176,1670475.95
80177,2639979.72
80179,1338682.8699999999
80180,516981.27
80181,656602.38
80182,32695483.77
80183,1458977.07
80184,2394475.56
80185,1185594.4
80186,23721206.169999998
80187,3993345.24
80188,3360433.44
80189,195448.07
80190,9009485.46
80191,744675.03
80192,2012564.27
80193,771421.4
80194,715104.76
80195,1082810.49
80196,1109423.74
80197,232855.1
80198,1803086.44
80199,2869183.9899999998
80200,2273366.45
80201,360271.82
80202,2170223.99
80203,432441.7
80204,6026720.6
80205,4109041.9699999997
80206,1281255.18
80207,2282024.97
80208,467870.85
80210,598167.72
80211,12920341.46
80212,46494468.97
80213,2030165.69
80214,1338206.75
80215,918719.4
80216,1094196.68
80217,510267.76999999996
80218,1819702.62
80219,381145.87
80220,1013848.5399999999
80221,1225573.45
80222,10777989.93
80223,628462.91
80224,1101168.73
80225,1041997.33
80226,1823843.97
80227,2488154.01
80228,48738957.87
80229,1524681.39
80230,1818615.96
80231,1695970.44
80232,1724543.45
80233,958171.2200000001
80234,8282882.59
80235,6293485.72
80236,2528299.3
80237,3473965.91
80238,3818364.75
80239,390258.0
80240,4381945.85
80241,7038475.709999999
80242,2135670.95
80243,356996.38
80244,1330151.73
80245,1133780.03
80246,1577578.83
80247,5877798.15
80248,2023189.4000000001
80249,1438514.0899999999
80250,2056223.49
80251,1673994.98
80252,1400357.0
80253,56161084.36
80256,8361219.0600000005
80258,440723.32999999996
80259,596403.49
80260,3963367.98
80261,16611822.959999999
80262,4563893.7299999995
80263,617122.74
80264,1012100.25
80265,4141417.13
80266,1804085.0400000003
80267,1124764.4
80268,3802958.3000000003
80269,532012.24
80270,21809.12
80271,7977811.8100000005
80272,1028999.16
80273,1982031.8499999999
80274,11398322.2
80275,1515415.98
80276,2151873.75
80278,772349.44
80279,4690258.9799999995
80280,1076347.33
80281,584265.25
80282,2910781.49
80283,1087226.5
80284,6126765.08
80285,1546954.35
80287,2903253.75
80288,4322029.63
80290,2604545.39
80291,1928140.0000000002
80292,998193.3099999999
80293,3044823.09
80294,592639.28
80295,4286884.25
80296,4111696.95
80297,449106.31
80298,3057016.23
80299,1294130.8599999999
80300,1303652.17
80301,824103.72
80302,4516935.94
80303,2484407.23
80304,551673.37
80305,2802469.29
80306,1167923.03
80307,1544308.74
80308,27337989.57
80310,4189546.98
80311,1133215.45
80312,1859020.45
80313,2087000.2400000002
80314,1263368.2
80315,1430322.1300000001
80316,17763580.19
80317,940199.06
80318,27674076.330000002
80319,1812683.74
80320,2291829.42
80321,566585.26
80322,614804.26
80324,1191496.34
80325,252274.2
80326,1289481.23
80327,794513.9
80328,2067438.06
80329,1581132.38
80330,962153.36
80331,2215072.22
80332,1699849.0899999999
80333,35126938.080000006
80334,639665.37
80335,905624.6799999999
80336,381136.27999999997
80337,605947.9
80338,9236387.85
80339,701310.94
80340,932996.98
80341,1182069.8
80342,2052484.9999999998
80343,966127.13
80344,770872.73
80345,1633450.93
80346,915976.72
80347,613869.1
80348,1022771.66
80349,923196.7100000001
80350,2362078.94
80351,1482533.83
80352,576649.77
80353,1917944.04
80354,727576.61
80355,507633.05
80356,472063.09
80357,2258473.71
80358,786954.25
80359,1364967.35
80360,13719945.85
80361,329056.55
80362,1476859.52
80364,2775864.46
80365,1203316.71
80366,3150187.81
80367,1950078.47
80368,36395706.39
80369,1288428.95
80371,672828.91
80372,1053037.7
80373,33193199.03
80374,1154262.75
80375,3733955.91
80376,3637003.9299999997
80377,1777297.0
80378,1106202.9
80379,15526341.88
80380,648474.08
80381,524275.43
80383,745598.9099999999
80384,1646135.79
80385,2861139.62
80386,559375.79
80387,1164323.1
80388,1150577.72
80390,3122231.2199999997
80391,373911.17
80392,4085310.4099999997
80393,1778198.35
80395,1548728.33
80396,2587594.38
80397,789040.09
80399,1679429.5
80400,1229702.65
80401,735519.78
80402,861443.3099999999
80403,979459.66
80404,929519.8200000001
80405,2274699.55
80406,14948372.4
80407,458077.01999999996
80408,2077021.28
80409,951578.4299999999
80410,35590351.3
80411,3506593.61
80412,2155935.08
80413,474010.29000000004
80414,839985.55
80415,7415829.71
80416,3298852.48
80417,7367016.7
80418,624626.09
80420,1066836.57
80421,1389243.32
80422,4531680.9799999995
80423,2578106.71
80424,3118911.44
80425,785734.0700000001
80426,2593657.86
80427,2112202.53
80428,1084424.26
80429,1298136.06
80430,711762.97
80431,7165707.15
80432,1834579.72
80433,213065.38
80434,960802.4400000001
80435,354061.65
80436,3998931.67
80437,745053.38
80438,1950957.53
80439,1369014.06
80440,960616.61
80442,8477296.33
80443,12779215.72
80444,2876789.21
80445,1820002.16
80446,4764311.300000001
80449,557421.1
80450,388943.77999999997
80451,1656187.54
80452,4960991.38
80453,934554.5
80455,344648.28
80456,2393197.6799999997
80458,1775612.52
80459,327305.25
80460,834350.52
80461,1888336.16
80462,1279715.1500000001
80463,4877994.2700000005
80464,5669067.25
80465,1135245.8699999999
80466,1045725.45
80467,1458437.52
80468,952352.21
80469,1106555.0799999998
80470,944704.88
80472,1493693.26
80473,1249967.1800000002
80474,2106138.17
80475,1068867.8
80476,1145755.83
80477,895876.77
80478,1138247.87
80479,2243974.21
80480,508610.77999999997
80481,6155536.52
80482,1973611.8599999999
80484,3275047.65
80485,7897895.71
80486,3435584.02
80487,653501.76
80488,10377049.049999999
80489,29976161.419999998
80490,2053358.21
80491,445719.72
80493,2049856.06
80494,1786048.38
80495,4430958.65
80496,1130979.95
80497,768090.1699999999
80498,5538779.95
80499,761209.4500000001
80500,2042704.05
80501,1618218.26
80502,465366.45
80503,1116622.13
80504,459207.28
80505,2015005.23
80507,6281630.02
80508,310204.49
80509,3421435.27
80511,449760.74
80512,5194176.46
80513,1062486.57
80514,651960.2999999999
80515,593752.55
80516,1102753.28
80517,1064575.45
80518,2144408.19
80519,1525879.31
80520,1055282.1500000001
80521,1469878.99
80522,535848.04
80523,15201078.81
80524,1489694.12
80525,1212326.54
80526,1045079.9499999998
80527,1871095.09
80528,221737.41
80529,844718.52
80530,3949044.35
80531,661148.61
80533,42371964.580000006
80535,1215128.19
80536,922803.88
80537,548523.34
80538,659498.61
80540,1053822.79
80541,1263259.08
80542,7866148.35
80543,755013.5
80544,1535938.5
80545,2287812.1
80546,3023321.44
80547,1915897.53
80548,1643295.94
80549,6793718.609999999
80550,414905.11
80552,5476086.2
80553,1528323.45
80554,5569706.39
80555,5070266.11
80556,2993832.52
80557,4592648.15
80558,1351009.58
80559,667043.97
80560,1328662.69
80561,57331484.54
80562,1053398.53
80563,605302.34
80565,1474117.74
80566,2538127.24
80568,1633881.53
80569,1541057.1300000001
80570,40019577.74
80571,2739984.64
80572,3552031.36
80573,3418168.47
80574,398436.69
80575,309558.77
80576,1422821.1500000001
80577,1064258.0
80578,3831478.17
80579,4504416.3
80580,1930503.6500000001
80582,3141150.88
80583,1075877.45
80584,6703113.57
80585,22279388.43
80586,858948.9299999999
80587,208750.56
80588,1232397.51
80589,857626.57
80590,2059370.86
80591,559749.17
80592,2619905.6
80593,971963.0800000001
80595,1254806.34
80596,1893643.51
80597,6872632.25
80598,10299364.01
80599,1656359.26
80600,5903743.69
80601,2753006.7399999998
80602,957050.23
80603,2050427.9899999998
80604,917203.93
80605,1406311.9400000002
80606,6479735.3
80607,1187902.47
80609,2945877.17
80611,5853989.84
80613,7035193.01
80614,898767.86
80615,2484454.16
80616,1134241.61
80617,725647.2
80618,3376932.5500000003
80619,4886709.5600000005
80620,77859523.03999999
80621,9648392.200000001
80622,10778485.03
80623,2460784.06
80624,831782.44
80625,12307523.47
80626,1507586.72
80627,4046009.79
80628,2788004.23
80629,378847.57
80630,34817526.3
80631,1512950.67
80632,11253904.78
80633,3153550.1799999997
80634,5318450.29
80635,9823613.64
80637,1470307.47
80638,438266.89
80639,14090505.0
80640,1797842.4900000002
80642,1517990.29
80643,2427668.77
80644,5215586.48
80645,3332203.41
80646,533553.55
80647,1141174.29
80648,746164.28
80649,16656948.81
80650,5503405.7700000005
80651,1424394.38
80652,4136363.0700000003
80654,2339480.69
80655,3175366.58
80656,7214250.58
80657,1462916.94
80658,790158.11
80659,2424945.96
80661,4867585.7
80662,1712563.18
80663,1589967.25
80664,1116434.54
80665,1732832.95
80666,302149.62
80667,944017.3099999999
80668,680513.75
80669,2380591.65
80670,2415607.01
80671,942621.84
80672,4604784.66
80673,1460919.68
80674,24437527.86
80675,979597.27
80676,1177258.55
80677,11308413.8
80678,4857088.45
80679,3905879.21
80680,18413164.39
80681,2396267.73
80682,910663.03
80683,705041.04
80684,1526808.77
80685,73281478.12
80686,7346968.53
80687,721028.71
80688,20097361.990000002
80690,2655092.44
80691,1386690.19
80692,4306668.38
80693,1580524.87
80694,1946376.74
80695,5205946.49
80696,10532226.32
80697,364168.84
80698,1319599.42
80699,960230.82
80700,3200861.79
80701,1986708.54
80702,7811711.54
80703,753196.61
80704,1304205.94
80705,576926.72
80706,14960225.47
80707,114725.47
80708,875117.43
80709,1349236.9
80710,2575173.17
80711,13114398.02
80713,3725863.27
80714,9038039.54
80716,13027176.66
80717,5461348.01
80718,8995525.99
80719,533704.37
80721,55020336.05
80722,5772605.63
80723,1309809.75
80724,17845153.34
80725,28068973.93
80726,1547037.77
80728,317590.78
80729,1176977.65
80730,2982500.73
80732,3442193.09
80733,2808541.16
80734,1561061.17
80735,677507.38
80736,725394.65
80737,897134.34
80738,1264840.76
80740,1106129.53
80741,2043105.0
80742,1371801.95
80743,3116191.73
80744,317747.94
80746,6737456.62
80747,861884.03
80748,623051.15
80749,2267746.2
80750,1317511.5
80751,2081569.9100000001
80752,3287619.52
80753,667350.4299999999
80754,2868651.14
80755,834009.3
80756,333778.48
80757,1023379.6
80758,616864.97
80759,2021750.6600000001
80760,1458845.19
80762,3552622.41
80763,1560233.69
80764,2262757.67
80765,2649999.4899999998
80766,2824999.75
80767,907158.34
80769,2138882.9
80770,1894093.28
80771,188171.55
80773,451147.69
80774,1328721.27
80775,3543402.13
80776,1440910.28
80777,896611.0
80778,738856.7000000001
80779,4545513.67
80780,1497137.8900000001
80781,3412041.4
80782,2879119.63
80783,631191.41
80784,1915220.17
80785,5748409.38
80786,750010.34
80787,339021.79000000004
80788,1143062.84
80789,825088.4
80790,1178238.54
80791,5029158.2700000005
80792,545602.98
80793,16591680.799999999
80794,414810.63
80795,4787575.24
80796,454896.04000000004
80797,488850.82
80798,14203481.73
80799,33735722.3
80800,724405.4600000001
80801,1082430.2
80802,3681393.87
80803,1435996.4700000002
80804,621616.0
80805,1196329.0999999999
80806,3166337.5100000002
80807,1480019.1
80808,2370756.6399999997
80809,3671441.36
80810,1226070.49
80811,3369174.46
80812,711768.9199999999
80813,1118157.84
80814,1268944.58
80815,5282519.649999999
80819,909372.25
80820,3939187.68
80821,862597.88
80822,504176.83999999997
80823,496170.02
80824,1360669.6099999999
80825,379657.76
80826,6148085.01
80827,13752834.290000001
80828,267757.03
80829,391190.22000000003
80830,795606.2
80832,1503023.57
80833,836391.1699999999
80834,2186305.83
80835,1072218.96
80836,1200695.8800000001
81001,2250949.2
81002,16088447.31
81003,8688054.62
81004,517766989.41
81005,5475999.35
81006,1528731.05
81007,1561258.3
81008,2214001.08
81009,1457454.3900000001
81010,6991159.89
81011,6145508.35
81012,1832835.54
81013,2734573.14
81014,12700188.85
81015,1094163.79
81016,6673863.34
81017,2413215.48
81018,16519836.55
81019,2738267.2399999998
81020,1886900.6300000001
81021,50643823.06
81022,1666425.04
81023,3001287.72
81024,1420370.83
81025,2498778.2
81026,4848607.45
81027,1659253.85
81028,1549891.81
81029,2295830.69
81030,1102704.8599999999
81031,8518311.06
81032,6041734.29
81033,26508013.92
81034,6086484.58
81035,2399068.41
81036,9846500.22
81037,17662488.59
81038,12350073.21
81039,13714832.12
81040,2736993.05
81041,1008495.06
81042,17777631.03
81043,3861759.63
81044,2006688.72
81045,4220094.09
81046,10342407.84
81047,2734146.87
81048,23946793.34
81049,1884708.42
81050,2338150.03
81051,11709575.67
81052,14694526.61
81053,4094077.1
81054,10759724.03
81055,3729948.41
81056,1417084.08
81058,2066225.91
81059,4847209.319999999
81060,126023384.48
81061,1923950.8099999998
81062,18628534.669999998
81063,10859987.92
81064,13598242.67
81065,384570026.18
81066,2429082.38
81067,4333153.76
81068,1137401.78
81069,14617369.79
81070,17402013.33
81071,1654063.5699999998
81072,1205142.37
81073,1293470.21
81074,11394105.89
81075,3063457.5500000003
81076,5911975.4
81077,8630578.76
81078,6942418.09
81079,4197165.94
81080,1221512.56
81081,9278918.14
81082,2183834.71
81083,2357396.29
81084,3646058.1500000004
81085,1347150.35
81086,2448142.02
81087,2331451.47
81088,2671575.24
81089,1709515.01
81090,2632694.64
81092,8297363.67
81093,4900291.62
81094,2173299.78
81095,915521.53
81096,4415937.59
81097,8592151.75
81098,4057387.14
81099,128765359.03
81100,2128936.73
81101,13262301.69
81102,3023387.01
81103,2086115.02
81104,11743682.68
81105,100397710.64
81106,5833185.78
81108,1551703.6
81109,3530463.69
81110,1669607.72
81111,1440595.8599999999
81112,8868651.42
81114,3820020.32
81115,19463221.6
81116,6591067.19
81117,5653115.7700000005
81118,1532193.52
81119,3422033.17
81120,49430273.39
81121,4137042.12
81122,1049079.77
81123,1304046.8499999999
81124,44384505.269999996
81125,7033384.09
81126,1448259.68
81127,1353343.65
81128,16118111.51
81129,2261600.45
81130,14995288.66
81131,17880678.52
81132,5323563.84
81133,2755826.46
81134,2914487.0500000003
81135,1686878.88
81136,1711555.23
81137,1167066.0
81138,3685101.23
81139,14322599.31
81140,82947112.06
81141,1360623.64
81142,3859610.12
81143,2839556.27
81144,29839888.919999998
81145,34053609.44
81146,2235991.21
81147,7420456.96
81148,959569.61
81149,4588278.31
81150,2423585.63
81151,1298410.7
81152,2517149.2
81154,894097.65
81156,24985951.689999998
81157,2285851.2800000003
81158,6197207.18
81159,2316576.2
81160,2569338.89
81161,2261275.93
81162,2169354.52
81163,102137829.42999999
81164,2392052.7
81165,1907609.32
81166,1701954.83
81167,2673083.67
81168,10830144.71
81169,1800604.77
81170,8909897.78
81171,11037918.22
81172,602149.83
81173,1761967.5999999999
81174,3987480.38
81175,2695761.38
81176,605363.78
81177,1835253.56
81178,2876822.28
81179,2583225.9499999997
81180,3671620.7600000002
81181,1724641.79
81182,15259946.94
81183,4893939.98
81184,812766.91
81185,1662727.5
81186,3240795.1
81187,1344994.6199999999
81188,3174477.09
81189,1275947.81
81190,3156567.63
81191,2831905.55
81192,9688515.8
81193,6110621.46
81195,5599848.21
81196,4236842.79
81197,1887585.53
81198,2531143.36
81199,2265582.27
81200,2698707.58
81201,9273735.33
81202,5415946.26
81203,8606549.61
81204,15185277.02
81205,1543241.0
81206,6213956.17
81207,1319317.37
81208,3478710.05
81209,23583302.330000002
81210,1426245.99
81211,2287599.11
81212,1033820.9
81213,1074830.38
81214,1122636.57
81215,3613539.44
81216,1893206.02
81217,5104092.46
81218,31844892.62
81219,28276942.54
81220,41818733.36
81221,6335975.2299999995
81222,24231652.5
81223,1742476.08
81224,1100822.76
81225,6490964.86
81227,11577552.11
81228,2758466.53
81229,1301169.52
81230,5639637.89
81231,7934256.08
81232,3451414.55
81233,16005700.809999999
81234,719458.03
81235,2945142.4499999997
81236,2679763.82
81237,2169019.95
81238,19281114.98
81239,11955100.19
81240,2015470.1500000001
81242,1961263.96
81243,1521897.58
81244,18465841.779999997
81245,2088250.03
81246,1584406.09
81247,2502816.33
81248,4957877.489999999
81249,5071404.29
81250,1782533.58
81251,6273569.18
81252,1479385.8900000001
81253,2729908.89
81254,2808247.91
81255,1848886.59
81256,754706.55
81257,45646381.410000004
81258,3089032.7399999998
81259,2010006.2
81261,4716037.31
81262,2511113.47
81263,5571397.17
81264,1523663.6500000001
81265,1156408.25
81266,9250801.53
81267,7613957.08
81268,1535039.5
81269,7212752.94
81270,1303562.83
81271,64882818.699999996
81272,1255908.57
81273,18939366.64
81274,9183158.47
81275,2262146.03
81276,8209429.36
81277,4036356.17
81278,3058801.32
81279,1700412.6199999999
81280,3014214.5100000002
81281,11006472.97
81282,761935.0700000001
81283,7291871.58
81284,16694619.28
81285,5655938.72
81286,2599627.51
81287,1512651.45
81288,22302669.16
81289,16629938.37
81290,1109706.45
81291,2078098.6700000002
81292,4471740.01
81293,1896511.33
81294,7005658.38
81295,5026380.33
81297,11095407.94
81298,3768056.39
81299,2482863.04
81300,1833783.4100000001
81302,578653.8300000001
81303,3982061.1
81304,1929594.7599999998
81305,8332598.94
81306,10654907.42
81307,5174783.2700000005
81308,14842080.09
81309,3340919.1
81310,1395598.91
81311,6385616.3100000005
81312,4837472.73
81313,3101577.14
81314,6515319.25
81315,8985757.45
81316,1997006.4500000002
81317,11732127.39
81318,1469386.97
81319,4731228.72
81320,1583798.95
81321,1321304.69
81322,3168851.75
81323,1730455.29
81324,3025003.5100000002
81325,11182079.53
81326,3538609.13
82001,3789367.27
82002,16850262.55
82003,2797493.36
82004,2439475.25
82005,8800186.61
82006,1098287.1
82007,2337223.52
82008,14008738.59
82009,519664.11
82010,5705780.33
82011,4798821.99
82012,3045187.06
82013,34253337.33
82014,2156759.94
82015,1149757.8
82016,2899591.19
82017,6987858.41
82018,9184931.74
82019,4128485.1
82020,4169004.44
82021,2006979.81
82022,4404842.16
82023,7647141.12
82024,2755386.2600000002
82025,27602706.21
82026,7874388.24
82027,8694003.73
82028,4453432.59
82029,3447920.38
82030,3610968.09
82031,9522935.85
82032,8119568.88
82033,102215748.66
82034,3017418.68
82035,3376001.5199999996
82036,2529616.82
82037,71410608.92999999
82038,17236953.09
82039,1650577.55
82040,3949096.84
82041,3614867.11
82042,11692044.46
82043,3874249.81
82044,10127563.83
82045,3338155.59
82046,2117245.3
82047,1181218.6800000002
82048,8647835.42
82049,17162905.28
82050,10906188.23
82051,9995774.53
82052,13198034.79
82053,3220682.55
82054,6200546.29
82055,1591075.0999999999
82056,3160984.6700000004
82057,3057185.7
82058,2331764.9699999997
82059,3906821.14
82060,2011833.73
82061,5688336.38
82062,8636732.02
82063,5017500.180000001
82064,1244062.47
82065,3907372.07
82066,5040279.1
82067,1803612.45
82068,1944530.72
82069,3016472.28
82070,511523.72000000003
82071,742232.01
82072,57515964.64
82073,6186965.26
82074,2646186.23
82075,33685941.41
82076,13037948.16
82077,4443144.63
82078,1657746.48
82079,25851284.23
82080,7350789.67
82081,1698518.86
82082,2985667.44
82083,1439566.36
82084,3895834.33
82085,8451253.67
82086,2334432.47
82087,21883450.9
82088,15813490.56
82089,13231512.129999999
82090,5526018.26
82091,1300782.91
82092,3256051.7199999997
82093,4269270.07
82094,14356901.58
82095,3332486.53
82096,21910370.89
82097,13191861.17
82098,5188121.42
82099,6322710.32
82100,2078440.93
82101,8377790.66
82102,2795987.29
82103,1528693.84
82104,2517738.2399999998
82105,8145849.36
82106,3098958.42
82107,428035.45
82108,5800944.11
82109,2783138.55
82110,10571927.75
82111,3827606.46
82112,123260188.52
82113,13831189.219999999
82114,2923425.9200000004
82115,23074487.259999998
82116,1916651.95
82117,13788910.43
82118,1480946.1600000001
82119,10008505.35
82120,2288412.38
82121,564550316.6700001
82122,1859679.88
82123,17499926.05
82124,20108382.34
82125,50339818.96
82126,8575161.98
82127,6682845.15
82128,1852287.17
82129,1169473.71
82130,7338067.09
82131,18236979.55
82132,9174078.549999999
82133,888986.46
82134,51848948.39
82135,5178923.9
82136,9507144.02
82137,9702452.1
82138,3885486.54
82139,2310897.5100000002
82140,3437180.5
82141,7635361.2299999995
82142,10956932.81
82143,964311.95
82144,6651899.35
82145,2851981.82
82146,765496.89
82147,5106784.96
82148,7061983.42
82149,15737961.46
82150,6737869.53
82151,6085454.27
82152,4015910.29
82153,1861567.36
82154,3740610.23
82155,42053488.33
82156,1970561.91
82157,1452229.51
82158,4072496.84
82159,4016142.95
82160,2813617.79
82161,18239444.28
82162,2184631.11
82163,1096416.1199999999
82164,1435102.2
82165,5517405.09
82166,3831016.7399999998
82167,9895689.82
82168,2755146.98
82169,20522024.14
82170,4256272.51
82171,9528723.33
82172,3699691.71
82173,8846775.129999999
82174,4662128.24
82175,3209771.47
82176,6459181.62
82177,1176645.83
82178,5830265.07
82179,15279855.08
82180,6567343.399999999
82181,3375102.21
82182,3444494.6
82183,2569666.44
82184,5808636.989999999
82185,2784596.85
82186,65841043.94
82187,10042083.54
82188,5182872.32
82189,9119054.82
82190,36525541.79
82191,4363312.34
82192,4993855.41
82193,2102609.66
82194,8112856.66
82195,6747911.88
83001,25834682.17
83002,11010417.03
83003,11331754.68
83004,58977164.739999995
83005,11662229.09
83006,3192941.13
83007,22994769.330000002
83008,25212904.849999998
83009,139538883.14
83010,5561609.67
83011,13712235.81
83012,29091804.59
83013,5560880.04
83014,12725797.120000001
83015,7771637.69
83016,60603078.26
83017,16673887.27
83018,23399958.57
83019,97055901.42999999
83020,5395739.99
83021,21215768.67
83022,3478348.05
83023,185015109.85999998
83025,12245967.459999999
83026,16621105.95
83027,44408645.08
83028,17978511.31
83029,25812258.03
83030,14717461.96
83031,45228516.1
83032,31806740.3
83033,24209832.79
83034,74285203.4
83035,35043651.85
83036,101878646.03
83037,14289982.93
83038,9408859.35
83039,6193160.899999999
83040,4078999.0
83041,9118668.09
83042,107651646.96
83043,23081887.87
83044,15606570.83
83045,15813903.28
83046,29364079.09
83047,136084170.65
83048,63291688.89
83049,78430792.65
83050,229527186.9
83051,12938681.74
83052,4593699.4799999995
83053,20486340.5
83054,82749010.76
83055,47562746.81
83056,25741094.15
83057,33379606.54
83058,27159719.86
83059,13377314.31
83060,6782870.85
83061,533577492.58
83062,328368583.36
83063,27237493.88
83064,32022320.39
83065,46332658.72
83066,13341845.04
83067,20534899.27
83068,103127846.47
83069,536273813.82
83070,105958708.28999999
83071,113446807.22
83072,83145594.89
83073,72096661.16
83074,7552108.02
83075,5854402.59
83076,9074479.9
83077,14247224.360000001
83078,8985466.51
83079,19742285.259999998
83080,9113598.92
83081,49012860.19
83082,11147305.25
83083,14656567.86
83084,11550223.48
83085,21809994.42
83086,84384604.89
83087,33229657.27
83088,20438814.69
83089,4788020.7299999995
83090,162982469.99
83091,60927636.3
83092,23401632.6
83093,17886402.81
83094,26783372.65
83095,11839085.9
83096,10401170.44
83097,34598673.32
83098,102347361.66
83099,118378651.39
83100,30510035.810000002
83101,82791962.76
83102,25125286.080000002
83103,30276519.91
83104,28953282.28
83105,2729070.31
83106,20878841.14
83107,240838601.24
83108,15544728.97
83109,10225340.2
83110,13692709.18
83111,11134013.92
83112,158940519.07
83113,24668416.39
83114,5213353.6
83115,207961092.78
83116,96458008.96
83117,13185305.16
83118,448860726.87
83119,232867992.17000002
83120,43115338.76
83121,48611492.17
83122,10656878.82
83123,236749287.85999998
83124,37794833.04
83125,18489705.95
83126,604421082.69
83127,45257912.14
83128,9662278.29
83129,351230514.69
83130,72354670.98
83131,44015096.0
83132,15512564.83
83133,22619951.28
83134,15476874.540000001
83135,13616635.02
83136,15798332.8
83137,1411671837.75
83138,30159546.48
83139,9517132.38
83140,26145938.81
83141,47744760.38
83142,8609017.22
83143,28941667.39
83144,215625191.75
83145,9533679.57
83146,11278759.18
83147,691329.81
83148,83920003.29
83149,16740079.03
83150,34522548.83
83151,13512595.43
83152,27021511.9
83153,56366447.71
83154,7767829.47
84001,12433041.1
84002,14394865.15
84003,117251853.47
84004,27983518.080000002
84005,3916460.55
84006,2425782.42
84007,1094486952.65
84008,8005345.32
84009,9380304.280000001
84010,6637220.16
84011,3572627.72
84012,24505594.15
84013,4676186.29
84014,11758681.88
84015,5761437.72
84016,33202594.240000002
84017,33352727.55
84018,4051001.1
84019,168087808.2
84020,17080881.14
84021,2245739.14
84022,5324013.49
84023,4241096.63
84024,6189553.09
84025,15243160.16
84026,42415585.34
84027,28589320.3
84028,10699288.879999999
84029,43613466.67
84030,23462976.42
84031,358083530.81
84032,6113458.95
84033,2643900.8000000003
84034,36816238.6
84035,221972822.14000002
84036,35035114.379999995
84037,25854230.81
84038,34159603.27
84039,51023288.65
84040,4516378.350000001
84041,8768245.38
84042,15534094.9
84043,65459561.15
84044,11709870.200000001
84045,5897757.56
84046,4129157.24
84047,35052012.32
84048,2670537.13
84049,12473415.7
84050,37824971.76
84051,17707072.45
84052,10569547.57
84053,19530493.75
84054,181590337.95
84055,10283517.01
84056,32122132.25
84057,7609394.26
84058,4617696.68
84059,3511103.8899999997
84060,3374706.56
84061,5539871.36
84062,10306407.629999999
84063,6272183.529999999
84064,25386475.7
84065,29317486.58
84066,3441312.5599999996
84067,16750602.079999998
84068,17576393.95
84069,24016516.88
84070,12926582.24
84071,15837242.52
84072,49731217.14
84073,21857487.150000002
84074,14971864.6
84075,4119288.3299999996
84076,8542909.41
84077,3674045.3
84078,40985593.07
84079,4969792.54
84080,76139304.94
84081,50618007.59
84082,23148371.8
84083,21678145.89
84084,6322256.859999999
84085,5665814.34
84086,16475633.219999999
84087,378214766.81
84088,73832290.78
84089,164568781.49
84090,6369629.5
84091,37831327.169999994
84092,146019092.57
84093,6537813.64
84094,7095305.5
84095,8303039.840000001
84096,9152217.1
84097,10122945.83
84098,5329689.99
84099,24824645.71
84100,2349759.17
84101,6084950.92
84102,20933887.43
84103,9202928.76
84104,9900196.59
84105,12215143.91
84106,27295587.3
84107,14673656.44
84108,15930989.49
84109,2379438.94
84110,1432506.3900000001
84111,3006758.51
84112,8254993.43
84113,6320909.86
84114,2548364.7800000003
84115,4849362.72
84116,8673072.559999999
84117,4939814.34
84118,28487566.73
84119,32623356.39
84120,3092438.6100000003
84121,3430360.49
84122,38017900.39
84123,18413312.54
84124,10825904.16
84125,2089079.04
84126,9208952.940000001
84127,24576076.69
84128,2098553.99
84129,171875776.64
84130,2160092.7399999998
84131,13617743.93
84132,56116968.38
84133,32407641.19
84134,5604729.53
84135,17337547.3
84136,11343208.620000001
84137,90662515.53
84138,85772921.24
84139,7048001.5600000005
84140,8385470.67
84141,101473430.63000001
84142,16501208.63
84143,12193942.16
84144,7118263.64
84145,9110574.66
84146,7219180.91
84147,24744778.52
84148,10591741.76
84149,10755779.799999999
84150,26560648.919999998
84151,3464016.8000000003
85001,23260820.55
85002,16262223.37
85003,74544162.35000001
85004,19890734.91
85005,10892560.5
85006,15412495.540000001
85008,51554467.99
85009,8709664.4
85010,13887946.790000001
85011,23907452.849999998
85012,34623378.93
85013,10672995.51
85014,10193219.69
85015,12050665.870000001
85016,21304653.330000002
85017,16733911.24
85018,32086005.009999998
85019,49828351.57
85020,33140056.77
85021,12143992.709999999
85022,11012935.99
85023,3346571.41
85024,10428579.91
85025,16567557.0
85026,11081437.129999999
85028,4208298.53
85029,21471424.21
85031,23438509.71
85033,6861372.29
85034,25228484.92
85035,76559340.92999999
85036,4259175.44
85037,4980994.5
85038,21281351.82
85039,42018909.589999996
85040,7567593.47
85041,2509315.81
85042,14865377.09
85045,11067529.88
85046,31866442.049999997
85047,199541857.99
85049,12278002.68
85050,13492650.24
85051,69679081.7
85053,3198611.81
85054,9915015.22
85055,6164439.45
85056,3926581.27
85058,7103491.37
85059,27031756.8
85061,11468056.72
85062,6455273.779999999
85064,17692526.5
85065,32640044.12
85066,7804820.54
85067,8468455.08
85070,31157301.56
85071,25253263.849999998
85072,12852993.34
85073,5598728.8100000005
85074,1565426.78
85076,28405217.54
85077,5401057.38
85078,6749894.72
85080,10822533.18
85081,33495750.04
85082,31785447.54
85083,19766867.22
85084,81363243.45
85086,13589913.38
85087,3338108.76
85088,34462810.05
85089,41074588.22
85090,65145735.550000004
85092,151827161.01
85093,9683639.41
85094,11433996.87
85095,13031145.49
85096,33013949.54
85097,32957042.7
85098,15808913.09
85099,11364350.129999999
85100,20993697.21
85101,3919941.1700000004
85102,7098339.85
85103,13754307.33
85104,8073095.34
85105,4889451.77
85106,20869603.45
85108,28874711.419999998
85109,166894171.91
85110,6784920.77
85111,13554422.64
85112,18878705.7
85113,87728840.31
85114,45650972.22
85115,6136863.88
85116,4163202.28
85117,4490431.4799999995
85118,17532859.8
85119,19692871.95
85120,13764444.13
85121,7529299.050000001
85123,1993096.45
85125,2976021.51
85126,10092937.77
85127,33439570.32
85128,72513477.48
85129,29509051.8
85130,12596707.06
85131,9776484.72
85132,7090549.92
85133,9977959.77
85134,4672182.66
85135,28157665.43
85136,1039199.43
85137,5368038.09
85138,9739835.6
85139,4928741.180000001
85140,20814595.7
85141,5993031.29
85142,6935457.78
85143,7516471.35
85144,12585080.790000001
85145,8526736.67
85146,177289052.79
85147,13299998.82
85148,4304118.02
85149,3898314.96
85151,88074193.14999999
85152,46991552.36
85153,30065614.92
85154,21455934.79
85155,51441719.24
85156,18537892.22
85157,5018414.6899999995
85158,9284680.12
85159,15793418.850000001
85160,24626928.62
85161,20749562.28
85162,17056620.78
85163,86555535.57
85164,50091191.32
85167,7220442.8
85169,9743198.72
85171,3795047.0100000002
85172,20289314.6
85174,4124886.33
85175,6446718.8100000005
85176,7958332.2
85177,11116583.2
85178,70066651.07000001
85179,8680561.93
85181,5950440.91
85182,60492089.14
85184,3029618.96
85185,5419658.24
85186,9201804.34
85187,6916829.82
85188,11857265.72
85189,14729648.43
85190,37143564.99
85191,629053087.2
85192,7614349.52
85193,3957694.86
85194,578306521.4300001
85196,13873398.7
85197,22403177.240000002
85198,11961062.92
85199,6348945.85
85200,7590880.24
85201,4283998.01
85202,12825905.78
85204,19296046.59
85205,8045627.170000001
85206,3571721.44
85207,6299252.24
85208,21321007.3
85209,4263838.64
85210,16740403.149999999
85211,23329943.59
85213,28827103.22
85214,20286368.08
85215,43993554.38
85216,17551359.83
85218,10604161.99
85220,12403166.299999999
85221,19612795.259999998
85222,143575553.59
85223,25850246.5
85226,187144560.98
85227,14908809.93
85229,7299980.850000001
85231,5537337.649999999
85232,11059494.549999999
85233,6208286.0
85234,172520017.53
85235,4332088.43
85236,15934031.920000002
85237,3884241.51
85238,44813558.25
85239,10668675.5
85240,14764839.39
85242,8465587.12
85243,22049607.2
85244,8367421.01
85245,3772145.2300000004
85246,17684630.27
85247,8554899.04
85248,4617749.45
85250,18852343.49
85251,5697077.61
85252,5497630.32
85254,11865889.090000002
85255,20243401.669999998
85256,9467361.06
85259,9412836.66
85260,7329835.31
85261,4005639.47
85262,22153830.68
85264,12041049.5
85265,8927508.91
85266,14921365.42
85267,6321448.06
85268,12180875.280000001
85269,3663903.51
85271,2757121.46
85273,9376620.01
85274,2651310.36
85276,5022603.29
85277,12291075.05
85278,17133030.16
85280,27751379.81
85281,8420398.34
85282,5526611.95
85284,32428713.919999998
85285,5529538.09
85286,3364106.69
85287,6169932.71
85288,103823115.09
85289,11557515.69
85290,4255401.59
85291,11083513.540000001
85292,5828429.22
85293,15752435.74
85294,85739148.76
85295,21756558.97
85296,11465188.26
85297,9447422.42
85298,20069171.68
85300,40623819.47
85301,13060488.86
85302,48350041.08
85303,12276323.65
85304,6533557.87
85305,7937746.29
85306,5892962.77
85307,33597924.3
86001,6025831.95
86002,2789523.53
86003,2125185.9299999997
86004,5614530.26
86005,6827688.3
86006,3733471.39
86007,7890551.49
86008,4766989.7299999995
86009,7927299.89
86010,3702149.53
86011,2545937.86
86012,2962221.32
86013,1561667.4800000002
86014,12525756.26
86015,20105111.49
86016,14422220.63
86017,10148214.63
86018,2488234.5100000002
86019,24173959.89
86020,1693761.1
86022,2843429.67
86023,2276823.34
86024,9637461.049999999
86025,3412261.15
86026,6262511.6
86027,15336642.68
86028,6429144.68
86029,7430094.66
86031,10147471.2
86032,19532730.22
86034,8804117.200000001
86035,1698751.3
86036,5942780.86
86037,5351064.68
86038,2491545.9
86039,5524344.470000001
86040,10598896.53
86041,44795065.910000004
86042,10368743.23
86044,5071576.859999999
86045,9757266.31
86046,20970825.9
86047,2347641.9499999997
86048,8113328.62
86049,3140760.73
86050,7968020.72
86051,2495101.17
86052,8817997.62
86053,14026758.16
86054,3219800.4000000004
86055,3554556.4
86058,2882910.0300000003
86059,8909539.43
86061,11843802.47
86062,46808978.379999995
86063,2934393.27
86064,5780190.89
86065,4184848.83
86066,291684008.61
86068,16146267.92
86069,2180895.68
86070,78342269.66
86072,4137956.87
86073,4072384.1
86074,10001106.5
86075,5509974.32
86076,20239880.68
86077,48703516.81
86078,24476819.86
86079,6784206.9
86080,3013817.35
86081,7280000.42
86082,34861060.74
86083,9259813.57
86084,4888699.1
86085,3490316.0100000002
86086,7813066.13
86087,2043860.99
86088,7417486.04
86089,3558894.15
86090,2216191.35
86091,3293093.73
86092,34462149.81
86093,1464429.8499999999
86094,3836976.56
86095,28452336.03
86096,5512139.069999999
86097,3376850.9
86098,1754509.52
86099,6718808.069999999
86100,24858367.919999998
86102,2302538.04
86103,21828677.31
86104,4124503.2199999997
86105,3034158.45
86106,1310635.7
86107,6201803.04
86108,6022187.01
86109,1496992.51
86110,2120908.5
86111,58679403.24
86112,15017295.36
86113,18678669.11
86114,7936349.62
86115,55157393.01
86116,7448267.46
86117,2433969.27
86118,4295765.9
86119,2591522.1599999997
86120,10513512.52
86121,11739713.3
86122,1369186.55
86123,29268426.27
86124,5434243.42
86125,5654792.64
86126,6209978.24
86127,4004011.24
86128,29584820.25
86129,5123395.9399999995
86130,3889095.53
86131,12524030.47
86132,3527932.67
86133,24910865.51
86134,2296840.44
86135,3581998.13
86136,3718678.39
86137,107497938.63999999
86138,3016925.34
86139,25282091.95
86140,36738441.53
86141,3951084.2
86142,4288235.32
86143,2367712.6
86144,2869504.6100000003
86145,7880173.96
86147,3277332.1999999997
86148,3549998.41
86149,3474073.13
86150,2983107.24
86151,2116336.46
86152,6654054.97
86153,8783388.88
86154,3056232.5900000003
86156,2241663.81
86157,25255059.029999997
86158,42212518.4
86159,6395265.41
86160,27316483.87
86161,12601216.56
86162,2112200.09
86163,18198398.41
86164,5744246.01
86165,61705325.39
86167,12690912.229999999
86169,4935885.55
86170,4629594.26
86171,4592366.01
86172,5181929.11
86173,5728327.2700000005
86174,37761225.949999996
86175,2826731.36
86176,2058671.29
86177,51900558.5
86178,16560530.1
86180,18589367.82
86181,2285840.1999999997
86182,2373429.66
86183,18501893.919999998
86184,6881413.7
86186,9794770.01
86187,4580459.2
86189,4254554.04
86190,10737536.94
86191,3625807.64
86192,3891783.9599999995
86193,15735929.83
86194,750123002.66
86195,6688085.04
86196,2521142.09
86197,3184851.7800000003
86198,4163569.75
86200,8091560.26
86201,3830694.9
86202,5158696.79
86203,5804441.840000001
86204,12975072.32
86205,2117502.14
86206,1528272.8800000001
86207,41411211.86
86209,10740949.07
86210,6272153.26
86211,7953600.41
86213,21138942.8
86214,39419286.61
86217,2198585.62
86218,1556251.96
86220,2135574.33
86221,10549863.19
86222,30532921.95
86223,8474313.68
86224,17396732.05
86225,13356167.55
86226,20810839.11
86227,2070062.24
86228,3375585.3800000004
86229,4153499.02
86230,2771485.2399999998
86231,3600202.85
86233,34538406.44
86234,3713505.5100000002
86235,9080794.08
86236,10151349.23
86237,7062110.27
86239,1878028.3
86241,4851423.7700000005
86242,2978765.89
86244,11747026.65
86245,17992811.02
86246,18161054.93
86247,4089618.4
86248,7263806.06
86249,1927230.19
86250,2538815.3
86252,7034410.38
86253,4626642.57
86254,8696745.62
86255,7258015.140000001
86256,6770452.45
86257,4535639.2
86258,21291037.79
86260,3094658.34
86261,14863771.719999999
86262,6732035.68
86263,21199803.5
86264,7434480.89
86265,3581352.31
86266,1926525.86
86268,7846658.44
86269,2018280.4599999997
86270,2690937.35
86271,5351025.4399999995
86272,15809013.200000001
86273,10064297.9
86274,17088255.41
86275,5385128.529999999
86276,12356432.35
86279,4028956.46
86280,3341555.98
86281,31458191.49
86284,4635646.49
86285,17128478.94
86286,2483765.8
86287,3740984.73
86288,8118719.130000001
86289,11268867.19
86290,8941661.93
86291,1876948.69
86292,3888715.62
86293,41449250.68
86294,31701032.67
86295,3143138.78
86296,4094272.16
86297,37068899.85
86298,19829532.82
86299,4785359.65
86300,1731764.79
87001,73459773.53999999
87002,55604703.01
87003,8709088.46
87004,2169109.35
87005,5351181.38
87006,2005373.34
87007,2358872.59
87008,1242679.59
87009,3893916.2399999998
87011,44254011.16
87012,3889846.6
87013,8223907.52
87014,41978379.53
87015,2228979.09
87016,2963983.75
87017,3772307.83
87018,8745898.0
87019,23474714.41
87020,11307663.31
87021,22739709.52
87022,1579559.52
87023,1513287.17
87024,10092130.08
87025,3579505.58
87027,10819405.69
87028,20831774.03
87029,11995369.98
87030,6348224.52
87031,3049812.0
87032,20354932.85
87033,9200691.719999999
87034,6057965.7700000005
87035,2673177.23
87036,6737753.86
87037,3176614.0
87038,12349749.89
87039,6218924.77
87040,19886922.37
87041,22969203.31
87042,3990600.34
87043,2446591.4499999997
87044,2499619.09
87045,6421250.46
87046,7181795.8100000005
87047,15561892.049999999
87048,34804570.39
87049,8815857.97
87050,85466908.04
87051,7541683.09
87052,1698741.66
87053,2101854.66
87054,14987164.4
87056,2283967.62
87057,5397824.75
87058,3470244.48
87059,15464452.85
87060,8763593.709999999
87061,3302045.85
87062,2020907.67
87063,7533420.71
87064,29540610.07
87065,76663274.47
87066,8457705.12
87067,5576690.03
87068,3401178.96
87069,2020321.8599999999
87070,5419231.69
87071,5947892.13
87072,4488180.22
87073,3032921.66
87074,1730704.18
87075,62521671.01
87076,2901052.16
87077,3978460.41
87078,4171736.37
87079,8214582.640000001
87080,4742628.29
87081,4539876.03
87082,10830438.59
87083,6060133.31
87084,1445713.72
87085,1538920293.04
87086,9390475.86
87087,4881788.5
87088,7130783.49
87089,18239058.49
87090,2853950.57
87091,5986164.34
87092,5523883.09
87093,2558632.92
87094,2638487.5
87095,6749670.96
87096,6614631.26
87097,12982234.19
87099,5830714.66
87100,3740038.27
87101,2946041.29
87103,21556047.6
87104,11341293.42
87105,7853349.25
87106,22177591.51
87107,12400146.27
87108,4855055.39
87109,3956597.27
87110,18934582.35
87111,16271610.9
87112,3952749.83
87113,53992414.59
87114,76555964.53999999
87115,1892200.4200000002
87116,6049937.49
87117,19978750.87
87118,5403601.39
87119,13123198.92
87120,4951439.89
87121,4852695.99
87122,10526464.18
87123,2753511.7
87124,3863898.19
87125,27494589.86
87126,34252679.09
87127,4172148.67
87128,9565308.2
87129,7837895.12
87130,1361120.42
87131,20055837.81
87132,2205205.0300000003
87133,3824974.86
87134,3353019.55
87135,8850640.76
87137,1611017.57
87138,5499192.47
87139,3704672.36
87140,8607210.25
87141,6430021.51
87142,4232046.51
87143,12666701.24
87144,4678827.38
87145,1799070.42
87146,13448420.7
87147,1348768.0
87148,6718391.37
87149,3586162.49
87150,6402140.970000001
87151,4826881.95
87152,12787687.21
87153,6585748.93
87154,112163379.45
87155,2346904.52
87156,21689209.83
87157,7183861.44
87158,18566364.03
87159,4894470.58
87160,3711034.99
87161,50763255.57
87162,2156891.23
87163,2432134.97
87164,3787525.66
87165,1206187.22
87166,5845155.64
87167,11037352.33
87168,13637575.42
87169,5950187.04
87170,3285413.94
87172,2897275.23
87174,9964119.02
87176,5003587.18
87177,10037117.23
87178,20380800.46
87179,2624029.42
87180,8201220.649999999
87181,12500718.290000001
87182,14429836.7
87183,6527679.27
87185,8288278.100000001
87186,2409161.53
87187,101811879.64
87188,1855922.94
87189,3389011.9499999997
87190,10314190.8
87191,12769764.17
87192,14097388.09
87193,1168002.92
87194,5560837.03
87195,1531506.48
87197,2878768.97
87198,3438109.27
87199,6585716.94
87200,1440771.96
87201,28571067.56
87202,10976084.47
87203,8412417.3
87204,2413302.24
87205,14291401.540000001
87206,2116992.05
88001,885825.14
88002,1790827.75
88003,989549.68
88004,1871303.8599999999
88005,3134433.57
88006,3268906.79
88007,1400203.01
88008,2338789.25
88009,23946929.1
88010,3161159.96
88011,25182560.95
88012,8267713.89
88013,1032125.3099999999
88014,2366358.39
88015,4151883.06
88016,4075954.63
88017,2190336.71
88019,2611768.63
88020,1068809.99
88021,1915813.78
88022,1479572.13
88023,2187273.79
88024,1139972.59
88025,1893223.04
88026,8593921.27
88027,1908011.76
88028,4609590.62
88029,25173788.490000002
88030,1593484.11
88031,2309864.28
88032,12100462.88
88033,6017852.4799999995
88035,1118399.18
88036,1040601.0399999999
88037,6142673.58
88038,203624.37
88039,3700511.02
88040,2460371.3
88041,2275256.0300000003
88042,1117300.69
88043,2148464.64
88044,8356788.54
88045,2030186.3399999999
88046,1247490.96
88047,1245556.73
88048,9156874.0
88049,2053221.85
88050,1852917.47
88051,1787590.45
88052,1389315.11
88053,1490244.43
88054,2190607.4899999998
88055,1647894.22
88056,1196239.48
88057,982912.74
88058,1479108.4
88059,3758815.0900000003
88060,408688.13
88061,5811432.93
88062,832392.14
88063,1712359.51
88064,1189486.38
88065,4217470.24
88066,677414.38
88068,4143494.48
88069,4677941.4
88070,3001011.32
88071,1208115.05
88073,1434890.64
88074,1404269.03
88075,88050508.53
88076,4954676.18
88077,4026444.09
88078,22794050.26
88079,38396147.29
88080,4615190.3
88081,15643937.01
88082,8078619.34
88083,5169705.75
88084,5838257.45
88085,1785286.77
88086,3888511.72
88087,21122618.97
88088,14005129.879999999
88089,5625272.75
88090,45881851.73
88091,2082243.75
88092,6407858.16
88093,1229508.01
88094,17183712.14
88095,30773064.080000002
88096,1402869.95
88097,356765.73
88098,7983292.59
88099,22697047.04
88100,1099928.48
88101,13070348.0
88102,2685499.14
88103,2376872.56
88104,3071776.59
88105,2704456.21
88106,6376340.43
88107,872993.72
88108,5367933.97
88109,4235228.09
88110,2775962.3
88111,2773426.92
88113,1540056.28
88114,55645091.78
88115,24270035.68
88116,40128972.21
88117,842855.7899999999
88118,10134608.55
88119,2127106.85
88120,6216357.49
88121,3156549.37
88122,4122744.49
88123,2831752.49
88124,10916241.6
88125,880411.1900000001
88126,8595676.42
88127,838463.06
88128,1483932.47
88129,1658341.23
88130,2751525.19
88131,2166268.55
88132,17157186.43
88133,2086034.7000000002
88134,5692323.48
88135,12941610.25
88136,20054391.52
88137,1194714.39
88138,1736737.17
88139,1124936.3499999999
88140,4774202.25
88141,3458807.93
88142,5084074.75
88143,5516966.15
88144,920115.44
88145,1324155.5999999999
88146,2344779.2399999998
88147,3306169.69
88148,13968657.19
88149,959872.07
88150,5600323.37
88151,14976405.2
88152,3791899.82
88153,6432019.69
88154,2828146.04
88155,1937312.23
88156,2085073.6
88157,6939631.9799999995
88158,41395152.9
88159,4510687.930000001
88160,439838524.90000004
88161,5934261.93
88162,3009414.33
88163,5601396.74
88164,1697840.22
88165,24171791.959999997
88166,2434824.9
88167,2025176.97
88168,1274541.49
88169,1640895.54
88170,5465528.36
88171,900898.8200000001
88172,1971787.2
88173,4417833.5
88174,3408590.2399999998
88175,4402771.41
88176,8326615.96
88177,5177297.6
88178,17510750.57
88179,875920.2600000001
88180,2379073.47
88181,22932053.25
88182,2616210.52
88183,3173944.94
88184,6010784.28
88185,969697.65
88186,601209.28
88187,1058165.68
88188,12701401.49
88189,1921535.93
88190,2693515.87
88192,1410143.17
88193,2220955.94
88194,2222081.4099999997
88195,1849967.4
88196,130994003.41
88197,4067933.05
88198,4953909.7299999995
88199,1119313.97
88200,1409255.73
88201,10531840.219999999
88202,1576686.23
88203,3266094.49
88205,4644761.22
88206,17435691.15
88208,2161462.59
88209,128295233.1
88210,2709405.41
88212,5317519.8
88213,2559168.46
88214,1511562.5
88215,1252893.94
88216,4225160.6
88218,19446064.15
88219,1469686.49
88220,659442.18
88221,3265033.9999999995
88222,2082032.53
88223,2610808.19
88224,3645462.77
88225,19474516.810000002
88226,2211838.67
88227,1583927.04
88228,2046549.23
88229,1810368.0699999998
88230,611762.17
88231,11059212.39
88232,3222440.46
88233,8381309.090000001
88236,3093500.98
88237,2881724.46
88238,5112651.48
88239,1264759.5
88240,2030188.28
88241,4724208.02
88242,1204062.6400000001
88243,3760248.79
88244,6660771.7
88245,1893461.58
88246,5975085.62
88247,10463224.35
88248,3124963.9699999997
88249,2392153.3000000003
88250,1741025.46
88251,12958580.68
88252,3110346.9699999997
88253,18018901.89
88254,1630395.6700000002
88255,1150967.3399999999
88256,2379341.17
88257,2144046.0700000003
88258,8967066.03
88259,3177560.3
88260,3132201.85
88261,7514274.4799999995
88262,3465446.15
88263,2261134.52
88264,790843.8300000001
88265,534075.86
88266,9402652.27
88267,6490615.81
88268,896614.0700000001
88269,2522639.08
88270,15229000.040000001
88271,3936904.99
88272,1863826.88
88273,5911003.58
88274,1280607.67
88275,2229243.72
88276,8580000.4
88277,1011865.25
88278,1094009.47
88279,1419589.77
88280,1697904.2
88281,2135987.0
88283,1057570.05
88284,2983526.73
88285,6145345.71
88286,1176354.86
88287,1038711.24
88288,828699.67
88289,8469190.68
88290,1695962.1099999999
88291,1873751.39
88292,12997825.18
88293,3451327.08
88294,6433838.55
88295,3343840.23
88296,1175551.11
88297,1552629.37
88298,3390854.4899999998
88299,1187124.48
88300,1658054.12
88301,3187461.27
88302,11049378.91
88303,6019006.07
88304,47566090.89
88305,1641712.56
88306,436305.64
88307,1380048.13
88308,4344133.73
88309,2886942.15
88310,9428527.68
88311,964369.36
88312,5399717.89
88313,3463106.1
88314,1848116.56
88315,1900999.98
88316,801723.0
88317,6635807.7
88318,4226763.2299999995
88319,30695225.66
88320,5195728.16
88321,64694187.58
88322,4365914.78
88324,5439340.88
88325,3370019.1500000004
88326,2449575.23
88327,16260418.01
88328,6665576.12
88330,4070278.85
88331,701088.68
88332,3286554.71
88333,1068367.81
88334,3220971.54
88335,1806604.45
88336,1260442.21
88338,1228656.23
88340,6161666.59
88341,4100963.84
88342,3300346.67
88343,2565606.11
88344,3563369.81
88345,1357012.42
88346,5620172.99
88347,2191887.2
88348,1745548.98
88349,15815428.53
88350,1070890.39
88351,27580417.04
88352,2504312.48
88353,2030471.3499999999
88354,1022839.14
88355,14030938.889999999
88356,1693739.0
88357,12707626.51
88358,16512155.84
88359,528105.74
88360,2215910.2
88361,14198323.26
88362,862250.34
88363,2074637.36
88364,1985093.13
88365,3071540.26
88366,3013430.09
88367,49003632.03
88368,1550416.83
88369,19513632.5
88370,1364714.27
88371,11893707.82
88372,67179747.02
88373,1720747.4
88374,557493.2100000001
88375,2784976.78
88376,5973277.72
88377,2630746.54
88378,2682290.85
88379,5206860.25
88380,2166642.3200000003
88381,4021442.35
88382,1072892.3
88383,140707193.73999998
88385,7038183.399999999
88386,3375810.57
88387,3489458.93
88388,985846.2100000001
88389,1070895.18
88390,1902926.96
88391,5891186.149999999
88393,4146117.11
88394,987504.9400000001
88395,3881615.25
88398,1532093.6300000001
88399,1767328.31
88400,3625870.32
88401,7081609.959999999
88402,5141785.61
88403,4035362.07
88404,959183.17
88406,2306644.75
88407,1901724.4
88408,34532451.62
88409,12630565.8
88410,2667921.55
88411,1796476.91
88412,4776060.56
88413,207464409.92
88415,31092341.169999998
88416,2002893.93
88417,4595838.17
88418,3895524.57
88419,1820545.29
88421,1934945.82
88423,10813049.92
88424,25004026.02
88425,2380497.31
88426,12494433.879999999
88427,1748916.7000000002
88428,20259279.67
88429,43391137.61
88430,5976168.18
88431,2065845.43
88432,1528807.81
88433,1295073.48
88434,3181279.3899999997
88435,3342500.61
88436,1135752.94
88437,1186621.31
88438,3798677.2800000003
88439,8374276.07
88440,2726970.89
88441,2715967.5300000003
88442,5562076.43
88443,1966313.21
88444,1672112.43
88445,12415297.19
88446,5496155.74
88447,41648811.97
88448,1877984.4300000002
88449,1270392.66
88450,2533441.71
88451,28049986.669999998
88452,2197763.4899999998
88453,1965134.18
88454,2854569.7399999998
88455,1593624.4000000001
88456,1166106.77
88457,1746596.59
88458,4723912.56
88459,746766.37
88460,5934481.28
88461,3238723.15
88462,12911557.87
88463,9503913.45
88464,7506258.54
88465,116404737.18
88466,3208777.04
88467,4422671.390000001
88468,30640951.2
88469,1168209.6199999999
88470,18953303.490000002
88471,2232388.5100000002
88472,1682901.3
88473,1714668.46
88474,1046394.0
88475,2929561.66
88476,1453165.05
88477,2289713.12
88478,1974182.96
88479,3216005.46
88480,1810690.73
88481,12807418.43
88482,1541321.48
88483,15096414.809999999
88484,8881390.71
88485,1432780.1
88486,24078619.89
88487,34849955.480000004
88488,2509282.3
88489,4306161.49
88490,1925842.42
88491,1662217.43
88492,5032940.04
88493,646969.35
88494,1812701.51
88495,1738953.8
88496,1460191.26
88497,4767905.05
88498,7304649.95
88499,2829250.02
88500,12239086.56
88501,1025884.0
88502,1079146.43
88503,1606703.14
88504,2860582.84
88505,1623493.82
88506,791626.02
88507,3031852.54
88508,7424908.23
88509,2818868.6700000004
88510,2924826.92
88511,1193444.1900000002
88512,1426262.1500000001
88513,19582458.48
88514,3510778.64
88515,1526289.5299999998
88516,124326888.88
88517,2294178.44
88518,699489.56
88519,2761852.36
88520,4861808.84
88521,3972855.7399999998
88522,674790.3
88523,2378744.86
88524,3203777.35
88525,1855780.26
88526,4453621.66
88527,3287690.09
88528,2053592.57
88529,1102135.55
88530,31264678.97
88531,16665330.450000001
88532,1155219.32
89002,1753109.14
89003,25550585.27
89004,4225776.17
89005,5877636.89
89006,1534255.1600000001
89007,4197406.56
89008,1659029.27
89009,2771243.65
89010,1789008.77
89011,2662027.68
89012,1496945.44
89013,27421599.0
89014,3653912.51
89015,3531794.45
89016,722931.98
89017,2826658.79
89018,3516635.46
89019,2475847.2
89020,1625519.73
89021,4019737.07
89022,1494388.18
89023,5535960.91
89024,475015455.25
89025,72813061.2
89027,2258896.48
89028,676181.63
89029,5777495.01
89030,3349034.1
89031,2939536.07
89032,1074273.48
89033,1582888.99
89034,10034695.07
89035,2211795.93
89036,1180978.56
89037,1743096.9000000001
89038,1278529.96
89039,602985.1
89040,1699781.4300000002
89041,1658474.64
89042,2587963.69
89043,1556346.92
89044,806366.97
89045,3170805.32
89046,16277376.28
89048,2405111.95
89049,458778.91
89050,5018394.359999999
89051,3202450.35
89053,2835496.33
89054,2405404.48
89055,23036303.21
89056,3446994.83
89057,3070584.21
89058,2313303.27
89059,8770379.42
89060,1827048.6
89061,1851161.26
89062,5843820.51
89063,3864459.8000000003
89064,614768.16
89065,521790.85
89066,9866854.73
89067,4745708.6
89068,26397147.290000003
89069,9094669.29
89071,1377393.8
89072,4004990.08
89073,9723384.870000001
89074,10559434.17
89075,3450301.08
89076,5324004.28
89077,11688281.89
89079,1797809.0899999999
89080,3845756.37
89081,1930202.32
89083,14223202.93
89084,2666324.8600000003
89085,5625341.890000001
89086,57002439.89
89087,2983412.42
89088,2414786.8000000003
89089,1585437.22
89091,8133195.8
89092,2201390.31
89093,3139223.84
89094,3064963.74
89095,1508832.1099999999
89096,8303126.01
89098,795698.16
89099,13888759.63
89100,9790736.38
89101,5448666.22
89102,18384731.66
89104,4252426.350000001
89105,2088128.8
89108,4901190.93
89111,2050555.29
89112,3081275.47
89113,2305266.1
89115,992291.9800000001
89116,1834259.64
89117,2209218.2199999997
89118,9519207.450000001
89119,9952845.67
89120,1601665.25
89122,2691048.9099999997
89123,2447046.07
89124,7512404.1899999995
89125,9201263.68
89126,224032.08000000002
89127,5339350.34
89128,2293266.34
89129,3532094.13
89130,13095000.28
89131,4853586.07
89132,2250195.36
89133,2669785.0100000002
89134,3067271.9
89136,4522515.74
89137,1533071.4100000001
89139,8845623.76
89141,1934744.07
89142,4095562.16
89143,2793748.2
89144,5363257.62
89145,3991637.83
89146,1598980.4300000002
89147,2125486.86
89148,4114541.07
89149,1932151.3199999998
89150,1832592.0
89151,8236070.64
89152,2038493.65
89153,6534732.18
89154,7383079.779999999
89155,4489586.72
89156,2032191.55
89158,5161707.3
89159,7275011.14
89160,8141808.53
89161,1805622.53
89162,1770618.97
89163,8162687.109999999
89164,875981.2000000001
89165,1134839.28
89167,9035303.15
89168,2074592.79
89169,13783575.31
89170,1449786.07
89171,1115852.73
89172,3490265.5
89173,3281213.44
89175,3121900.23
89176,1787195.98
89177,866515.62
89179,3560395.34
89180,4324443.2
89181,1038670.96
89182,1233443.01
89183,1047499.36
89184,1055451.28
89186,6335348.66
89187,1002834.64
89188,1961430.1
89189,2633655.81
89190,1923647.31
89191,957006.42
89194,1368448.9000000001
89195,23108403.52
89196,13092069.59
89197,8556384.87
89198,12804684.25
89199,3778941.38
89200,2173286.32
89201,20695298.939999998
89202,4754150.12
89203,2851448.98
89204,8768132.370000001
89205,4872113.7
89206,99136549.61
89207,831822.5900000001
89208,12418554.040000001
89209,4047621.81
89210,2016705.6600000001
89211,515781.85
89212,3447068.27
89214,2097550.95
89215,1826028.7
89216,5497189.65
89217,1767188.91
89218,5868117.7
89219,1530349.01
89220,4829648.18
89221,2876297.31
89222,3207944.0
89223,10379587.75
89224,940033.72
89225,1022692.48
89226,3382821.56
89227,17079430.64
89228,6258897.92
89229,1898504.94
89230,2858103.94
89232,3790415.75
89233,1905529.27
89234,1528713.86
89235,7683386.82
89236,7526982.9799999995
89237,3842718.5100000002
89238,4067636.52
89239,10471083.89
89240,2366917.2199999997
89242,8852657.81
89244,1002939.17
89245,3512062.17
89246,4099100.1599999997
89247,2187566.5
89248,871723.1900000001
89249,630794.93
89250,2223042.34
89251,2822639.28
89252,2005626.8
89253,2104927.18
89254,8391419.32
89255,6274761.87
89256,5051374.5600000005
89257,72142195.53
89259,2002338.82
89261,1515000.17
89262,4098671.2899999996
89263,56513398.91
89264,4257232.16
89265,6025176.05
89266,1958019.51
89267,3365442.8499999996
89268,5186397.86
89270,1077605.55
89271,1924071.82
89272,2287768.31
89273,4327667.73
89274,6499394.99
89276,6783204.86
89277,4480647.33
89278,2744663.42
89279,8929135.19
89280,3221940.12
89281,1717104.57
89282,3686161.0900000003
89283,7377306.5
89284,2309278.5
89285,1408010.99
89286,5811425.77
89287,36231075.370000005
89288,2720104.61
89289,1170010.56
89290,1522223.09
89291,3092414.4099999997
89292,1738675.62
89295,14039326.97
89296,4006884.75
89297,1441466.81
89298,5148130.95
89299,737162.54
89300,719223.17
89302,899173.01
89303,2621352.29
89304,4459627.14
89306,1529244.2
89307,8735833.67
89308,1734895.08
89309,22445528.18
89310,1131526.24
89311,10639647.33
89312,5812547.19
89313,3052423.48
89314,2445739.0500000003
89315,1497443.22
89316,2072647.97
89318,8995403.59
89319,2110421.5500000003
89320,935383.1399999999
89321,6508939.260000001
89323,1895839.23
89324,6821852.37
89325,1111078.94
89326,6055699.24
89327,4274110.6899999995
89328,2237326.74
89329,1949213.2
89331,4859297.82
89332,5171914.09
89333,1922938.63
89334,4574105.61
89335,1523766.48
89336,3287077.48
89337,9907733.76
89338,22092070.64
89339,2145450.51
89341,4276855.54
89342,7960989.98
89344,19545613.849999998
89345,54803549.54
89346,24127538.73
89347,5018427.0200000005
89348,31691237.849999998
89349,4982367.47
89350,1813375.6099999999
89351,4839024.9
89352,4378967.850000001
89353,2131167.61
89354,8044020.8100000005
89355,1450443.46
89359,3229837.28
89360,2898475.7399999998
89361,1188655.8
89362,1715342.89
89363,392268.22
89364,5361639.34
89365,6738211.54
89367,6937350.569999999
89368,11524531.62
89369,2214969.14
89370,13511375.819999998
89371,1862208.7
89373,4840781.38
89374,1034001.99
89375,1142761.5
89376,3142408.91
89377,533120.29
89378,12195992.62
89379,1644721.4200000002
89380,3876149.52
89382,10849861.87
89383,1902518.94
89384,5724118.7700000005
89385,1186552.58
89386,1196934.61
89387,259305018.04
89388,3549707.87
89390,3070139.09
89391,14445264.059999999
89392,1558131.73
89393,1339067.56
89394,511865.42000000004
89395,4890331.01
89397,2380460.9899999998
89398,6163858.5600000005
89399,9550808.59
89400,3061101.58
89402,1009051.36
89403,2379641.65
89404,3780881.61
89405,7075612.94
89406,1270392.18
89407,14399142.82
89408,3333662.8
89409,1133459.2
89410,1081754.45
89411,6709777.96
89412,1675498.69
89413,1504253.6400000001
89414,8275275.5
89415,2590430.98
89416,4101664.4099999997
89417,1220709.87
89418,63170828.93
89419,23818229.91
89420,14902459.74
89422,917356.4400000001
89423,1259389.29
89424,991494.01
89425,6142887.84
89426,4767553.19
89427,5612801.77
89428,5372482.7
89430,4601446.78
89431,700979.98
89432,3594667.21
89433,3468933.55
89434,2870899.99
89436,7927901.21
89437,2511451.43
89438,13688120.559999999
89439,11516051.959999999
89440,1833360.1400000001
89441,13744974.76
89442,1569612.44
89443,14147012.24
89445,1412632.09
89446,20709773.09
89447,1745108.53
89449,7188042.28
89450,3248886.09
89451,2216856.83
89452,1494741.71
89453,7656088.970000001
89456,4139613.4699999997
89458,1296039.64
89459,2630832.19
89460,30692610.91
89461,9555198.0
89462,3434437.15
89463,2226780.8200000003
89464,42129776.31
89465,1710064.49
89466,3285418.0100000002
89467,3564967.6
89468,2777862.8200000003
89469,5228899.4799999995
89470,3166369.5700000003
89471,2187287.56
89472,7674049.859999999
89474,2424377.31
89475,2092556.5
89477,1661438.19
89478,10639154.91
89479,2404609.73
89480,8085919.05
89481,938900.2
89482,1510588.2
89483,3466404.54
89485,777146.7
89486,2469440.12
90001,9871030.06
90002,2457820.24
90003,4805766.0600000005
90004,11442901.99
90005,3778952.86
90006,2480997.11
90007,2774367.33
90008,37099074.78
90009,43268661.41
90010,614868138.88
90011,2308233.37
90012,16321454.45
90013,1944993.46
90014,3763892.79
90015,2992199.42
90016,678517.46
90017,17815876.75
90018,2120891.26
90019,1403447.45
90020,2309270.78
90021,2656797.12
90022,28346225.299999997
90023,6375314.75
90024,1535134.0
90025,2384812.35
90026,12886665.870000001
90027,2549657.71
90028,3101031.32
90029,14393444.7
90030,1393144.94
90031,1807999.1500000001
90032,23313592.4
90033,60191054.06
90034,5072491.33
90035,4899744.32
90036,1388975.1300000001
90037,4520784.69
90039,17960096.919999998
90041,11609724.55
90042,12779624.64
90043,5294648.8100000005
90044,1319428.76
90045,6457258.41
90046,3066706.94
90047,7945999.74
90048,888933.3200000001
90049,8868213.91
90050,1592271.9100000001
90051,3806301.14
90052,21244885.3
90053,32337596.18
90054,4730263.39
90055,3075218.8899999997
90056,10473091.52
90057,4525601.83
90058,4541252.75
90059,1831246.67
90060,963743.14
90061,593739.46
90062,2709682.92
90063,3423865.2800000003
90064,2082770.08
90065,6379736.73
90066,763279.83
90067,3184987.78
90068,9766142.81
90069,11394252.48
90070,4885664.2
90071,9734187.89
90072,14659902.120000001
90074,2136857.94
90075,42986110.21
90076,5652850.17
90077,2329244.0
90078,1397290.44
90079,2122998.08
90080,2147017.25
90081,5658292.22
90082,1985648.8800000001
90083,564182.16
90084,1813796.95
90085,751499.1
90086,1195646.93
90087,6534874.86
90088,5691016.57
90089,10113430.67
90090,3832146.53
90091,4375994.91
90093,5622859.8
90094,3839861.6
90095,3771067.71
90096,1803830.24
90097,10135271.99
90098,1550954.11
90099,44985879.22
90100,2978723.97
90101,2052064.11
90102,3569834.9899999998
90103,4102629.4099999997
90104,7304365.57
90105,1026697.9299999999
91001,2275022.93
91016,34451699.43
91017,11304420.12
91021,97632571.21
91022,1832115.76
91027,209378392.26
91035,2904655.52
91037,3354487.6
91038,11515635.620000001
91041,22988832.9
91044,46069008.510000005
91045,63578846.95
91047,12640351.59
91064,82534941.8
91067,1545318.46
91069,6652602.41
91075,651606.8300000001
91079,5894483.57
91080,9044099.61
91081,3342917.2100000004
91085,26420623.759999998
91086,56026781.74
91093,7494190.43
91095,13426838.229999999
91097,55096228.839999996
91098,2781650.05
91099,29147393.27
91100,4693991.94
91103,210860983.39
91105,75347014.66
91106,8802735.41
91109,13375747.440000001
91111,32563699.98
91112,1459430.22
91114,200840119.57999998
91115,41163806.22
91121,4252581.88
91122,68366867.91
91129,24670401.330000002
91130,8387282.66
91131,4346903.92
91132,10605603.690000001
91135,19309367.36
91136,34680175.63
91137,1600190.69
91145,1462260.4
91148,1344963.2
91156,12541877.76
91159,14063769.370000001
91161,129864855.75
91174,579650796.35
91175,13719026.12
91179,40021761.81
91180,3515493.23
91184,3859914.1
91186,6960130.54
91191,85814630.12
91195,5219327.07
91198,9310203.04
91200,111913485.06
91201,201928600.67000002
91204,5201018.2299999995
91207,43522316.67
91215,153507345.67
91216,79359816.95
91223,239719212.51
91225,21777590.349999998
91226,52458842.47
91228,391031889.83000004
91232,23956882.810000002
91235,105455014.33
91240,936904.52
91243,15683948.05
91244,8853348.17
91247,3691392.57
91248,2337451.66
91249,33381269.61
91272,219419681.62
91273,7392867.62
91274,13630531.31
91275,20771001.04
91284,5734960.2299999995
91286,269025383.94
91292,5477475.28
91293,4679697.55
91294,10568680.040000001
91312,84434667.67
91315,57270117.629999995
91318,13437598.64
91319,9176679.98
91326,122286847.95
91330,68934550.87
91332,10201866.89
91333,26314503.85
91338,62090322.160000004
91339,62823489.1
91340,55426539.57
91345,144418748.43
91347,51765366.27
91359,18882928.82
91363,83629553.54
91374,1884673.57
91376,46725290.99
91377,632525321.19
91378,4459269.99
91386,110044061.57
91390,37490406.71
91393,3441012.3
91399,2012450.43
91405,45392485.15
91408,14693824.5
91411,14836313.74
91412,4608594.7
91414,2491166.77
91421,218208155.84
91425,67612711.98
91432,116725177.43
91433,28748395.05
91434,124305954.07000001
91435,7732825.03
91441,3717754.21
91457,30512315.13
91458,52386496.04
91461,40462581.63
91463,10371577.09
91468,28788727.25
91469,7001562.0
91471,165837912.24
91473,3181846.11
91477,205420817.4
91479,107731280.11999999
91482,7628527.22
91494,38117763.51
91495,2179469.76
91507,3711138.41
91508,3123154.27
91511,14880638.54
91514,62271957.91
91519,3066278.9099999997
91521,190574016.75
91525,10093856.65
91526,1295349.94
91533,16107397.370000001
91534,54274008.910000004
91538,17345173.42
91540,33158099.78
91544,3633164.0700000003
91546,5228511.319999999
91547,5537873.23
91549,294385088.22
91552,91722224.13
91553,45784978.800000004
91556,3850927.69
91560,4022179.44
91568,9908263.049999999
91570,164613266.96
91573,52815738.35
91577,37041361.699999996
91578,6002978.6899999995
91579,20479962.93
91581,6187729.66
91587,40243808.4
91589,242623539.73000002
91593,11740339.01
91599,8959506.15
91600,45645204.74
91602,2875929.2
91613,2911842.6599999997
91617,18561785.28
91619,2044292.51
91629,5162055.53
91630,13160211.35
91631,32362143.57
91634,8186915.75
91635,22597716.31
91639,6485834.96
91645,175269885.14
91648,42056219.07
91649,31857342.21
91654,5217305.04
91657,196575150.14000002
91659,64433369.230000004
91661,200958448.27
91662,6360608.42
91665,79399457.18
91666,68467923.81
91667,45820628.46
91671,5383873.95
91679,29058724.08
91685,32123870.8
91687,258967469.89000002
91689,85352392.11
91691,246288636.84
91692,364282832.77
92002,788025265.44
92004,675806837.28
92007,399393544.72
92009,239426543.59
92012,1466200208.37
92014,226619553.89000002
92019,298483238.59000003
92020,248409416.05
92022,174247037.09
92023,609745149.87
92024,590820992.35
92025,877395376.34
92026,1043652549.09
92032,201635203.28
92033,117196020.09
92035,293630192.98
92036,960125494.77
92040,832268211.96
92044,1374187978.7
92046,355142249.78
92047,18138819.85
92048,375628325.95
92049,470749064.15000004
92050,1078005781.29
92051,700882243.05
92060,429522884.93
92062,1314918138.28
92063,1039615553.25
92064,234303462.09000003
92071,287498768.54
92072,203557082.1
92073,671907311.99
92075,191252050.63
92076,99137632.93
92077,81312332.10000001
92078,356963130.43
93001,593735990.2
93005,844403807.45
93006,392646743.51
93007,797402334.16
93008,585842835.17
93010,409309422.36
93013,114735563.42999999
93014,238236221.11
93015,38450582.15
93027,436907310.11
93029,748321395.5500001
93030,89005126.13
93031,373180477.79
93032,352173762.86
93033,58505640.74
93039,59683865.81
93045,174476437.63
93046,289063369.77
93047,280552275.06
93048,961247864.48
93049,111724886.17999999
93050,314872195.53
93051,874660138.98
93053,326860410.93
93055,588331081.83
93057,194775832.49
93059,191146451.02
93061,121512519.63000001
93062,101157582.53
93063,383097486.13
93064,405126891.2
93066,938388688.42
93070,737928890.44
93071,456129283.13
93072,235146860.82
93073,561694102.82
93074,81472349.2
93077,252261517.84
93078,351442989.87
93079,91971341.41
94001,36951642.86
94002,375568785.95
94003,189392393.85999998
94004,109472299.71000001
94011,199194348.56
94015,185059843.79999998
94016,256667990.86
94017,707050621.57
94018,356721385.73
94019,100380823.62
94021,187622194.91
94022,315345922.37
94028,871106719.93
94033,549193126.91
94034,203616009.79999998
94037,161949643.26999998
94038,183623276.07
94041,699883417.26
94042,204854542.72
94043,164503216.35999998
94044,200568255.26
94046,326651066.95
94047,41972659.33
94048,42704116.07
94052,286181439.81
94053,30217764.28
94054,304522084.48
94055,90927103.75
94056,20553591.03
94058,276964297.18
94059,159293473.37
94060,89376639.67999999
94065,184117548.78
94067,192060867.7
94068,826864113.62
94069,145379262.86
94070,36306062.8
94071,201244851.70000002
94073,256153867.79
94074,151678334.61
94075,85267891.51
94076,427599908.56
94077,215700205.09
94078,212942515.78
94079,236753898.39
94080,488786098.9
94081,963229018.02
95002,6515012.67
95008,5597142.69
95011,3222660.0900000003
95012,2879684.73
95014,23230062.23
95018,1096965010.04
95019,119092850.77
95023,7486886.73
95024,2892066.3099999996
95026,25400277.09
95028,14208470.43
95039,48609697.74
95040,8606163.91
95042,21146026.3
95046,2084455.76
95051,97794202.24
95052,95055449.55
95054,2512273.54
95055,4751709.84
95056,17939603.73
95058,22300647.95
95059,3222038.86
95060,57849416.730000004
95061,3806052.83
95063,183092825.4
95074,9269542.42
95078,25808058.22
95088,24344393.509999998
95091,45860499.32
95094,4118207.21
95101,8852393.35
95102,4634493.96
95110,4049221.81
95116,36992992.18
95119,4469602.75
95120,14508717.51
95127,427435515.93
95134,39748507.48
95139,4635021.98
95141,650360.63
95142,15238795.11
95144,2984134.21
95149,30591346.46
95150,6689458.1
95151,1550550.65
95154,6027366.43
95157,3596922.21
95166,3353236.79
95169,4979630.390000001
95170,3516814.23
95176,182725324.68
95177,15601140.03
95181,4724246.97
95183,43885241.11
95197,132378483.67
95199,123286917.04
95203,227381235.7
95205,67163059.44
95210,326637022.77
95211,25850158.959999997
95212,5241670.09
95213,6119050.4399999995
95214,1231094.44
95218,116232149.28
95219,222302184.54
95229,57406618.050000004
95241,18482835.09
95250,79225639.38
95252,234663454.49
95253,5107045.28
95254,3545316.52
95256,31617288.68
95257,43135191.67
95258,2432549.42
95268,474907554.6
95270,5382893.22
95271,10885163.68
95277,310921469.99
95280,287663877.35
95282,1440656.55
95287,5955826.12
95288,63661333.629999995
95295,2704593.53
95298,5089972.8
95301,2509199.02
95303,1403138.32
95304,2663341.41
95306,284659042.3
95308,6246871.48
95309,2966326.51
95313,142906778.23
95316,3717256.42
95323,137339957.6
95328,4883912.6
95331,2060367.4000000001
95341,5972509.97
95348,5726789.57
95351,85979232.87
95352,32886526.77
95353,9808283.16
95355,50754754.36
95365,5173010.34
95369,19901784.240000002
95370,47720207.47
95371,58445991.17
95379,3401472.42
95387,1192673.21
95388,39345269.64
95392,39174456.55
95394,84744123.73
95395,13059223.58
95409,11253133.74
95422,5630452.56
95424,172193522.33
95426,26157736.080000002
95427,100873890.39999999
95428,201334331.07999998
95429,5284505.87
95430,34422205.68
95436,17602404.39
95438,1947515.0799999998
95445,5297802.99
95446,16484531.37
95447,2188322.1599999997
95450,20015477.02
95452,5409541.89
95456,5688413.54
95459,6312337.65
95462,4148621.73
95476,139037665.11
95480,34665212.5
95483,3358511.04
95487,132089341.99
95488,75151207.59
95489,10268088.4
95491,60375490.33
95492,7473401.01
95493,2298686.0900000003
95500,246035840.42999998
95504,27921578.669999998
95509,22199923.46
95510,5447895.5
95523,6372345.649999999
95527,102125835.05
95529,8287688.83
95535,8322629.97
95539,137519840.71
95541,11523022.37
95543,2546082.29
95554,4446883.62
95555,196928908.68
95563,130821180.25999999
95566,28458774.02
95572,204777674.18
95574,82696398.08
95580,26932578.19
95582,188591573.52
95584,4958690.2
95585,504523442.48
95592,11448305.96
95594,9115087.0
95598,123898405.96
95604,25746513.19
95607,224057076.68
95610,4162467.88
95611,2006322.32
95612,59023118.32
95625,8146369.43
95627,8278559.0
95628,9917952.46
95633,2469253.9899999998
95637,124439662.14999999
95641,22695603.7
95651,10805895.65
95652,50207961.9
95656,2602812.5
95658,10208358.91
95660,7626540.279999999
95675,11597036.46
95676,5019402.84
95678,11259537.64
95680,252254518.88
95682,2621865.48
95690,5666993.2700000005
