code_insee,invest_sd
01001,3440909.07
01002,2464358.5100000002
01004,92891129.62
01005,8879409.75
01006,942308.7
01007,27489033.32
01008,3387331.86
01009,1013774.17
01010,16444224.530000001
01011,2983288.93
01012,4691010.11
01013,2306244.5
01014,48805220.449999996
01015,2224180.42
01016,1923733.61
01017,5313990.09
01019,899525.9600000001
01021,8650654.31
01022,7829869.87
01023,816802.23
01024,15982787.049999999
01025,15258632.07
01026,3853863.62
01027,21291306.14
01028,2383405.12
01029,4957949.37
01030,5316357.51
01031,37944925.23
01032,17601198.16
01033,117655653.75
01034,78177330.31
01035,4944340.46
01036,4457123.96
01037,4312147.07
01038,6492976.88
01039,2618868.73
01040,1809620.18
01041,4722396.13
01042,1953409.0699999998
01043,43345767.94
01044,8870626.77
01045,1176195.7
01046,5084013.11
01047,8225624.76
01049,19677573.74
01050,2230533.5
01051,1210687.05
01052,1630192.02
01053,322806713.61
01054,8267985.18
01056,2085850.6
01057,1842780.47
01058,17685007.8
01059,1354358.54
01060,6756741.95
01061,6367696.87
01062,6533367.08
01063,8493366.16
01064,7997312.62
01065,12933241.68
01066,2192878.09
01067,2103591.75
01068,4761317.04
01069,10510025.51
01071,35887401.23
01072,19752316.4
01073,4948553.74
01074,14955676.670000002
01075,8150858.07
01076,1765099.9200000002
01077,1615981.7
01078,11402709.36
01079,7604412.74
01080,8398933.33
01081,10922906.8
01082,5214919.62
01083,5187852.8
01084,3456094.2800000003
01085,1459881.71
01087,4629232.8
01088,6236684.859999999
01089,11855435.58
01090,2652005.71
01091,26732910.62
01092,6289440.03
01093,65211798.059999995
01094,3313913.15
01095,5183015.470000001
01096,5846740.85
01097,1410096.74
01098,5745499.2700000005
01099,6697379.33
01100,1653393.51
01101,2127672.18
01102,5766462.140000001
01103,10860875.02
01104,8010219.35
01105,6879050.29
01106,1917712.48
01107,2306095.95
01108,10305994.450000001
01109,20711649.48
01110,1237189.72
01111,1295156.94
01112,2694420.73
01113,5731227.72
01114,5528622.390000001
01115,6562650.59
01116,3415660.46
01117,1222509.97
01118,7820343.86
01119,3575152.09
01121,1765711.09
01122,7897789.08
01123,5775860.890000001
01124,5716482.01
01125,6108441.92
01127,3466826.93
01128,2159859.73
01129,1352086.78
01130,6372792.63
01133,5360796.89
01134,8014818.67
01135,21058480.71
01136,5949234.39
01138,31160702.419999998
01139,3813848.3000000003
01140,4068796.34
01141,2406122.06
01142,35005787.8
01143,159911115.79999998
01144,3404122.6799999997
01145,7812139.54
01146,2172239.66
01147,3477081.15
01148,12076263.35
01149,7827480.27
01150,1706738.54
01151,6197207.029999999
01152,6456328.06
01153,17241586.419999998
01154,12304430.35
01155,2627706.91
01156,3696518.43
01157,10160404.41
01158,7417745.76
01159,25614247.86
01160,71310801.63
01162,1027477.12
01163,11921076.15
01165,5405955.9
01166,9719697.68
01167,4404029.33
01169,2122811.43
01170,5348812.97
01171,5498524.09
01172,1194459.61
01173,90399653.38
01174,5636004.61
01175,5039218.63
01176,3518833.5300000003
01177,1613168.05
01179,11582744.549999999
01180,6505394.37
01181,14504033.71
01182,2336168.57
01183,7055611.13
01184,4062406.97
01185,38416129.14
01186,1573813.58
01187,4924660.1
01188,4793319.58
01189,22966230.37
01190,1399223.99
01191,2063409.96
01192,33892342.32
01193,1084344.8800000001
01194,38154788.98
01195,9817871.37
01196,6620135.6
01197,2322382.18
01198,2920682.04
01199,18033924.37
01200,1198373.77
01202,47841252.42
01203,5687018.92
01204,2697480.37
01205,10500991.27
01206,2174779.2199999997
01207,1126273.19
01208,1897772.51
01209,9215597.54
01210,7925238.62
01211,11359513.790000001
01212,5752723.37
01213,8325638.390000001
01214,1651836.33
01215,757756.14
01216,9343563.110000001
01218,1560355.81
01219,1385175.03
01221,3944540.62
01224,15664225.540000001
01225,1626727.4300000002
01227,2332066.75
01228,10266754.100000001
01229,4678264.62
01230,2259690.33
01231,13382382.56
01232,23530550.52
01233,1510430.7
01234,1277759.65
01235,6090472.2299999995
01236,4975558.05
01237,18411909.19
01238,11080463.82
01239,4202699.2
01240,4388837.0
01241,11228343.07
01242,793538.32
01243,8345110.59
01244,48199123.57
01245,3839031.77
01246,10876627.49
01247,8207272.22
01248,10614383.72
01249,63541363.879999995
01250,8284874.44
01252,3652178.8
01254,9834948.15
01255,2082577.86
01257,5616844.62
01258,5499327.069999999
01259,4359106.58
01260,2999925.5100000002
01261,3508432.8000000003
01262,42675925.42
01263,19816221.87
01264,5662465.52
01265,38220412.48
01266,13093918.92
01267,9997490.84
01268,4697631.28
01269,37952519.96
01271,3816192.83
01272,8962708.38
01273,9065352.81
01274,6096119.34
01275,15293173.48
01276,9001833.14
01277,1461611.1400000001
01279,1160418.5
01280,1927162.45
01281,23417218.9
01282,2740343.94
01283,201105262.18
01284,3081978.81
01285,6433598.89
01286,1395466.54
01288,22195273.3
01289,52299250.989999995
01290,10175598.55
01291,4847058.42
01292,4648659.53
01293,1485929.59
01294,5360921.0
01295,1587230.4
01296,2756296.33
01297,3743612.85
01298,842277.15
01299,2437415.36
01300,5449016.91
01301,17889143.47
01302,1587007.55
01303,20341163.01
01304,23350075.830000002
01305,21225310.56
01306,9035368.7
01307,13720519.74
01308,5515939.54
01309,797950.16
01310,1399005.6400000001
01311,1268111.17
01312,2164811.66
01313,45789519.93
01314,9592575.6
01316,1249294.32
01317,1877130.8399999999
01318,2663996.91
01319,2444069.7199999997
01320,24858957.06
01321,4296306.57
01322,40929076.35
01323,4605612.31
01325,7566057.5600000005
01328,3604558.5
01329,2153488.6100000003
01330,2983061.35
01331,1385542.94
01332,4558939.35
01333,23045088.86
01334,3747264.44
01335,2343770.32
01336,7636777.67
01337,4690560.77
01338,5929301.61
01339,6718891.15
01340,1339012.24
01341,1963433.13
01342,2606329.27
01343,11866948.85
01344,39728008.79
01345,13999977.08
01346,4733795.44
01347,6822806.95
01348,18631655.25
01349,3947934.97
01350,16011271.02
01351,10852862.91
01352,2411199.07
01353,5945691.09
01354,65878664.46
01355,3391219.6500000004
01356,1179415.68
01357,5404980.7299999995
01358,1677302.02
01359,950995.43
01360,13035105.33
01361,7302747.89
01362,4404768.91
01363,9480524.62
01364,4327385.859999999
01365,6555895.27
01366,5417295.86
01367,5890500.21
01368,3554244.1900000004
01369,5501346.83
01370,11733438.19
01371,4558564.49
01372,2535687.25
01373,10991232.19
01374,12764383.39
01375,3941652.7800000003
01376,34597192.2
01378,15649249.350000001
01379,5252867.75
01380,8942287.11
01381,4103591.77
01382,1047103.0700000001
01383,11904600.57
01384,24373906.89
01385,9634805.56
01386,6671468.97
01387,941626.14
01388,9380996.52
01389,13390731.16
01390,71632643.92
01391,3448314.69
01392,4333326.97
01393,2655151.18
01396,8841794.17
01397,8644653.72
01398,8603610.31
01399,14105725.600000001
01400,1204406.72
01401,14022492.25
01402,3196218.5100000002
01403,8502282.05
01404,1354962.65
01405,11209091.93
01406,1254087.42
01407,9341630.61
01408,5712608.54
01409,1709101.82
01410,3262206.8200000003
01411,3474392.52
01412,3100072.75
01413,1228326.2599999998
01414,3808082.4499999997
01415,2216036.0
01416,10451260.87
01417,5414651.16
01418,4482627.61
01419,40268521.21
01420,14728230.120000001
01421,5946917.54
01422,11500057.35
01423,3976688.2
01424,7843596.53
01425,2964293.27
01426,26753858.79
01427,56112520.910000004
01428,1267739.94
01429,5014641.92
01430,3524855.6999999997
01431,9140537.46
01432,2730885.8
01433,1594431.34
01434,1922373.41
01435,17721918.52
01436,5982642.86
01437,2539691.71
01439,1073652.0
01441,4648496.55
01442,1951022.47
01443,31568489.47
01444,7870517.13
01445,3886945.85
01446,7578396.16
01447,8085280.640000001
01448,3192512.9699999997
01449,3367672.18
01450,21092988.51
01451,59679086.019999996
01452,7616920.43
01453,4163275.92
01454,7187753.46
01456,987171.79
01457,25688429.34
02001,2614011.42
02002,2025270.0
02003,6461620.43
02004,788699.55
02005,1845159.78
02006,1126326.73
02007,598980.3300000001
02008,1008410.36
02009,4842545.52
02010,836294.35
02011,3562230.37
02012,549259.62
02013,1060858.8299999998
02014,2925328.61
02015,486301.78
02016,824857.88
02017,1164598.23
02018,15715650.72
02019,1732418.37
02020,2663012.4
02021,824977.92
02022,1394637.8800000001
02023,295472.98
02024,653268.1499999999
02025,2189406.31
02026,1663751.59
02027,1042584.09
02028,12356349.49
02029,1326869.25
02030,1178260.48
02031,6231652.649999999
02032,1354008.18
02033,742215.75
02034,327537.5
02035,1040662.17
02036,536658.66
02037,7957175.73
02038,506520.74
02039,938937.28
02040,1809258.7100000002
02041,3472296.0300000003
02042,1060825.36
02043,297330.37
02044,644358.7100000001
02046,2568147.07
02047,856439.3200000001
02048,785814.14
02049,2967346.54
02050,661873.9500000001
02051,1998865.38
02052,730130.88
02053,2317664.68
02054,1574666.1099999999
02055,1253662.49
02056,1354572.01
02057,7001262.1
02058,2885633.88
02059,22336176.97
02060,1662758.65
02061,1567334.96
02062,670131.4
02063,1436292.99
02064,20513873.1
02065,2671474.93
02066,783862.72
02067,821912.01
02068,404175.95
02069,482636.24
02070,1891691.8900000001
02071,3308316.2399999998
02072,1040847.24
02073,2400190.69
02074,1424684.01
02075,438051.07
02076,346946.61
02077,1744745.71
02078,501924.12999999995
02079,714245.86
02080,3072434.32
02081,2199676.81
02082,602458.34
02083,2844209.79
02084,1621308.16
02085,3264540.78
02086,3725778.04
02087,302810.42
02088,700618.04
02089,5109205.52
02090,1307825.77
02091,341954.61
02093,7249556.84
02094,1458825.16
02095,32619978.31
02096,881301.92
02097,1098993.06
02098,1555254.17
02099,461819.67000000004
02100,790739.13
02101,760214.5599999999
02102,1037565.7100000001
02103,9788679.03
02104,381859.07
02105,717293.67
02106,3354551.85
02107,523765.91000000003
02108,428144.77999999997
02109,1711048.63
02110,17545594.28
02111,2811150.3200000003
02112,2205800.33
02114,13328420.77
02115,1504255.65
02116,617554.56
02117,1193900.3
02118,977606.7999999999
02119,882664.11
02120,1412751.59
02121,579253.9
02122,687988.25
02123,2328349.67
02124,2749317.31
02125,1372925.5
02126,5993264.01
02127,475888.98
02128,10981684.35
02129,410589.75
02130,1805913.6199999999
02131,11939840.94
02132,455188.54
02133,1511500.35
02134,7514727.180000001
02135,5911377.22
02136,898653.29
02137,514604.33999999997
02138,1127005.75
02139,1958488.97
02140,2472004.2
02141,18555969.080000002
02142,1562969.86
02143,2406408.68
02144,973567.75
02145,3124626.43
02146,951465.4
02147,598642.24
02148,776733.64
02149,337673.42
02150,371671.39999999997
02151,880434.92
02152,471637.44
02153,2060885.36
02154,1925427.92
02155,842704.74
02156,941242.9
02157,8194032.91
02158,2596412.52
02159,1196370.53
02160,3168260.57
02161,2327148.57
02162,656614.69
02163,23217205.5
02164,1277658.42
02165,10089932.26
02166,823658.9500000001
02167,3597577.48
02168,125524275.22999999
02169,354361.75
02170,444528.18
02171,728972.91
02172,1389851.99
02173,136589062.16
02174,4378868.69
02175,804173.74
02176,521575.79000000004
02177,497798.03
02178,614017.51
02179,1214062.9
02180,3980612.92
02181,327208.41000000003
02182,561559.9199999999
02183,653486.54
02184,2047693.0499999998
02185,1845995.48
02186,13723773.06
02187,6269316.86
02188,1145379.7
02189,1625262.54
02190,4141992.37
02191,4343116.1
02192,1189976.81
02193,947465.79
02194,1282127.02
02195,4284720.319999999
02196,2761642.58
02197,3718941.85
02198,2068496.0599999998
02199,2435838.58
02200,1258028.41
02201,2010970.61
02203,3849219.19
02204,1018918.03
02205,916848.03
02206,258017.6
02207,716811.45
02208,1864143.0799999998
02209,3910840.8200000003
02210,1198984.82
02211,3807358.36
02212,6048037.65
02213,921464.52
02214,458394.74
02215,6791436.140000001
02216,1147382.42
02217,8059224.17
02218,3101899.3600000003
02219,653065.79
02220,2001537.44
02221,948933.4299999999
02222,1564835.02
02223,1141579.0000000002
02224,1901239.97
02225,463946.14999999997
02226,6263963.4
02227,729928.5700000001
02228,1055293.29
02229,199543.24
02230,1175925.3
02231,9168825.52
02232,2230335.76
02233,815095.9299999999
02234,805007.4299999999
02235,450677.67
02236,1229472.35
02237,12342868.13
02238,10594680.4
02239,7165519.6899999995
02240,929082.98
02241,424582.3
02242,2137129.5500000003
02243,12975929.6
02244,387752.89999999997
02245,9478943.15
02246,2412419.2199999997
02248,676727.79
02249,535317.24
02250,765645.36
02251,295963.60000000003
02252,240399.28
02253,1442583.1099999999
02254,481196.11
02255,548625.94
02256,971908.89
02257,1569311.1900000002
02258,2333719.13
02259,3067295.62
02260,1600175.19
02261,1719699.83
02262,764000.07
02263,467509.79
02264,2149237.56
02265,821570.37
02266,615732.23
02267,997250.88
02268,2607754.7600000002
02269,1474263.5
02270,754432.12
02271,686348.42
02272,1364767.49
02273,1542292.5
02274,1032748.0700000001
02275,1728036.09
02276,1077675.95
02277,1753373.83
02278,1010555.51
02279,2563160.95
02280,1388674.71
02281,1794221.44
02282,1326180.99
02283,1432914.0
02284,831874.86
02286,3194554.5999999996
02287,2225952.92
02288,1440284.5999999999
02289,671706.0
02290,12125748.78
02291,2759918.43
02292,8171025.399999999
02293,1889822.85
02294,2764860.13
02295,3372810.51
02296,7094345.32
02297,1229366.3
02298,12296317.67
02299,1260234.65
02301,1176486.51
02302,2537941.88
02303,5444069.89
02304,27862251.02
02305,12527161.91
02306,1563488.58
02307,14932668.4
02308,1922902.87
02309,4134974.77
02310,1356200.4
02311,493620.4
02312,3830918.32
02313,3230400.38
02315,6552551.03
02316,1341707.28
02317,959228.7799999999
02318,4640462.58
02319,2256600.79
02320,982693.4299999999
02321,7991848.58
02322,2593825.85
02323,656471.63
02324,689386.3200000001
02325,660016.21
02326,2033845.01
02327,879645.16
02328,3335948.03
02329,2550785.76
02330,1825629.48
02331,418206.02999999997
02332,1609354.95
02333,933230.33
02334,18010350.669999998
02335,779519.1699999999
02336,4293787.02
02337,522861.37
02338,740482.36
02339,2978441.93
02340,57133559.49
02341,1853527.74
02342,862540.19
02343,463035.84
02345,266829.38
02346,2380055.06
02347,1333338.91
02348,961774.31
02349,606913.1
02350,813196.86
02351,856684.87
02352,3018712.5300000003
02353,1451568.53
02354,512181.47000000003
02355,5394867.3
02356,1142949.19
02357,689348.22
02358,1804659.54
02359,4265609.720000001
02360,16701928.76
02361,33423438.93
02362,2461233.88
02363,2543052.84
02364,1714616.21
02366,987967.8500000001
02367,1311979.65
02368,2350339.1
02369,1581865.64
02370,3016836.04
02371,12488417.51
02372,1721788.83
02373,1810369.8399999999
02374,4442015.17
02375,610953.13
02376,1079390.3599999999
02377,665963.91
02378,735338.11
02379,872000.8200000001
02380,325874.77999999997
02381,94151014.75
02382,18786550.950000003
02383,5843439.4799999995
02384,279434.81
02385,1149834.23
02386,1276476.54
02387,13832746.15
02388,1987358.27
02389,3000766.4699999997
02390,1291010.76
02391,1680098.25
02392,1366189.51
02393,934333.75
02395,529388.59
02396,569157.45
02397,9544139.3
02398,1750847.79
02399,2601584.69
02400,1278484.01
02401,581546.5
02402,336803.94
02403,998570.1799999999
02404,762046.7899999999
02405,2799670.49
02406,620218.48
02407,807655.29
02408,196763222.94
02409,1143953.45
02410,1222749.89
02411,810387.37
02412,626658.3600000001
02413,1365478.15
02414,1115723.7
02415,354082.62
02416,1532097.3
02417,629046.15
02418,866222.71
02419,1775759.91
02420,3937540.4299999997
02421,1088245.52
02422,3653143.06
02423,1757436.91
02424,1075828.21
02425,1161923.0899999999
02426,2391776.2
02427,724096.31
02428,302655.34
02429,478252.69
02430,7618648.45
02431,1568267.57
02432,1141070.02
02433,1976745.21
02434,1490179.54
02435,649319.03
02438,1128770.48
02439,3135596.55
02440,432758.6
02441,1133362.42
02442,191648.99000000002
02443,912723.31
02444,507138.23
02445,2138166.49
02446,464678.30000000005
02447,635090.85
02448,881418.5299999999
02449,255679.7
02450,1288101.15
02451,558180.39
02452,1076678.11
02453,1612201.62
02454,1226519.3399999999
02455,652512.48
02456,1781853.73
02457,7741129.98
02458,1514844.14
02459,1517422.02
02460,1061695.54
02461,1893746.1500000001
02462,538456.24
02463,399772.86
02464,2393525.25
02465,2270992.92
02466,684979.56
02467,149021.62
02468,24094044.490000002
02469,2494048.0
02470,2913918.28
02471,606745.09
02472,2058665.47
02473,558266.93
02474,1719097.19
02475,1160229.93
02476,2428207.9
02477,7132649.0200000005
02478,2197770.73
02479,246062.36000000002
02480,1326116.72
02481,1293943.06
02482,272347.67
02483,1858954.38
02484,7194312.43
02485,550905.67
02486,385228.38
02487,3898439.96
02488,916387.28
02489,1495244.98
02490,1084150.3900000001
02491,1026981.65
02492,2289212.11
02493,1090734.49
02494,1246206.79
02495,4863034.0200000005
02496,558209.07
02497,7409964.83
02498,3042437.63
02499,314524.25
02500,3484206.41
02501,477595.21
02502,7763919.74
02503,3948041.3000000003
02504,9653527.94
02505,343077.58
02506,1778260.1600000001
02507,545562.47
02508,616387.82
02509,886607.7999999999
02510,852136.95
02511,1161597.65
02512,789386.39
02513,673552.7100000001
02514,5397424.85
02515,313636.22000000003
02516,440312.2
02517,2029569.99
02518,940047.45
02519,1164175.58
02520,2497665.5
02521,6953313.09
02522,443993.22000000003
02523,271583.03
02524,2543172.95
02525,8713221.68
02526,953086.7
02527,2109875.83
02528,831516.86
02529,820492.3400000001
02530,638992.6
02531,994413.02
02532,6096452.68
02533,668901.23
02534,386974.50999999995
02535,1006769.41
02536,794927.42
02537,664646.7899999999
02538,336621.57
02539,2435684.82
02540,4928765.0
02541,1521350.36
02542,482230.14
02543,16961396.8
02544,3828120.9699999997
02545,615256.92
02546,775914.33
02547,540105.76
02548,1917461.27
02549,3384831.2199999997
02550,2415452.23
02551,971551.36
02552,952042.65
02553,2316408.45
02554,3732413.88
02555,12413184.9
02556,597876.6799999999
02557,564102.93
02558,23926439.39
02559,2067801.0
02560,666999.2
02561,474717.16
02562,695266.78
02563,628042.25
02564,3425214.89
02565,697180.03
02566,3227528.4499999997
02567,1873742.6300000001
02568,903237.52
02569,3291905.68
02570,1019231.2
02571,3122472.55
02572,1371210.1199999999
02573,134978.72999999998
02574,9254862.09
02575,12373195.76
02576,826913.93
02577,293074.05
02578,532543.78
02579,654956.4400000001
02580,3565603.16
02581,1893900.43
02582,484676.53
02583,644836.57
02584,733742.22
02585,1081172.86
02586,1416308.6099999999
02587,1266780.07
02588,429779.22
02589,1451659.12
02590,904304.17
02591,351772.92
02592,1341949.63
02593,3611635.66
02594,501428.98
02595,2526359.17
02596,3458884.35
02597,319456.29
02598,2108838.65
02599,911921.0399999999
02600,1441450.1
02601,553190.78
02602,8678019.1
02604,606192.96
02605,498095.96
02606,617013.24
02607,1017092.86
02608,3941167.2800000003
02609,395000.41000000003
02610,3666119.84
02612,210413.33000000002
02613,2410347.19
02614,1830251.9699999997
02615,1290166.0099999998
02616,896545.36
02617,4307773.85
02618,3520929.7800000003
02619,2150502.32
02620,1390857.26
02621,1723774.38
02622,638221.66
02623,550941.86
02624,832735.04
02625,865710.21
02626,1479086.29
02627,674436.35
02628,1170287.33
02629,935044.9500000001
02631,2408151.2199999997
02632,229949.76
02633,265658.83999999997
02634,397174.86000000004
02635,414785.48
02636,782029.84
02637,1319717.31
02638,2090049.33
02639,1612680.31
02640,558197.09
02641,706549.13
02642,1174686.75
02643,3594522.72
02644,2852577.72
02645,758571.92
02646,178786.4
02647,483613.74000000005
02648,12572293.6
02649,1125395.82
02650,1349442.07
02651,365386.23
02652,746970.4199999999
02653,2508960.35
02654,501273.36
02655,1353861.07
02656,1139849.54
02657,1075493.59
02658,1079216.1600000001
02659,6070190.81
02660,190148.8
02661,670915.27
02662,1774350.32
02663,799062.94
02664,1445542.2000000002
02665,1431568.8699999999
02666,8168053.45
02667,1247052.92
02668,5701338.2
02669,597551.41
02670,700993.8200000001
02671,1519067.82
02672,689640.95
02673,1705912.4
02674,578681.14
02675,437398.12
02676,8715025.37
02677,982367.45
02678,557064.85
02679,388640.59
02680,12211485.35
02681,1374878.4999999998
02682,408723.37
02683,574859.46
02684,27558179.9
02685,338283.37
02686,2093645.08
02687,990654.33
02688,903615.51
02689,371137.87
02690,714931.43
02691,452441085.91
02693,1112684.5
02694,3386001.7
02695,324125.3
02696,544582.84
02697,4210138.76
02698,594320.96
02699,947712.02
02701,4094357.6
02702,4507766.6899999995
02703,10056752.49
02704,1206034.12
02705,1504678.59
02706,3884275.38
02707,963071.45
02708,1091381.56
02709,1901627.96
02710,3324539.39
02711,1015269.5700000001
02712,454942.59
02713,919127.3200000001
02714,1489176.0699999998
02715,646900.72
02716,2437835.83
02717,1612972.04
02718,1126800.24
02719,7314001.16
02720,19512792.13
02721,1659473.83
02722,176227401.31
02723,563206.78
02724,449607.35
02725,776112.64
02726,712631.37
02727,1602866.37
02728,1435971.83
02729,1094269.09
02730,1105768.41
02731,635806.12
02732,513568.98000000004
02733,801276.3200000001
02734,1244834.57
02735,288215.01
02736,1014109.29
02737,2864270.37
02738,131322706.18
02739,1524446.83
02740,1188972.7
02741,4353736.06
02742,843882.34
02743,483874.64
02744,584292.88
02745,620377.36
02746,2728125.4499999997
02747,408540.36
02748,7569850.95
02749,359129.59
02750,2308385.45
02751,764379.42
02752,1131226.1400000001
02753,4970182.12
02754,1380839.71
02755,4147103.09
02756,2860544.5300000003
02757,2560779.21
02758,16205994.190000001
02759,1227433.7
02760,764925.83
02761,712339.87
02762,789333.5800000001
02763,1003188.63
02764,642942.0
02765,1196149.21
02766,912353.41
02767,1676598.69
02768,3014761.25
02769,9263365.81
02770,2551279.7399999998
02771,459238.75
02772,304798.78
02773,131604.27
02774,845489.5700000001
02775,3721857.15
02776,2091179.32
02777,1124712.8699999999
02778,723053.96
02779,2485283.75
02780,6919783.21
02781,1121984.11
02782,800528.4
02783,783627.2
02784,885962.2699999999
02785,8217141.16
02786,472023.29
02787,1607684.02
02788,1780034.61
02789,40437465.72
02790,1447349.54
02791,1490536.76
02792,923841.02
02793,506982.28
02794,763319.73
02795,7900633.04
02796,391778.87
02797,638334.03
02798,4465608.37
02799,2199095.3
02800,882289.29
02801,1427843.07
02802,632732.58
02803,1162584.59
02804,631506.6000000001
02805,23291222.53
02806,1191851.65
02807,2431085.34
02808,1201103.72
02809,662529.24
02810,61402634.1
02811,758714.77
02812,659956.06
02813,1088051.4000000001
02814,1228396.34
02815,1973798.95
02816,1641825.23
02817,194595.75
02818,5055453.58
02819,695459.37
02820,10550619.79
02821,4393701.23
02822,1294434.96
02823,303743.41000000003
02824,1620735.82
02826,2380207.96
02827,2309740.62
02828,943682.11
02829,417792.25
02830,5197925.8
02831,2726077.37
02832,1302840.42
02833,1896991.44
02834,739376.77
03001,19646939.43
03002,1812645.07
03003,10708710.799999999
03004,2102357.5
03005,3887423.12
03006,8188059.03
03007,2822203.81
03008,3667616.53
03009,1621928.27
03010,1909645.5699999998
03011,1916305.56
03012,1460404.33
03013,28871206.9
03014,2164074.21
03015,2220069.26
03016,1113798.31
03017,2274515.33
03018,8907762.25
03019,8888016.61
03020,4137831.2800000003
03021,2861465.43
03022,9684891.5
03023,59479074.69
03024,2265652.05
03025,15709870.040000001
03026,5087078.7
03027,5006989.05
03028,1516842.71
03029,4767833.7299999995
03030,3218280.32
03031,3820203.0700000003
03032,2639947.0100000002
03033,1524578.9
03034,2763357.25
03035,2202500.2800000003
03036,20549101.62
03037,1771223.68
03038,4252885.94
03039,2659565.4
03040,5432353.0200000005
03041,2864771.36
03042,3461436.31
03043,5549413.6899999995
03044,8731770.48
03045,5686831.61
03046,8213036.05
03047,3285771.0
03048,14158805.64
03049,1804880.25
03050,2911259.0300000003
03051,1493512.02
03052,7342217.77
03053,8524928.030000001
03054,2330693.22
03055,5104446.36
03056,2672788.4899999998
03057,1390462.73
03058,1851580.32
03059,2695679.92
03060,12055370.37
03061,1965804.9500000002
03062,4334669.24
03063,3681236.08
03064,1831132.58
03065,5293745.33
03066,3804469.19
03067,1810556.57
03068,1308356.47
03069,2081108.57
03070,2263300.5
03071,1553599.15
03072,3043915.53
03073,3743521.86
03074,3433264.91
03075,1239540.71
03076,1825686.48
03077,1666493.38
03078,3039341.64
03079,2485653.27
03080,4535084.010000001
03081,3581282.7300000004
03082,79054964.33
03083,3683902.43
03084,22075928.64
03085,4018507.64
03086,2302826.44
03087,6362492.6899999995
03088,1692840.7
03089,1659195.34
03090,1600739.79
03091,2671818.68
03092,6775553.99
03093,6130690.04
03094,25853543.3
03095,88421029.0
03096,529493.51
03097,3260270.08
03098,26949108.69
03099,4727649.16
03100,7796075.3
03101,56751514.36
03102,27953902.73
03103,8491261.36
03104,10218903.5
03105,2252386.4099999997
03106,7929879.78
03107,10965218.25
03108,5420619.37
03109,4919277.08
03110,4479394.25
03111,5418340.4399999995
03112,3001938.6799999997
03113,4295588.31
03114,2131385.5
03115,4440675.18
03116,1847101.23
03117,3631604.21
03118,59044277.83
03119,3112782.28
03120,3476976.61
03121,2407497.55
03122,2848976.18
03123,1175801.7
03124,2020186.4100000001
03125,2290126.8400000003
03126,6309427.51
03127,7411724.66
03128,16645949.27
03129,2931798.73
03130,2577478.61
03131,3397464.68
03132,4491462.37
03133,2914644.57
03134,2379859.41
03135,3595463.61
03136,1775260.1099999999
03137,1806605.1400000001
03138,21041063.61
03139,4009605.48
03140,7440109.69
03141,3207720.3
03142,2180517.01
03143,1069072.7
03144,1709133.94
03145,3976650.18
03146,1553937.52
03147,1924538.73
03148,2631594.83
03149,2133038.3000000003
03150,1845304.08
03151,1835754.72
03152,3020066.35
03153,2706619.3200000003
03154,2359165.34
03155,14944264.79
03156,7980459.28
03157,4679763.03
03158,3058290.04
03159,5421062.02
03160,2466810.47
03161,10027906.3
03162,2586084.5
03163,5034187.57
03164,1713808.1500000001
03165,15969692.33
03166,1162839.89
03167,2650796.71
03168,8020505.41
03169,4407043.94
03170,1292570.75
03171,1277533.35
03172,1761235.68
03173,8170762.32
03174,4468150.74
03175,2240892.04
03176,2444218.01
03177,2186164.71
03178,2246008.19
03179,2124837.7199999997
03180,4337654.12
03181,1684202.41
03182,1940917.38
03183,4942836.01
03184,2521586.92
03185,336861554.75
03186,19907723.47
03187,2150463.34
03188,1201642.54
03189,3081871.0300000003
03190,154220702.49
03191,2390106.32
03192,1931361.22
03193,1396452.97
03194,1155082.63
03195,38658630.84
03196,3131907.04
03197,8525285.0
03198,1574224.4600000002
03200,8786553.88
03201,3416320.78
03202,5013100.67
03203,2035145.29
03204,2796431.41
03205,2073057.66
03206,1640176.81
03207,4390771.58
03208,2491985.66
03209,1231357.03
03210,2632122.9
03211,11776652.06
03212,11313293.91
03213,864039.53
03214,4200463.79
03215,3568081.47
03216,1658231.25
03217,2590732.33
03218,2289334.77
03219,2468765.67
03220,6489833.399999999
03221,5924924.45
03222,933261.63
03223,1986881.22
03224,2949643.0100000002
03225,3286702.29
03226,1910460.74
03227,2391290.86
03228,692609.77
03229,3416796.23
03230,2710393.48
03231,2166167.24
03232,1523348.57
03233,2523392.35
03234,2507666.5
03235,4925344.19
03236,31816995.23
03237,3264725.85
03238,3739975.77
03239,1588243.8099999998
03240,3209176.95
03241,2465903.65
03242,2289118.19
03243,1698043.85
03244,1760392.46
03245,994204.3300000001
03246,3227158.93
03247,8233209.36
03248,2601650.6999999997
03249,1344114.94
03250,3633016.62
03251,3752292.73
03252,2150414.62
03253,4300865.63
03254,42443294.27
03255,1219661.64
03256,3631320.68
03257,2932488.6100000003
03258,6765934.66
03259,1901438.71
03260,2595664.8
03261,1639371.35
03262,21418538.73
03263,1837863.6099999999
03264,40497778.12
03265,4813213.1
03266,1219120.16
03267,2676977.3
03268,3093862.7399999998
03269,978217.9000000001
03270,1934500.71
03271,3789168.84
03272,1322197.15
03273,1925052.25
03274,2239022.73
03275,17175857.49
03276,1054353.4800000002
03277,2760658.59
03278,1811417.11
03279,3436454.24
03280,1948817.21
03281,3504595.42
03282,3148630.8800000004
03283,4395032.14
03284,1741740.72
03285,1252595.85
03286,13732575.870000001
03287,3729125.0700000003
03288,2661081.5
03289,3040660.11
03290,7435626.21
03291,3751467.73
03292,8220801.5200000005
03293,1985875.45
03294,1263408.88
03295,494255.57
03296,3388021.33
03297,15445660.27
03298,28048316.759999998
03299,2485526.22
03300,3926644.6199999996
03301,10664674.879999999
03302,608503.42
03303,1750139.54
03304,12012424.93
03305,3049624.96
03306,13500037.14
03307,2290546.59
03308,2038505.99
03309,4889127.06
03310,282162757.76
03311,2618657.82
03312,2036640.54
03313,2163505.6
03314,5745028.68
03315,13123891.24
03316,5423790.46
03317,2031011.53
03318,640718.31
03319,2220955.62
03320,4677263.09
03321,67197474.61
04001,10672155.93
04004,6060429.33
04005,1179493.16
04006,46417206.339999996
04007,740585.98
04008,23842757.65
04009,645665.1699999999
04012,1158999.34
04013,3747309.17
04016,1664515.49
04017,2967857.48
04018,8683737.07
04019,43482451.63
04020,2446776.77
04021,1064496.26
04022,6454171.02
04023,7889028.13
04024,2311094.27
04025,6469521.66
04026,1952190.8800000001
04027,1462864.07
04028,1319136.26
04030,1157686.87
04031,2674242.48
04032,5042365.76
04033,13778765.93
04034,8332483.43
04035,1347520.37
04036,6786134.53
04037,1705595.87
04039,25696311.44
04040,491750.93
04041,3628412.5
04042,2681042.98
04043,1377984.28
04045,12328036.56
04046,5800012.27
04047,7434759.01
04049,44050066.06
04050,866984.11
04051,1232059.73
04053,1689609.4
04054,310276.01
04055,1512193.77
04057,1942089.85
04058,4306792.7299999995
04059,2772587.35
04061,12773657.61
04062,4257642.57
04063,11220050.52
04065,5662003.58
04066,15106197.57
04067,1772908.62
04068,4263682.66
04069,11225331.270000001
04070,159725103.74
04072,2051801.38
04073,12041815.07
04074,1004689.49
04075,3417991.81
04076,13799508.69
04077,2208638.79
04079,4732566.33
04081,10134914.4
04084,2886359.5100000002
04085,1464308.6600000001
04086,4511956.01
04087,673252.35
04088,51354968.37
04090,3545176.53
04091,2944719.0
04092,1718204.64
04093,2285684.18
04094,49445724.15
04095,1045142.1799999999
04096,32661042.990000002
04097,3843657.98
04099,1486180.72
04100,6364900.36
04101,3207273.46
04102,8326398.13
04104,3110355.1
04106,5220441.73
04107,249462.6
04108,11062693.7
04109,1916595.11
04110,5846487.71
04111,13763443.53
04112,216871804.06
04113,2649916.49
04115,2842190.44
04116,20549551.37
04118,1004483.6599999999
04120,5619605.68
04121,5020002.7
04122,3395205.47
04123,13914679.2
04124,5102411.899999999
04126,5515346.42
04127,3042126.05
04128,2901997.2800000003
04129,561532.59
04130,1579009.73
04132,1091032.3900000001
04133,2772435.71
04134,8083535.38
04135,14555790.89
04136,2884419.13
04137,984961.27
04138,2773607.42
04139,3155147.25
04140,2255937.95
04141,3069575.5500000003
04142,821254.6599999999
04143,43293578.17
04144,5394838.53
04145,7009264.470000001
04148,5746157.86
04149,19682697.96
04150,3424835.44
04151,2977649.51
04152,27846769.98
04154,1626601.42
04155,6943409.699999999
04156,5863296.71
04157,2753238.7500000005
04158,7339556.81
04159,2149138.55
04160,9406588.04
04161,10817682.36
04162,2379900.05
04163,4845883.71
04164,610867.77
04166,14529298.32
04167,2649501.8
04169,1428760.96
04170,2181873.84
04171,2369881.2800000003
04172,9411324.6
04173,13398983.69
04174,1318686.64
04175,1286344.28
04176,5294757.06
04177,729102.12
04178,8092601.409999999
04179,1607685.1
04180,696860.0
04181,393983.11
04182,1394854.11
04183,2561479.42
04184,2539760.53
04186,2480730.25
04187,762401.52
04188,5031326.95
04189,3716266.14
04190,3682907.37
04191,1093600.78
04192,5084830.5200000005
04193,7440772.56
04194,1506492.1900000002
04195,6154793.14
04197,34928527.55
04198,5952691.71
04199,2827724.33
04200,5656666.850000001
04201,1135092.56
04202,2053415.1500000001
04203,7037774.9
04204,3052646.63
04205,16337488.389999999
04206,2410372.2
04207,2633840.51
04208,6257835.13
04209,85925182.35
04210,4046497.55
04211,986245.4
04214,1124697.69
04216,2482577.95
04217,7880563.5
04218,4068750.33
04219,6548846.78
04220,4277099.65
04222,3117515.77
04224,1151515.3499999999
04226,16736894.3
04227,3019509.22
04228,853263.46
04229,2314102.93
04230,25163289.400000002
04231,3393662.7199999997
04233,3894378.89
04234,5943651.55
04235,2371224.7600000002
04236,3078422.5700000003
04237,5560649.95
04240,6828474.390000001
04241,2013613.94
04242,30128479.08
04244,5164453.4
04245,26733646.11
05001,11180388.47
05003,13304810.75
05004,20064375.0
05005,1576700.08
05006,40611098.81
05007,18207866.16
05008,2673387.74
05009,3722086.83
05010,6449750.739999999
05011,3631714.27
05012,7095252.74
05013,3988754.39
05014,3229670.16
05016,1892665.1400000001
05017,13961865.42
05018,2543835.14
05019,2542502.5
05021,2145627.27
05022,4010560.25
05023,166835651.0
05024,1319708.29
05025,974867.18
05026,10948345.16
05027,4987466.1899999995
05028,1516956.32
05029,7357553.390000001
05031,2615185.96
05032,4114343.2199999997
05033,1038852.3999999999
05034,3113573.4699999997
05035,932240.08
05036,9564433.51
05037,4215187.22
05038,9442331.8
05039,5695416.26
05040,32134241.68
05043,2051675.97
05044,4398031.97
05045,8783566.19
05046,78141082.95
05047,1903722.32
05048,2289959.76
05049,733342.48
05050,7284720.63
05051,656690.15
05052,11816583.549999999
05053,5007193.86
05054,4292865.17
05055,3548431.59
05056,2946131.8899999997
05057,1623082.51
05058,5950397.38
05059,4028429.02
05060,2134463.88
05061,320894450.26
05062,3026329.33
05063,14896560.76
05064,4389518.53
05065,26029572.75
05066,561054.04
05068,5204973.08
05069,5992645.85
05070,22142066.98
05071,5126124.5200000005
05072,1927967.5
05073,4490781.2
05074,1371878.51
05075,2465628.51
05076,1507887.72
05077,16802330.5
05078,5107567.859999999
05079,49589408.45
05080,1055163.65
05081,1692921.8399999999
05082,4570152.3
05084,5895636.0200000005
05085,50887430.37
05086,1270386.54
05087,6961976.6
05088,1999115.46
05089,2136969.17
05090,2439431.69
05091,693963.14
05092,5161267.649999999
05093,9032574.8
05094,387248.72000000003
05095,3907330.9
05096,77267042.59
05097,6375048.3
05098,35596850.93
05099,1973465.89
05100,4631347.86
05101,11124913.37
05102,1779074.93
05103,10241296.06
05104,3454668.2800000003
05106,2606092.65
05107,5928537.65
05108,2641740.39
05109,8117939.26
05110,19477408.67
05111,3651423.3200000003
05112,2303813.45
05113,4050356.83
05114,8200492.15
05115,7071862.03
05116,5024918.34
05117,1738015.7
05118,15304129.68
05119,63499164.75
05120,6744527.35
05121,3395259.6100000003
05122,9505586.36
05123,12992094.19
05124,2079787.14
05126,10100159.44
05127,5148237.14
05128,7751508.47
05129,2196277.9699999997
05130,1876660.25
05131,1111565.25
05132,24690386.96
05133,72156468.93
05134,5250182.89
05135,1155243.97
05136,10790442.48
05139,83487102.41
05140,7159982.57
05141,2048674.67
05142,8391213.6
05143,1380459.5899999999
05144,2393580.07
05145,15514470.54
05146,2857979.1
05147,2771890.17
05148,5873097.64
05149,13582107.48
05150,865738.58
05151,14861270.770000001
05152,2559826.45
05153,7522543.22
05154,2620807.7600000002
05155,711350.31
05156,3457672.88
05157,10110570.59
05158,2116217.41
05159,1834605.52
05160,1069340.55
05161,49430473.28
05162,15884571.92
05163,5600393.27
05164,13707893.2
05165,2776421.23
05166,10898224.93
05167,1712245.09
05168,5634383.42
05169,417912.08
05170,17187126.89
05171,3785468.58
05172,3414735.12
05173,10605279.67
05174,6579143.53
05175,13882902.549999999
05176,1756469.1500000001
05177,44225326.19
05178,10400137.799999999
05179,29380547.4
05180,6043691.06
05181,9393997.129999999
05182,2337989.83
05183,10348863.85
05184,3004251.54
06001,3685078.88
06002,3018318.82
06003,8473481.41
06004,625815750.62
06005,7678939.34
06006,18068961.71
06007,21545594.45
06008,1635212.4000000001
06009,6446234.4
06010,29813807.14
06011,43539765.67
06012,103181750.71000001
06013,11085815.79
06014,9647935.47
06015,7996859.79
06016,10775530.94
06017,2918172.85
06018,99264037.54
06019,23815771.2
06020,20964515.87
06021,7507868.46
06022,8275929.68
06023,22701517.65
06024,5700192.93
06025,37660008.3
06026,12213634.700000001
06027,252263163.41
06028,6007941.11
06029,1870381026.79
06030,247697989.98
06031,10854233.74
06032,55832809.12
06033,142940331.16
06034,17129413.31
06035,13299247.89
06036,6391012.9799999995
06037,4415625.39
06038,29211888.31
06039,5404291.05
06040,2177924.38
06041,6796982.79
06042,16594994.66
06043,11266832.34
06044,48193127.12
06045,4773563.59
06046,21753855.479999997
06047,3455796.09
06048,85985750.75
06049,2444301.03
06050,9703142.92
06051,2512702.66
06052,4531503.23
06053,3699780.7800000003
06054,21999158.279999997
06055,3515373.0
06056,6624059.0600000005
06057,14509663.16
06058,6747214.529999999
06059,33269683.93
06060,11272166.6
06061,4626418.74
06062,3859970.2
06063,3564950.87
06064,24421352.92
06065,48297464.02
06066,16662781.63
06067,11249010.19
06068,11255180.73
06069,307923064.65
06070,10710344.6
06071,14978321.34
06072,4985095.46
06073,62243986.79
06074,19231303.15
06075,45112441.57
06076,3692408.9899999998
06077,14855172.11
06078,4827459.68
06079,254863306.69
06080,4516511.34
06081,5045343.85
06082,5861178.34
06083,325916665.43
06084,104168424.88000001
06085,164844566.13
06086,5369930.99
06087,2262271.0700000003
06088,4020557372.78
06089,21734184.1
06090,40265423.08
06091,37865558.06
06092,11419928.979999999
06093,4303444.99
06094,29134223.86
06095,43088785.07
06096,4142387.51
06097,3337801.52
06098,4809499.79
06099,30769319.93
06100,2098742.04
06101,4548182.7
06102,4878068.02
06103,24215651.63
06104,100733178.42999999
06105,40588489.31
06106,6563566.3
06107,4135041.25
06108,28478582.95
06109,7738482.34
06110,11400537.84
06111,6207461.7299999995
06112,22119224.08
06113,16612620.91
06114,35811504.98
06115,2807793.04
06116,6815770.05
06117,9047755.94
06118,24048401.29
06119,7477641.21
06120,67143452.59
06121,57755137.75
06122,28569742.06
06123,185244950.31
06124,6304648.85
06125,4052005.36
06126,25582420.01
06127,36283385.68
06128,31643055.52
06129,27131883.520000003
06130,23464070.9
06131,3178003.44
06132,8355690.77
06133,1843914.26
06134,9073111.99
06135,4577099.93
06136,26447159.310000002
06137,7789242.640000001
06138,41566798.91
06139,3413099.19
06140,21956924.56
06141,2620796.51
06142,2296871.93
06143,9765191.76
06144,13429185.280000001
06145,2537137.22
06146,9777383.68
06147,34878183.7
06148,26064378.55
06149,86237482.82000001
06150,32416736.810000002
06151,15068116.51
06152,183335057.79
06153,35951891.08
06154,4845385.14
06155,183260352.65
06156,5541931.85
06157,119758909.33999999
06158,8288458.58
06159,71170262.68
06160,4592553.72
06161,126600079.59
06162,16937629.830000002
06163,25157398.439999998
07001,3222394.65
07002,3104226.6999999997
07003,1218062.2
07004,2023840.3
07005,8760445.49
07006,1329800.4400000002
07007,8318877.43
07008,11343895.16
07009,10430832.82
07010,158725000.82
07011,4480742.1899999995
07012,5455204.4
07013,10455357.75
07014,3521427.93
07015,3473751.28
07016,3202302.73
07017,4761947.31
07018,1905204.04
07019,125501977.06
07020,2802189.95
07022,6792396.5
07023,3310227.77
07024,6780127.659999999
07025,2154274.72
07026,6198099.34
07027,11600658.37
07028,6050598.97
07029,3830889.49
07030,4425650.4399999995
07031,8329003.34
07032,2475632.54
07033,1485806.36
07034,1060260.71
07035,5107452.99
07036,2271092.49
07037,2984808.66
07038,1568282.55
07039,3295773.06
07040,2613118.56
07041,12683756.38
07042,41263956.86
07044,1712938.52
07045,5581486.55
07047,1701276.64
07048,6758068.24
07049,1072083.82
07050,4486870.4
07051,6178572.3
07052,3271077.3000000003
07053,3180961.37
07054,3096051.7
07055,17130691.48
07056,3456106.83
07058,5258044.05
07059,1898171.13
07060,2049158.63
07061,2540562.21
07062,1792373.12
07063,1561327.6800000002
07064,39839600.82
07065,2250198.4899999998
07066,16746183.520000001
07067,1171475.92
07068,3847672.15
07069,5974086.68
07070,11939858.36
07071,21098450.61
07072,9841789.67
07073,2593388.95
07074,2152753.71
07075,7126275.359999999
07076,66632368.05
07077,2628514.21
07078,32321269.61
07079,8634072.0
07080,4234271.96
07081,1336379.3399999999
07082,3122642.65
07083,2564165.54
07084,5785378.069999999
07085,5043350.1899999995
07086,4674983.78
07087,3842904.44
07088,2241790.5
07089,8400398.23
07090,8918813.77
07091,1367527.91
07092,1551570.3
07093,2826236.6
07094,2275120.77
07095,3993509.0
07096,6891449.27
07097,4472210.66
07098,2497221.56
07099,3237890.19
07100,4582320.22
07101,9411783.08
07102,85923192.45
07103,2378765.7
07104,2206427.66
07105,3135592.11
07106,2328385.05
07107,10732027.52
07108,1289151.98
07109,3038341.19
07110,14960365.149999999
07111,2025497.5000000002
07112,2106327.26
07113,2992665.68
07114,2980570.88
07115,5614831.050000001
07116,12998424.020000001
07117,11224765.28
07118,2399823.69
07119,7701432.620000001
07120,2600144.26
07121,2567418.48
07122,5284010.88
07123,2150189.77
07124,1685407.56
07126,7098670.41
07127,10421435.82
07128,7800572.38
07129,20053945.22
07130,3962167.86
07131,2640637.01
07132,16453120.38
07133,4946507.88
07134,6644979.1
07135,873906.4
07136,1777273.6600000001
07137,2062045.76
07138,12663234.149999999
07139,1299765.6400000001
07140,4793431.56
07141,1398887.44
07142,3118154.6
07143,5897642.76
07144,1591098.5
07145,6622122.54
07146,4476011.16
07147,5250809.6899999995
07148,3244128.11
07149,2330693.93
07150,10429242.97
07151,2930369.32
07152,12514384.17
07153,3001986.54
07154,6335258.62
07155,4259275.8
07156,12103050.99
07157,22421063.56
07158,1695727.1800000002
07159,3775680.65
07160,3025297.0700000003
07161,20360153.09
07162,3687999.69
07163,3042094.6100000003
07165,3972532.8800000004
07166,5270682.88
07167,6625297.76
07168,7156437.86
07169,3510769.17
07170,4823771.85
07171,3816226.46
07172,10629364.280000001
07173,2058382.46
07174,3701922.42
07175,1576982.04
07176,2111620.27
07177,6336766.7
07178,5943471.5
07179,1390247.33
07181,31577547.82
07182,6115443.33
07183,2578670.57
07184,3558340.4099999997
07185,4261656.79
07186,87531012.76
07187,1477237.21
07188,7427542.36
07189,2968522.21
07190,2346430.76
07191,19942443.78
07192,3706546.0
07193,1865591.77
07194,4566412.409999999
07195,2107581.69
07196,2962321.79
07197,19695341.63
07198,6647921.13
07199,9877257.14
07200,2385853.75
07201,22106162.93
07202,2963896.1
07203,4192507.85
07204,19908751.66
07205,7016107.87
07206,1434235.67
07207,8876506.31
07208,1826570.69
07209,1502918.25
07210,4340909.0
07211,3798462.66
07212,3013848.54
07213,2544368.22
07214,1809900.06
07215,2776724.31
07216,3697264.8200000003
07217,4698236.4399999995
07218,3319670.27
07219,4077286.69
07220,2472664.39
07221,2823778.08
07222,1808244.57
07223,1213825.91
07224,7999072.17
07225,8089282.6899999995
07226,5795394.73
07227,10821992.3
07228,8196124.6
07229,5843338.69
07230,2810806.3
07231,12075042.99
07232,8524120.55
07233,2857437.34
07234,1291291.2200000002
07235,5283168.11
07236,14056048.76
07237,6062200.71
07238,2490316.9
07239,2974473.2199999997
07240,10736411.16
07241,2504237.2199999997
07242,1452478.1199999999
07243,2018664.99
07244,3320416.49
07245,17974368.810000002
07247,6845608.6899999995
07248,2241000.75
07249,1796736.3199999998
07250,2588420.71
07251,3889365.7800000003
07252,2359550.78
07253,2666285.6
07254,4002345.46
07255,16452447.21
07256,4646295.24
07257,1121650.7400000002
07258,3465746.27
07259,8557803.629999999
07260,5711696.56
07261,6730442.22
07262,5263456.08
07263,3000105.34
07264,10942011.569999998
07265,10313893.95
07266,2087089.7500000002
07267,3964507.99
07268,6634820.64
07269,9922272.959999999
07270,4136973.5999999996
07272,3208015.91
07273,2510972.89
07274,2123781.07
07275,2556396.69
07276,2764931.31
07277,1973625.67
07278,2660116.67
07279,9894114.879999999
07280,6232919.29
07281,61621320.160000004
07282,3233587.0500000003
07283,1342450.2000000002
07284,3070078.93
07285,1601237.06
07286,6461016.96
07287,2635252.33
07288,10200932.03
07289,5419708.98
07290,2563061.63
07291,4946908.29
07292,5522304.67
07293,4573459.91
07294,4171719.08
07295,14198939.73
07296,7060307.61
07297,3495921.54
07298,4186028.6
07299,2834201.02
07300,2880722.53
07301,9886163.85
07302,7967508.37
07303,2226704.98
07304,7360928.07
07305,2974860.29
07306,3037458.18
07307,3736521.43
07308,16320847.73
07309,12886038.75
07310,3846818.52
07311,1880228.21
07312,2642649.2
07313,7394094.08
07314,3516283.51
07315,3901021.95
07316,13517533.78
07317,5282941.7
07318,1243755.11
07319,45427048.78
07321,1507244.67
07322,12626682.76
07323,8643514.78
07324,78556431.75
07325,13243449.96
07326,3047493.66
07327,2218127.72
07328,3640922.33
07329,5742113.36
07330,30470510.22
07331,48134903.44
07332,4192542.98
07333,7139588.430000001
07334,26122839.74
07335,3152214.84
07336,2695605.9999999995
07337,15131600.89
07338,17562961.56
07339,9020416.48
07340,10924744.13
07341,16230674.26
07342,9787705.56
07343,6907994.930000001
07344,1590949.19
07345,5695350.01
07346,37815425.169999994
07347,4697394.18
07348,7045576.100000001
07349,37769377.11
08001,5922498.14
08003,16269183.33
08004,1296928.03
08005,605204.28
08006,1803705.0899999999
08007,233613.13
08008,4159089.07
08009,875320.05
08010,656619.26
08011,1520559.58
08013,1511869.02
08014,604841.0
08015,978228.32
08016,1382293.17
08017,2177492.7
08018,476947.33
08019,399608.27
08020,1366692.43
08021,1163803.27
08022,1829625.21
08023,349599.52
08024,8878303.06
08025,6655434.59
08026,2031242.1
08027,651652.53
08028,12028436.38
08029,1301982.77
08030,627283.46
08031,441379.01999999996
08032,1351850.86
08033,832809.5800000001
08034,2309137.2600000002
08035,572358.86
08036,950029.27
08037,5345395.15
08038,1536003.21
08039,2525532.93
08040,3389515.41
08041,1120315.53
08042,1278783.1400000001
08043,8626129.19
08044,830298.1
08045,2414413.5700000003
08046,1383111.2200000002
08047,715086.76
08048,2377410.08
08049,634460.9
08052,854396.8
08053,25096316.93
08055,4087034.78
08056,482483.02999999997
08057,2515543.71
08058,1629896.34
08059,218839.47
08060,838746.34
08061,360194.07
08062,918048.45
08063,1703172.89
08064,1748287.6500000001
08065,897973.6
08066,788124.65
08067,5890556.0
08069,962470.4900000001
08070,1433274.97
08071,1011621.22
08072,3164317.7800000003
08073,1204779.73
08074,568389.72
08075,1048305.74
08076,5397216.28
08077,914714.29
08078,4881299.43
08079,1578878.9000000001
08080,469150.63
08081,49831990.27
08082,516007.07
08083,1866074.4999999998
08084,1483992.3699999999
08085,2178521.15
08086,867185.59
08087,1198892.55
08088,675649.26
08089,7382305.46
08090,19062846.39
08092,620265.3200000001
08094,1377635.14
08095,1312356.92
08096,3017267.52
08097,3122098.05
08098,307216.86000000004
08099,1223302.6199999999
08100,697066.47
08101,703126.5800000001
08102,778372.4299999999
08103,2322071.62
08104,222933.69
08105,429257137.26
08106,2309453.05
08107,8608452.13
08109,1698852.9000000001
08110,2501555.08
08111,2972052.19
08113,4896585.92
08114,718444.0199999999
08115,5701143.91
08116,7500755.89
08117,1213041.1400000001
08119,3861468.71
08120,335764.82999999996
08121,699761.01
08122,58519410.64
08123,611720.3
08124,1772521.33
08125,4873810.84
08126,1506708.14
08128,663525.25
08130,1220001.3
08131,1014741.4199999999
08132,929557.96
08133,2628624.04
08134,493802.86000000004
08135,831813.42
08136,2466916.21
08137,2809771.66
08138,1279230.65
08139,9571199.33
08140,4217800.46
08141,1395693.57
08142,22925500.61
08143,565997.5
08144,645133.75
08145,20760723.17
08146,506927.35000000003
08147,511368.15
08148,822493.49
08149,1938857.75
08150,1049713.89
08151,1958540.74
08152,756030.8600000001
08153,2511265.92
08154,1620568.9500000002
08155,543318.15
08156,5902777.54
08158,1486921.1400000001
08159,1237216.99
08160,1356897.6
08161,300001.02999999997
08162,1903389.22
08163,1755722.29
08164,1315838.11
08165,264368.37
08166,3983393.47
08167,535508.75
08168,1059190.84
08169,1652279.32
08170,1699247.5999999999
08171,1321523.57
08172,983214.56
08173,5364075.79
08174,8859590.7
08175,5959049.31
08176,470120.18
08178,1146269.37
08179,6034770.29
08180,11123183.5
08182,792324.08
08183,9765345.92
08184,465853.60000000003
08185,46961447.2
08186,317750.24
08187,2759505.04
08188,9654667.56
08189,1668148.0399999998
08190,106049428.77
08191,6728726.65
08192,1034249.3700000001
08193,1108955.1300000001
08194,7593452.95
08195,2060227.22
08196,762590.47
08197,1092347.12
08198,4168584.66
08199,4076267.21
08200,1618143.58
08201,982370.03
08202,3450204.37
08203,2638359.52
08204,737583.6900000001
08205,422234.62
08206,4351205.58
08207,4297103.88
08208,1769378.8599999999
08209,3396602.92
08210,898215.79
08211,6399615.24
08212,6253675.76
08214,6704217.65
08215,427928.75
08216,2590415.3
08217,2334518.59
08218,12461722.76
08219,710933.96
08220,1352339.19
08222,17977460.400000002
08223,1293535.01
08225,987759.9
08226,4762243.609999999
08228,731247.5
08229,886782.98
08230,1577109.29
08232,3737725.2500000005
08233,322290.45
08234,510878.13
08235,3726763.0900000003
08236,3343217.14
08237,2612998.02
08238,834051.58
08239,6684781.13
08240,1213495.57
08242,2611738.24
08243,1728008.27
08244,818318.57
08245,648159.96
08246,941248.85
08247,3122296.04
08248,5852541.93
08249,1633329.91
08250,1176346.9
08251,776703.4299999999
08252,827519.53
08254,4692973.55
08255,1030198.5700000001
08256,878387.6
08257,1252077.8599999999
08259,665300.26
08260,3263484.24
08261,679209.36
08262,4677479.03
08263,7199884.19
08264,4463955.899999999
08267,1537483.33
08268,864815.89
08269,634334.39
08271,649119.64
08272,447185.34
08273,736371.16
08274,1085567.91
08275,1614314.92
08276,8297127.68
08277,1094828.82
08278,523146.16
08279,444297.25999999995
08280,516531.69
08281,4487833.86
08282,10240486.51
08283,844427.52
08284,21936423.6
08286,489427.67
08287,1135677.1099999999
08288,583338.89
08289,2795931.08
08291,1293223.03
08293,857296.15
08294,1234391.73
08295,1480405.1099999999
08296,757030.98
08297,3580512.69
08298,10835450.11
08300,285938.19
08301,856949.13
08302,19121633.59
08303,2488071.73
08304,1683583.09
08305,1169348.36
08306,595121.36
08307,648698.37
08308,650025.34
08309,222674.94999999998
08310,471881.61
08311,33610908.16
08312,2594552.62
08313,967342.78
08314,4914777.319999999
08315,690104.2999999999
08316,8781222.34
08317,563996.72
08318,2205131.49
08319,2172394.4
08320,3015009.7199999997
08321,1227061.0499999998
08322,1717150.1
08323,719960.02
08324,920899.8599999999
08325,321714.13000000006
08326,1836841.3299999998
08327,18048128.54
08328,32128783.47
08329,2290731.74
08330,4488704.750000001
08331,5199734.89
08332,313123.08
08333,1478346.83
08334,807172.12
08335,640445.89
08336,2288429.73
08338,792945.52
08339,1387451.78
08340,1188646.3800000001
08341,8273174.21
08342,2799465.1999999997
08343,7253259.92
08344,1873811.62
08346,8681810.28
08347,2621181.01
08348,1139747.17
08349,3347911.66
08350,2043437.13
08351,371435.04
08352,1402005.84
08353,11159316.370000001
08354,9547091.610000001
08355,1947481.92
08356,946250.94
08357,8351345.74
08358,2151340.6799999997
08360,1356236.34
08361,18067858.81
08362,74618376.42
08363,68477134.66
08364,1380433.64
08365,12827928.61
08366,4997385.54
08367,32170752.63
08368,1086515.96
08369,985831.62
08370,2719291.14
08371,910745.25
08372,636546.43
08373,3191302.02
08374,535849.02
08375,523322.43000000005
08376,1576219.83
08377,1349451.2
08378,832068.8800000001
08379,1424092.63
08380,880553.97
08381,3868916.04
08382,1669553.09
08383,554058.97
08384,1011012.89
08385,5024942.6
08386,1362422.4100000001
08387,1924309.5
08388,2304097.47
08389,3735544.5100000002
08390,751280.4700000001
08391,4747001.36
08392,1219041.73
08393,686186.04
08394,804579.78
08395,980283.25
08396,964153.3999999999
08397,277746.21
08398,717700.68
08399,660554.79
08400,2703609.58
08401,1945456.21
08402,6854980.84
08403,10555192.65
08404,1221465.1300000001
08405,1237619.16
08406,1942506.04
08407,409480.71
08408,5330909.51
08409,160819351.69
08410,2152659.8400000003
08411,620334.6000000001
08412,743177.14
08413,1089317.76
08415,1815806.75
08416,2692718.3499999996
08417,1428004.59
08418,1702308.73
08419,12280243.97
08420,9738647.6
08421,947135.1799999999
08422,1532788.74
08424,2018109.66
08425,367431.55
08426,806248.79
08427,1639690.06
08428,1222054.35
08429,4764701.6
08430,578563.83
08431,391814.05
08432,1588868.4
08433,1014383.48
08434,846329.01
08435,7495370.7
08436,2613717.78
08437,1740260.52
08438,585853.2000000001
08439,1665753.2
08440,938905.95
08441,1492336.67
08443,745069.16
08444,644176.72
08445,2122492.6
08446,830654.58
08448,7491175.569999999
08449,3936445.01
08450,1294128.18
08451,1516553.71
08452,1811378.97
08453,573350.7999999999
08454,941022.8400000001
08455,499872.36
08456,1499009.41
08457,12431897.05
08458,1453876.79
08459,1131583.51
08460,1345763.17
08461,1976364.1400000001
08462,759710.1
08463,900595.25
08464,392794.84
08465,643510.63
08466,1685390.09
08467,828137.4299999999
08468,2569903.74
08469,5428530.5200000005
08470,785554.51
08471,298784.94
08472,2974687.26
08473,1083884.53
08475,1633376.38
08476,1921173.4400000002
08477,750796.67
08478,1700966.19
08479,1642374.46
08480,29476520.28
08481,1058983.3399999999
08482,828821.88
08483,2730562.4
08484,444975.79
08485,763443.72
08486,23245828.46
08487,23553321.43
08488,27934830.970000003
08489,1026845.52
08490,36767449.64
08491,25556989.37
08492,1396034.18
08493,2536450.22
08494,3058328.21
08496,849628.99
08497,12154608.07
08498,2456722.25
08499,1085701.04
08500,817117.4199999999
08501,511272.53
08502,1640915.64
08503,942848.12
09001,645555.1
09002,2513084.57
09003,2340178.52
09004,3162263.8099999996
09005,2309425.0900000003
09006,931865.74
09007,1026492.31
09008,1614531.51
09009,4341456.08
09011,436754.51
09012,694001.71
09013,1241134.21
09014,2384005.23
09015,4111808.13
09016,2142562.84
09017,2093271.46
09018,1139791.6300000001
09019,3162236.31
09020,1663587.79
09021,1049536.22
09022,1183550.5
09023,6264574.67
09024,16407323.35
09025,836428.28
09026,1739208.1600000001
09027,942081.95
09028,627401.64
09029,6585750.2
09030,29210568.799999997
09031,822462.03
09032,59963223.559999995
09033,768992.1699999999
09034,266469.9
09035,2283787.65
09037,785246.37
09038,1459645.59
09039,3226385.62
09040,1526709.22
09041,1762510.0799999998
09042,12553908.540000001
09043,2289376.31
09044,1986187.95
09045,1980839.15
09046,855830.19
09047,8239624.100000001
09048,948058.0399999999
09049,1727544.1099999999
09050,3401410.72
09051,1370258.12
09052,785885.88
09053,2433404.12
09054,3224896.8600000003
09055,2030986.5
09056,2420815.22
09057,4318334.48
09058,1383281.84
09059,2227177.2399999998
09060,3361553.08
09061,7058089.35
09062,4085469.2
09063,2047162.05
09064,714741.42
09065,2789537.69
09066,4144632.59
09067,1360142.8699999999
09068,1085426.7999999998
09069,613320.14
09070,7075408.2299999995
09071,2037519.3900000001
09072,354094.24
09073,2072338.2800000003
09074,1677109.22
09075,1643996.48
09076,976201.32
09077,1462810.92
09078,2567217.62
09079,14032837.4
09080,1336103.45
09081,2248114.35
09082,4538017.0600000005
09083,261468.16999999998
09084,1147729.37
09085,5670191.67
09086,2320480.56
09087,1588456.06
09088,482984.10000000003
09089,669582.22
09090,655521.29
09091,2255588.81
09092,745944.91
09093,1963367.65
09094,1401151.44
09095,2286093.11
09096,516478.85
09097,1548335.94
09098,1193273.8
09099,2075095.92
09100,4988769.13
09101,1402315.5
09102,917981.81
09103,4885176.4
09104,3256782.86
09105,5641515.35
09106,1719368.25
09107,4764716.9799999995
09108,1889464.28
09109,1027174.49
09110,649664.83
09111,1796298.26
09113,9010084.43
09114,1070873.91
09115,814172.47
09116,2071615.66
09117,1092848.85
09118,2433115.2899999996
09119,7047013.41
09120,2889187.65
09121,10794647.47
09122,84003905.37
09123,930211.46
09124,9709869.11
09125,2769175.73
09126,1734576.79
09127,1369492.8
09128,2043059.84
09129,1769020.0699999998
09130,4768946.75
09131,2064985.68
09132,2153355.26
09133,878702.01
09134,1371288.96
09135,2201612.53
09136,2055615.74
09137,1976175.4
09138,1836855.54
09139,9070138.549999999
09140,3332208.38
09141,943794.77
09142,900288.9299999999
09143,1464375.4300000002
09145,1418502.23
09146,657666.0599999999
09147,793066.78
09148,1184011.92
09149,1835549.13
09150,1398634.48
09151,529074.6900000001
09152,1609046.83
09153,1357752.04
09154,982732.5
09155,1558956.9100000001
09156,913525.71
09157,14574344.62
09158,1597300.39
09159,1352441.06
09160,52776190.82
09161,3595608.02
09162,2042326.46
09163,777413.45
09164,2921466.27
09165,2733672.94
09166,1002736.3899999999
09167,18494838.18
09168,1111135.27
09169,1194049.54
09170,1095669.1
09171,1935174.69
09172,338178.89
09173,2878101.3600000003
09174,1807303.75
09175,559510.74
09176,10608510.1
09177,1332557.0
09178,555978.03
09179,805725.0
09180,1890835.36
09181,9337263.459999999
09182,7787164.08
09183,820259.72
09184,658421.86
09185,27669805.09
09186,768634.06
09187,1698832.64
09188,16561754.959999999
09189,7764569.93
09190,1335724.99
09192,2098116.62
09193,2468294.03
09194,32514443.14
09195,402226.13
09196,953715.93
09197,1646410.38
09198,2119660.06
09199,6493305.83
09200,3802075.38
09201,911891.54
09202,4348747.7700000005
09203,960203.55
09204,2110855.85
09205,616948.25
09206,9824346.38
09207,8879751.950000001
09208,2195137.21
09209,5774986.88
09210,5606650.25
09211,3494997.33
09212,1109916.8
09213,2182978.04
09214,5755858.489999999
09215,1351095.47
09216,877979.75
09217,2313215.18
09218,2904590.23
09219,1826236.68
09220,11140876.65
09221,4041670.73
09222,966841.3300000001
09223,9799624.549999999
09224,3196412.16
09225,140569633.01
09226,557693.89
09227,1224125.82
09228,4016348.16
09229,2102820.13
09230,2241120.8
09231,2372437.04
09232,3213744.7800000003
09233,458726.46
09234,846671.51
09235,6038033.21
09236,5159263.45
09237,676125.82
09238,4620436.79
09239,3466201.5000000005
09240,3042452.48
09241,2972008.96
09242,472224.91000000003
09243,432604.85
09244,3924187.8299999996
09245,5000868.28
09246,4646790.47
09247,2206518.7
09249,2174332.05
09250,894292.98
09251,1555158.47
09252,3128236.98
09253,2753824.04
09254,1447084.81
09255,478652.3
09256,740964.57
09257,3218516.38
09258,2759856.15
09259,1316077.74
09260,490128.88
09261,40364560.05
09262,1373628.66
09263,580434.1
09264,6117937.21
09265,21061287.19
09266,712205.5499999999
09267,2257102.15
09268,13283632.74
09269,1996785.97
09270,1858661.25
09271,673974.99
09272,12615452.95
09273,4194744.81
09274,1885103.21
09275,1359117.23
09276,1661689.62
09277,5738405.43
09279,927995.83
09280,5242696.640000001
09281,1354789.2200000002
09282,27500015.95
09283,8924001.78
09284,1560458.19
09285,18721407.48
09286,1173567.34
09287,394781.43000000005
09289,6373551.05
09290,4088231.25
09291,2565468.75
09292,1110455.56
09293,10618138.61
09294,502952.42999999993
09295,2453599.18
09296,1938873.5999999999
09297,486515.72
09298,3143568.56
09299,7043136.220000001
09300,2042650.6199999999
09301,4504659.53
09302,3481612.3
09303,2559635.54
09304,169437.94
09305,1044779.05
09306,27836886.810000002
09307,1409746.17
09308,2038684.6400000001
09309,1370763.22
09310,590137.15
09311,652861.02
09312,15287574.459999999
09313,2014536.79
09314,1642530.67
09315,686265.64
09316,863361.01
09317,292297.31
09318,1540347.54
09319,1315352.3499999999
09320,629138.88
09321,2684510.7199999997
09322,11408258.64
09323,1275986.93
09324,13500231.93
09325,1318460.81
09326,1619831.45
09327,1942422.05
09328,2988794.98
09329,3290099.15
09330,1906053.52
09331,2481536.31
09332,8632554.129999999
09334,6678834.5200000005
09335,986747.4099999999
09336,7093492.9
09338,1332706.23
09339,3886818.04
09340,1549393.4
09341,794637.9500000001
09342,1360047.94
10002,911443.87
10003,16323738.8
10004,1113344.23
10005,3493106.05
10006,17883427.52
10007,955407.07
10008,690484.96
10009,1333948.03
10010,376699.54
10011,1456505.98
10012,1647980.01
10013,407633.57
10014,1059370.4000000001
10015,780488.7000000001
10017,838090.05
10018,3648754.97
10019,2751356.33
10020,2644212.4899999998
10021,1087177.0899999999
10022,2714558.55
10023,950170.4
10024,1048092.28
10025,2507969.7199999997
10026,286803.08
10027,1681970.69
10028,920153.23
10029,1647279.8599999999
10030,13997721.56
10031,1737827.8900000001
10032,4240831.72
10033,44094681.24
10034,18905042.05
10035,8611031.22
10037,3816018.03
10038,526780.1000000001
10039,1087087.71
10040,1248090.73
10041,642230.2000000001
10042,3005548.6100000003
10043,543915.17
10044,191757.94
10045,1586529.1700000002
10046,397689.29
10047,261477.76
10048,1724432.9400000002
10049,4062537.88
10050,960316.44
10051,6172847.16
10052,949441.24
10053,2534061.52
10054,650038.34
10055,2622191.2600000002
10056,2206446.81
10057,98305.17
10058,2043773.9000000001
10059,838992.73
10060,16136933.74
10061,6685844.51
10062,1128004.1199999999
10063,2479696.17
10064,19899033.55
10065,592312.97
10066,1348192.4000000001
10067,11729993.99
10068,1753068.44
10069,1538394.29
10070,6509120.88
10071,478964.67
10072,1004041.98
10073,416467.52999999997
10074,2612742.39
10075,1123957.99
10076,5228135.4399999995
10077,232402.19
10078,66147.73000000001
10079,1202372.71
10080,7733312.45
10081,111923288.33
10082,1912825.29
10083,2511499.57
10084,6269747.4
10085,284962.68
10086,684811.67
10087,441067.03
10089,3828839.8299999996
10090,1222944.76
10091,686174.53
10092,997508.4500000001
10093,3014354.27
10094,7460584.59
10095,2311636.42
10096,3817363.56
10097,1939936.3800000001
10098,1140056.78
10099,3730976.37
10100,2477565.27
10101,1941599.22
10102,1618855.62
10103,1472369.13
10104,757473.35
10105,214662.66
10106,773505.89
10107,609450.05
10108,304521.3
10109,1051192.45
10110,4500032.38
10111,760406.97
10112,1215161.1
10113,2598601.93
10114,5390900.61
10115,21972257.599999998
10116,1677351.47
10117,1658056.55
10118,572237.73
10119,3380567.37
10120,1972007.79
10121,1584068.52
10122,873380.7899999999
10123,8501833.2
10124,1597586.3900000001
10125,1209094.46
10126,1820787.99
10127,295779.46
10128,1205315.53
10129,1991554.18
10130,930602.67
10131,2106763.7800000003
10132,1497936.6600000001
10133,1533805.23
10134,464706.12
10135,1038395.8900000001
10136,826638.01
10137,463343.07
10138,663542.58
10139,2269619.51
10140,10663811.35
10141,8175968.41
10142,10246856.0
10143,1835153.1
10144,441549.92
10145,2483056.33
10146,465558.22
10147,740231.66
10148,2180209.9299999997
10149,1036563.47
10150,1917354.49
10151,9723678.78
10153,3101163.07
10154,797772.66
10155,1783205.96
10156,2804146.22
10157,737790.21
10158,2158424.47
10159,384614.07
10160,212339.47999999998
10161,490022.66000000003
10162,1765955.94
10163,929760.49
10164,2315765.54
10165,2024734.09
10166,2924631.47
10167,736769.29
10168,423803.27
10169,1248224.57
10170,4463928.37
10171,1300268.42
10172,1551783.67
10173,2459231.34
10174,925280.48
10175,1201210.89
10176,777353.62
10177,954204.4199999999
10178,1292250.32
10179,1274384.11
10180,392938.08999999997
10181,1921666.5699999998
10182,1437537.44
10183,386594.3
10184,1295579.07
10185,1551826.6
10186,2804571.92
10187,3291161.8
10188,1116700.22
10189,386138.27
10190,1792923.85
10191,8685549.95
10192,865619.4
10193,1015958.4800000001
10194,1423957.83
10195,1915297.82
10196,2875214.9899999998
10197,1733935.3900000001
10198,456885.1
10199,3705896.54
10200,348693.5
10201,511260.84
10202,919256.62
10203,2039043.95
10204,347296.54
10205,1054906.3599999999
10206,987235.52
10207,591564.8
10208,1117389.42
10209,12988648.46
10210,4551355.38
10211,4831322.99
10212,329177.35
10213,1904002.1199999999
10214,639129.73
10215,1169021.43
10216,9854169.09
10217,223406.92
10218,509837.52999999997
10219,393753.9
10220,6926054.72
10221,1096858.69
10222,3820155.76
10223,7763842.07
10224,13239346.63
10225,1406760.58
10226,857965.35
10227,2443972.19
10228,1965440.94
10229,213452.65
10230,3203427.14
10231,5139247.08
10232,2238108.65
10233,12291297.129999999
10234,1748524.9
10235,207911.74
10236,670971.6000000001
10237,5123490.6899999995
10238,2080608.41
10239,1949257.65
10240,1638128.63
10241,268960.78
10242,1294582.48
10243,556580.67
10245,2266812.9899999998
10246,1519690.32
10247,298564.94
10248,1835486.92
10249,2749523.24
10250,1106666.0799999998
10251,858986.33
10252,240511.21
10253,889004.6
10254,1364345.8
10255,2833515.3200000003
10256,1551110.34
10257,142470.56
10258,4869025.19
10259,1447610.29
10260,2233514.58
10261,9608543.450000001
10262,3942087.11
10263,3236970.5599999996
10264,2380680.9
10265,15459867.36
10266,226586.11
10267,1052299.43
10268,122985554.91
10269,962211.57
10270,1964701.37
10271,4449376.95
10272,1555188.22
10273,89695.13
10274,1308163.93
10275,2139573.5
10276,1704723.22
10277,3576360.41
10278,2459792.6
10279,1475554.47
10280,3192227.1999999997
10281,2180425.3000000003
10282,4733776.5
10283,1155345.1
10284,1188934.97
10285,464701.07
10286,2809749.5799999996
10287,11722138.49
10288,1620529.01
10289,8294714.29
10290,1057696.3
10291,1028120.58
10293,828701.1000000001
10294,543580.38
10295,1864436.89
10296,3245376.46
10297,28303880.36
10298,5203107.98
10299,3066560.89
10300,1124583.25
10301,1621837.99
10302,480145.06
10303,298941.07
10304,999136.76
10305,784721.75
10306,3416050.9699999997
10307,1552003.59
10308,1199651.42
10309,488879.80000000005
10310,988369.25
10312,1072902.8499999999
10313,4766488.14
10314,2854674.93
10315,337016.07
10316,1280051.45
10317,23763852.59
10318,1055861.1600000001
10319,1902054.4200000002
10320,1283198.8800000001
10321,14678358.1
10323,97707033.17
10324,352296.85
10325,17430445.89
10326,2764552.4200000004
10327,1033763.24
10328,3175515.67
10329,2893843.92
10330,1303785.74
10331,3091420.74
10332,1393727.57
10333,63750958.5
10334,3696372.88
10335,4248330.8
10336,2960691.7600000002
10337,473852.97000000003
10338,811691.7999999999
10339,1799021.33
10340,23151741.62
10341,3068606.8
10342,1504325.3800000001
10343,34371506.1
10344,7500525.45
10345,2485856.16
10346,570379.53
10347,1011986.42
10348,1162107.71
10349,12397989.59
10350,4245353.29
10351,3120019.44
10352,8002577.97
10353,3893908.5
10354,828489.0399999999
10355,623678.7000000001
10356,1047307.61
10357,19992031.36
10358,5055808.43
10359,3662914.67
10360,4914284.99
10361,925993.71
10362,69994700.87
10363,4865331.85
10364,902610.61
10365,692877.08
10366,1079737.15
10367,3041230.0
10368,5845895.37
10369,1105715.5
10370,1071672.37
10371,2052180.27
10372,19872908.04
10373,1601926.89
10374,1793512.3800000001
10375,2096638.98
10376,1033690.2299999999
10377,1051252.15
10378,709851.68
10379,2980152.46
10380,562284.47
10381,10927317.790000001
10382,6441721.84
10383,509464.52
10384,980539.19
10386,1181317.92
10387,474921231.37
10388,649762.16
10389,868731.83
10390,1796542.9100000001
10391,2013063.05
10392,1739637.47
10393,1041314.27
10394,1323209.87
10395,2749280.83
10396,4466630.8
10397,796458.43
10398,859802.92
10399,2476007.0
10400,481653.99
10401,19866559.29
10402,630743.92
10403,525512.14
10404,619586.99
10405,620554.3
10406,7123392.73
10408,788742.86
10409,4207770.58
10410,939684.0900000001
10411,1839722.02
10412,4802862.77
10414,523852.91000000003
10415,2084172.81
10416,1162785.59
10417,1295392.01
10418,672566.5599999999
10419,4522292.02
10420,19477639.41
10421,1167486.76
10422,1182346.47
10423,1916495.32
10424,2048231.97
10425,1208252.2
10426,6886948.63
10427,2396961.13
10428,2168417.92
10429,5414554.88
10430,1142546.4500000002
10431,486728.24
10432,1218438.47
10433,1262536.31
10434,56347.71
10435,1360254.22
10436,854511.38
10437,3238290.4499999997
10438,2990447.29
10439,803894.6900000001
10440,936901.86
10441,1256844.46
10442,2421159.3000000003
10443,499614.19
10444,1307931.73
10445,946817.64
11001,6675366.47
11002,1364457.79
11003,1435191.5799999998
11004,3633502.95
11005,10016957.79
11006,1557986.2
11007,2459682.55
11008,8094658.49
11009,19529954.07
11010,2211782.1
11011,6478755.39
11012,12000038.190000001
11013,3986097.75
11014,7407527.59
11015,4793289.87
11016,1625125.3900000001
11017,1494961.93
11018,10262257.6
11019,1497010.88
11020,1328578.03
11021,7510975.9
11022,7196411.359999999
11023,4488371.98
11024,9952665.11
11025,3710840.48
11026,2016689.28
11027,6669782.99
11028,9438116.51
11029,862889.82
11030,1468997.83
11031,957412.93
11032,1800609.3599999999
11033,14060812.459999999
11034,8403969.67
11035,2638063.44
11036,2020769.1500000001
11037,4336505.12
11038,2375231.9
11039,303401.95
11040,16149680.39
11041,13925922.05
11042,1470962.25
11043,1613404.89
11044,2313061.0100000002
11045,1173981.08
11046,619895.97
11047,1763162.42
11048,6355160.66
11049,28188282.03
11050,1540687.36
11051,1438590.33
11052,2614032.6399999997
11053,1589855.85
11054,1867628.59
11055,5111567.34
11056,3212623.17
11057,292343.69
11058,1596117.42
11059,1075044.98
11060,1133798.76
11061,1952248.85
11062,1048734.2
11063,5193124.13
11064,7159858.399999999
11065,948931.12
11066,3459654.69
11067,5719972.34
11068,16354750.059999999
11069,368411301.83
11070,2784723.77
11071,7827576.7
11072,1650710.36
11073,681436.31
11074,1856431.45
11075,4426468.4
11076,100143410.28999999
11077,6812289.07
11078,1465650.25
11079,1974125.5899999999
11080,1631685.97
11081,21835297.849999998
11082,252977.4
11083,1024014.09
11084,6777147.86
11085,5658263.22
11086,4954573.4
11087,773991.22
11088,13747996.4
11089,2472618.52
11090,4796055.09
11091,9936118.32
11092,1333374.0
11093,1054685.62
11094,934517.5
11095,2266628.62
11096,1992234.6400000001
11097,871972.18
11098,4163448.43
11099,22861564.43
11100,533668.58
11101,1333182.48
11102,4628913.42
11103,11030371.379999999
11104,1209785.82
11105,5014903.54
11106,35748351.9
11107,894697.14
11108,503950.19
11109,935729.62
11110,565813.08
11111,3988962.82
11112,1023162.2699999999
11113,7571644.279999999
11114,492832.21
11115,14298986.19
11116,31510033.48
11117,2504248.88
11118,2101098.88
11119,2227952.9
11120,3211410.45
11121,952943.52
11122,4899868.550000001
11123,9387367.17
11124,21333910.96
11125,2012299.99
11126,5026674.86
11127,6170236.63
11128,1648604.49
11129,14660435.65
11130,3747861.7199999997
11131,2498112.72
11132,7575856.36
11133,746847.46
11134,861136.96
11135,413108.17
11136,7092662.399999999
11137,3690457.81
11138,2742180.4
11139,797660.94
11140,9762197.84
11141,1078915.01
11142,1503887.9000000001
11143,1999032.4800000002
11144,9024212.34
11145,76190273.64
11146,1685966.23
11147,695606.63
11148,3478866.87
11149,1217612.7
11150,5028173.48
11151,3192495.29
11152,1805343.5799999998
11153,1253186.26
11154,1837052.48
11155,1949817.6600000001
11156,1532102.29
11157,2124001.27
11158,2134159.32
11159,1665884.53
11160,538805.53
11161,1639996.76
11162,561631.88
11163,1047431.0700000001
11164,14987892.950000001
11165,1956964.45
11166,886682.59
11167,426147.73
11168,1168822.79
11169,987862.1
11170,89892823.5
11171,767313.21
11172,3662702.88
11173,1086766.65
11174,1033496.47
11175,5172130.47
11176,469330.54
11177,675854.27
11178,7358659.2700000005
11179,1336652.26
11180,1963412.02
11181,4080591.86
11182,2281299.6500000004
11183,2749346.86
11184,1472858.8399999999
11185,10526439.0
11186,1651971.18
11187,1524190.09
11188,16915065.919999998
11189,1538073.17
11190,12531612.68
11191,2695992.6
11192,4021046.56
11193,1741362.27
11194,2621953.7
11195,2756689.32
11196,1296209.04
11197,4350733.24
11198,7816752.88
11199,9114052.31
11200,1909835.09
11201,4073778.71
11202,115222597.96
11203,85664289.11
11204,418062.89999999997
11205,5653650.02
11206,70773842.24
11207,1735681.81
11208,1765484.72
11209,2666178.7800000003
11210,7010857.32
11211,2577918.04
11212,3473459.5100000002
11213,1577028.7
11214,2422332.68
11215,8761951.63
11216,2530785.16
11217,7647835.33
11218,1093150.95
11219,944681.14
11220,3500242.19
11221,5681029.76
11222,2745786.89
11223,332134.98
11224,1316022.98
11225,5991553.92
11226,1029415.37
11227,1231466.78
11228,1497335.1600000001
11229,1324031.95
11230,826603.68
11231,1931831.54
11232,668172.43
11233,8571671.98
11234,1394150.65
11235,1397619.88
11236,3118398.14
11238,1143824.85
11239,1158087.28
11240,2970704.14
11241,3210598.52
11242,2233513.53
11243,4691906.34
11244,3483821.74
11245,2363528.48
11246,759156.75
11247,644780.2899999999
11248,639426.6
11249,918353.16
11250,1313491.18
11251,6479791.47
11252,2278852.23
11253,8851909.56
11254,14489608.16
11255,19657520.03
11256,3634813.63
11257,2293689.0300000003
11258,9495773.58
11259,8772155.5
11260,2982379.39
11261,4175587.7
11262,565113331.67
11263,3216449.45
11264,8981408.87
11265,1385212.58
11266,102669925.05
11267,6621191.3
11268,1095163.59
11269,14762023.309999999
11270,2198476.4899999998
11271,1204400.73
11272,19004305.57
11273,4214839.35
11274,2788989.55
11275,2382266.6199999996
11276,6072967.98
11277,446134.76
11278,893953.38
11279,16375802.31
11280,10165846.06
11281,7414659.78
11282,718287.94
11283,769310.3
11284,3210886.78
11285,10888665.43
11286,10190666.34
11287,1500592.7
11288,12036688.32
11289,7763819.49
11290,1241185.99
11291,1203086.37
11292,2107636.84
11293,6411754.34
11294,553001.13
11295,14165274.79
11296,3427128.0300000003
11297,4473955.38
11298,2276151.08
11299,4987499.94
11300,1852190.8900000001
11301,11022267.4
11302,4235101.5
11303,5966669.69
11304,48028688.71
11305,1388425.97
11306,431868.54
11307,2380571.4499999997
11308,4688564.04
11309,3402108.08
11310,6240238.25
11311,3881576.68
11312,1128951.72
11313,1715292.2
11314,1599616.65
11315,16325517.41
11316,2205057.55
11317,1793104.63
11318,1140907.9
11319,2154760.61
11320,2671706.73
11321,4399252.43
11322,10031738.29
11323,3013682.9499999997
11324,3202268.77
11325,3409925.35
11326,1644710.65
11327,5471631.22
11328,1991862.37
11329,1505037.97
11330,5030128.01
11331,1081010.7
11332,8807370.59
11333,2167765.9899999998
11334,2007402.5
11335,1427624.1900000002
11336,3683196.07
11337,2400682.74
11338,535078.67
11339,5385473.74
11340,4794960.07
11341,1207765.46
11342,1759974.18
11343,988255.77
11344,11498727.98
11345,2699148.67
11346,1084655.5
11347,1667482.07
11348,1078458.17
11350,1481862.62
11351,7394530.9
11352,749195.54
11353,12846284.19
11354,937450.3600000001
11355,3097849.36
11356,5758054.65
11357,2577979.63
11358,762841.27
11359,2544768.92
11360,10273610.59
11361,6621383.51
11362,2148588.97
11363,2604913.83
11364,2379308.34
11365,591135.68
11366,4451369.1899999995
11367,14792956.86
11368,2327706.35
11369,19901054.47
11370,13770014.790000001
11371,13198853.67
11372,2644527.69
11373,1089635.22
11374,959800.29
11375,511596.87
11376,898517.44
11377,1253914.93
11378,3898846.01
11379,45615762.55
11380,1179905.35
11381,1885684.94
11382,2067978.81
11383,2487198.93
11384,2211053.34
11385,1657074.11
11386,6308985.38
11387,1646408.03
11388,3567451.19
11389,378738.93
11390,3625883.31
11391,757987.8
11392,5154769.12
11393,3762086.0999999996
11394,1596317.95
11395,491943.08
11396,4432759.49
11397,38791234.18
11398,10145246.24
11399,1015071.26
11400,965589.2
11401,12719837.88
11402,587803.14
11404,7054207.15
11405,5561032.33
11406,752732.9299999999
11407,4194290.68
11408,4647819.37
11409,2814139.75
11410,7341864.08
11411,1651713.6400000001
11412,1046562.62
11413,2471476.9
11414,827694.44
11415,1296309.57
11416,2668227.27
11417,1795147.82
11418,9798672.65
11419,864414.45
11420,1564662.12
11421,3898037.87
11422,3028699.96
11423,1709088.6099999999
11424,1219358.42
11425,12316531.79
11426,13696924.09
11427,2372474.17
11428,3683768.38
11429,23197442.119999997
11430,6277807.21
11431,4296789.48
11432,1422364.01
11433,11424656.72
11434,6619194.08
11435,6953739.88
11436,8958579.58
11437,9708024.69
11438,1966019.9300000002
11439,2073052.1300000001
11440,724184.53
11441,12681006.69
12001,6407067.58
12002,6380686.4399999995
12003,3250964.84
12004,6427624.42
12005,1347016.81
12006,5586088.1
12007,1852918.31
12008,6465715.93
12009,677340.91
12010,1962811.49
12011,10226980.51
12012,8432258.51
12013,29490670.19
12014,3580970.56
12015,2889996.63
12016,5592016.06
12017,4541382.06
12018,1605070.07
12019,2299185.8200000003
12020,4461780.65
12021,7557648.8
12022,1897877.48
12023,2444482.38
12024,5480920.88
12025,19842742.57
12026,6762396.97
12027,2950015.32
12028,5856331.53
12029,5446701.7
12030,3888762.82
12031,3611135.73
12032,4492879.67
12033,21634173.21
12034,2224306.78
12035,6294616.78
12036,24342254.9
12037,13036181.35
12038,3002234.03
12039,9677097.18
12040,1656779.69
12041,2650967.2800000003
12042,1904713.5
12043,11423185.85
12044,12042089.04
12045,3091952.1199999996
12046,4346898.31
12047,5830941.07
12048,15712567.01
12049,4926515.86
12050,3883814.81
12051,10181762.25
12052,33082594.45
12053,2003411.3
12054,4566999.38
12055,1993362.6500000001
12056,24368215.3
12057,9239070.27
12058,2160241.61
12059,4782826.069999999
12060,1947606.9100000001
12061,8052454.0600000005
12062,3037252.22
12063,16506603.290000001
12064,4251626.14
12065,5313854.37
12066,7396492.4
12067,1601333.99
12068,10898659.879999999
12069,4287467.67
12070,4219849.59
12071,4264095.2
12072,1856367.37
12073,5342972.73
12074,3910076.95
12075,2196453.7800000003
12076,13045355.530000001
12077,6648694.260000001
12078,2138986.66
12079,3947151.14
12080,5658681.73
12081,3232119.89
12082,3485339.08
12083,13905760.75
12084,12313728.09
12085,3130335.9699999997
12086,2764800.3
12087,3150049.03
12088,4069426.91
12089,61741710.35
12090,13609062.02
12091,3141503.44
12092,6054384.17
12093,5074898.2
12094,15123170.25
12095,3040762.69
12096,38993148.16
12097,4122811.3
12098,6088689.38
12099,2619968.61
12100,20525211.14
12101,10084243.7
12102,16154727.620000001
12103,5267093.53
12104,3169200.13
12105,14314499.3
12106,4690630.11
12107,2563803.7399999998
12108,4282549.15
12109,1823223.36
12110,9314352.31
12111,5317925.26
12112,3203933.61
12113,2835952.0
12114,7775969.58
12115,3059557.2800000003
12116,3076548.31
12117,3260263.4299999997
12118,6885300.649999999
12119,18375130.43
12120,17536820.9
12121,6850695.72
12122,1527088.65
12123,6610259.67
12124,5010868.47
12125,3050549.31
12126,2650531.68
12127,6954081.71
12128,2937100.54
12129,4541710.54
12130,9779172.66
12131,8663498.209999999
12133,40431705.05
12134,4089044.32
12135,6425832.140000001
12136,7300621.600000001
12137,3924551.85
12138,16650758.4
12139,2403667.81
12140,6676189.37
12141,4096235.95
12142,4132284.75
12143,1289880.51
12144,2428947.78
12145,152308569.06
12146,13531566.24
12147,2699944.1799999997
12148,10703678.67
12149,2394012.93
12150,5789811.779999999
12151,10010655.5
12152,1368993.92
12153,4106901.6
12154,6145883.140000001
12155,7546560.609999999
12156,8670341.83
12157,12622707.92
12158,1778736.4200000002
12159,5224669.640000001
12160,4064881.8600000003
12161,7113410.44
12162,8551778.5
12163,4319296.36
12164,7964261.26
12165,2717727.69
12166,2431955.08
12167,24700557.759999998
12168,11868046.5
12169,21966574.22
12170,3590094.47
12171,5707276.84
12172,5641519.529999999
12173,2438788.77
12174,20389138.68
12175,1170668.95
12176,94353230.31
12177,2326982.73
12178,3370035.06
12179,2680728.45
12180,2809699.08
12181,4288914.569999999
12182,1930604.8
12183,3009450.47
12184,2153308.13
12185,14816253.030000001
12186,1718696.6700000002
12187,3575343.0400000005
12188,5511837.41
12189,3812422.56
12190,3003488.54
12191,3319674.02
12192,3568369.26
12193,2355104.59
12194,6156407.84
12195,4565931.05
12196,3527286.75
12197,28458880.28
12198,20473237.52
12199,17564696.3
12200,11941457.1
12201,8513641.23
12202,248572737.97
12203,19192611.21
12204,3245095.44
12205,5540108.62
12206,3945058.61
12207,4296930.7
12208,60629039.72
12209,17071792.41
12210,7627220.08
12211,1949614.23
12212,1365662.5099999998
12213,4424128.34
12214,9408947.18
12215,5392186.99
12216,8563015.95
12217,3084854.7600000002
12218,12690429.0
12219,3960107.9
12220,5027866.17
12221,5767157.29
12222,2663181.44
12223,28717991.939999998
12224,22204658.61
12225,14905118.25
12226,24715616.15
12227,2157056.44
12228,4363447.05
12229,3897222.2199999997
12230,3002832.87
12231,6248183.42
12232,4215804.58
12233,2959484.87
12234,3674076.25
12235,5009909.09
12236,3210568.48
12237,9720411.36
12238,5035482.68
12239,2136637.58
12240,8213772.29
12241,18262749.36
12242,5081849.68
12243,4738574.34
12244,8781849.74
12245,4428958.48
12246,4737723.0
12247,3227577.16
12248,10366001.15
12249,2599357.46
12250,7102597.7
12251,7418758.05
12252,3370243.58
12253,15412873.41
12254,12920905.05
12255,5638414.77
12256,1976661.98
12257,5800149.54
12258,11530314.38
12259,6453194.9399999995
12260,2022740.8800000001
12261,1618103.34
12262,8686207.07
12263,3880208.61
12264,19701618.82
12265,4181417.65
12266,12071733.93
12267,5101147.29
12268,8505656.52
12269,1368174.9100000001
12270,25628023.22
12271,2906778.46
12272,3034312.45
12273,2677297.33
12274,2681577.77
12275,711048.8
12276,5912765.87
12277,7085545.359999999
12278,1960922.44
12279,4281479.7700000005
12280,8155486.67
12281,3410184.56
12282,3026423.88
12283,6635143.92
12284,16107902.18
12285,5432312.38
12286,9141974.24
12287,5126265.64
12288,6423779.64
12289,2007849.96
12290,2847018.11
12291,4220028.9799999995
12292,2584699.7600000002
12293,3287728.7
12294,10970294.38
12295,1315481.72
12296,6565291.22
12297,3905978.6
12298,5315191.54
12299,10378815.28
12300,96690942.99000001
12301,15072163.04
12303,2020972.04
12304,1461684.19
12305,18091343.25
12307,4961253.25
13001,1024716356.24
13002,88900378.95
13003,21426473.62
13004,405103103.65000004
13005,340396653.59
13006,15086038.43
13007,71512478.74
13008,6606555.67
13009,10316430.549999999
13010,27587071.61
13011,24278360.78
13012,7596435.91
13013,13213995.15
13014,223102152.14000002
13015,91037170.64
13016,16988744.7
13017,17148488.3
13018,24526578.66
13019,59532923.15
13020,24316019.19
13021,52013483.88999999
13022,101684022.74000001
13023,21503301.81
13024,21474398.65
13025,24298308.94
13026,127698389.16000001
13027,153126169.13
13028,249326306.62
13029,11398880.1
13030,23674004.57
13031,21627182.38
13032,66354224.76
13033,31553658.01
13034,26228788.6
13035,45478070.03
13036,31807548.91
13037,55775155.129999995
13038,41371024.69
13039,94416519.76
13040,61650924.940000005
13041,206076191.13
13042,118004209.99
13043,51653475.949999996
13044,21696262.7
13045,30251916.02
13046,41017382.94
13047,54081553.8
13048,29935337.27
13049,20637293.46
13050,51116917.07
13051,61261575.04
13052,19295092.27
13053,51818032.01
13054,219446330.44
13055,5058481834.36
13056,623614029.25
13057,3914760.5
13058,35917052.2
13059,29143288.55
13060,51725134.24
13061,2193464.81
13062,29480673.19
13063,32957704.39
13064,25526533.1
13065,21595603.94
13066,45323131.11
13067,27669952.009999998
13068,12619566.799999999
13069,57114534.26
13070,47556073.99
13071,114025376.03999999
13072,26645801.27
13073,25232370.84
13074,38793793.06
13075,90633630.79
13076,35605765.7
13077,174808201.4
13078,88318277.19
13079,30124557.22
13080,40097141.49
13081,108385408.48
13082,28792631.12
13083,33297731.34
13084,50089844.04
13085,31291832.02
13086,58999626.75
13087,83847390.02
13088,19367075.490000002
13089,24062355.89
13090,3879950.25
13091,28610138.72
13092,53421933.230000004
13093,11641984.219999999
13094,23588729.84
13095,18416757.22
13096,77987024.79
13097,110864715.11999999
13098,42289025.93
13099,25015175.57
13100,101315433.41
13101,15619106.38
13102,67902330.17
13103,312777055.8
13104,30725714.770000003
13105,46466836.08
13106,64360418.67
13107,31319956.41
13108,112906286.59
13109,19962583.400000002
13110,71110200.33
13111,12007743.58
13112,85336263.83
13113,54425161.39
13114,31930019.04
13115,23737809.43
13116,8344679.84
13117,344142222.25
13118,18166519.65
13119,52396990.75
14001,6573850.59
14002,755669.6799999999
14003,831977.49
14004,688443.95
14005,2763641.11
14006,3895340.19
14007,1126520.47
14008,1601873.17
14009,4383190.75
14011,4947201.08
14012,383985.95
14013,155710.74
14014,2661198.0
14015,2161487.07
14016,1676217.03
14019,1116378.7
14020,17323639.41
14021,8497005.27
14022,5741295.42
14023,667344.12
14024,1965381.38
14025,1093810.17
14026,4567947.78
14027,21381765.09
14028,1168668.27
14029,219936.52
14030,5434737.74
14031,183055.12
14032,2070231.07
14033,1409852.57
14034,1607978.16
14035,3566207.0999999996
14036,348350.13
14037,2070416.21
14038,2291364.36
14039,2125000.49
14040,462570.24
14041,572459.6699999999
14042,3654445.4699999997
14043,212542.95
14044,1793481.1700000002
14045,517683.68
14046,8608806.97
14047,117352996.02
14049,665112.48
14050,485188.26
14052,321622.24
14053,1236096.58
14054,506725.85000000003
14055,3077404.21
14056,2123810.73
14057,6139684.100000001
14058,467983.0
14059,6093745.54
14060,9538704.89
14061,8071626.1
14062,1507182.45
14063,463668.88999999996
14064,739025.2799999999
14065,2760927.9899999998
14066,15040847.4
14068,14004665.790000001
14069,9968592.870000001
14070,2799418.12
14073,793899.57
14074,1685527.3
14075,348127.32
14076,47973758.67
14077,6301935.379999999
14078,835309.51
14079,15060435.69
14080,511477.7
14081,515699.92
14082,444066.0
14083,2932240.17
14084,1279309.59
14085,5748686.25
14086,1282183.52
14087,884950.02
14088,1024154.87
14089,947957.24
14090,1655066.98
14091,1386268.6099999999
14092,7819646.18
14093,1087280.29
14096,1061692.22
14097,1044008.55
14098,14170955.89
14099,786752.66
14100,14128822.42
14101,24272526.919999998
14102,3745549.27
14103,836614.13
14104,993989.92
14105,164446.61000000002
14106,2329190.77
14107,723193.23
14109,1321910.9100000001
14110,420194.26999999996
14111,823713.42
14113,1603804.24
14115,1224749.74
14116,158830.66999999998
14117,91117173.8
14118,795968114.83
14119,8910978.31
14120,6965869.850000001
14121,659222.88
14122,654500.14
14123,6012406.84
14124,2933426.1799999997
14125,8445063.5
14126,5922671.97
14127,1276635.01
14128,501188.23
14129,3309553.34
14130,577855.57
14131,1081247.94
14132,842325.5399999999
14134,441910.96
14135,1045965.1699999999
14136,196491.69
14137,41301621.46
14138,652900.75
14139,1628018.55
14140,1342721.44
14141,1295058.88
14142,1189561.42
14143,12955551.83
14144,312967.37
14145,2943720.2800000003
14146,684003.62
14147,483260.82
14148,284210.9
14149,1280380.13
14150,3133567.74
14151,1921738.93
14152,279270.01
14153,249768.89
14154,1229576.56
14155,589868.65
14156,899257.54
14157,4736131.18
14158,1645948.2700000003
14159,683888.04
14160,832348.98
14161,1785874.52
14162,13046151.65
14163,1511531.2999999998
14164,6086558.0600000005
14165,1276023.13
14166,12249129.85
14167,44236205.67
14168,979346.6699999999
14169,680405.59
14170,1698602.41
14171,676744.26
14172,1806829.69
14173,1230285.1600000001
14174,37000317.64
14175,859085.47
14176,620935.22
14177,6852149.3
14178,209208.81
14179,637548.28
14180,683587.53
14181,47614689.44
14182,1768698.34
14183,233400.27
14184,488189.95
14185,1236835.98
14186,614254.8099999999
14187,4220276.17
14188,1091840.18
14189,346044.27
14190,609614.93
14191,54795223.76
14192,2296739.59
14193,1409386.95
14194,2178879.03
14195,530544.07
14196,1151383.23
14197,4915831.86
14198,367036.14
14200,8570151.13
14201,2231974.36
14202,3024098.2100000004
14203,725953.3
14204,879486.25
14205,699234.5499999999
14206,1335291.6300000001
14207,1693137.28
14208,1166894.23
14209,1066972.52
14210,493956.83999999997
14211,1395022.73
14212,821842.02
14213,1396445.47
14214,651811.02
14215,9427715.1
14216,923321.78
14217,864806.19
14218,1026548.55
14219,520727.60000000003
14220,174487600.85
14221,1953353.99
14222,456692.56
14223,624548.4600000001
14224,126365.57
14225,44501527.769999996
14226,2073984.6300000001
14227,883522.9199999999
14228,38605001.16
14229,10799699.78
14230,322983.76
14231,907609.4800000001
14232,526240.56
14235,1090876.9500000002
14236,1684876.56
14237,1087447.15
14238,479790.17
14239,522120.97
14240,1446499.8699999999
14241,1912248.07
14242,11210624.879999999
14243,7551608.09
14244,784721.24
14245,1168568.47
14246,2334215.85
14248,867739.62
14249,4324597.99
14250,1184180.63
14251,2047140.3
14252,516484.24
14253,889549.39
14254,4768651.01
14255,911448.02
14256,853507.47
14257,9054657.68
14258,77691636.46
14259,627705.34
14260,910273.02
14261,909077.48
14264,1809355.87
14265,3311408.61
14266,5675118.54
14268,830672.64
14269,742003.52
14270,1324204.03
14271,18457125.740000002
14272,719631.4299999999
14273,818308.89
14274,8640740.26
14275,1612054.54
14276,801494.6799999999
14277,4818962.58
14278,4016369.09
14279,571187.93
14280,1154707.6
14281,1313950.8599999999
14282,1093659.1099999999
14283,994095.0599999999
14284,709594.35
14285,307193.53
14286,1577458.56
14287,5773306.06
14288,2690514.8200000003
14289,1165720.46
14290,2494806.0100000002
14291,980420.58
14292,588360.89
14293,1501665.89
14294,1754900.8900000001
14296,1531780.39
14297,1202242.29
14298,559125.53
14299,2629457.02
14300,164785.37
14301,24329787.84
14302,797178.42
14303,6600670.7
14304,4814403.67
14305,3312408.43
14306,1205675.3399999999
14307,484267.09
14308,559960.26
14309,2706577.84
14310,2757591.21
14311,3469161.27
14312,9855680.94
14313,313397.73
14316,2236253.01
14317,5557052.7
14318,5319756.2299999995
14319,4505989.43
14320,726242.4500000001
14322,1882028.47
14324,1273403.71
14325,13817377.58
14326,2652682.71
14327,190701827.83
14328,4172819.21
14329,355329.9
14330,388987.49
14331,439923.06
14332,2054827.96
14333,112814569.72
14334,1016761.51
14335,1466043.3699999999
14336,1867086.01
14337,1226085.32
14338,26895502.46
14339,1026029.31
14341,71813308.5
14342,18481123.26
14343,537443.4400000001
14344,1582821.8
14345,1463477.74
14346,4796161.87
14347,3097644.32
14348,106245.85
14349,2629942.65
14350,447158.2
14352,6857941.5
14353,1358965.62
14354,9512458.77
14355,2208082.93
14356,1483111.51
14357,1232896.86
14358,364663.61
14359,514417.88
14360,822707.2
14361,774091.21
14362,613192.57
14364,1772622.65
14365,16400231.34
14366,164870728.60999998
14367,2127663.47
14368,976666.54
14369,934041.71
14370,16241332.42
14371,16283664.63
14372,3116781.03
14373,1650706.5999999999
14374,971450.28
14375,757145.33
14376,825517.75
14377,2849036.6999999997
14378,1180355.82
14379,934284.42
14380,348674.7
14381,373482.05
14382,334814.77999999997
14383,12794553.71
14384,28540087.58
14385,598886.19
14386,1348338.3199999998
14387,695970.86
14388,2513094.95
14389,1256668.2
14390,609296.21
14391,1067164.01
14393,1167355.1
14394,1187255.34
14395,187432.61
14396,2152293.26
14397,1392131.63
14398,2852032.36
14399,1849979.9000000001
14400,469438.57
14401,491316.66
14402,339768.33
14403,3192977.84
14404,677367.05
14405,1816083.64
14406,2118437.24
14407,10855206.79
14408,8936538.11
14409,16761073.78
14410,1692837.02
14411,866602.22
14412,465980.20999999996
14413,1739499.27
14414,212780.11000000002
14415,128312.76
14416,628395.13
14417,3400569.4699999997
14418,878060.7999999999
14419,926023.27
14420,774024.24
14421,1673236.38
14422,3804269.67
14423,1270381.34
14424,585888.54
14425,902621.8200000001
14426,1403093.21
14427,1233902.1700000002
14429,1291145.5
14430,669865.61
14431,29632199.1
14432,1999413.46
14433,649972.6699999999
14435,477592.98
14436,2217406.21
14437,114375825.95
14438,2901125.87
14439,563787.52
14440,480533.47
14441,1314715.76
14442,2857615.33
14443,1722222.13
14444,511740.35000000003
14445,638154.88
14446,390686.41000000003
14448,332448.89
14449,1021431.6
14450,592298.46
14452,3122270.86
14453,1858292.17
14454,5887695.53
14455,936507.32
14456,14592640.68
14457,657037.32
14458,828502.24
14459,255785.25
14460,10916938.17
14461,1451553.44
14462,2253839.66
14465,2267998.02
14466,1081311.0
14467,1262521.6800000002
14468,762370.06
14469,1102490.09
14471,1983703.78
14473,549383.77
14474,2932070.29
14475,4100770.95
14476,716289.88
14477,879424.02
14478,20088832.93
14480,4189417.54
14481,943039.4
14482,1046133.04
14483,882243.27
14484,544958.87
14486,1507691.78
14487,3937964.85
14488,75732287.65
14489,578002.79
14491,483266.56000000006
14492,1259762.1
14493,549495.86
14494,644919.53
14495,1257952.98
14496,205367.59999999998
14497,1000764.01
14498,902977.5599999999
14499,1596351.41
14500,1010990.62
14501,1495170.27
14502,358295.77
14503,971981.6799999999
14504,4027760.81
14505,663667.5499999999
14506,1058749.11
14508,3615598.94
14509,1441050.1300000001
14510,263166.37
14511,1512677.21
14512,407686.52
14513,3885594.15
14514,26924768.46
14515,14742352.69
14516,15619136.879999999
14517,440893.29
14518,216200.07
14519,470467.54
14520,2149526.8400000003
14521,1124748.3
14522,1479666.39
14523,1554579.56
14524,1997449.11
14525,1163906.86
14527,1399516.73
14528,1865642.07
14529,543625.12
14530,9788791.53
14531,378020.47000000003
14532,1063177.98
14533,448961.41000000003
14534,4346750.93
14535,2693679.73
14536,13819501.61
14538,2969781.56
14539,281520.1
14540,1010043.26
14541,396614.27
14542,1487073.22
14543,12334605.53
14544,416576.61
14545,6014718.53
14546,503632.52
14547,407099.86
14548,231799.53
14549,904435.6699999999
14550,328305.71
14551,483757.37
14552,1977630.95
14553,617674.54
14554,1624770.1300000001
14555,2881399.66
14556,9979123.25
14557,14452772.13
14558,3477928.75
14559,1626998.77
14562,19934547.73
14563,2122235.07
14564,1230669.51
14565,1605455.99
14566,12802274.41
14568,705507.17
14569,791163.33
14570,4265094.38
14571,732466.5299999999
14572,3751587.89
14573,675888.66
14574,8989080.74
14575,2600709.79
14576,797237.0599999999
14577,1017050.01
14578,4983274.779999999
14579,2854751.09
14580,467126.73
14581,1306341.43
14582,1838581.67
14583,545308.6
14584,10584577.52
14585,4128433.22
14586,986508.09
14587,13520395.14
14588,1083793.85
14589,3783583.93
14590,267419.18000000005
14591,1714858.34
14592,9828375.2
14593,1888174.16
14595,960049.07
14596,990990.71
14597,1626188.3599999999
14598,696368.85
14599,1282812.27
14600,2855491.91
14601,1276900.41
14602,1417099.02
14603,1403572.06
14604,471608.14
14605,1654906.3900000001
14606,437361.44
14607,600624.8
14608,374560.42000000004
14609,5543225.43
14610,6426212.3
14611,2498401.19
14613,585306.08
14614,3468438.35
14615,763731.3099999999
14616,1686829.77
14618,2679882.79
14619,499043.82
14620,1784490.01
14621,2131196.21
14622,497081.35
14623,7997602.41
14625,5544939.63
14626,2077750.97
14627,2694148.93
14628,2320656.86
14629,10737340.95
14630,6966656.3
14632,993539.75
14633,429779.66
14634,454434.23
14635,685052.62
14636,1977510.4500000002
14637,1323083.55
14638,292422.92
14639,1095400.73
14640,367563.38
14643,1335857.0899999999
14644,1785498.64
14645,674435.34
14646,1564705.94
14647,1274290.79
14648,1121592.8
14649,1413299.45
14650,420130.56
14651,502448.8
14652,138473.74
14653,1760114.01
14654,22267385.68
14655,1180732.76
14656,5807381.92
14657,868207.8400000001
14658,11184575.08
14659,4910501.7299999995
14660,694709.01
14661,989358.41
14662,832587.62
14663,7563479.7700000005
14664,882057.22
14665,1041037.5599999999
14666,6408900.08
14667,457437.10000000003
14668,911679.6
14669,738426.58
14670,1059606.75
14671,1331184.3
14672,1351796.56
14674,183016.15
14675,13257212.91
14676,4591378.21
14677,994387.69
14678,1650106.37
14679,2339900.1
14680,704492.5499999999
14681,607332.67
14682,1848505.92
14684,853545.28
14685,5912812.26
14686,908086.4800000001
14687,1014993.81
14688,963799.6100000001
14689,14912156.33
14690,702104.23
14691,673653.5
14692,9003970.8
14693,998026.82
14694,1142136.4100000001
14695,1829860.19
14696,629939.79
14697,4891353.83
14698,799178.37
14699,31390250.15
14700,1480907.92
14701,12634498.07
14702,1051745.48
14703,1005006.7
14704,2762005.5300000003
14705,750378.93
14706,1522788.47
14707,5866503.8100000005
14708,1507006.42
14709,889968.29
14710,573129.56
14711,6920215.68
14712,16282624.57
14713,2295273.25
14714,1436240.99
14715,95898979.12
14716,700036.72
14717,2655238.03
14718,617207.21
14719,2955656.2800000003
14720,3083275.3400000003
14721,1736865.22
14722,713723.13
14723,985249.02
14724,5600484.55
14726,9073609.48
14727,1401016.47
14728,1597070.05
14729,987970.9
14730,6833219.04
14731,1002466.28
14732,1137116.47
14733,1907918.1700000002
14734,770957.79
14735,2463143.98
14737,1363158.1
14738,21866286.8
14739,9392243.85
14740,9649375.54
14741,547213.23
14742,143187.15
14743,786718.79
14744,811801.43
14745,1465515.4300000002
14746,2194809.9699999997
14747,2156950.37
14748,467639.05
14749,628071.99
14750,543042.4500000001
14751,1250579.26
14752,41326208.089999996
14753,2416173.8099999996
14754,54496028.65
14755,8646826.63
14756,1345173.98
14757,1649269.05
14758,2994650.08
14759,786305.76
14760,2074887.56
14761,1711671.9
14762,114743108.00999999
14763,956795.3999999999
14764,6298922.04
15001,11343799.26
15002,3759494.77
15003,3748019.4
15004,4420968.6
15005,2904889.65
15006,3488164.18
15007,2405201.45
15008,5047526.16
15009,3926223.73
15010,1645005.48
15011,5359740.9
15012,37860295.54
15013,2790132.2
15014,249813453.28
15015,1723699.74
15016,3617262.67
15017,2260145.99
15018,1490742.76
15019,6431506.71
15020,2340505.9000000004
15021,6188156.27
15022,1999219.2599999998
15024,662515.81
15025,4704697.33
15026,3859301.34
15027,4318523.38
15028,5060274.08
15029,5317505.03
15030,2694642.79
15031,2202969.26
15032,2606920.39
15033,3374064.13
15034,3350114.48
15035,6869421.4
15036,7011133.67
15037,13789189.08
15038,15370215.89
15040,3299600.82
15041,2417801.44
15042,3764642.89
15043,1469174.67
15044,1533022.03
15045,21001177.54
15046,1409735.04
15047,1255629.13
15048,416206.35000000003
15049,5400886.83
15050,4752841.89
15051,4846404.91
15052,4835178.37
15053,6837376.38
15054,15172081.270000001
15055,4365241.1899999995
15056,8242211.95
15057,4424001.69
15058,2380942.3600000003
15059,2202221.8000000003
15060,1225088.49
15061,4317869.27
15063,2276416.85
15064,495996.07
15065,3005287.85
15066,4444276.18
15067,1308474.1
15068,5264507.680000001
15069,3422038.96
15070,3122604.34
15071,1307549.15
15072,2545453.16
15073,4119201.35
15074,5286104.52
15075,1516160.69
15076,3035432.42
15077,1646582.72
15078,2630323.52
15079,2161064.6
15080,2298138.73
15081,1700638.3900000001
15082,5172962.35
15083,13820321.2
15084,3473492.42
15085,3798588.65
15086,1370133.66
15087,3434148.24
15088,6035612.11
15089,4875775.72
15090,6129836.21
15091,1832072.96
15092,24067339.12
15093,3005024.11
15094,17117774.29
15095,2273336.54
15096,2062984.0999999999
15097,1398182.36
15098,1946862.4000000001
15099,3843511.91
15100,2198366.48
15101,10605793.06
15102,1146855.03
15103,2316175.58
15104,6746523.119999999
15105,738911.4199999999
15106,5408337.28
15107,3241490.29
15108,6343524.409999999
15110,3677017.3600000003
15111,2270386.2199999997
15112,2337615.52
15113,4362914.92
15114,7807184.72
15116,3530955.97
15117,10864593.84
15118,5607150.03
15119,18168521.91
15120,24818072.71
15121,2635101.96
15122,22127375.709999997
15123,1144967.1800000002
15124,10494488.749999998
15125,2608515.11
15126,2480594.9699999997
15127,3606771.96
15128,2787624.93
15129,3546393.3699999996
15130,2285356.7199999997
15131,4720172.13
15132,1625149.8
15133,3263944.62
15134,11062164.65
15135,2330641.79
15136,4294876.76
15137,1548280.31
15138,22985943.69
15139,1752124.99
15140,13496759.27
15141,8363325.91
15142,11326520.4
15143,1652437.9100000001
15144,3256913.08
15145,3991698.3200000003
15146,3610323.39
15147,5166719.49
15148,4677525.79
15149,4057921.89
15150,4839257.55
15151,3458065.3
15152,14996097.5
15153,7466247.02
15154,9464382.17
15155,2517531.78
15156,4790849.86
15157,4720904.58
15158,2145308.02
15159,5786573.899999999
15160,7266630.2
15161,2224074.48
15162,41972263.61
15163,8929286.46
15164,3619089.87
15165,4835111.95
15166,2404354.8000000003
15167,2022487.6400000001
15168,11261991.36
15169,10006049.62
15170,8365751.33
15171,1119938.63
15172,1661308.48
15173,2579686.0500000003
15174,4304201.56
15175,12684601.87
15176,3246272.16
15178,2062841.57
15179,3164394.35
15180,3048844.25
15181,5407946.4
15182,4969865.74
15183,3273347.2
15184,5302540.3100000005
15185,4336261.77
15186,2368323.46
15187,74537629.61
15188,6037987.63
15189,5866573.71
15190,2707278.74
15191,6108208.79
15192,8289877.83
15194,2070740.23
15195,5590764.84
15196,21199651.17
15197,1256952.1700000002
15198,3193308.9299999997
15199,2500217.48
15200,796475.16
15201,4212152.26
15202,15656456.48
15203,2768013.4299999997
15204,10338855.25
15205,3704863.9499999997
15206,9229155.0
15207,5609097.55
15208,4539165.66
15209,2223096.72
15211,4348631.0
15212,2883242.38
15213,3370006.81
15214,4195645.97
15215,10341198.57
15216,5484629.53
15217,1586527.0
15218,1673067.72
15219,7846477.069999999
15220,860107.05
15221,10453434.76
15222,1857133.05
15223,2881331.94
15224,1602325.93
15225,5573835.75
15226,4261950.95
15227,2094383.6300000001
15228,5563072.01
15229,2342207.41
15230,1630190.36
15231,7216484.63
15232,2259958.85
15233,1812935.6400000001
15234,3072707.5100000002
15235,4891350.12
15236,8914812.15
15237,2695812.82
15238,1760036.16
15240,5424033.4799999995
15241,1815795.34
15242,1743434.27
15243,10500042.11
15244,3898605.0999999996
15245,2860438.38
15246,5116681.16
15247,645936.01
15248,6712798.63
15249,935283.52
15250,4915597.64
15251,3201323.0
15252,3488489.2
15253,2543732.99
15254,2240159.84
15255,7900815.78
15256,2585846.3800000004
15257,2843562.36
15258,21714198.18
15259,4172259.9499999997
15260,2742058.75
15261,3599514.27
15262,4284046.7299999995
15263,1615221.08
15264,4714602.82
15265,37072029.94
15266,4968115.48
15267,30241194.27
15268,10342815.96
15269,1471448.52
16001,3243954.22
16002,2672831.42
16003,5144784.79
16004,1441965.15
16005,8541340.56
16007,4396145.72
16008,1694270.5499999998
16009,1912750.27
16010,1301174.49
16011,7597530.9
16012,4296774.51
16013,2227514.34
16014,593914.51
16015,463093950.01
16016,4210825.34
16017,981623.09
16018,5387856.04
16019,6793837.88
16020,6318148.34
16021,572672.5299999999
16023,2537278.26
16024,3331788.31
16025,11545004.24
16026,7002727.94
16027,911665.28
16028,37842771.04
16029,1442295.38
16030,4656107.3
16031,1733806.0499999998
16032,3116185.9
16033,1294204.5699999998
16034,730312.16
16035,1287837.46
16036,1270674.67
16037,1796345.1300000001
16038,2730540.42
16039,1884114.57
16040,2456301.32
16041,599874.46
16042,712528.55
16043,1399903.54
16044,1499693.16
16045,1852164.04
16046,7925997.36
16047,2844906.4
16048,1416891.21
16049,2536757.21
16050,1524385.87
16051,1418929.14
16052,1909401.21
16053,1199474.74
16054,1570059.76
16055,4606646.02
16056,6427631.1899999995
16057,1729980.8
16058,5973529.71
16059,1260458.35
16060,3845653.1
16061,13614886.67
16062,791924.75
16063,848018.3200000001
16064,7366041.83
16065,4548426.35
16066,4363965.16
16067,1673767.0
16068,3059977.96
16069,3335728.8
16070,13485177.51
16071,4487549.07
16072,2652737.1500000004
16073,13386707.08
16074,1600925.95
16075,1681587.77
16076,7196144.42
16077,2466680.7100000004
16078,31900949.02
16079,2500320.81
16081,448582.10000000003
16082,1754652.92
16083,1833796.5499999998
16084,2954542.11
16085,22341671.75
16086,3927688.05
16087,1031636.73
16088,5703502.5600000005
16089,26651813.2
16090,16549610.459999999
16091,1283170.96
16092,1475777.86
16093,7456445.49
16094,545640.89
16095,1644655.17
16096,2282541.59
16097,15508953.629999999
16098,1094492.38
16099,1280990.45
16100,3226708.9699999997
16101,7216455.06
16102,172588174.47
16103,657284.01
16104,2206494.43
16105,4725287.39
16106,36409902.6
16107,1742889.18
16108,732042.12
16109,1983831.67
16110,2649678.85
16111,1003678.2000000001
16112,521928.68999999994
16113,36723334.77
16114,1154757.71
16115,836215.37
16116,2355550.12
16117,686551.79
16118,675055.49
16119,8141933.399999999
16120,4587427.11
16121,1434709.28
16122,1379149.75
16123,2059992.48
16124,5184927.1
16125,2121239.07
16127,1324535.67
16128,2090199.8800000001
16129,1213419.68
16130,1566608.02
16131,3565303.84
16132,7981918.73
16133,900862.02
16134,9444474.950000001
16135,2043870.46
16136,3803323.2800000003
16137,3213549.19
16138,16138098.81
16139,1087501.09
16140,1573712.8699999999
16141,1232755.99
16142,1757313.59
16143,2325379.28
16144,1738945.98
16145,3741425.26
16146,7828079.76
16147,1334460.58
16148,4342039.61
16149,3919383.93
16150,11534303.09
16151,5473008.71
16152,3703657.84
16153,2018487.67
16154,38599490.86
16155,1082194.72
16156,2923994.4
16157,939630.86
16158,2124520.17
16160,3291853.5300000003
16161,1202772.23
16162,1455211.73
16163,6661552.17
16164,2186633.45
16165,2536872.15
16166,26156045.26
16167,31308175.11
16168,2887315.1
16169,5014790.59
16170,2164911.1
16171,3506308.9099999997
16172,218543.97
16173,1348691.15
16174,2340197.31
16175,4234381.99
16176,1550002.95
16177,946028.51
16178,989925.5900000001
16179,1028064.0299999999
16180,1772878.0
16181,4223055.54
16182,5048262.71
16183,2707764.94
16184,712156.11
16185,1216407.8900000001
16186,5990062.13
16187,10466256.18
16188,1607577.57
16189,2254705.92
16190,1817271.96
16191,922160.39
16192,26431846.7
16193,3913124.71
16194,941237.61
16195,1110747.48
16196,3889085.12
16197,924893.0700000001
16198,2220078.01
16199,13401693.96
16200,2149688.81
16201,1137204.01
16202,2155520.9699999997
16203,935786.91
16204,1966194.01
16205,4012643.4899999998
16206,13246859.959999999
16207,2511539.08
16208,1878878.9100000001
16209,3360442.32
16210,3313881.7199999997
16211,7205715.51
16212,3380422.2
16213,2986024.3699999996
16214,987815.96
16215,1001979.3200000001
16216,4707713.67
16217,9836326.6
16218,3042667.64
16220,2728316.65
16221,1716289.57
16222,2709508.55
16223,20773864.42
16224,2740581.3000000003
16225,5783881.3
16226,4484824.75
16227,1339698.8
16228,922610.64
16229,1790222.85
16230,6590256.49
16231,2190344.23
16232,20473647.39
16233,1754193.19
16234,2947547.5900000003
16236,11176387.75
16237,1488418.09
16238,629587.0
16239,1203891.06
16240,662395.1499999999
16241,432859.17
16242,9006536.53
16243,5245965.31
16244,12910378.42
16245,3466686.12
16246,2468760.11
16247,1230799.36
16248,1733537.27
16249,2535769.7
16250,1760474.36
16251,1914814.25
16252,735181.0
16253,3338034.7199999997
16254,1971880.26
16255,762259.52
16256,1592100.73
16257,2497502.01
16258,3590822.87
16259,2662174.02
16260,1923647.07
16261,2786570.76
16262,720502.49
16263,1607943.8
16264,3370736.46
16267,1596457.79
16268,1629942.5099999998
16269,2722129.65
16270,3028895.61
16271,11924296.9
16272,1569367.23
16273,900189.41
16274,1403366.23
16275,1332373.4
16276,4037072.61
16277,3745309.82
16279,2195710.64
16280,5947232.9399999995
16281,23859621.06
16282,2666009.75
16283,4308231.66
16284,946184.86
16285,3926687.82
16286,15929051.14
16287,15792600.07
16289,3044500.25
16290,2247935.62
16291,37973354.95
16292,25546011.77
16293,2115406.86
16294,2985526.8
16295,11060532.06
16296,1650079.5499999998
16297,1751486.23
16298,1723970.6099999999
16300,3287953.52
16301,1893750.94
16302,694451.71
16303,1946192.19
16304,3881215.5
16306,2275997.08
16307,1710510.0
16308,5197337.600000001
16309,893990.51
16310,1390259.8099999998
16312,3326572.62
16314,866508.65
16315,1178662.64
16316,1944283.21
16317,5725639.71
16318,1358031.53
16320,4291213.81
16321,561820.01
16322,1533960.52
16323,2623591.29
16325,1046504.79
16326,1552034.99
16328,1868433.14
16329,5044932.01
16330,4071259.75
16331,961124.87
16332,685006.75
16334,757314.53
16335,1109716.24
16336,2346950.41
16337,5018546.67
16338,1614662.8900000001
16339,2985854.0500000003
16340,5284453.4399999995
16341,11705737.98
16342,1936148.4
16343,1455569.55
16344,3238301.55
16345,1218797.11
16346,1929856.8
16347,4900152.41
16348,6656532.180000001
16349,3550580.41
16350,6549552.16
16351,2069251.5999999999
16352,1616494.31
16353,5132844.71
16354,596901.36
16355,4607861.28
16356,385572.84
16357,987301.81
16358,30000077.18
16359,5924992.41
16360,2800452.91
16361,3618964.53
16362,2854494.34
16363,3234833.18
16364,441175.61
16365,728309.6
16366,22449882.47
16368,4592582.11
16369,6270458.41
16370,5622597.1
16371,995244.4400000001
16372,1111026.76
16373,955184.52
16374,73379918.85
16375,2423562.6799999997
16376,1742115.06
16377,611353.4
16378,4570260.49
16379,6488256.34
16380,1570172.61
16381,1778414.36
16382,3160486.5
16383,3086694.25
16384,3068953.15
16385,6537516.720000001
16386,2837863.36
16387,1768942.4000000001
16388,2965875.52
16389,677289.39
16390,3254979.6
16391,637105.9099999999
16392,788822.5499999999
16393,9738601.7
16394,624345.77
16395,1692716.76
16396,714639.84
16397,3554972.7399999998
16398,753392.11
16399,2168766.73
16400,3266738.65
16401,1627728.35
16402,1258266.47
16403,948200.5
16404,1188256.4
16405,1665262.3
16406,2075460.72
16408,6633943.34
16409,7788396.16
16410,875433.28
16411,2843480.41
16412,839163.47
16413,898200.63
16414,2134430.07
16415,4066161.0
16416,3117683.32
16417,932453.4
16418,6720659.25
16419,1652445.3699999999
16420,1335832.62
16421,2109961.7199999997
16422,2384290.2800000003
16423,1474125.4
16424,2726991.66
16425,1987247.26
17002,807606.67
17003,19660690.86
17004,10533554.45
17005,1351768.58
17006,1886061.22
17007,1100224.46
17008,9178633.68
17009,4969839.54
17010,22273802.74
17011,1448217.59
17012,1846170.65
17013,2209724.05
17015,2740751.91
17016,6032093.7299999995
17017,2814341.41
17018,3232398.6999999997
17019,27707758.64
17020,2133159.62
17021,20217255.77
17022,4501626.39
17023,2150869.6
17024,15097804.54
17025,4356327.05
17026,2004848.18
17027,2487279.5
17028,60371098.56
17029,1418257.8399999999
17030,2565304.3
17031,1403243.52
17032,2909959.71
17033,2422362.2399999998
17034,2983582.61
17035,1054590.1099999999
17036,2095340.31
17037,6796259.89
17038,4180956.0999999996
17039,696280.58
17040,1870184.99
17041,3004588.57
17042,1672459.2
17043,5668192.28
17044,4026536.12
17045,5101836.2
17046,1931371.98
17047,2348077.96
17048,3114712.29
17049,817914.13
17050,4139649.04
17051,35856157.5
17052,3391822.87
17053,5874811.9399999995
17054,877916.5599999999
17055,1734572.49
17056,2257202.45
17057,3934251.77
17058,23937616.06
17059,5702917.01
17060,1208067.3499999999
17061,973061.26
17062,3384496.05
17063,2691804.81
17064,15475575.75
17065,9446014.9
17066,1884211.9300000002
17067,2423246.85
17068,1936302.08
17069,1395850.8199999998
17070,4551603.359999999
17071,1777781.02
17072,7196895.3100000005
17073,5355711.51
17074,14478948.75
17075,9022107.34
17076,1272405.73
17077,6446365.51
17078,3224192.55
17079,6467006.300000001
17080,3660179.64
17081,806014.45
17082,2696735.41
17083,2060516.58
17084,2869938.4
17085,1390300.32
17086,14560023.000000002
17087,1176420.52
17089,3821609.3000000003
17091,11870103.56
17092,870172.03
17093,36880933.46
17094,75598505.03
17095,903900.4
17096,689894.2
17097,2454118.28
17098,3630866.81
17099,3466553.21
17100,6850436.220000001
17101,1418444.45
17102,6909897.890000001
17103,1076435.85
17104,11816281.74
17105,2058354.16
17106,950891.45
17107,5068757.63
17108,1418770.02
17109,4603440.09
17110,10469184.33
17111,2921295.71
17112,1488407.92
17113,3084742.18
17114,1681121.07
17115,1774970.95
17116,2069958.41
17117,757655.61
17118,900631.71
17119,4224059.19
17120,10624163.83
17121,30345414.46
17122,2141299.0300000003
17124,2186614.14
17125,1925338.25
17126,1033592.1699999999
17127,12467597.53
17128,3394109.54
17129,1631516.35
17130,2520450.39
17131,13482829.42
17132,3068831.96
17133,4901211.77
17134,2663096.26
17135,1759484.12
17136,3849197.45
17137,1440068.66
17138,2761061.0
17139,2119887.25
17140,22658092.56
17141,2962417.3000000003
17142,22897537.82
17143,4941577.2
17145,2638955.77
17146,14697026.549999999
17147,4823380.41
17148,2415066.9699999997
17149,622583.5
17150,2082432.8800000001
17151,5143229.46
17152,5046711.41
17153,12790020.85
17154,2251682.86
17155,13438082.18
17156,1272267.27
17157,2083046.91
17158,2505027.51
17159,1997494.77
17160,1926468.53
17161,46647832.51
17162,1564867.71
17163,3818863.56
17164,13401725.13
17165,1848755.9100000001
17166,5341282.25
17167,3317840.51
17168,57561473.15
17169,686278.35
17171,3495870.1399999997
17172,28167918.330000002
17173,2408963.23
17174,4183336.07
17175,4232476.49
17176,1192651.25
17177,609162.58
17178,558201.71
17179,5758832.91
17180,1357903.28
17181,1473482.73
17182,4924212.98
17183,5021245.67
17184,2418846.85
17185,8491935.33
17186,2576697.12
17187,1956342.82
17188,3029264.94
17189,6821484.87
17190,13007376.85
17191,1724402.75
17192,6605276.09
17193,10206122.89
17194,11955501.34
17195,1700243.6
17196,2906879.47
17197,64876593.65
17198,1647357.01
17199,812271.99
17200,54827024.1
17201,2320753.68
17202,3116098.15
17203,2680467.94
17204,2766232.44
17205,1037734.01
17206,1241059.5999999999
17207,18677415.92
17208,3840528.98
17209,1637963.12
17210,2370039.9899999998
17211,6314471.19
17212,1053092.28
17213,1434026.07
17214,1510854.52
17215,303813.3
17216,5584951.72
17217,3268315.3000000003
17218,38089922.81
17219,36074601.39
17220,2365615.65
17221,5995955.84
17222,15478565.540000001
17223,1188242.34
17224,25565507.7
17225,43470342.49
17226,4708600.2299999995
17227,1454005.39
17228,13085516.28
17229,1377900.3599999999
17230,18308859.650000002
17231,588646.69
17232,9522119.61
17233,1721836.3
17234,2722066.84
17235,3165188.92
17236,13880134.94
17237,3854163.77
17238,550167.35
17239,2972617.38
17240,34915433.18
17241,19416402.43
17242,5041693.41
17243,9011987.12
17244,3896969.17
17245,2651401.82
17246,1917685.6400000001
17247,4774347.24
17248,4210216.86
17249,1271990.94
17250,2905175.75
17252,1409075.78
17253,7360282.16
17254,1452502.43
17255,2162521.93
17256,1750985.09
17257,8370392.17
17258,1591858.92
17259,872993.44
17260,1965540.78
17261,2655980.22
17262,4481294.83
17263,2203680.18
17264,28674724.470000003
17265,5751237.53
17266,3927007.0
17267,4533935.51
17268,1007142.66
17269,5000288.76
17270,2909839.47
17271,1823634.8
17272,2406272.29
17273,7015808.17
17274,70985680.58
17275,1893987.6
17276,475549.82
17277,2924157.39
17278,2383812.6
17279,4217998.42
17280,4235616.76
17281,1131613.62
17282,1512315.06
17283,38725160.99
17284,10423383.79
17285,5922264.35
17286,18795852.67
17287,1113869.19
17288,719836.3
17289,7172004.7700000005
17290,2078178.55
17291,34002284.910000004
17292,2504598.74
17293,3477495.32
17294,1488926.8800000001
17295,3120591.77
17296,5077783.62
17297,27679744.86
17298,4389833.2299999995
17299,292816926.71
17300,666792402.75
17301,413291.57
17302,2682325.27
17303,6409678.51
17304,2962752.7699999996
17305,2524192.07
17306,287375873.19
17307,4704547.45
17308,6942380.47
17309,13994018.69
17310,4663160.08
17311,8321684.9399999995
17312,4587635.640000001
17313,1803434.57
17314,3707870.9
17315,4001465.75
17316,2030653.83
17317,3972220.4699999997
17318,12050227.72
17319,714826.23
17320,1897634.96
17321,2388650.13
17322,1879623.46
17323,17992263.82
17324,720155.46
17325,2930437.36
17326,2283318.23
17327,1570692.38
17328,5857782.8
17329,1756181.69
17330,5186130.32
17331,12079278.42
17332,2058874.96
17333,58656049.88
17334,1646842.85
17335,677315.87
17336,9898546.49
17337,49356493.69
17338,9825967.18
17339,8498208.29
17340,7577457.7
17341,1011982.28
17342,2019080.11
17343,569837.79
17344,8005044.609999999
17345,1385966.96
17346,9286985.87
17347,63603632.78
17348,2745111.32
17349,12751409.32
17350,2912311.13
17351,8294655.84
17352,868591.6699999999
17353,10367831.120000001
17354,4664738.15
17355,3115011.49
17356,2247725.71
17357,2913666.04
17358,2804205.28
17359,4883225.57
17360,38034376.92
17361,851757.3099999999
17362,2788347.6
17363,1907121.76
17364,1851654.69
17365,3297369.55
17366,1430329.2
17367,1215285.72
17369,41336318.13
17371,706192.26
17372,469561.73
17373,6511257.04
17374,959656.72
17375,6940734.59
17376,3761935.61
17377,1265841.01
17378,2926430.11
17379,1694744.5999999999
17380,49816832.63
17381,1148039.99
17382,2706734.38
17383,1308141.76
17384,1092597.8699999999
17385,54524503.32
17386,1791521.07
17387,12250766.32
17388,2201090.08
17389,1653391.16
17390,695463.84
17391,12388268.040000001
17392,403950.33999999997
17393,7721268.98
17394,3618550.34
17395,3387244.86
17396,9040885.5
17397,24035682.72
17398,1052757.72
17400,2591828.9099999997
17401,793799.8200000001
17402,444851.43
17403,4545648.61
17404,2529967.49
17405,976023.4
17406,3035511.52
17407,23460728.71
17408,2116198.62
17409,16075358.24
17410,3632840.8
17411,16654327.229999999
17412,2126700.41
17413,6836069.61
17414,23522787.44
17415,248461660.18
17416,932009.4199999999
17417,1318490.5
17418,4751226.7700000005
17420,8926916.12
17421,47090859.129999995
17422,503711.42
17423,397873.6
17424,1394312.8
17425,7426514.06
17426,703057.0599999999
17427,1882918.49
17428,2666494.67
17429,18468991.47
17430,2903178.01
17431,3126477.34
17432,1008492.9
17433,1514667.29
17434,41293966.06
17435,1220471.75
17436,4488247.5200000005
17437,1585469.1
17438,1483913.73
17439,5346343.77
17440,707512.74
17441,5217768.63
17442,1215990.53
17443,8044852.23
17444,6677076.609999999
17445,1632039.85
17446,2363600.06
17447,6471248.03
17448,18440568.38
17449,45820698.12
17450,1367581.68
17451,3497266.41
17452,38131208.11
17453,12620451.440000001
17454,2508948.56
17455,2946809.02
17457,6753230.26
17458,1413097.29
17459,2483885.14
17460,2964128.11
17461,50770064.5
17462,3530580.42
17463,3028529.3600000003
17464,937937.17
17465,1994368.83
17466,9045338.18
17467,728351.63
17468,1163717.81
17469,3208945.85
17470,1478280.4899999998
17471,1253052.76
17472,5541442.39
17473,805305.56
17474,3068448.81
17476,1587177.13
17477,1301546.0
17478,484828.01
17479,1517035.47
17480,2128154.16
17481,717814.62
17482,3099047.51
17483,5922010.87
17484,15801605.75
17485,9252354.96
17486,12042650.93
18001,2538067.93
18002,1111001.43
18003,15033308.59
18004,5865630.39
18005,6266542.87
18006,1803566.74
18007,510251.3
18008,2264638.93
18009,3635083.8400000003
18010,2242520.4299999997
18011,17003325.18
18012,2212849.94
18013,1919258.43
18014,2296283.63
18015,53277483.58
18016,1543204.72
18017,3672559.6999999997
18018,16966212.96
18019,2129557.64
18020,5635139.85
18021,2635699.39
18022,2589308.8
18023,5845871.54
18024,2415647.64
18025,16570703.99
18026,39133876.800000004
18027,4015129.23
18028,8586428.45
18029,2653080.37
18030,6853492.28
18031,4766067.84
18032,9635078.9
18033,644438897.42
18034,2364374.24
18035,3366824.56
18036,5247218.83
18037,4774508.72
18038,1710025.59
18039,4536627.09
18040,3135988.55
18041,2774614.16
18042,1808948.8099999998
18043,1906005.47
18044,1895711.76
18045,2268128.54
18046,1110577.23
18047,5082886.1
18048,1994292.02
18049,1522684.69
18050,25285093.41
18051,1352397.23
18052,5480545.95
18053,1709720.42
18054,2028021.0
18055,4055236.12
18056,1936224.83
18057,18108134.37
18058,11414060.32
18059,9994751.31
18060,237254.82
18061,672184.88
18062,2159148.42
18063,2210962.5700000003
18064,1057718.3
18065,3290566.7600000002
18066,3353232.89
18067,4751897.5
18068,671282.68
18069,2965067.7800000003
18070,1693610.49
18071,398882.06
18072,1344070.24
18073,1093595.3
18074,572169.49
18075,3656794.1100000003
18076,2474220.17
18077,1973892.79
18078,497388.93999999994
18079,3958508.9499999997
18080,672798.48
18081,2017708.49
18082,3977455.58
18083,8937469.73
18084,1632868.14
18085,1163600.26
18086,4143869.84
18087,24666302.47
18088,3584643.19
18089,4165856.7600000002
18090,1974540.64
18091,1860929.77
18092,2391012.45
18093,1755011.1500000001
18094,2179687.02
18095,819579.81
18096,9961147.76
18097,9978828.11
18098,1251243.75
18099,1636716.51
18100,3060389.53
18101,2275348.95
18102,1975278.24
18103,9062669.74
18104,2387545.93
18105,2266376.17
18106,1527824.03
18107,1230857.23
18108,10855419.92
18109,12141265.74
18110,4069760.5900000003
18111,1762552.68
18112,4613028.35
18113,989168.8999999999
18114,2293233.66
18115,3330192.46
18116,2002996.66
18117,3642031.98
18118,7626028.57
18119,1387725.44
18120,1913818.8199999998
18121,867835.3
18122,1165693.16
18123,323574.37
18124,3966349.95
18125,18345036.009999998
18126,10998161.99
18127,15340391.08
18128,1285426.5
18129,2089775.48
18130,3759446.32
18131,389018.9
18132,2203411.0
18133,15990520.11
18134,3712427.23
18135,3074291.72
18136,3345410.63
18137,4838048.68
18138,14943504.58
18139,5752274.62
18140,7873939.49
18141,50130777.04
18142,6172932.07
18143,1442540.94
18144,2736291.08
18145,8827495.37
18146,2725242.4699999997
18147,2105307.56
18148,11598630.64
18149,3289646.53
18150,3531288.7199999997
18151,1331567.28
18152,876855.85
18153,2703618.58
18154,1702416.59
18155,2403464.42
18156,2515285.46
18157,6343440.890000001
18158,2463337.04
18159,5916508.640000001
18160,6960230.51
18161,3161884.4
18162,1689945.93
18163,6225732.91
18164,1438266.07
18165,8024046.65
18166,1297827.8
18167,2305346.73
18168,1674046.3399999999
18169,2782049.25
18170,3526399.87
18171,1737036.78
18172,10972648.030000001
18173,2262559.71
18174,796244.31
18175,2447879.48
18176,2383465.45
18177,666118.75
18178,2432699.75
18179,5235555.23
18180,13501573.45
18181,1628162.0599999998
18182,1370559.6400000001
18183,1137156.54
18184,1781781.11
18185,1720305.7
18186,2133189.1399999997
18187,5932071.99
18188,1727765.76
18189,2790228.43
18190,3244660.52
18191,1027438.26
18192,2906192.86
18193,2159982.12
18194,7020549.2299999995
18195,1459728.97
18196,1061954.73
18197,115475137.57
18198,2542058.77
18199,2710790.52
18200,1899388.8399999999
18201,2633601.0900000003
18202,455254.83
18203,2278044.74
18204,2442596.33
18205,97817137.19
18206,7732978.8
18207,48798418.3
18208,2053252.01
18209,2755056.39
18210,2568227.94
18211,4691154.4799999995
18212,4325925.25
18213,37254536.64
18214,2052730.5699999998
18215,805348.16
18216,4473167.18
18217,2043245.1199999999
18218,3128759.31
18219,2223682.13
18220,1895037.2799999998
18221,2104473.76
18222,540586.36
18223,15914968.31
18224,1643533.83
18225,2902584.05
18226,2151071.89
18227,2136450.88
18228,2499433.44
18229,3951467.71
18230,3006857.84
18231,2998870.11
18232,2430315.15
18233,12435884.729999999
18234,3938967.95
18235,5403183.3100000005
18236,851829.92
18237,2855336.56
18238,1711801.8
18239,1152553.8
18240,5687623.87
18241,15306810.39
18242,23025028.68
18243,3579836.12
18244,733230.61
18245,4695338.9
18246,8445296.36
18247,2852972.17
18248,2480877.5100000002
18249,2116818.9899999998
18250,258893.95
18251,891780.95
18252,3058486.7
18253,1769104.46
18254,2434644.9
18255,10160647.91
18256,2875652.66
18257,18194266.67
18258,4684217.649999999
18259,3344750.58
18260,502061.33
18261,3227830.09
18262,1411041.73
18263,3289403.89
18264,870193.14
18265,3077138.44
18266,4078786.86
18267,19395417.42
18268,1839825.42
18269,5169603.65
18270,4657067.96
18271,7050753.81
18272,2998181.56
18273,3004657.3899999997
18274,3894835.13
18275,1211637.4
18276,846724.01
18277,337319.68
18278,6453762.27
18279,197318935.73
18280,3023343.23
18281,6324296.35
18282,2403284.65
18283,494841.28
18284,2459381.23
18285,2529089.43
18286,2437006.87
18287,3316866.36
18288,2488565.97
18289,2698268.43
18290,3131833.64
19001,4918826.13
19002,5213571.26
19003,2329857.73
19004,9687854.29
19005,27787616.96
19006,3102000.98
19007,5971312.71
19008,3528055.7199999997
19009,648490.0
19010,31505672.47
19011,13509439.12
19012,1338500.47
19013,7850511.0
19014,5372429.36
19015,7479392.99
19016,3965541.69
19017,1137232.08
19018,3959949.9699999997
19019,14188698.77
19020,1993002.6900000002
19021,1434065.5699999998
19022,1770802.39
19023,16723017.95
19024,3630701.15
19025,3206170.1
19026,1366534.48
19027,3055724.83
19028,35296665.18
19029,2226052.46
19030,5116291.2299999995
19031,458815081.71
19032,1762152.1300000001
19033,8125857.039999999
19034,7939161.600000001
19035,3197821.71
19036,22167269.77
19037,11787984.71
19038,8786076.4
19039,3136848.0500000003
19040,1788493.88
19041,3542365.81
19042,4259539.35
19043,3766317.15
19044,2073276.78
19045,1425178.56
19046,1331842.89
19047,1619317.57
19048,2518874.01
19049,2624151.26
19050,2067686.02
19051,2738548.98
19052,1631276.3299999998
19053,4123127.87
19054,2120087.35
19055,5218436.9799999995
19056,4471725.91
19057,4133742.8800000004
19058,4430427.32
19059,4662419.49
19060,4388371.1
19061,8223579.29
19062,13943854.24
19063,13431618.790000001
19064,1582033.92
19065,1461970.23
19066,12355123.559999999
19067,2884081.93
19068,5033277.42
19069,2115206.95
19070,4161210.51
19071,4536440.72
19072,21935635.15
19073,51134071.42
19074,1694031.8900000001
19075,4122776.63
19076,2299080.64
19077,1083967.78
19078,2422987.51
19079,2896101.34
19080,6885909.17
19081,7350871.09
19082,4230797.05
19083,2098220.63
19084,2313620.4299999997
19085,7002300.34
19086,4778314.34
19087,2207017.03
19088,1626885.92
19089,3004788.9299999997
19090,1362200.3900000001
19091,4293642.7700000005
19092,795493.79
19093,3549879.15
19094,12545929.06
19095,2517417.12
19096,2446738.79
19097,2164706.04
19098,6063030.819999999
19099,2508941.99
19100,10957647.15
19101,10231926.2
19102,6316449.73
19103,2123951.52
19104,1180573.26
19105,5419181.04
19106,8039911.94
19107,10647877.94
19108,2396079.93
19109,1729272.09
19110,2821101.98
19111,2966912.2399999998
19112,4286568.37
19113,13559948.75
19114,1376923.57
19115,2536703.25
19116,1156427.86
19117,5044052.53
19118,9615597.06
19119,986293.51
19120,2502300.21
19121,22500863.97
19122,1372787.98
19123,57989259.43
19124,6404391.1
19125,13579327.39
19126,1842739.29
19127,1189514.8800000001
19128,3441642.06
19129,4430065.23
19130,4026124.91
19131,6795201.569999999
19132,575281.78
19133,2979745.95
19134,6425108.56
19135,3668363.37
19136,38304932.14
19137,1028596.24
19138,8890408.91
19139,982182.45
19140,4101165.96
19141,2890015.93
19142,2185894.18
19143,4639662.86
19144,1238031.6
19145,3801396.84
19146,19538114.98
19147,4352075.69
19148,34075420.79
19149,1852905.77
19150,2591512.33
19151,7341392.5
19152,3095230.79
19153,36259307.31
19154,2304018.88
19155,3865321.3400000003
19156,1503189.93
19157,4579097.93
19158,1631553.93
19159,2297718.74
19160,4403984.890000001
19161,2967546.3
19162,8140935.89
19163,4777133.62
19164,10993443.83
19165,1764984.01
19166,1038258.1799999999
19167,1541416.1900000002
19168,2358306.1599999997
19169,3050915.48
19170,1915181.6600000001
19171,1746088.17
19172,1377470.46
19173,4111682.49
19174,3033779.24
19175,3849051.2
19176,8323925.28
19177,1825396.49
19178,4250874.68
19179,2115449.98
19180,11580782.2
19181,4301780.09
19182,4766766.9
19183,1983224.6
19184,1489307.5
19185,2353817.21
19186,3219213.79
19187,2657853.34
19188,2385508.32
19189,456653.29
19190,2965470.43
19191,3078094.25
19192,3983231.81
19193,2811175.5900000003
19194,9326890.01
19195,1707398.3
19196,2564030.68
19198,829842.78
19199,3197176.12
19200,1412938.74
19201,7509301.62
19202,17428033.71
19203,14261783.0
19204,4842591.6899999995
19205,3703044.95
19206,3033362.82
19207,6607568.55
19208,4251062.5
19209,2873527.06
19210,2293998.43
19211,5639857.48
19212,857254.54
19213,4244042.75
19214,5350629.42
19215,2343613.77
19216,1872643.24
19217,1731478.5
19218,4067276.52
19219,1733551.8800000001
19220,4921730.46
19221,1632024.6
19222,6884009.7
19223,2027453.32
19225,3273981.48
19226,3356278.4000000004
19227,7187657.55
19228,3761803.7399999998
19229,23335684.3
19230,3424441.6399999997
19231,3018049.4
19232,1198203.6400000001
19233,2003318.3199999998
19234,2989233.32
19235,2619173.36
19236,4887638.42
19237,6304574.24
19238,3805412.1999999997
19239,2463855.95
19240,3425726.91
19241,4928723.5
19242,2021680.9
19243,5895711.29
19244,2126483.83
19245,1145352.16
19246,10515316.91
19247,2871618.7
19248,7198876.43
19249,7901266.449999999
19250,4542937.7
19251,5973862.51
19252,4192629.32
19253,2841055.04
19254,1040137.96
19255,15637205.06
19256,8225678.539999999
19257,2421528.64
19258,9319925.65
19259,2860643.71
19260,2170861.02
19261,9016005.99
19262,4178836.13
19263,4269212.04
19264,19587749.57
19265,6147693.93
19266,1430630.54
19268,648545.22
19269,15944203.870000001
19270,4147909.45
19271,2266741.15
19272,170397070.19
19273,8200788.25
19274,26727521.55
19275,103326496.19
19276,49297382.56
19277,2666855.42
19278,14498227.16
19279,1818305.8599999999
19280,1275662.49
19281,2589223.75
19282,2683040.87
19283,1248575.38
19284,3499730.7800000003
19285,8912371.709999999
19286,4296360.9
19287,3531566.76
19288,16585554.709999999
19289,4326388.95
21001,1958030.7
21002,922039.03
21003,13029186.83
21004,4814311.78
21005,7312877.41
21006,1093359.26
21007,1995336.46
21008,4042884.63
21009,1596310.75
21010,3398194.82
21011,664135.74
21012,1968549.8599999999
21013,1605471.72
21014,758531.51
21015,1389422.1500000001
21016,5137111.91
21017,2599428.54
21018,705647.21
21020,2386763.8
21021,16443403.64
21022,3663556.95
21023,18318670.64
21024,1137866.22
21025,503243.83999999997
21026,1143290.43
21027,5401884.82
21028,2796388.66
21029,617333.15
21030,1046571.19
21031,1372942.17
21032,3008404.96
21033,1191048.71
21034,869163.1699999999
21035,1242016.3399999999
21036,587201.37
21037,2406357.96
21038,42483205.35
21039,614534.04
21040,1384265.23
21041,1687265.31
21042,1370846.18
21043,2582171.98
21044,2120312.65
21045,1326365.27
21046,1039570.5599999999
21047,607162.99
21048,2483584.02
21049,267065.9
21050,2374315.87
21051,1188327.71
21052,754419.53
21053,2256649.72
21054,229995692.42
21055,367721.55
21056,4452566.4399999995
21057,768295.48
21058,2042532.51
21059,6050504.82
21060,8334238.57
21061,901105.26
21062,1647478.6500000001
21063,711531.62
21064,619702.89
21065,1129039.51
21066,735274.3900000001
21067,2889498.86
21068,1573146.87
21069,1075878.61
21070,356429.36
21071,5533405.2
21072,2025909.96
21073,1222666.37
21074,673951.53
21075,705284.75
21076,2722371.76
21077,872431.77
21078,557674.55
21079,1207732.28
21080,2749420.44
21081,701118.63
21082,841832.21
21083,1321592.49
21084,889505.63
21085,3491237.9
21086,7111632.39
21087,6569656.78
21088,1712422.46
21089,2816920.5300000003
21090,702182.88
21091,918748.86
21092,3133470.58
21093,2261992.53
21094,1983876.6300000001
21095,565291.15
21096,759800.0599999999
21097,564940.91
21098,1570967.65
21099,2344158.1
21100,377739.94
21101,1016644.6
21102,1502258.83
21103,16803382.53
21104,915821.33
21105,3654935.04
21106,7466680.92
21107,4531522.89
21108,926343.82
21109,1570816.15
21110,4884237.4399999995
21111,2076862.45
21112,1969607.9300000002
21113,631707.03
21114,1164213.22
21115,2519099.77
21116,2116969.5300000003
21117,688107.66
21118,275604.99
21119,349359.31
21120,2624635.74
21121,859519.78
21122,2040761.21
21123,1355499.99
21124,1605800.81
21125,1122233.25
21126,2721917.84
21127,1932846.55
21128,1682523.17
21129,989506.16
21130,905335.6
21131,3200317.8000000003
21132,2723053.77
21133,2684701.8000000003
21134,2866751.33
21135,2067137.6199999999
21136,269858.79000000004
21137,750686.11
21138,2520592.88
21139,3416811.42
21140,1071633.96
21141,540115.73
21142,2558229.45
21143,943475.51
21144,525771.71
21145,351406.31
21146,526308.58
21147,404171.64999999997
21148,1532326.94
21149,1341567.47
21150,6603081.29
21151,514485.49
21152,1734541.08
21153,1337022.3699999999
21154,55500530.43
21155,1210086.85
21156,501495.38
21157,526588.9299999999
21158,1329080.48
21159,861378.13
21160,1059641.6300000001
21161,671885.9
21162,3848008.7
21163,1248465.27
21164,1446779.7
21165,1202170.73
21166,125891876.54
21167,734408.72
21168,1394936.1199999999
21169,1127042.2100000002
21170,976717.63
21171,65052035.53
21172,1101289.26
21173,3690211.33
21175,1417917.76
21176,583655.73
21177,1708191.39
21178,925352.01
21179,3770600.51
21180,1298390.32
21181,1118335.96
21182,441068.42
21183,2395804.63
21184,494752.05
21185,2777086.08
21186,7560064.75
21187,1642299.86
21189,1717279.65
21190,1745869.2
21191,5326633.83
21192,5799520.39
21193,1392512.21
21194,6333408.11
21195,767062.48
21196,5997805.5200000005
21197,286810.33
21198,1151888.52
21199,1690078.87
21200,9483611.27
21201,2582716.59
21202,1121426.1400000001
21203,1118150.57
21204,578247.8300000001
21205,817053.03
21207,533021.23
21208,732562.5
21209,8017317.49
21210,3885787.0900000003
21211,703252.9099999999
21212,2249814.46
21213,4843847.62
21214,1846845.23
21215,494126.89
21216,747356.5700000001
21217,799533.72
21218,910177.9400000001
21219,633442.29
21220,1224843.16
21221,802812.86
21222,846857.34
21223,11444692.46
21224,789067.37
21225,1124454.49
21226,4216274.29
21227,5194008.96
21228,632971.32
21229,1563169.05
21230,1552908.54
21231,1152503932.06
21232,1880868.54
21233,2684856.48
21234,624484.12
21235,369889.5
21236,681372.08
21237,587554.88
21238,789088.33
21239,3077691.0100000002
21240,844643.34
21241,1195891.11
21242,596476.78
21243,961018.7800000001
21244,747026.37
21245,1937850.72
21246,627996.27
21247,10490648.68
21248,634348.58
21249,3865907.98
21250,713100.17
21251,2343527.96
21252,700849.03
21253,1909293.62
21254,1020552.1900000001
21255,1864975.34
21256,1106413.1600000001
21257,944419.8799999999
21258,693998.35
21259,3792230.89
21260,1347923.93
21261,4490544.69
21262,699600.0700000001
21263,11737577.25
21264,309190.37
21265,6417405.58
21266,762158.47
21267,3008852.09
21268,2303157.8
21269,2874131.31
21270,2252152.83
21271,2653747.2600000002
21272,1027658.05
21273,7005231.88
21274,1728142.98
21275,1947531.74
21276,2369347.38
21277,9388289.9
21278,84204567.53
21279,744357.23
21280,1246929.4200000002
21281,1640160.78
21282,799748.65
21283,521720.60000000003
21284,2000032.24
21285,2204636.42
21286,1097171.12
21287,950885.51
21288,1528984.77
21289,827790.83
21290,4007251.4
21291,2077054.44
21292,43899070.45
21293,1056270.71
21294,2626738.51
21295,22629467.34
21296,1690916.08
21297,4855998.5200000005
21298,921588.02
21299,2296133.46
21300,2746795.81
21301,963209.6
21302,866253.28
21303,286638.6
21304,2140403.44
21305,2378406.98
21306,1240239.02
21307,1076092.95
21308,2175055.86
21309,763594.36
21310,765317.23
21311,686618.07
21312,500562.72
21313,1971653.8699999999
21314,1070043.12
21315,6076820.73
21316,2987506.36
21317,31166620.26
21318,1802526.6400000001
21319,2294406.2800000003
21320,4389997.430000001
21321,874495.74
21322,1853587.18
21323,869721.72
21324,366118.98
21325,1842012.31
21326,874424.89
21327,1231209.4000000001
21328,675914.49
21329,303092.64999999997
21330,1854315.19
21331,2182760.57
21332,5109868.86
21333,555022.96
21334,6025362.54
21335,1128238.49
21336,10212282.73
21337,8392591.91
21338,1618207.96
21339,2172341.18
21340,1196653.76
21341,1108780.96
21342,2611182.08
21343,1956029.25
21344,1152623.04
21345,785773.6799999999
21346,2712111.7399999998
21347,4054973.95
21348,624404.48
21349,5793213.52
21350,536563.08
21351,4384427.71
21352,2879813.63
21353,6285354.65
21354,640468.5800000001
21355,84987143.75
21356,8352774.12
21357,1050188.5899999999
21358,1108892.34
21359,1251812.38
21360,1176775.98
21361,3563525.64
21362,769688.95
21363,2645467.96
21364,1926414.8
21365,370508.07999999996
21366,1156568.13
21367,1412427.53
21368,1503655.5899999999
21369,1374103.71
21370,4055417.94
21371,5423860.32
21372,514492.81
21373,3640636.54
21374,1912916.83
21375,1689955.03
21376,454674.18
21377,326326.66
21378,1573169.85
21379,2050976.69
21380,729728.49
21381,1080853.77
21382,1946654.1400000001
21383,6818879.45
21384,1068292.46
21385,1636905.27
21386,1547737.92
21387,600284.26
21388,2954590.05
21389,1323040.96
21390,45094891.66
21391,3882449.21
21392,591983.97
21393,946760.79
21394,2501085.13
21395,839632.87
21396,669337.62
21397,1268007.43
21398,3183812.7899999996
21399,2175544.7199999997
21400,375581.86
21401,2620415.52
21402,478292.17
21403,1495887.7
21404,2228860.8
21405,7130975.6
21406,807396.04
21407,851912.13
21408,8649990.02
21409,2513840.21
21410,821764.27
21411,3273056.11
21412,27908351.419999998
21413,1792641.0
21414,2115576.28
21415,2592423.82
21416,13933401.33
21417,1253896.83
21418,1198725.1199999999
21419,3827917.5
21420,2113054.89
21421,1342347.08
21422,865713.9400000001
21423,6862551.75
21424,927923.5599999999
21425,79841376.77
21426,1491951.12
21427,2497252.89
21428,3108135.13
21429,2242878.54
21430,1029193.68
21431,850270.05
21432,3141162.27
21433,3768766.89
21434,1004977.3300000001
21435,939384.85
21436,1154390.93
21437,787555.1
21438,1100341.3399999999
21439,450246.17
21440,936268.9299999999
21441,2846830.17
21442,7556432.27
21444,618496.87
21445,2498666.33
21446,1322144.09
21447,1227604.61
21448,422742.37
21449,1794048.31
21450,1436110.53
21451,986200.49
21452,9788280.54
21454,2942429.81
21455,1456874.03
21456,1092285.21
21457,1101988.65
21458,5180792.03
21459,1754366.8
21460,893599.59
21461,18984616.69
21462,4773537.91
21463,363910.76
21464,60379729.36
21465,809505.93
21466,324100.76999999996
21467,1557178.11
21468,1694784.14
21469,2228414.29
21470,382990.65
21471,195026.72999999998
21472,1119057.74
21473,7972409.04
21474,1148908.67
21475,2967006.1799999997
21476,1679657.75
21477,915387.37
21478,1479806.08
21479,690571.75
21480,2796520.1
21481,9769417.040000001
21482,2619059.2
21483,668549.0599999999
21484,333058.59
21485,14994898.08
21486,1880964.22
21487,2042487.22
21488,1594895.94
21489,572864.59
21490,1625558.08
21491,786350.1
21492,6736601.45
21493,2122068.4699999997
21494,1003579.55
21495,966742.39
21496,8967777.03
21497,1919131.74
21498,452763.07999999996
21499,2100904.32
21500,2921268.62
21501,13824357.37
21502,3491716.58
21503,2060552.6900000002
21504,599754.89
21505,7786656.29
21506,2890922.46
21507,449951.9
21508,2162458.17
21510,1623921.96
21511,2045242.43
21512,7804974.61
21513,1840645.55
21514,495537.69999999995
21515,76778737.7
21516,1085729.95
21517,2514370.19
21518,1784956.0
21519,4300319.42
21520,826451.84
21521,4477740.83
21522,3587603.54
21523,1630443.8599999999
21524,888668.8099999999
21525,5561478.24
21526,982239.6199999999
21527,2158720.43
21528,1303899.4
21529,707212.33
21530,988455.42
21531,6489782.6
21532,7771932.4399999995
21533,1262537.19
21534,4921427.03
21535,7780018.3
21536,1835477.62
21537,1020773.96
21538,1053665.81
21539,436751.54000000004
21540,55077323.69
21541,4413928.21
21542,1770108.95
21543,1855136.9700000002
21544,1083136.77
21545,5774292.47
21546,1344354.94
21547,1052470.58
21548,1413305.42
21549,882970.78
21550,1095035.84
21552,409031.32
21553,1103457.6
21554,9108007.57
21555,7904756.94
21556,961514.76
21557,1344082.25
21558,8263401.37
21559,2885778.31
21560,2460657.25
21561,2207623.91
21562,2568973.89
21563,4274938.51
21564,2320516.2199999997
21565,2054185.59
21566,1327002.57
21567,1612853.84
21568,4564051.76
21569,2989294.06
21570,1220262.27
21571,834064.23
21572,3195233.72
21573,4149933.52
21574,4089278.45
21575,1643356.55
21576,2428154.75
21577,5271119.51
21578,1483717.33
21579,5594172.9
21580,2012999.94
21581,1462486.8699999999
21582,23645956.689999998
21583,426022.95999999996
21584,30900368.020000003
21585,7440467.7
21586,2383939.87
21587,2164155.42
21588,1458571.22
21589,875607.74
21590,17020049.22
21591,6370653.7299999995
21592,1382194.43
21593,1006380.5499999999
21594,1549985.49
21595,396490.07
21596,1547557.24
21597,332860.86
21598,1375340.66
21599,27986861.18
21600,1142020.56
21601,956963.71
21602,1135361.55
21603,53997669.23
21604,939384.71
21605,10008236.07
21606,12831453.75
21607,21126043.21
21608,530904.25
21609,2847743.76
21610,1019008.62
21611,11395192.58
21612,314338.36
21613,1073201.14
21614,1208434.91
21615,2302610.04
21616,2023191.81
21617,95671743.97
21618,3236138.92
21619,1919431.8900000001
21620,1090851.3399999999
21621,646860.57
21622,683337.16
21623,5676649.61
21624,717394.4
21625,867244.08
21626,1356872.55
21627,1148222.8699999999
21628,503054.00999999995
21629,2114559.98
21630,2929861.75
21631,689076.23
21632,4570980.24
21633,1076950.48
21634,1300773.7699999998
21635,1031722.5700000001
21636,3422085.98
21637,1075599.72
21638,6246729.66
21639,3355491.36
21640,1213772.47
21641,2775765.88
21642,3830356.6100000003
21643,1036584.64
21644,936545.41
21645,1893022.0299999998
21646,792971.27
21647,671380.66
21648,1421598.23
21649,511397.87
21650,393697.89
21651,1447449.33
21652,2450843.3499999996
21653,313751.58
21655,4518871.63
21656,2842318.12
21657,9976458.94
21658,232016.59
21659,2014235.42
21660,597089.14
21661,7020184.2700000005
21662,600178.96
21663,41434268.75
21664,604465.0
21665,1975253.65
21666,486275.87
21667,2100054.61
21669,612744.92
21670,1441145.18
21671,862312.55
21672,181608.63
21673,1904310.71
21674,2708888.27
21675,1192569.98
21676,1730932.75
21677,2777945.71
21678,2621965.96
21679,809001.07
21680,2175668.41
21681,1194971.17
21682,1010430.15
21683,3347850.88
21684,12998405.459999999
21685,2984542.0300000003
21686,1080424.71
21687,1355371.2200000002
21688,1617566.97
21689,622427.16
21690,1784285.4000000001
21691,2068490.58
21692,1114696.17
21693,1329022.4100000001
21694,274045.56
21695,932056.02
21696,409132.73
21698,5485439.61
21699,6945400.67
21700,1100874.37
21701,467237.53
21702,1043033.02
21703,566851.16
21704,1448158.31
21705,742828.17
21706,654293.06
21707,3172719.4000000004
21708,1894624.0899999999
21709,1070352.42
21710,10440264.35
21711,319951.79
21712,3678059.76
21713,2685877.39
21714,4728013.02
21715,2293344.56
21716,2812777.7600000002
21717,2265122.91
22001,6101687.850000001
22002,9241577.29
22003,3556363.1799999997
22004,27487231.75
22005,9946360.61
22006,2491602.36
22007,32038658.889999997
22008,5336306.17
22009,1579290.32
22011,6981448.86
22012,8161109.8100000005
22013,23462845.63
22014,7536796.4
22015,15304467.8
22016,8741586.25
22018,3037926.54
22019,3191834.98
22020,26988950.990000002
22021,6523403.28
22023,5019951.78
22024,3000164.92
22025,16792096.990000002
22026,2850964.58
22027,5918415.680000001
22028,4938104.48
22029,6145668.359999999
22030,3301017.57
22031,10159399.24
22032,19184942.61
22033,3331433.13
22034,10689855.13
22035,3906151.68
22036,2090824.83
22037,5286615.56
22038,10481175.18
22039,6146043.899999999
22040,2661982.31
22041,2544957.0999999996
22042,3580187.96
22043,3609370.8099999996
22044,11051004.72
22045,2955629.4699999997
22046,13481199.549999999
22047,8880689.08
22048,16417561.16
22049,12677766.77
22050,102532259.95
22051,6434530.08
22052,5208871.12
22053,6366323.21
22054,59866037.61
22055,24438161.43
22056,11124877.88
22057,2150275.61
22058,4253921.0600000005
22059,9449843.15
22060,4892679.17
22061,14252781.6
22062,5544711.109999999
22063,3212207.9
22064,5785122.9399999995
22065,9304306.78
22066,11964853.6
22067,20496348.69
22068,3812027.7800000003
22069,1173547.03
22070,60471480.38
22071,4297200.84
22072,3815591.18
22073,3369821.38
22074,5697248.5
22075,4937751.0
22076,11007670.56
22077,10818026.75
22078,2921524.79
22079,15843097.49
22080,4993979.05
22081,31356442.889999997
22082,3867648.9699999997
22083,9492764.33
22084,17658658.23
22085,3367329.49
22086,5430080.709999999
22087,6588323.41
22088,4120754.27
22090,7340654.999999999
22091,3605176.56
22092,4215789.23
22093,85798270.12
22094,16197435.56
22095,2150161.74
22096,3653096.58
22097,4467052.33
22098,9287014.04
22099,7950120.48
22100,6900980.78
22101,8344615.01
22102,7070267.7299999995
22103,6720651.92
22104,3631043.71
22105,5517088.45
22106,62182064.14
22107,7844731.24
22108,891426.3400000001
22109,1910681.2000000002
22110,3379606.21
22111,3679370.58
22112,2478721.52
22113,198161822.82
22114,6943645.7700000005
22115,6026892.28
22116,8791868.42
22117,9094617.89
22118,21312736.78
22119,4120231.6599999997
22121,13335969.4
22122,7754608.069999999
22123,22000788.88
22124,2731498.2199999997
22126,704339.46
22127,12199530.14
22128,7967806.33
22129,924784.43
22131,9286584.059999999
22132,3768773.53
22133,5890503.15
22134,22281232.8
22135,18983161.6
22136,105444266.65
22137,14540643.12
22138,4815968.05
22139,1511273.19
22140,3587967.23
22141,2837460.24
22143,13410068.08
22144,8825696.84
22145,6144579.91
22146,4349456.26
22147,36538540.0
22148,3465236.19
22149,7771204.5
22150,4548253.49
22151,5897545.26
22152,6157571.13
22153,7707705.0200000005
22154,10810831.83
22155,15957292.42
22156,4125990.7
22157,5489485.08
22158,19502281.78
22160,6591721.4399999995
22161,15718420.370000001
22162,73010189.33
22163,7341765.82
22164,14024118.889999999
22165,4779817.87
22166,22979507.29
22167,2229066.1399999997
22168,74188475.12
22169,2344040.18
22170,9718687.12
22171,29021765.94
22172,30822066.669999998
22173,17480832.45
22174,3324735.59
22175,9150276.09
22176,56511841.44
22177,5996065.31
22178,5905569.73
22179,17108470.41
22180,13679443.6
22181,6241073.53
22182,22124604.21
22183,31262197.740000002
22184,12152212.29
22185,23924646.68
22186,94454318.74
22187,102622658.67999999
22188,7374762.24
22189,8085469.180000001
22190,17178963.64
22191,17883120.330000002
22192,953824.17
22193,12313698.3
22194,39618872.62
22195,19960686.91
22196,6062101.2299999995
22197,15434977.49
22198,29527980.46
22199,6633144.55
22200,3200466.23
22201,5090867.84
22202,5837214.41
22203,23465143.279999997
22204,9404000.120000001
22205,4017198.56
22206,16462136.55
22207,16578990.82
22208,14342700.07
22209,19048892.88
22210,25421728.98
22211,21483182.32
22212,8282901.54
22213,18719795.91
22214,23752477.21
22215,84045145.24
22216,9603889.75
22217,6067532.24
22218,13762882.18
22219,16386579.07
22220,18831021.74
22221,12534764.52
22222,24656881.96
22223,13481218.29
22224,8784130.76
22225,29433975.57
22226,20063815.63
22227,6575900.18
22228,16228915.49
22229,10527956.58
22231,6033449.52
22232,11286254.14
22233,17396373.53
22234,11864776.36
22235,2336202.08
22236,2741823.69
22237,12718902.8
22238,6667687.13
22239,7297913.22
22240,10047168.38
22241,10078260.48
22242,12453036.030000001
22243,5376506.41
22244,5616139.43
22245,7718489.140000001
22246,15297412.43
22247,13427157.52
22248,12410939.19
22249,6475960.39
22250,10904929.44
22251,44680251.0
22253,2198240.22
22254,8844355.16
22255,7361511.430000001
22256,9165987.83
22257,2670262.85
22258,30402404.69
22259,23404559.17
22260,6838146.930000001
22261,3033899.7
22262,26575898.32
22263,1598194.89
22264,9595572.17
22265,9196912.629999999
22266,33429570.369999997
22267,4672171.68
22268,2614087.2600000002
22269,2644367.75
22271,3065259.65
22272,16092555.55
22273,13598942.67
22274,1515108.8
22275,12332134.07
22276,2081117.99
22277,21421260.77
22278,383250872.47
22279,13203770.16
22280,4340566.28
22281,10588553.15
22282,40465306.11
22283,7144497.28
22284,4724680.28
22285,1968897.45
22286,3465629.44
22287,11932475.19
22288,3743055.0
22289,2308681.04
22290,4327904.83
22291,2308103.42
22292,3797576.94
22293,3705208.25
22294,6630532.06
22295,3984779.51
22296,5341563.33
22297,6858377.0
22298,3826424.55
22299,6704325.93
22300,4365196.0200000005
22302,13336207.17
22303,12356628.790000001
22304,3277960.83
22305,2956368.7
22306,1796107.12
22307,14282492.15
22308,4072003.35
22309,1425813.57
22310,2956204.33
22311,5193308.18
22312,1699400.31
22313,3451633.5100000002
22314,2506572.4
22315,1812121.25
22316,6207422.68
22317,1659848.96
22318,2447626.44
22319,4631515.4
22320,2528021.04
22321,20958656.34
22322,2656507.58
22323,5342187.29
22324,10123570.78
22325,46498907.31
22326,2686001.89
22327,11608642.96
22328,7285927.109999999
22330,5416457.359999999
22331,3540310.53
22332,3056183.5
22333,6146153.5
22334,2662970.61
22335,3859350.63
22337,11216294.98
22338,3184332.9499999997
22339,18054420.21
22340,7697577.03
22341,5053819.08
22342,2209038.7
22343,43193897.589999996
22344,6940386.41
22345,8714829.91
22346,8231110.460000001
22347,6233973.35
22348,2833599.13
22349,12344831.58
22350,1977872.52
22351,3328340.29
22352,1864910.75
22353,32189638.610000003
22354,5993983.78
22356,5387831.36
22357,1521942.27
22358,2640183.4
22359,4917737.24
22360,57635540.0
22361,1794648.34
22362,24270694.55
22363,11838171.139999999
22364,11722288.81
22365,2514143.82
22366,3598593.29
22367,6721505.52
22368,3388821.5700000003
22369,5497054.59
22370,2032600.8699999999
22371,15451108.72
22372,14461529.53
22373,900309.23
22375,2169162.91
22376,13551647.73
22377,5025159.65
22378,1263266.4100000001
22379,13663978.39
22380,4233668.68
22381,2293437.69
22383,2053658.19
22384,13374649.74
22385,4275596.25
22386,5521098.31
22387,9766325.1
22388,7362368.0
22389,45136418.949999996
22390,5425910.52
22391,7218220.61
23001,9882861.35
23002,5908166.6
23003,1722897.14
23004,4381076.56
23005,1973742.85
23006,1483265.82
23007,1772857.44
23008,48175313.43000001
23009,1501805.13
23010,876563.7000000001
23011,1282193.16
23012,1402573.31
23013,11862994.28
23014,1539639.25
23015,7428072.69
23016,2047619.78
23017,2534546.56
23018,2160172.89
23019,592439.79
23020,3415041.18
23021,9304529.71
23022,5295641.149999999
23023,978185.2
23024,2318231.07
23025,11153938.71
23026,3497099.75
23027,1492196.06
23028,759445.93
23029,2466651.54
23030,29545719.81
23031,17290881.02
23032,3261922.8
23033,1473858.12
23034,454582.07
23035,3795289.63
23036,6489023.0200000005
23037,824459.98
23038,1177943.26
23039,4727302.7
23040,1389908.77
23041,2269004.04
23042,1338375.51
23043,883884.48
23044,928622.82
23045,9086617.94
23046,1958940.0999999999
23047,2100617.52
23048,3295646.27
23049,2896757.28
23050,1483173.99
23051,719998.25
23052,2734279.0900000003
23053,2231337.84
23054,2846997.54
23055,463314.41
23056,7059841.94
23057,7415887.18
23058,1134815.47
23059,683695.14
23060,833440.73
23061,6661519.33
23062,4682208.71
23063,2413637.45
23064,4428072.96
23065,2903673.83
23066,1319744.59
23067,9561682.9
23068,8313948.84
23069,5628088.51
23070,4804615.0
23071,2041622.43
23072,1215292.61
23073,4225599.96
23074,1619543.08
23075,13159572.89
23076,18344653.52
23077,4675536.33
23078,1744323.82
23079,25598074.33
23080,3446020.24
23081,3413630.6
23082,2321359.07
23083,1852811.25
23084,1202206.23
23086,1390471.3699999999
23087,5503233.46
23088,1007504.99
23089,8602059.399999999
23090,6312073.76
23091,4812049.529999999
23092,3811391.79
23093,11372294.51
23095,12456500.6
23096,126449407.60000001
23097,2062653.46
23098,565191.37
23099,2589996.05
23100,4410085.53
23101,2256793.93
23102,2580380.48
23103,2718271.1
23104,1397710.55
23105,5222444.83
23106,2235140.4
23107,1348575.07
23108,1050411.08
23109,1182749.14
23110,1351111.57
23111,1408309.27
23112,3357191.92
23113,5433108.05
23114,2821317.99
23115,2236791.93
23116,5861418.069999999
23117,2037541.75
23118,1219755.3
23119,535510.29
23120,1408220.21
23121,362554.39
23122,953282.58
23123,2033431.1099999999
23124,5927798.71
23125,1040582.9500000001
23126,1358142.45
23127,2120593.48
23128,799852.15
23129,1081936.3199999998
23130,2206625.0500000003
23131,8464623.98
23132,1991572.84
23133,2224673.63
23134,1547458.94
23136,2601491.67
23137,3382459.21
23138,1557655.45
23139,3428157.27
23140,2095401.45
23141,4350021.5200000005
23142,1916703.28
23143,4576260.47
23144,4518869.16
23145,2823914.93
23146,2745838.9
23147,1061934.3
23148,1442220.02
23149,6057267.9
23150,1151162.7
23151,3186011.21
23152,1032433.09
23154,5855864.9799999995
23155,3187074.12
23156,814831.41
23157,510326.52
23158,2242366.63
23159,1224058.49
23160,2167263.67
23161,971023.4099999999
23162,4768814.430000001
23164,4549449.68
23165,7761945.78
23166,2504487.1999999997
23167,3519382.89
23168,3720747.75
23169,1834342.44
23170,1482211.36
23171,1892087.65
23172,1266104.81
23173,2104839.6
23174,4510420.96
23175,1331270.0
23176,58891374.36
23177,7059715.09
23178,2104550.7600000002
23179,2048431.73
23180,1319002.74
23181,2098770.99
23182,1882108.04
23183,752992.97
23184,1180250.43
23185,2632615.76
23186,1082951.76
23187,1572675.12
23188,1213546.9200000002
23189,8959654.56
23190,1993049.26
23191,1720295.9200000002
23192,3711110.8800000004
23193,13898408.690000001
23194,1137616.34
23195,6006021.71
23196,2775382.21
23197,2514991.05
23198,2946994.88
23199,2647276.0700000003
23200,2114126.1
23201,799627.96
23202,1182684.7899999998
23203,2108363.04
23204,1096524.51
23205,3383280.55
23206,3361326.97
23207,1487122.27
23208,2613079.9099999997
23209,1472433.69
23210,1741826.99
23211,3160885.49
23212,1676473.19
23213,1386928.05
23214,1711512.7399999998
23215,2581849.07
23216,2539757.84
23217,2723307.98
23218,1126216.03
23219,6652653.54
23220,3194928.6
23221,4291028.25
23222,1245016.2
23223,2123247.44
23224,2051802.1800000002
23225,1001856.88
23226,1719398.5
23227,3634933.49
23228,849567.9
23229,2863793.55
23230,2481538.51
23231,3400514.27
23232,4686375.17
23233,853270.0
23234,1716076.67
23235,3716673.36
23236,2253081.6399999997
23237,1044086.9400000001
23238,3013097.25
23239,3979381.08
23240,1698681.69
23241,1976986.2000000002
23242,1312638.61
23243,1730562.78
23244,4062430.6599999997
23245,9754982.0
23246,3817987.61
23247,14715223.88
23248,2712514.08
23249,2459736.26
23250,2404815.8
23251,1959576.34
23252,1158387.47
23253,1242097.3
23254,2202664.6
23255,1157788.8499999999
23257,5053958.51
23258,1823368.71
23259,881474.0200000001
23260,1612249.54
23261,1409826.28
23262,1986601.03
23263,2315461.96
23264,740295.2
23265,717569.57
23266,1215062.92
24001,4500675.81
24002,8184350.149999999
24004,3573319.18
24005,1430868.91
24006,1544246.01
24007,2799851.4400000004
24008,4667724.69
24009,1956564.83
24010,6060304.3
24011,4343988.87
24012,3622231.6900000004
24013,14074959.059999999
24014,4433335.76
24015,2761200.42
24016,4436568.07
24018,3687521.8000000003
24019,4910932.63
24020,7455568.9
24021,3597269.81
24022,2071487.47
24023,3875080.67
24024,758652.49
24025,3609668.4699999997
24026,11334673.82
24027,1003922.16
24028,3084136.94
24029,2870090.31
24030,4672055.88
24031,2392960.74
24032,2265454.21
24033,1770167.54
24034,1837838.57
24035,14303252.43
24036,1517294.07
24037,183898707.4
24038,5293869.12
24039,2016028.59
24040,8851861.73
24041,1356077.31
24042,3344319.09
24043,2276252.28
24044,3212488.63
24045,1216601.34
24046,1473482.53
24047,1125567.36
24048,1902772.64
24050,4017135.68
24051,1263340.7
24052,1187891.5
24053,79109157.4
24054,2082301.0299999998
24055,5730026.149999999
24056,2033245.3800000001
24057,1425716.78
24058,2264382.66
24059,2071574.17
24060,411437.86
24061,2243141.48
24062,1755725.7
24063,1915178.23
24064,20121528.47
24065,1647486.08
24066,1458583.0
24067,22475887.98
24068,12969027.110000001
24069,2920892.04
24070,4185475.24
24071,4651787.91
24073,1663328.62
24074,2583389.43
24075,2952949.41
24076,2238999.94
24077,1965083.55
24079,1210808.22
24080,3951583.5900000003
24081,6068490.649999999
24082,10126622.95
24083,1118664.87
24084,1221369.19
24085,2478692.93
24086,6969522.17
24087,3486287.69
24088,1832145.47
24089,2674375.5300000003
24090,3666221.64
24091,7948290.81
24092,5608967.37
24093,1633834.23
24094,1960774.0699999998
24095,1928921.88
24096,5156221.32
24097,2503564.59
24098,14868573.08
24099,1645087.6500000001
24100,3149552.31
24101,1758217.26
24102,24641326.04
24103,3312475.46
24104,4403737.19
24105,833753.37
24106,3821767.22
24107,2226078.96
24108,4990777.04
24109,1368511.48
24110,985978.76
24111,943118.8999999999
24113,783768.1100000001
24114,1063522.81
24115,12393855.48
24116,1484551.3800000001
24117,3562173.85
24118,2525784.64
24119,2451221.42
24120,3328815.12
24121,675790.9600000001
24122,597542.45
24123,1161119.47
24124,2187401.54
24126,1407174.51
24127,2038017.8800000001
24128,1135713.64
24129,2545667.77
24130,5842350.25
24131,720248.47
24132,1164894.45
24133,9222770.1
24134,4061811.51
24135,2652658.61
24136,1729105.52
24137,4001559.2
24138,46359976.19
24139,13652236.52
24140,7228366.84
24141,2277413.49
24142,4660802.8
24143,4559893.45
24144,760619.35
24145,11737552.71
24146,1840276.46
24147,3180906.12
24148,1559472.58
24150,5524566.66
24151,1549349.1099999999
24152,10283546.370000001
24153,4302449.04
24154,1997910.49
24155,2058338.47
24156,7352545.06
24157,4157012.59
24158,2875785.23
24159,2815767.14
24160,2265491.8
24161,1618374.04
24162,1767789.25
24163,1262314.59
24164,11071168.6
24165,2528460.37
24166,3637157.6
24167,13263367.280000001
24168,2703157.06
24170,1657172.53
24171,2086262.98
24172,10586958.290000001
24174,1992459.01
24175,1573656.49
24176,733201.87
24177,2297444.05
24178,1929714.9600000002
24179,3756576.65
24180,3170778.88
24181,1658855.07
24182,4018852.68
24183,3267858.1500000004
24184,1897386.25
24186,1484004.44
24188,5241367.31
24189,1925708.12
24190,2401516.3400000003
24191,1576702.88
24192,926091.0800000001
24193,2479760.62
24194,8455325.74
24195,1020362.93
24196,2747616.2600000002
24197,3188839.88
24198,1755476.76
24199,2577797.22
24200,4761923.68
24202,2194049.92
24203,500353.23000000004
24204,1809296.47
24205,3828229.54
24206,1336890.3699999999
24207,6717296.8100000005
24208,1800947.62
24209,1161990.55
24210,10008686.33
24211,2831502.94
24212,6041923.96
24213,1518156.8900000001
24214,6248211.5600000005
24215,1880341.29
24216,1609778.6
24217,3297468.65
24218,8675579.72
24219,957750.03
24220,4432601.72
24221,1248813.57
24222,9328302.78
24223,22399586.73
24224,3151597.36
24225,10505038.49
24226,5016692.83
24227,7203537.0
24228,3550831.8
24229,19501432.98
24230,990771.02
24231,529029.63
24232,1203399.78
24233,1352447.33
24234,2127415.12
24235,2384709.17
24236,3440776.17
24237,5046700.08
24238,1344780.83
24239,1531446.37
24240,3850988.33
24241,2942993.1799999997
24242,1805494.44
24243,5057912.05
24244,937443.44
24245,2320747.69
24246,2662827.92
24247,1877994.47
24248,2289845.56
24249,801198.71
24251,3807364.6100000003
24252,3707608.38
24253,10259466.549999999
24254,1882116.49
24255,3511979.65
24256,31644646.53
24257,1288587.48
24258,4944517.81
24259,4332749.64
24260,4007189.67
24261,3121037.84
24262,1410549.55
24263,2374783.51
24264,6055667.55
24266,6316692.04
24267,1390303.32
24268,3717825.23
24269,4895444.42
24270,5144828.83
24271,5631651.71
24272,1694601.15
24273,2478794.5
24274,6432588.96
24276,2954041.22
24277,2193051.47
24278,569370.81
24279,495255.81999999995
24280,6518700.48
24281,624409.44
24282,1169082.69
24283,1924085.85
24284,1133209.67
24285,3014855.11
24286,5967807.45
24287,859573.39
24288,3282047.5700000003
24289,5011878.88
24290,1041063.12
24291,19021213.69
24292,1164737.11
24293,1573839.42
24294,30773584.42
24295,5940943.43
24296,6957593.85
24297,5480163.91
24298,1691082.23
24299,21360328.11
24300,3180396.49
24301,3551638.53
24302,3315461.1399999997
24303,2606603.08
24304,3402368.77
24305,2000583.26
24306,806825.66
24307,706618.81
24308,5089204.0600000005
24309,25242348.05
24310,953488.88
24311,29777015.39
24312,17805008.169999998
24313,1494560.21
24314,1342651.44
24316,3576068.33
24317,1501756.59
24318,3451777.14
24319,3484574.75
24320,6212831.29
24321,4149588.7600000002
24322,230860509.66
24323,2036044.75
24324,3658388.1700000004
24325,2018638.29
24326,1431872.07
24327,1637971.97
24328,9908993.200000001
24329,5152107.14
24330,4911627.49
24331,4938926.9
24333,446231.12
24334,1163600.9000000001
24335,11098324.74
24336,2441201.84
24337,2744853.26
24338,1887514.26
24339,1554710.7
24340,15793003.17
24341,4105506.17
24343,1099748.24
24344,435291.23
24345,3073487.61
24346,1976654.63
24347,1340465.43
24348,2137891.05
24349,1745273.18
24350,12315979.34
24351,2063688.58
24352,29235826.12
24353,4073371.59
24354,27053066.6
24355,5876324.57
24356,11802852.86
24357,1495372.68
24359,1186380.2
24360,1809579.22
24361,1425838.4200000002
24362,8772602.870000001
24363,843314.32
24364,6015113.8
24365,1733440.0
24366,5144031.55
24367,2650998.6
24368,3143592.73
24369,1657163.71
24370,11347573.78
24371,3233640.12
24372,51970387.78
24373,2181274.51
24374,973112.73
24375,1490514.93
24376,17017587.2
24377,2860777.91
24378,961020.78
24379,3099673.6100000003
24380,3367019.1
24381,3269947.54
24382,4224708.9
24383,1647582.1
24384,407663.7
24385,1347014.3
24386,2197879.88
24388,2872600.92
24389,1094246.18
24390,2250638.52
24391,1895628.72
24392,4291251.57
24393,939120.5800000001
24394,1554398.99
24395,3381165.03
24396,14212731.19
24397,3457378.3
24398,3814251.25
24399,1481320.2
24401,1578308.68
24402,1014467.3999999999
24403,697640.07
24404,1664503.98
24405,3815884.94
24406,1347934.11
24407,3328679.44
24408,1288917.6099999999
24409,5133706.29
24410,3508814.6
24411,1625111.92
24412,9211081.120000001
24413,1296839.12
24414,2191103.36
24415,2029798.79
24416,1362244.19
24417,2676581.8000000003
24418,3968626.3400000003
24419,2267740.43
24420,1732382.85
24421,2605399.76
24422,1348239.44
24423,1030814.3200000001
24424,930199.12
24425,2863967.67
24426,1342683.12
24427,1562772.06
24428,5781467.84
24429,3070351.56
24430,785646.08
24431,1615267.25
24432,4726520.73
24433,987724.7
24434,1179578.22
24435,2039048.95
24436,5227855.68
24437,5577921.35
24438,1566909.56
24439,8769193.39
24441,1230700.32
24442,9133297.29
24443,4261880.359999999
24444,975933.9199999999
24445,1301608.9000000001
24446,687985.78
24447,3232381.6
24448,3670052.3400000003
24449,5950515.13
24450,4777077.63
24451,3653007.91
24452,1918331.3399999999
24453,2686823.2800000003
24454,4150209.0
24455,3461591.72
24456,1577785.59
24457,1301745.8499999999
24458,1545523.17
24459,1339749.02
24460,3049160.94
24461,3124213.94
24462,6473038.97
24463,3896605.5700000003
24464,3981724.61
24465,2180543.45
24466,1587293.94
24468,2011113.22
24470,2248346.59
24471,3084295.9899999998
24472,4135885.14
24473,2521131.4299999997
24474,998308.85
24475,1585565.94
24476,1601383.63
24477,1760962.22
24478,1593489.19
24479,10424719.48
24480,1831961.86
24481,3779467.62
24482,1955165.36
24483,1245400.79
24484,7378027.7
24485,3319370.63
24486,2882568.68
24487,4982661.82
24488,3264273.0500000003
24489,2653979.4099999997
24490,3967097.23
24491,4064433.61
24492,691256.49
24493,1285365.56
24494,1760878.56
24495,956251.53
24496,1803853.94
24497,2303461.5900000003
24498,7506210.6899999995
24499,3504404.6
24500,1494318.6700000002
24501,2314187.68
24502,1359377.39
24503,1339653.47
24504,1745145.33
24505,2189623.11
24507,1178847.28
24508,1819044.93
24509,4920293.79
24510,2568075.48
24511,3453628.54
24512,2220300.16
24513,1266521.03
24514,1511410.37
24515,1687669.91
24516,8205013.66
24517,1023688.88
24518,2531585.83
24519,4282886.28
24520,91358010.56
24521,4778291.3
24522,2942158.41
24523,2083276.24
24524,1231535.67
24525,1414162.97
24526,4232233.57
24527,5455800.82
24528,1146921.86
24529,1397082.79
24530,1737825.17
24531,1777462.01
24532,2076563.25
24533,1355900.82
24534,5060593.0200000005
24535,1417759.0
24536,5169140.08
24537,2395215.07
24538,6194993.46
24540,8840250.4
24541,1361118.69
24542,1012586.77
24543,5525138.84
24544,3215014.67
24545,1399228.1300000001
24546,442957.60000000003
24547,83437685.41
24548,2225336.01
24549,3500291.95
24550,10795988.84
24551,21397890.93
24552,2325122.13
24553,11000226.26
24554,3174483.37
24555,3915150.92
24557,52369356.589999996
24558,4328944.69
24559,3038501.61
24560,1279229.18
24561,2204422.4299999997
24562,2972741.17
24563,2714987.22
24564,9001603.58
24565,3711493.14
24566,986469.05
24567,1824323.72
24568,8154478.23
24569,1520958.62
24570,442818.69
24571,10049340.85
24572,1693062.4
24573,5246129.16
24574,1691122.27
24575,1646061.8800000001
24576,2139807.55
24577,4930823.76
24579,2228996.93
24580,2895256.11
24581,8162341.86
24582,3114572.51
24584,4507264.05
24585,5628032.26
24586,4279010.06
24587,6929542.4
25001,816741.8300000001
25002,1605465.76
25003,2023410.44
25004,5199923.6
25005,1535942.97
25006,959153.87
25007,835047.34
25008,3229680.44
25009,1870425.1
25011,3311243.64
25012,1353718.67
25013,3281170.13
25014,4975911.59
25015,5818804.78
25016,1922842.7999999998
25017,1065208.78
25018,9164500.23
25019,4463220.96
25020,4937755.53
25021,11646544.879999999
25022,11714266.97
25024,5134609.5
25025,10854039.24
25026,1971416.79
25027,2034169.08
25028,1252266.3699999999
25029,3062032.02
25030,3262560.34
25031,113362467.72
25032,3232997.14
25033,6434473.93
25034,5099893.49
25035,4190253.47
25036,14462785.04
25038,1334955.71
25039,6090790.19
25040,3927408.3699999996
25041,5025212.07
25042,2270897.8899999997
25043,12125748.209999999
25044,566917.52
25045,459346.49
25046,725609.57
25047,48711448.33
25048,22854951.88
25049,907686.7100000001
25050,4063000.6199999996
25051,3997532.49
25052,958432.0800000001
25053,1874502.1300000001
25054,2569348.96
25055,1196456.9000000001
25056,1031699660.42
25057,57437033.76
25058,10657590.790000001
25059,2624305.27
25060,3424501.92
25061,1518812.9
25062,2577722.28
25063,8234661.989999999
25065,165099.36
25066,571535.59
25067,2189964.02
25070,3172720.6599999997
25071,2125976.5
25072,633827.07
25073,4706337.45
25074,7123342.92
25075,5004199.02
25076,899937.53
25077,1510233.44
25078,6578852.67
25079,5002695.83
25082,4363844.15
25083,1767785.48
25084,6921330.88
25085,4888546.24
25086,750189.2
25087,1585443.16
25088,912263.42
25089,1140707.23
25090,683837.59
25091,1974743.3499999999
25092,995557.65
25093,490646.47
25094,917330.44
25095,3338383.83
25096,1556757.47
25097,1721388.71
25098,1376195.14
25099,1131779.02
25100,4872990.41
25101,2199183.66
25102,1231026.1400000001
25103,2691556.79
25104,1139498.1
25105,3398206.4
25106,690281.47
25107,1567142.8800000001
25108,3151775.99
25109,980275.9600000001
25110,7365611.38
25111,1969093.0799999998
25112,8583681.43
25113,1152963.8
25114,3560142.43
25115,1578027.27
25116,1250922.7
25117,434392.67
25119,973967.8200000001
25120,4068721.61
25121,3797694.5599999996
25122,3909341.48
25123,1647449.71
25124,2122374.69
25125,2626555.1
25126,2334583.34
25127,19089911.11
25128,1334221.18
25129,727607.27
25130,134182.2
25131,1977180.82
25132,1202646.37
25133,11056397.6
25134,71288.65000000001
25136,3133819.9099999997
25137,1909234.92
25138,3962399.73
25139,6137934.4799999995
25140,1314179.78
25141,1118392.08
25142,2650476.6799999997
25143,978386.36
25145,924368.92
25147,13309703.91
25148,3061770.37
25149,2721545.87
25150,1706007.48
25151,1233850.1199999999
25152,475973.54000000004
25153,1530868.0499999998
25154,1516661.38
25155,3417522.52
25156,20332828.95
25157,10989854.65
25159,8834062.45
25160,6488563.9399999995
25161,1493366.9200000002
25162,2990893.96
25163,919773.08
25164,1039826.8099999999
25166,584008.02
25170,7777582.109999999
25171,722632.98
25172,1624882.6
25173,1785834.8699999999
25174,2512977.3
25175,950255.02
25176,3170817.44
25177,1672936.77
25178,1651071.92
25179,942205.4299999999
25180,1895998.8099999998
25181,966422.0700000001
25182,743262.78
25183,818791.78
25184,1728457.09
25185,1760470.0899999999
25186,3886311.62
25187,3231611.49
25188,2581522.64
25189,2644092.44
25190,12852854.82
25191,3693516.94
25192,936541.6
25193,11637571.62
25194,1245940.77
25195,7359109.94
25196,9997294.9
25197,4835720.04
25198,3977947.33
25199,2487004.12
25200,9722399.85
25201,4141278.7
25202,2397395.05
25203,2549961.33
25204,15784410.95
25207,3145991.3
25208,2012906.28
25209,1871333.93
25210,804352.0
25211,962867.47
25212,19469216.92
25213,5558425.33
25214,2202765.8
25215,554255.84
25216,1460021.9
25217,2975504.86
25218,1077418.03
25219,4425804.83
25220,2228507.68
25221,521146.5
25222,8263401.8100000005
25223,3520395.59
25224,4537905.04
25225,1003266.6599999999
25226,2124561.22
25227,1564160.02
25228,32689551.24
25229,1913649.9100000001
25230,23315463.17
25231,1048726.49
25232,857847.66
25233,2645824.73
25234,655838.27
25235,1880643.97
25236,2129079.81
25237,13675513.25
25238,1922015.8499999999
25239,1210361.97
25240,22227066.31
25241,1604762.21
25242,654784.26
25243,5531978.5
25244,1472048.6600000001
25245,8157019.79
25246,2652251.62
25247,609360.63
25248,2721098.57
25249,198744.74
25250,2726871.56
25251,1034417.2300000001
25252,1668284.44
25253,1815512.7300000002
25254,12377605.969999999
25255,2095621.15
25256,6523707.53
25257,1183405.0
25258,13690531.33
25259,17727509.96
25261,1347550.82
25262,3718604.4099999997
25263,2101358.55
25264,1352628.93
25265,6681421.48
25266,1432988.35
25267,5507782.61
25268,2018403.09
25269,496465.1500000001
25270,1719472.75
25271,10817590.549999999
25273,1814705.98
25274,2852454.2399999998
25275,3563431.22
25276,1677443.53
25277,465421.21
25278,5812538.92
25279,796084.02
25280,2431691.08
25281,2165895.93
25282,6085397.649999999
25283,1068407.88
25284,29540962.92
25285,10830610.72
25286,1910118.53
25287,9411224.64
25288,6032059.359999999
25289,1516421.46
25290,783763.51
25293,7716160.930000001
25295,2383309.35
25296,5013770.41
25297,1100247.66
25298,1164146.2
25299,916863.31
25300,2573117.34
25301,7124208.58
25302,1874209.0499999998
25303,2704385.2600000002
25304,21770162.01
25305,2663002.29
25306,567493.95
25307,10263668.44
25308,4623748.43
25309,7462906.76
25310,550072.0399999999
25311,1647917.85
25312,494291.74
25313,1899475.0099999998
25314,3702090.94
25315,17384835.65
25316,1454960.72
25317,1563936.0199999998
25318,14895964.950000001
25319,1931500.4200000002
25320,11002092.91
25321,31822601.63
25322,1827337.34
25323,3621874.8200000003
25324,2086118.65
25325,2365785.8600000003
25326,3225940.2
25327,493536.08
25328,3775984.29
25329,1051295.7
25330,1033885.32
25331,2015390.15
25332,2907851.59
25333,5623124.71
25334,13480899.14
25335,3828013.97
25336,4113944.4
25338,1484229.53
25339,2511447.2399999998
25340,952811.68
25341,1482960.55
25342,1455077.48
25343,1001735.04
25344,489574.73000000004
25345,4594474.08
25346,2083234.05
25347,4123103.5100000002
25348,5262592.53
25349,3507073.41
25350,4594933.51
25351,1964486.37
25354,1200180.02
25355,453882.76
25356,37695982.75
25357,7109991.1899999995
25359,1940941.7
25360,1867109.5
25361,7980993.67
25362,2315740.33
25364,9781245.77
25365,3678476.6
25366,877507.97
25367,48845654.269999996
25368,8265948.52
25369,871600.38
25370,17093972.76
25371,2731902.17
25372,1327302.55
25373,715394.96
25374,2801950.8200000003
25375,5241059.9799999995
25376,594400.55
25377,635647.39
25378,5735141.41
25379,732498.58
25380,13468355.73
25381,16808971.830000002
25382,1786466.56
25383,1298451.49
25384,643610.75
25385,1256835.09
25386,1522817.7
25387,4315851.21
25388,342758571.46999997
25389,1206776.57
25390,1831141.19
25391,2236499.66
25392,1632097.4700000002
25393,2929823.0
25394,10330393.24
25395,11006728.58
25397,10139896.26
25398,938817.74
25399,1066537.72
25400,2593058.24
25401,552630.9400000001
25402,498489.27
25403,13542482.5
25404,1139643.38
25405,4604851.65
25406,3295047.02
25408,414347.87
25410,5736559.2299999995
25411,47704158.03
25413,8882321.51
25414,694025.13
25415,3431329.6
25416,2947007.65
25417,4053580.1900000004
25418,11471653.209999999
25419,334340.12
25420,1329152.75
25421,1482129.95
25422,1088132.54
25424,4214718.26
25425,5276514.52
25426,1625639.46
25427,2297729.65
25428,6415432.07
25429,10380036.22
25430,469211.82999999996
25431,3549861.89
25432,10426607.27
25433,494930.00000000006
25434,47952334.900000006
25435,1098650.7
25436,1109862.8099999998
25437,2500032.54
25438,2403684.82
25439,3250692.84
25440,6869621.73
25441,902375.38
25442,5525024.95
25443,543117.68
25444,764823.12
25445,1364941.31
25446,2129311.32
25447,3304866.03
25448,8592342.11
25449,1675272.8
25450,962567.68
25451,1733193.7899999998
25452,2533890.67
25453,9855136.45
25454,15023583.67
25455,877461.42
25456,2434499.3400000003
25457,1449361.1700000002
25458,2394300.0
25459,3315544.27
25460,892728.45
25461,3720912.19
25462,141835984.2
25463,33873898.64
25464,1289441.78
25465,1590284.91
25466,3846813.62
25467,10713636.61
25468,3756386.16
25469,3993079.33
25470,1315469.5
25471,1785452.61
25472,744543.9700000001
25473,4007176.01
25474,655258.38
25475,13405237.63
25476,815908.63
25477,1297254.5
25478,1322063.23
25479,4755111.84
25480,1623589.6
25481,1776981.9100000001
25482,3984123.84
25483,803426.4
25485,2072673.15
25486,6689727.92
25487,572055.81
25488,739085.72
25489,2565099.0700000003
25490,2024661.81
25491,771010.0599999999
25492,421813.33
25493,8013960.930000001
25494,6650740.62
25495,10960851.870000001
25496,1102561.19
25497,4007844.67
25498,381465.7
25499,842001.2
25500,1516084.82
25501,694055.73
25502,3713648.93
25503,1225495.29
25504,1237770.33
25505,9244971.290000001
25506,988764.11
25507,1026146.21
25508,8973332.459999999
25509,2877785.96
25510,3078543.25
25511,2716234.35
25512,14488927.389999999
25513,797456.66
25514,2757041.89
25515,3171219.35
25516,1170537.99
25517,2786692.53
25518,893715.11
25519,8755462.15
25520,1518414.45
25521,1803521.18
25522,1955618.49
25523,4638996.38
25524,7238700.05
25525,3854215.41
25526,11042147.65
25527,43809194.94
25528,551980.02
25529,7688431.87
25530,2040276.72
25531,1945035.57
25532,28080189.65
25533,728227.8
25534,1488738.13
25535,2741706.73
25536,2173177.77
25537,1496833.14
25538,510991.05
25539,46597838.89
25540,1741659.12
25541,2825665.58
25542,9242914.1
25544,1572190.98
25545,2008318.85
25546,632857.13
25547,45399201.69
25548,1851169.17
25549,5737066.75
25550,2438778.9299999997
25551,2059184.37
25552,1410229.66
25553,5208203.24
25554,1520115.9
25555,4072318.44
25556,243106.82
25557,2447217.9699999997
25558,4639020.48
25559,1500649.6199999999
25560,14210490.58
25561,1975567.4
25562,880569.46
25563,1175516.95
25564,5103468.0600000005
25565,1733681.97
25566,2645860.76
25567,1048539.88
25569,2894287.35
25570,263424.44
25571,4901664.88
25572,355729.98000000004
25573,336063.81
25574,1727929.39
25575,2710477.23
25576,1041439.5199999999
25578,38318960.0
25579,310589.52999999997
25580,65868564.26
25582,495424.33999999997
25583,3022085.56
25584,2122427.33
25585,2077487.26
25586,5171009.13
25587,671001.56
25588,1498868.59
25589,1627556.36
25590,1047321.5700000001
25591,2594298.11
25592,6362368.35
25593,2406953.27
25594,1916325.87
25595,1763399.23
25596,1131354.6
25597,2618007.85
25598,2514133.37
25599,1057155.17
25600,1307967.74
25601,10058613.68
25602,924976.25
25604,1377364.24
25605,2501484.4699999997
25607,812116.82
25608,936698.19
25609,3476472.1599999997
25610,144755.88
25611,2642331.32
25612,2983263.11
25613,1051926.14
25614,11551329.549999999
25615,2367692.1
25616,1238013.75
25617,1559712.05
25618,3354308.23
25619,2462241.1
25620,3300584.12
25621,1334689.1
25622,1405036.8499999999
25623,992617.4
25624,707676.3
25625,1409415.02
25626,1260251.74
25627,2491950.32
25628,3151871.88
25629,1361624.0
25630,1059298.57
25631,3884585.25
25632,26204370.89
25633,3790022.2
25634,6401786.82
25635,3096503.36
26001,2106095.88
26002,16767374.22
26003,1336736.69
26004,19988540.51
26005,16750895.3
26006,10925567.59
26007,982454.3099999999
26008,6880138.18
26009,8901110.46
26010,27132262.13
26011,17555773.46
26012,858829.27
26013,2004765.77
26014,2484280.53
26015,1509958.85
26016,2605081.82
26017,1157659.54
26018,463477.45
26019,3263507.7199999997
26020,1826488.2699999998
26021,1346144.67
26022,3110634.37
26023,6389916.61
26024,2194651.86
26025,1697509.1400000001
26026,2275114.19
26027,1460624.6400000001
26028,2779970.6
26030,575186.72
26031,6927170.63
26032,5174338.64
26033,6351797.84
26034,4365324.9399999995
26035,2849569.71
26036,3056411.75
26037,29203818.13
26038,12372730.76
26039,6623014.7
26040,2861054.0300000003
26041,10934924.19
26042,7345893.31
26043,1916011.35
26045,11547554.56
26046,2820476.46
26047,2043338.68
26048,1896378.2000000002
26049,6373722.91
26050,1883286.34
26051,859235.7
26052,3152177.4899999998
26054,6082789.14
26055,5203273.2700000005
26056,9524595.1
26057,79996627.19
26058,161697511.66
26059,3898644.0
26060,2059173.28
26061,3828192.27
26062,1129333.97
26063,20050152.25
26064,45708713.04
26065,4840499.38
26066,1360236.51
26067,2481218.59
26068,1954245.19
26069,2287892.35
26070,3077382.7
26071,6692885.99
26072,6274487.09
26073,3702361.89
26074,10146780.18
26075,1275488.3
26076,1092955.55
26077,6207762.47
26078,4443662.87
26079,6802227.8100000005
26080,975965.86
26081,4147179.92
26082,1740072.2
26083,20277466.48
26084,36095666.1
26085,17924365.580000002
26086,6529006.51
26087,4921441.029999999
26088,36024964.16
26089,786122.3
26090,1380719.74
26091,1540222.84
26092,2385850.41
26093,4140018.21
26094,5901800.08
26095,4968146.95
26096,9137379.74
26097,4294260.28
26098,1854999.3800000001
26099,3343945.44
26100,4236529.46
26101,2732968.2
26102,1197178.73
26103,2919248.23
26104,2319657.5300000003
26105,1645883.78
26106,7312452.3
26107,3585747.33
26108,59702796.23
26110,4457279.53
26111,1659243.7599999998
26112,1832864.18
26113,46311690.940000005
26114,31303636.23
26115,3662739.81
26116,43985564.26
26117,1025814.24
26118,11152530.07
26119,7520168.21
26121,4888220.41
26122,1374247.27
26123,738972.82
26124,52308928.47
26125,7889747.03
26126,1331771.68
26127,1348871.78
26128,1245700.24
26129,5241374.600000001
26130,952745.28
26131,3168694.7
26133,1502506.4000000001
26134,831289.4400000001
26135,1843651.9700000002
26136,1519686.34
26137,1279020.77
26138,10130638.0
26139,12525353.76
26140,3585918.8499999996
26141,1821314.98
26142,3364996.9499999997
26143,10836193.47
26144,12933642.41
26145,4726156.32
26146,18830020.07
26147,917946.6000000001
26148,19548020.12
26149,8353674.140000001
26150,696119.12
26152,1202806.23
26153,1737136.17
26154,3533856.3000000003
26155,7857607.08
26156,6800113.7700000005
26157,5090651.4
26159,957544.36
26160,13793476.48
26161,2255287.34
26162,5814116.79
26163,3352464.38
26164,1828979.64
26165,54922621.52
26166,46533288.06
26167,7610458.25
26168,8968826.45
26169,18079647.63
26170,18803195.85
26171,821631.8400000001
26172,5415302.859999999
26173,6330799.66
26174,7141604.68
26175,3560730.59
26176,11203845.61
26177,4206049.06
26178,3872708.4
26179,16798230.68
26180,3269330.9
26181,3075656.95
26182,11068563.629999999
26183,8724481.01
26184,2324540.32
26185,4642536.69
26186,1712857.53
26187,915767.0
26188,8853001.5
26189,2659743.58
26190,1619290.09
26191,14474545.81
26192,2622084.8600000003
26193,14053115.67
26194,4490085.22
26195,2813983.5100000002
26196,8274768.029999999
26197,33046782.93
26198,288144656.04
26199,1163459.18
26200,2272932.41
26201,1360405.65
26202,2933130.58
26203,2912521.81
26204,1444437.82
26205,1530079.05
26206,16237903.51
26207,5954727.33
26208,10027480.4
26209,1474494.84
26210,4590761.0
26211,7419986.3
26212,7256268.63
26213,8528823.16
26214,1293828.95
26215,9374630.01
26216,4067238.89
26217,2291431.95
26218,17775774.279999997
26219,2699712.37
26220,55992462.66
26221,2328522.7199999997
26222,926695.4400000001
26223,3451362.8
26224,2037362.99
26225,4237998.32
26226,2483776.61
26227,750541.46
26228,1562990.0999999999
26229,1984355.29
26231,16315140.36
26232,3169201.61
26233,2321732.0700000003
26234,5377640.07
26235,118396715.5
26236,2351743.2399999998
26238,2097011.36
26239,2232621.4
26240,2514709.9
26241,3659764.41
26242,1514427.3
26243,7345214.0
26244,2703700.25
26245,355903.46
26246,1232648.26
26247,2583629.6
26248,3226696.04
26249,5399880.48
26250,23461787.6
26251,5363114.51
26252,107884652.19
26253,1130686.99
26254,821394.5
26255,1965289.3900000001
26256,1570514.06
26257,1921548.57
26258,4769050.05
26259,2219587.4299999997
26261,3197290.37
26262,2985424.1199999996
26263,2179307.6
26264,4664112.21
26266,1686466.88
26267,1084886.1600000001
26268,1421606.52
26269,2257129.02
26270,1577735.62
26271,21845017.2
26272,3728179.17
26273,6042156.29
26274,467109.08
26275,10174050.43
26276,5093558.59
26277,1461200.24
26278,3897317.73
26279,1480653.55
26281,235603485.81
26282,1893878.03
26283,904072.23
26284,11249203.889999999
26285,2903496.05
26286,289088.51
26287,4579042.92
26288,3680380.37
26289,9600844.42
26290,5847488.5200000005
26291,1385569.9
26292,5509790.069999999
26293,5022741.32
26294,3315296.33
26295,9497895.379999999
26296,1607828.0
26297,2497006.5
26298,2549348.98
26299,1482530.3
26300,935777.26
26301,24585285.07
26302,2185411.32
26303,2386755.89
26304,1855816.8599999999
26305,5108496.399999999
26306,3050308.67
26307,19180784.56
26308,4147058.0700000003
26309,3047625.98
26310,1136607.0
26311,7967935.47
26312,5715643.26
26313,50641257.050000004
26314,6095628.36
26315,7602809.18
26316,1395638.2
26317,3987720.15
26318,1374761.89
26319,4740250.22
26320,7860887.3
26321,5211113.57
26322,4793260.4799999995
26323,11201752.82
26324,144524197.29
26325,34631182.52
26326,5553678.19
26327,1741048.53
26328,1278209.89
26329,3218321.91
26330,13848322.4
26331,3901665.61
26332,12503463.92
26333,45122804.33
26334,1224518.3599999999
26335,952647.2100000001
26336,3939814.71
26337,18128427.85
26338,10440261.700000001
26339,16235451.05
26340,5378493.27
26341,4299274.2
26342,2266172.06
26343,665374.85
26344,2611695.7199999997
26345,14946320.889999999
26346,3486940.32
26347,43908939.910000004
26348,13542324.87
26349,7887309.36
26350,1512823.8900000001
26351,1178645.01
26352,2051746.49
26353,7372917.15
26354,3650939.4699999997
26355,2722597.69
26356,1226193.46
26357,14008888.03
26358,10652267.459999999
26359,549792.91
26360,5169886.71
26361,4345142.9399999995
26362,776583130.04
26363,499382.41
26364,6602059.51
26365,5669452.72
26366,2334991.38
26367,4748743.93
26368,3644619.86
26369,3100102.34
26370,3013850.04
26371,972568.81
26372,1196772.24
26373,3239988.98
26374,756356.35
26375,908873.37
26376,2515066.69
26377,10242399.28
26378,1341898.03
26379,6527687.7
26380,7547716.899999999
26381,6795330.59
26382,4618216.59
27001,634124.37
27002,3782310.71
27003,10455444.89
27004,3957542.45
27005,4419662.16
27006,1257050.18
27007,1040906.78
27008,40840145.980000004
27009,1486670.13
27010,617822.79
27011,5588680.5600000005
27012,1281861.92
27013,1983020.73
27014,4314276.87
27015,5086846.1
27016,41389211.23
27017,7249712.16
27018,2458626.01
27019,965998.3400000001
27020,7008499.14
27021,982552.45
27022,48155019.28
27023,5134644.42
27024,947885.1599999999
27025,6009764.0
27026,1190009.29
27027,2759808.16
27028,810139.66
27031,6069871.21
27032,1481778.67
27033,1229834.18
27034,1729650.83
27035,628917.9
27036,1692895.12
27037,5250495.92
27038,3974601.3600000003
27039,3664357.0500000003
27040,1325430.52
27041,6630550.14
27042,223865.05000000002
27043,2583987.54
27044,4570843.1
27045,2026413.04
27046,556373.96
27047,866634.5900000001
27048,617760.1
27049,2439400.7600000002
27050,2022472.95
27051,16325589.219999999
27052,2216964.4
27053,774667.61
27054,1701401.23
27055,749075.13
27056,77100564.9
27057,1124955.31
27058,3203176.81
27059,1859964.77
27060,2178106.62
27061,796184.94
27062,2046994.29
27063,730201.95
27064,3408509.32
27065,25316492.25
27066,933996.92
27067,5122953.4799999995
27068,1146717.9
27069,2200650.11
27070,2832099.19
27071,1133650.53
27072,3293339.48
27073,5820258.51
27074,827453.26
27075,1303572.87
27076,1557317.02
27077,3363470.68
27078,1322497.05
27079,1614207.59
27081,825401.03
27082,13868678.6
27083,1410696.94
27084,1046665.0599999999
27085,1395047.19
27088,1037059.33
27089,718481.68
27090,18516046.34
27091,2679919.38
27092,2496413.48
27093,1468554.0199999998
27094,586394.75
27095,2634643.2800000003
27096,1894489.59
27097,5918439.0200000005
27098,657819.17
27099,3867476.6
27100,5073317.4399999995
27101,952072.48
27102,2907476.19
27103,27614968.56
27104,3021676.59
27105,28378431.16
27106,1868064.83
27107,4197624.45
27108,6170629.97
27109,1217568.22
27110,1892930.1
27111,982012.51
27112,20793123.72
27113,862200.45
27114,5635093.66
27115,1320358.48
27116,36141498.32
27117,6390604.68
27118,2704087.77
27119,12720425.33
27120,943515.21
27121,1116301.03
27122,1339534.24
27123,2872069.05
27124,964132.9800000001
27125,2100493.82
27126,3134206.65
27127,2688541.66
27128,1349883.08
27129,1463690.62
27130,1603153.67
27131,1796071.22
27132,6202456.42
27133,2931532.43
27134,557779.1900000001
27135,970365.6499999999
27136,973963.43
27137,1390460.24
27138,1241267.12
27139,984395.25
27140,2833583.9
27141,281932.35000000003
27142,2292070.06
27143,220353.48
27144,1215198.84
27145,110781.81
27146,842065.6000000001
27147,2037017.69
27148,989470.14
27149,298410.18
27150,7329806.98
27151,16233624.99
27152,1873426.4
27153,584501.61
27154,3627129.5100000002
27155,1524842.75
27156,1831693.53
27157,1622653.49
27158,4753860.01
27159,3357381.6
27160,747016.15
27161,6240032.75
27162,652294.05
27163,866172.03
27164,2058474.78
27165,40085243.82
27166,4095319.33
27167,1506106.7
27168,1125483.38
27169,4354822.46
27170,9553462.22
27171,1047016.8200000001
27172,3045598.16
27173,579764.74
27174,4505730.97
27175,933032.91
27176,1179438.41
27177,2555240.12
27179,1864478.71
27180,7853803.87
27181,2562394.07
27182,565668.5
27183,15828201.360000001
27184,677237.28
27185,1409827.84
27187,865573.24
27188,9737093.98
27189,1215349.48
27190,2174098.14
27191,5728729.16
27192,3187388.46
27193,8017356.36
27194,552330.05
27195,815684.7999999999
27196,9535873.31
27197,912181.62
27198,13090026.82
27199,2299367.0
27200,1050573.95
27201,509051.39
27202,2594183.47
27203,2533815.93
27204,1633463.36
27205,1728767.6700000002
27206,1640664.58
27207,2157192.84
27208,519587.92000000004
27209,837278.36
27210,1863746.38
27211,2504756.67
27212,259680.56
27213,8731013.530000001
27214,4081344.3400000003
27215,791984.49
27216,2749627.15
27217,2194119.81
27218,10725853.68
27219,1492474.81
27220,1518339.79
27221,1000000.73
27222,647123.87
27223,1976380.84
27224,932209.79
27225,866450.19
27226,34654069.19
27227,2413358.57
27228,909673.56
27229,586764291.35
27230,22994572.56
27231,1229080.53
27232,1545747.12
27233,2375398.78
27234,2500362.64
27235,792633.2
27237,730848.0
27238,8929538.11
27239,1009540.34
27240,1515756.07
27241,592098.6
27242,4282636.99
27243,1407918.3900000001
27244,1890461.47
27245,1090557.02
27246,12230807.459999999
27247,1672736.53
27248,833501.99
27249,4603944.27
27250,3896668.1
27251,2090645.26
27252,910560.1699999999
27253,1403503.29
27254,5533356.02
27255,2258319.7
27256,2308257.59
27257,2190446.2600000002
27258,723495.56
27259,278271.41
27260,1805603.39
27261,2541716.44
27262,5699829.45
27263,4214986.82
27264,737410.19
27265,7318667.47
27266,1030467.3
27267,1557041.91
27268,1120922.49
27269,837539.96
27270,1941095.01
27271,735212.9400000001
27273,912553.35
27274,1229547.45
27275,54291514.0
27276,1899895.3900000001
27277,2288010.56
27278,13825479.790000001
27279,20209632.56
27280,7819258.23
27281,878815.36
27282,2437497.16
27283,1346521.92
27284,60984896.5
27285,6499495.87
27286,1321975.2
27287,2835413.54
27288,1321732.6600000001
27289,746604.61
27290,2596394.48
27291,1179013.1300000001
27292,1025983.66
27293,4120461.3200000003
27294,1471794.8800000001
27295,1318528.44
27296,676245.52
27297,1543111.31
27298,988076.39
27299,23543471.709999997
27300,2682718.71
27301,5562288.56
27302,5429356.95
27303,620740.59
27304,1553227.2
27305,3432859.7
27306,17323538.34
27307,2159012.33
27308,914324.97
27309,2802061.55
27310,1800317.9
27311,4282612.12
27312,765711.84
27313,2157680.65
27315,642011.75
27316,3877770.57
27317,2105870.15
27318,1334144.0
27319,1284259.2
27320,1345083.02
27321,245994.2
27322,6251039.45
27323,1478414.42
27324,2529176.74
27325,685064.82
27326,966485.5399999999
27327,850267.25
27329,3508893.69
27330,844757.44
27331,2926918.47
27332,6746612.71
27333,3690314.27
27334,466494.61
27335,3507302.04
27336,650742.66
27337,1453056.09
27338,2354668.58
27339,5475648.93
27340,2256660.6500000004
27341,468426.55
27342,778775.06
27343,7078466.4
27344,544250.62
27345,557710.87
27346,1047193.3099999999
27347,6319886.24
27348,15737185.1
27349,3722455.07
27350,4529799.55
27351,10061446.61
27353,1725416.34
27354,1448504.89
27355,16331578.64
27356,1257881.8399999999
27358,5056687.8
27359,915639.59
27360,1608027.19
27361,630990.05
27362,1012648.02
27363,1996342.76
27364,2287850.55
27365,14078854.81
27366,1331439.76
27367,7556168.609999999
27368,1599898.15
27369,506398.74
27370,1951138.23
27371,695885.37
27372,3324075.8400000003
27373,769120.01
27374,2234568.38
27375,120965508.84
27376,757202.83
27377,8092476.670000001
27378,6167827.75
27379,2289625.22
27380,1007912.25
27381,816472.44
27382,1468886.1300000001
27383,1690428.87
27384,1400384.1700000002
27385,6601516.98
27386,7358800.36
27387,1053100.74
27388,2587537.5
27389,964835.46
27390,5276108.61
27391,8297703.18
27392,697465.38
27393,730263.99
27394,6020526.13
27395,284534.68
27396,1840306.52
27397,14899970.63
27398,7033527.04
27399,71912.06
27400,1000183.99
27401,609366.94
27402,120192.23999999999
27403,632939.85
27404,704648.27
27405,331808.67
27406,3738816.6
27407,783500.95
27408,2484198.3
27410,3867343.0999999996
27411,1714033.58
27412,4898352.28
27413,5411367.88
27414,4794260.99
27415,2213140.82
27416,3312700.34
27417,2144809.1
27418,405622.52
27419,4068145.85
27420,728447.09
27421,2500124.7
27422,4624535.96
27423,3562865.06
27424,1081703.24
27425,11153056.83
27426,3366091.89
27427,1877194.1099999999
27428,49156431.300000004
27429,518221.08999999997
27430,776776.24
27431,2768262.68
27432,2031481.13
27433,650438.26
27434,465761.82
27435,1426293.16
27436,1331924.89
27437,1578929.78
27438,15769498.48
27439,8296274.28
27440,2712354.06
27441,881187.96
27442,1097032.31
27444,968786.61
27445,3259031.62
27446,1553022.87
27447,1740328.89
27448,42582153.44
27449,3135062.94
27451,1519204.28
27452,973707.93
27453,10215771.56
27454,1703518.12
27455,445759.52
27456,3069234.01
27457,3324294.89
27458,16273510.440000001
27459,67843.07
27460,547708.33
27462,849316.9299999999
27463,1673664.23
27464,5939189.11
27465,1336033.73
27466,1088051.52
27467,86654704.86
27468,3206517.44
27469,29878070.0
27470,7577009.5600000005
27471,579361.18
27472,905491.27
27473,3888826.87
27474,4691326.97
27475,1210377.48
27476,1144100.62
27477,3628843.33
27478,6413825.3100000005
27480,2919333.87
27481,2951168.7800000003
27482,542087.01
27483,1998329.8699999999
27484,394439.25
27485,9955336.6
27486,2134547.57
27487,2448181.88
27488,717349.71
27489,3081703.7399999998
27490,1839091.88
27491,1498583.94
27492,1524939.31
27493,23207103.439999998
27495,1353466.7
27496,2017925.15
27497,5808069.03
27498,1089355.6099999999
27499,989914.56
27500,7507045.03
27501,724497.8200000001
27502,18062771.8
27503,673619.3
27504,5729570.76
27505,615749.84
27506,1720919.48
27507,29097017.32
27508,801084.28
27510,2401381.77
27511,3543555.05
27512,994683.68
27513,615150.15
27514,1025718.93
27515,1093320.42
27516,2461761.35
27517,16522510.940000001
27518,1698474.27
27519,908381.35
27520,1265703.71
27521,1118717.49
27522,1144862.55
27523,1379140.34
27524,2972990.75
27525,955215.01
27526,1329095.92
27527,1232618.75
27528,28802575.14
27529,1924884.81
27530,310822.61
27531,575257.31
27532,729504.9
27533,2393258.69
27534,4293987.3
27535,1886584.1300000001
27536,2555121.35
27537,3455413.1999999997
27538,2135302.92
27539,1440052.46
27540,3749022.92
27541,577114.0700000001
27542,5242335.3
27543,5607104.46
27544,1061633.55
27545,719171.95
27546,1437161.13
27547,3321603.93
27548,6069846.72
27549,6173275.9
27550,1446026.6400000001
27551,112470.7
27552,659090.02
27553,1615779.63
27554,5550882.16
27555,1220389.35
27556,145795.7
27557,1512955.3900000001
27558,221656.65
27560,1073729.75
27561,4557422.569999999
27562,57488183.28
27563,2247687.06
27564,1317140.4300000002
27565,2368271.94
27566,1005643.94
27567,956812.89
27568,1766093.9
27569,692887.27
27570,410530.61
27571,755720.71
27572,992900.19
27573,1298612.8900000001
27574,1224968.54
27576,2334304.23
27577,1909548.76
27578,1443285.58
27579,592165.99
27580,12147879.38
27581,1043434.2799999999
27582,4778648.57
27584,667825.37
27586,770212.72
27587,6614577.92
27588,4556987.88
27589,4577952.9
27590,1505879.3699999999
27591,2034121.93
27592,1010015.99
27593,7185721.33
27594,745797.94
27595,5887073.68
27596,526029.83
27597,1908318.07
27598,2769586.0300000003
27599,9259424.79
27600,816906.63
27601,1298652.25
27602,22675433.42
27603,1179367.6
27604,1071838.59
27605,1179526.35
27606,2554812.35
27607,1189566.3
27608,1241477.79
27609,1655876.02
27610,302302.71
27611,757178.4199999999
27612,1027445.74
27613,1677772.55
27614,336598.05000000005
27615,1957855.9200000002
27616,11967453.309999999
27617,2136988.79
27618,1311508.46
27620,1897091.01
27621,619209.22
27622,14325278.18
27623,2377820.2600000002
27624,3095822.32
27625,1179040.94
27626,1186919.24
27627,870751.36
27628,812513.73
27629,7931654.91
27630,867133.99
27631,2007730.98
27632,2318700.22
27633,1674055.32
27634,1936084.9400000002
27635,313997.34
27636,3389119.23
27637,1105452.88
27638,18593603.77
27639,2190482.8499999996
27640,690972.4
27641,833278.4299999999
27642,843076.97
27643,6929439.5
27644,1985683.55
27645,990632.27
27646,1012794.94
27647,2319533.06
27648,1670391.18
27649,1739689.3599999999
27650,1546981.3800000001
27651,711056.1
27652,626854.89
27653,5736368.359999999
27654,4974426.8
27655,1976495.29
27656,5043416.74
27657,530084.13
27658,1077059.56
27659,433186.25
27660,1032661.74
27661,1249521.1199999999
27662,1718732.09
27663,514938.25
27664,897680.22
27665,3900318.42
27666,1458779.62
27667,1006465.24
27668,4438197.58
27669,1562360.67
27670,6253338.11
27671,338176.65
27672,3336107.65
27673,1090447.33
27674,1159577.3
27676,4587252.51
27677,601728.48
27678,7849447.52
27679,55760353.43
27680,1086762.23
27681,205426906.58
27682,3247443.13
27683,840148.38
27684,3758807.47
27685,3925899.97
27686,780730.16
27687,1227494.79
27688,91058.73
27689,984982.6799999999
27690,882389.4
27691,6761011.62
27692,512636.72
27693,5398655.68
27694,1303600.0
27695,844875.37
27696,6483282.86
27697,4211114.82
27698,1584890.98
27699,610372.65
27700,1887333.18
27701,133772393.49000001
28001,9496243.72
28002,2196423.9899999998
28003,331575.65
28004,1393691.38
28005,3468941.97
28006,8603865.809999999
28007,24227432.06
28008,367543.08
28009,236430.32
28010,3646251.0799999996
28012,12615161.29
28013,8005204.36
28014,3356062.92
28015,31201840.31
28016,1362972.43
28017,1159883.62
28018,10013033.58
28019,833008.53
28020,1113361.19
28021,9364388.06
28022,7851207.54
28023,5883656.68
28024,15178211.1
28025,572107.75
28026,1884588.1099999999
28027,9849472.21
28028,1544267.15
28029,1584182.3199999998
28030,1660297.71
28031,3295390.44
28032,1725441.0699999998
28033,5179693.08
28034,6966323.09
28035,6693821.97
28036,4813739.1899999995
28037,2172468.52
28038,1152453.46
28039,6920605.46
28040,2157783.24
28041,751862.39
28044,920981.28
28045,1006955.13
28046,3377684.26
28047,3982219.67
28048,2047792.5
28049,1240923.78
28050,1526803.22
28051,28640386.8
28052,3434858.06
28053,1071870.45
28054,2401276.86
28055,2711069.8
28056,7735440.54
28057,2251975.34
28058,1926307.12
28059,13262829.879999999
28060,1670671.16
28061,32111411.79
28062,2392650.23
28063,2426802.46
28064,9429055.61
28065,639785.02
28066,981522.17
28067,431709.72
28068,1368905.15
28069,594680.16
28070,21546900.56
28071,2359544.67
28072,2032447.07
28073,1582425.3
28074,645125.55
28075,6005739.52
28076,613655.63
28077,727594.73
28078,1434930.85
28079,2348147.21
28080,1272707.46
28081,986488.88
28082,2565013.94
28083,1673575.89
28084,1812477.65
28085,477137929.65
28086,1611747.3499999999
28087,1004541.99
28088,130527149.9
28089,20313249.18
28090,704785.65
28091,410469.52
28092,1102188.05
28093,9507197.11
28094,8429095.31
28095,1466497.97
28096,6907454.55
28098,13779512.96
28099,6511017.68
28100,1036186.49
28101,1290117.08
28102,2668657.76
28103,27717364.45
28104,6706250.96
28105,3458801.81
28106,1603658.6600000001
28107,1902485.41
28108,1167693.91
28109,1073537.79
28110,29465476.78
28111,2503629.68
28112,2983692.63
28113,5609979.36
28114,1213007.53
28115,3130067.73
28116,24499192.49
28117,1722154.2
28118,1133642.5
28119,1900416.79
28120,2482726.87
28121,3086860.04
28122,8005210.87
28123,2307761.11
28124,2469476.98
28126,1313640.92
28127,4898677.49
28128,3489682.25
28129,1749557.26
28130,7959087.43
28132,3448823.31
28133,2747801.45
28134,352696576.84
28135,5050625.63
28136,1021360.3
28137,5017340.640000001
28139,513915.25
28140,62413703.96
28141,1097053.3900000001
28142,1140232.76
28143,953471.72
28144,1650450.52
28145,1720631.67
28146,4585567.01
28147,1657210.95
28148,1202978.9300000002
28149,11089761.97
28150,3762225.88
28151,519614.24
28153,1053019.15
28154,7610729.25
28155,911531.6799999999
28156,5203841.17
28157,876731.3099999999
28158,9328738.450000001
28159,1482862.4000000001
28160,5284191.14
28161,3191106.23
28162,2871464.59
28163,882870.98
28164,4243749.87
28165,2992413.01
28166,1404809.98
28167,1044733.25
28168,22782406.22
28169,6175458.99
28170,1803046.9900000002
28171,7581508.68
28172,2062072.69
28173,11736465.6
28175,1074952.0
28176,2985606.69
28177,10383455.65
28178,1407879.52
28179,719155.61
28180,1515667.98
28182,1680350.88
28183,2258450.83
28184,1705776.55
28185,1870978.26
28187,3252761.73
28188,5345143.47
28189,923402.51
28190,2512140.77
28191,14379262.94
28192,2112437.02
28193,462566.59
28194,2530337.14
28195,3008946.5999999996
28196,26977275.21
28197,644229.0599999999
28198,4470904.24
28199,16368015.06
28200,1149097.13
28201,12742505.57
28202,1534893.21
28203,3292677.01
28204,2121267.71
28205,3655094.67
28206,2415359.71
28207,542586.26
28208,1500741.59
28209,21606078.3
28210,1273082.8299999998
28211,3162944.35
28212,1081423.85
28213,2393075.32
28214,26199001.3
28215,1335762.51
28216,1117965.3599999999
28217,1097858.58
28218,100044509.59
28219,2758450.85
28220,39156129.79
28221,872678.89
28222,1168230.97
28223,9194538.379999999
28224,3048911.99
28225,4037880.16
28226,5234775.79
28227,25513172.84
28229,53478185.84
28230,1352539.6199999999
28231,776541.32
28232,2555376.6799999997
28233,9200067.08
28234,2987682.17
28235,1109783.99
28236,16784112.41
28237,1216277.84
28239,3768293.5300000003
28240,3284561.52
28241,983931.7500000001
28242,629728.29
28243,894602.18
28245,2386446.71
28246,1751358.29
28247,2045711.6
28248,1856135.21
28249,1933112.81
28250,506637.37
28251,5608095.91
28252,1356451.37
28253,10098834.65
28254,1918241.51
28255,706941.45
28256,1870375.41
28257,202895.55
28258,1057451.74
28259,931697.27
28260,724497.6100000001
28261,3902489.68
28262,3454961.01
28263,756638.72
28264,927825.8099999999
28265,1896910.31
28267,3015545.51
28268,52104.77
28269,11906413.290000001
28270,1921332.8
28271,717739.98
28272,959024.44
28273,991548.04
28274,1033521.74
28275,4191102.0100000002
28276,854101.95
28277,1671561.97
28278,16902748.6
28279,29873515.540000003
28280,89043663.58
28281,2785889.14
28282,1417700.24
28283,1247978.28
28284,2388558.23
28285,778749.04
28286,2351164.38
28287,6874436.74
28288,88838.83
28289,1064138.32
28290,1101438.3900000001
28291,6371018.930000001
28292,2521154.76
28293,5070802.28
28294,2029441.36
28295,1695605.49
28296,966117.46
28297,1123933.28
28298,15038828.41
28299,437476.66000000003
28300,1391817.29
28301,2587812.61
28302,4497816.74
28303,930737.36
28304,2274281.38
28305,1673112.1700000002
28306,676562.34
28308,2502277.47
28309,9689216.31
28310,1735290.67
28311,2121230.79
28312,458881.8
28313,817800.26
28314,673302.1900000001
28315,310553.9
28316,846979.41
28317,1740915.19
28318,3868402.5
28319,2908952.4699999997
28320,1050645.54
28321,3893122.79
28322,2902927.74
28323,1643402.31
28324,5254003.26
28325,8609440.47
28326,1024447.4900000001
28327,1390088.38
28329,803632.09
28330,932603.6499999999
28331,2463379.84
28332,9481279.91
28333,1069253.71
28334,12676770.18
28335,4033913.7199999997
28336,863374.26
28337,22350070.3
28339,1754081.53
28340,2962205.61
28341,1182455.74
28342,1527548.6300000001
28343,1538350.07
28344,996813.9099999999
28346,196180.19
28347,4799961.66
28348,28749007.56
28349,836488.1
28350,4089403.73
28351,1546347.33
28352,6974182.95
28353,2943184.48
28354,2737753.2199999997
28355,1702744.18
28356,2161524.95
28357,5291559.03
28358,9566643.36
28359,24696251.240000002
28360,1497072.46
28361,9770528.57
28362,3311208.3600000003
28363,5506534.64
28364,4210363.45
28365,1844820.25
28366,1258067.1700000002
28367,2060786.07
28368,995710.72
28369,2363803.2800000003
28370,2214438.47
28371,5521730.34
28372,1980527.3
28373,30199723.23
28374,1724169.29
28375,2133800.8
28376,2689819.85
28377,4667575.05
28378,3356394.8
28379,1564567.05
28380,10148342.26
28382,6305414.12
28383,1850421.92
28385,3894045.72
28386,3535534.4899999998
28387,8569507.82
28388,7989214.600000001
28389,1763454.54
28390,943471.16
28391,17704022.06
28392,673882.44
28393,10668511.33
28394,5672488.41
28395,2124169.57
28396,1693804.4400000002
28397,1057038.0
28398,7248728.9799999995
28400,1198726.2
28401,1702696.01
28402,614225.83
28403,4187126.1599999997
28404,87613213.84
28405,4569853.21
28406,2602258.88
28407,1821432.75
28408,466554.36
28409,1834629.96
28410,1196768.82
28411,820731.02
28412,2029379.7
28414,206943.24
28415,9308361.74
28416,450796.74
28417,6777862.4799999995
28418,1448615.36
28419,1144553.3
28421,940529.86
28422,15984207.49
28423,2070740.5
28424,10016466.49
28425,3457724.54
28426,1924568.32
29001,11938397.4
29002,11789056.75
29003,14155179.059999999
29004,33133106.4
29005,6635194.47
29006,60763245.67
29007,9025420.41
29008,9001282.88
29010,7732631.97
29011,13280846.8
29012,3282562.6799999997
29013,1980542.96
29014,5307326.62
29015,24632697.439999998
29016,11891634.28
29017,6574042.49
29018,9729889.99
29019,488476941.06
29020,52872707.05
29021,12732720.91
29022,21086010.21
29023,29957685.86
29024,70885156.63
29025,11632897.860000001
29026,41056276.2
29027,38077159.57
29028,9127350.27
29029,9542026.58
29030,25812130.700000003
29031,33268764.439999998
29032,8686033.3
29033,4999786.84
29034,7562070.17
29035,5727567.74
29036,8140348.909999999
29037,23909105.6
29038,9075368.08
29039,147721942.32999998
29040,34932760.37
29041,12880340.139999999
29042,64508825.05
29043,17453552.71
29044,12034508.78
29045,23064442.81
29046,141186033.31
29047,11182921.48
29048,17578751.28
29049,26008819.3
29051,65952294.39
29052,11883121.729999999
29053,12671718.68
29054,4907810.97
29055,17252400.28
29056,12595714.41
29057,24214123.52
29058,92820672.76
29059,6517880.25
29060,9544151.6
29061,29173069.23
29062,11335625.02
29063,4082649.11
29064,3748289.1799999997
29065,4655972.2700000005
29066,11948556.17
29067,18565968.96
29068,15307873.379999999
29069,31636324.970000003
29070,3066774.96
29071,9486540.72
29072,29892740.44
29073,9057011.36
29074,6320804.74
29075,58553087.410000004
29076,5129127.149999999
29077,15466484.01
29078,14063086.65
29079,7360000.97
29080,15063823.510000002
29081,12788757.23
29082,16669827.600000001
29083,6481592.18
29084,5205995.36
29085,10837951.55
29086,11422196.41
29087,3688280.67
29089,9028928.7
29090,3715419.59
29091,18694825.169999998
29093,9031583.22
29094,2870101.46
29095,8471646.19
29097,22649975.4
29098,13396576.06
29099,5659766.92
29100,2547406.11
29101,20071067.93
29102,9452756.18
29103,112855764.72
29104,5523170.46
29105,76872722.33
29106,10029746.09
29107,5758306.21
29108,8008390.64
29109,14763701.22
29110,4903192.15
29111,8137205.25
29112,6880657.04
29113,18181927.19
29114,3785469.08
29115,2967502.21
29116,1101881.26
29117,42304328.49
29119,10171372.65
29120,10421711.31
29122,6855666.47
29123,6835008.62
29124,53946085.94
29125,9174589.94
29126,1646979.46
29127,3089169.4
29128,3057912.33
29129,2939015.75
29130,31238048.59
29131,4148870.49
29132,5344138.56
29133,13155920.0
29134,9215120.65
29135,32975514.959999997
29136,7238852.78
29137,16757422.040000001
29139,9903603.01
29140,31672664.93
29141,6138831.41
29142,5203309.96
29143,5546894.17
29144,9285080.65
29145,7306778.06
29146,17703080.11
29147,18503788.61
29148,6664724.86
29149,24496086.14
29150,43347632.03
29151,120119043.32
29152,7334133.9
29153,21050033.67
29155,24177736.75
29156,12506161.85
29158,35034369.2
29159,5277687.94
29160,62952678.55
29161,12278432.92
29162,33345714.39
29163,21030219.759999998
29165,25214170.4
29166,4742111.2
29167,14247208.6
29168,11067855.76
29169,22655922.44
29170,35350509.76
29171,18028811.77
29172,17627580.7
29173,15322553.99
29174,40154294.02
29175,19289144.05
29176,13637455.96
29177,25759289.06
29178,55756295.93
29179,25470878.36
29180,8273966.16
29181,23092454.79
29182,10628573.45
29183,4144531.66
29184,20682258.560000002
29185,31978803.38
29186,12067627.57
29187,5928908.23
29188,38588779.86
29189,55612780.36
29190,34905691.17
29191,24297813.13
29192,9818619.09
29193,8804424.43
29195,46987703.900000006
29196,16196817.43
29197,34333225.83
29198,11705906.34
29199,30439017.630000003
29201,16212320.17
29202,10725101.1
29203,8111533.25
29204,11725017.32
29205,9257938.219999999
29206,17048247.1
29207,32246563.26
29208,11477227.13
29209,21310274.32
29210,20626011.31
29211,8583672.68
29212,48108441.839999996
29213,10662730.93
29214,6367169.199999999
29215,20791740.509999998
29216,27077589.19
29217,20195298.81
29218,12117160.99
29219,3659164.09
29220,52012853.4
29221,12437154.47
29222,3833827.36
29224,8239298.86
29225,15412462.88
29226,14805618.16
29227,15544615.639999999
29228,6592525.109999999
29229,7148121.24
29230,13853941.62
29232,576568211.3
29233,101481711.33
29234,15466862.58
29235,37303753.32
29236,26645380.69
29237,14569404.27
29238,6544673.77
29239,40958198.59
29240,7335965.72
29241,56893953.23
29243,4317223.09
29244,5669997.4
29245,11628457.97
29246,2282035.64
29247,27862377.83
29248,3890172.2199999997
29249,10204410.47
29250,6799196.84
29251,7866447.83
29252,7130185.92
29254,35948191.61
29255,3928054.52
29256,8003360.390000001
29257,14238691.94
29259,57579764.83
29260,52630660.95
29261,2415950.19
29262,6505494.76
29263,8491340.65
29264,6086016.5200000005
29265,6388396.58
29266,26874972.119999997
29267,7337910.23
29268,11695711.38
29269,9402489.74
29270,10915910.02
29271,6635490.55
29272,21442102.57
29273,16138575.01
29274,38383608.66
29275,11629465.19
29276,9755225.86
29277,19364380.81
29278,14599503.91
29279,17094682.3
29280,19101546.64
29281,8772872.06
29282,2997881.27
29284,18641027.86
29285,4481453.49
29286,4158482.94
29287,5848825.83
29288,2903437.4
29289,2214582.83
29290,3267005.75
29291,8585720.27
29292,3294743.15
29293,51050061.32
29294,5315700.34
29295,3217542.15
29296,6842554.239999999
29297,10675680.37
29298,3583034.1999999997
29299,3271360.83
29300,6251045.04
29301,2377953.44
29302,39216177.93
2A001,28197676.91
2A004,449496226.63
2A006,22942176.7
2A008,9567430.45
2A011,1349500.54
2A014,1024289.1
2A017,6802953.35
2A018,1774660.9
2A019,1433545.6199999999
2A021,1801296.91
2A022,1429632.52
2A024,6754143.0
2A026,2628681.19
2A027,1034336.98
2A028,4177838.09
2A031,11648912.32
2A032,17390820.93
2A035,4556134.34
2A038,1307475.29
2A040,8962269.52
2A041,52907506.1
2A048,6126099.68
2A056,1318334.16
2A060,948632.3099999999
2A061,3508775.3899999997
2A062,1945375.83
2A064,589736.4299999999
2A065,15062032.120000001
2A066,2082520.95
2A070,5082913.01
2A071,6406926.02
2A085,5604214.88
2A089,3095227.6399999997
2A090,22772315.740000002
2A091,2079265.34
2A092,11742019.85
2A094,5658182.31
2A098,9822762.65
2A099,7610749.42
2A100,3017081.87
2A103,11439943.879999999
2A104,5551684.19
2A108,4599875.42
2A114,11741917.290000001
2A115,1595134.29
2A117,2010574.76
2A118,3067627.43
2A119,2369608.18
2A127,2219503.37
2A128,1129347.58
2A129,984444.39
2A130,36440534.44
2A131,5998661.24
2A132,2307753.41
2A133,2167003.96
2A139,28459399.65
2A141,5801058.92
2A142,12020899.860000001
2A144,1662681.57
2A146,2119499.2600000002
2A154,1881542.08
2A158,1431634.36
2A160,3517545.67
2A163,4656373.01
2A174,2011903.68
2A181,14815486.54
2A186,5068826.16
2A189,22111091.13
2A191,1065374.31
2A196,1926599.1199999999
2A197,5208320.0200000005
2A198,16414179.450000001
2A200,6447401.35
2A203,2102214.5100000002
2A204,2761496.78
2A209,6995991.06
2A211,6448728.2
2A212,11984590.3
2A215,8662499.93
2A228,16532334.63
2A232,2932727.86
2A240,2216594.14
2A247,130374224.66
2A249,49390795.06
2A253,3995082.02
2A254,7427693.319999999
2A258,5518269.18
2A259,1908888.1800000002
2A262,1356283.7499999998
2A266,1349955.43
2A268,2842994.19
2A269,16505189.65
2A270,3480219.7199999997
2A271,15335361.3
2A272,39888048.93
2A276,15345486.32
2A278,4394827.58
2A279,2621457.5300000003
2A282,6362556.85
2A284,5727588.34
2A285,2912489.13
2A288,11623913.02
2A295,1521813.81
2A300,8081717.12
2A308,9286759.89
2A310,1170383.01
2A312,4671222.54
2A322,2517288.33
2A323,1208517.13
2A324,4337571.92
2A326,6790254.92
2A330,3089292.37
2A331,2031812.5
2A336,2254507.15
2A345,3622069.13
2A348,11507779.55
2A349,3268423.02
2A351,2771466.99
2A357,1996383.04
2A358,2829419.23
2A359,2607096.77
2A360,1795471.8900000001
2A362,50353752.74
2A363,2056455.56
2B002,1630808.27
2B003,2837969.0700000003
2B005,1702258.94
2B007,4414027.28
2B009,17078850.68
2B010,3037531.35
2B012,2400192.1399999997
2B013,1219202.6
2B015,691316.8400000001
2B016,7285219.83
2B020,5704204.640000001
2B023,14228639.24
2B025,4470956.76
2B029,3530252.78
2B030,4889877.85
2B033,376785536.22999996
2B034,14910167.28
2B036,2234399.7
2B037,39228774.51
2B039,3796521.73
2B042,66642396.81
2B043,13660550.950000001
2B045,2202046.3000000003
2B046,2260033.56
2B047,6937021.75
2B049,24250077.47
2B050,52997252.400000006
2B051,3323359.28
2B052,1225170.84
2B053,708383.5
2B054,2442309.66
2B055,2209196.7800000003
2B057,2151505.04
2B058,6683778.71
2B059,4888887.149999999
2B063,2302675.68
2B067,2121446.86
2B068,1887538.6300000001
2B069,5825563.100000001
2B072,836891.78
2B073,3889116.6599999997
2B074,3992963.91
2B075,1232206.0
2B077,7012419.44
2B078,1691151.44
2B079,8011117.83
2B080,4962162.29
2B081,1465534.12
2B082,1548922.59
2B083,2715897.53
2B084,3962626.28
2B086,5965624.01
2B087,13124939.02
2B088,3562175.66
2B093,13943132.34
2B095,5183805.6899999995
2B096,55217065.7
2B097,1955731.92
2B101,1866823.99
2B102,1808719.22
2B105,1548701.99
2B106,673598.98
2B107,3192027.64
2B109,2448984.72
2B110,1299817.01
2B111,2849815.88
2B112,3340119.7
2B113,2051556.09
2B116,1737606.34
2B120,24404885.5
2B121,6175793.63
2B122,1182420.81
2B123,37689273.68
2B124,40863715.96
2B125,1698164.33
2B126,4937848.12
2B134,31445904.21
2B135,9428520.16
2B136,4042089.77
2B137,1461951.18
2B138,3047628.03
2B140,3977375.4600000004
2B143,7741379.73
2B145,3426536.17
2B147,2930745.5
2B148,45213390.88
2B149,5921037.73
2B150,14201504.54
2B152,8156047.25
2B153,3616574.9699999997
2B155,1164407.21
2B156,1187576.73
2B157,1254662.56
2B159,2903557.25
2B161,1749363.94
2B162,7321616.1
2B164,1186459.56
2B165,3688519.94
2B166,3660265.69
2B167,3028981.2
2B168,17244301.98
2B169,8568972.72
2B170,2311608.25
2B171,5540516.75
2B172,4520998.0200000005
2B173,4669320.21
2B175,2005379.39
2B176,1696365.5999999999
2B177,3063646.45
2B178,2632407.48
2B179,1221986.02
2B180,3533588.66
2B182,2526954.84
2B183,1972318.9
2B184,1455155.43
2B185,9887384.63
2B187,2411977.32
2B188,5460025.2
2B190,7847672.84
2B192,2759599.07
2B193,4535462.72
2B194,3229711.65
2B195,2088250.1300000001
2B199,5311921.12
2B201,1241412.39
2B202,1522124.89
2B205,7881732.52
2B206,1487965.23
2B207,23993060.53
2B208,2675236.9299999997
2B210,1457240.33
2B213,3380675.1
2B214,745874.09
2B216,1195579.1600000001
2B217,1667787.98
2B218,2165959.13
2B219,4585077.279999999
2B220,1369097.41
2B221,1162012.79
2B222,1714050.92
2B223,6553117.11
2B224,5286610.28
2B225,2636326.45
2B226,1748126.16
2B227,2451185.07
2B229,2893717.9299999997
2B230,1846564.94
2B231,2826599.0700000003
2B233,1720562.52
2B234,1485994.01
2B235,3166043.58
2B236,7486398.5200000005
2B238,3117061.12
2B239,3563501.15
2B241,1218109.79
2B242,3668428.82
2B243,1166292.34
2B244,1961973.37
2B245,1314620.95
2B246,4624908.34
2B248,1563534.18
2B250,2037146.02
2B251,21081266.67
2B252,2163960.44
2B255,2019981.97
2B256,1907660.36
2B257,2005259.49
2B260,3616719.54
2B261,5097092.51
2B263,3791224.18
2B264,1256090.73
2B265,2719310.74
2B267,1684934.55
2B273,819697.9600000001
2B274,1469976.71
2B275,1301460.1600000001
2B277,3225203.11
2B280,1954045.8399999999
2B281,8987836.73
2B283,7005081.87
2B286,5048900.99
2B287,2468353.04
2B289,4412759.0200000005
2B290,5895076.55
2B291,875059.1900000001
2B292,4125367.54
2B293,6228576.5
2B296,2947223.29
2B297,1352145.8199999998
2B298,18761129.55
2B299,1393769.62
2B301,1866179.25
2B302,2837568.29
2B303,5358722.29
2B304,3775414.92
2B305,14258321.31
2B306,2863967.91
2B307,7257199.600000001
2B309,15912756.120000001
2B311,7278686.0
2B313,12606622.25
2B314,3084376.91
2B315,2511354.37
2B316,7158556.49
2B317,2253052.29
2B318,5860085.07
2B319,3020339.9299999997
2B320,7194921.78
2B321,1619451.69
2B327,2301645.85
2B328,2361459.7600000002
2B329,1267916.96
2B332,3422421.7800000003
2B333,2330170.4
2B334,3535091.14
2B335,4054034.75
2B337,4082153.21
2B338,3016624.0
2B339,2090437.3499999999
2B340,1399003.07
2B341,7245886.98
2B342,22416987.04
2B343,7068618.66
2B344,1724166.87
2B346,17344960.96
2B347,7598495.22
2B350,3066924.63
2B352,3198878.56
2B353,28236069.43
2B354,5827934.1899999995
2B355,3299704.58
2B356,1746508.95
2B361,7333299.21
2B364,2159098.32
2B365,4290394.68
2B366,3396016.09
30001,3031783.9499999997
30002,3625895.23
30003,47209556.41
30004,24027435.86
30005,2087740.21
30006,29112817.599999998
30007,231897078.14
30008,14802683.36
30009,5738129.6
30010,24353161.07
30011,47206224.25
30012,53026582.519999996
30013,3129253.41
30014,8029966.59
30015,1669496.23
30016,1745620.99
30017,3601858.27
30018,6437400.85
30019,14766310.95
30020,10041528.01
30021,2452837.79
30022,1585335.69
30023,5606775.42
30024,4305683.600000001
30025,2421275.45
30026,5153214.21
30027,11499926.94
30028,132394525.85000001
30029,23721037.17
30030,2140720.39
30031,2928573.78
30032,129971125.23
30033,16376717.66
30034,46905705.3
30035,3376807.7199999997
30036,16076036.37
30037,44214652.85
30038,2705812.7199999997
30039,10940308.08
30040,2331605.28
30041,7830328.75
30042,12424225.51
30043,2780967.2600000002
30044,1930582.1300000001
30045,1947182.15
30046,4399148.44
30047,41156694.68
30048,2278869.37
30049,3386519.77
30050,768859.11
30051,6162304.57
30052,3800101.84
30053,5629498.26
30054,1374511.1400000001
30055,4295390.850000001
30056,2427600.72
30057,12315245.88
30058,1570017.8800000001
30059,7935473.45
30060,21212336.7
30061,12832068.48
30062,25002771.419999998
30064,2202523.22
30065,4206379.0600000005
30066,2279187.33
30067,2866270.37
30068,2963651.7
30069,2595320.75
30070,2703973.81
30071,1941581.8800000001
30072,3166498.28
30073,8758426.48
30074,1419205.6300000001
30075,28249841.35
30076,5288325.89
30077,10803960.540000001
30079,3891518.0100000002
30080,3952207.96
30081,24493713.5
30082,26206803.53
30083,11573507.89
30084,24086831.54
30085,10398131.16
30086,2548068.48
30087,1372737.94
30088,6766312.54
30089,18791639.080000002
30090,3867581.97
30091,7331162.54
30092,13047051.6
30093,885070.9199999999
30094,1469969.0
30095,3397367.81
30096,5863488.2299999995
30097,2361988.56
30098,1916448.49
30099,2423017.32
30100,8186625.66
30101,4217929.24
30102,6536634.43
30103,11202289.7
30104,4099755.94
30105,6239295.03
30106,4489501.58
30107,6516817.55
30108,1896652.8
30109,2571621.46
30110,2593845.13
30111,3886439.08
30112,5363263.8
30113,2654144.85
30114,5391832.75
30115,2890678.05
30116,7932128.97
30117,24584643.93
30119,1266302.35
30120,4098113.38
30121,1425449.08
30122,4271822.17
30123,27396307.27
30124,2496880.5
30125,22089063.59
30126,3997547.7699999996
30127,6844372.72
30128,21774975.47
30129,3860711.43
30130,10487551.85
30131,9334151.08
30132,37188865.48
30133,139246804.63
30134,2668595.75
30135,27177892.72
30136,5470546.6899999995
30137,1930592.69
30138,13488022.7
30139,10014395.8
30140,13187977.06
30141,62296407.24
30142,4220475.95
30143,1248043.6300000001
30144,1864842.5399999998
30145,8296849.91
30146,8065388.63
30147,5098816.279999999
30148,1335213.57
30149,4169196.7600000002
30150,1822002.1400000001
30151,5477718.069999999
30152,8100419.5200000005
30153,2934046.25
30154,2669844.5300000003
30155,32987057.51
30156,60966251.14
30157,1810844.26
30158,2035193.64
30159,5581745.77
30160,1198364.36
30161,1316425.2
30162,3364236.38
30163,1796963.3
30164,9164639.08
30165,5521313.55
30166,11640738.209999999
30167,8881349.69
30168,6860694.98
30169,26568616.51
30170,3540584.17
30171,10004230.32
30172,7606627.16
30173,9242031.86
30174,11621551.66
30175,3374682.11
30176,4828218.0600000005
30177,2910730.5300000003
30178,7773953.64
30179,25932164.7
30180,2728009.31
30181,2832516.4
30182,8097245.34
30183,3394495.52
30184,10201217.33
30185,5549193.87
30186,8124201.63
30187,3306746.59
30188,5921183.0
30189,1186910368.96
30190,5320201.36
30191,8050334.97
30192,2463136.06
30193,4660735.69
30194,5130874.38
30195,1782761.85
30196,2900512.5
30197,986133.04
30198,9442317.81
30199,1430856.84
30200,5166181.0
30201,4352666.25
30202,50388791.21
30203,3609381.34
30204,3248053.06
30205,1241405.19
30206,26834800.62
30207,3374685.91
30208,358204.15
30209,28343895.51
30210,16082101.65
30211,18320319.68
30212,29138327.14
30213,1906828.45
30214,6047409.16
30215,2487669.9
30216,4889605.720000001
30217,44315384.6
30218,2034363.64
30219,3865092.1
30220,1005752.2
30221,28057293.96
30222,1986854.02
30223,15051416.42
30224,6364994.43
30225,9344905.709999999
30226,5602128.49
30227,16468291.54
30228,18520487.720000003
30229,6767813.06
30230,3752087.41
30231,8255473.149999999
30232,2533823.65
30233,4062583.5700000003
30234,2599630.4499999997
30235,4115910.76
30236,700900.5
30237,4012123.82
30238,1628133.2
30239,5253728.54
30240,2956190.0
30241,17999702.62
30242,1140380.28
30243,35124115.03
30244,1595249.8
30245,4111894.46
30246,1114810.0
30247,2141833.57
30248,1657827.42
30249,6226539.81
30250,2261660.68
30251,4323732.82
30252,1082127.83
30253,9152155.969999999
30254,10907162.49
30255,16063627.530000001
30256,5809276.9399999995
30257,10103864.29
30258,73019007.08
30259,20629584.96
30260,4885005.04
30261,1821679.32
30262,2415615.7399999998
30263,24844771.55
30264,2109353.63
30265,1325637.89
30266,8267796.16
30267,3734505.14
30268,4892312.25
30269,21971393.19
30270,10297050.89
30271,3760308.8
30272,748824.5
30273,7628053.88
30274,13720588.600000001
30275,2938210.31
30276,12557681.56
30277,2679350.47
30278,18353372.32
30279,5315716.9
30280,2511300.07
30281,7192821.92
30282,4338990.48
30283,3125754.2800000003
30284,21950703.79
30285,5575203.19
30286,4544624.25
30287,3429995.4
30288,5797269.39
30289,1423422.84
30290,9988663.92
30291,3261580.1
30292,3577202.39
30293,5299710.29
30294,26955355.57
30295,31345538.04
30296,2155411.71
30297,5312247.11
30298,4422624.97
30299,8864197.68
30300,2624294.17
30301,1965132.72
30302,15573867.25
30303,3698383.11
30304,1259812.17
30305,25787159.150000002
30306,3050690.31
30307,16880511.1
30308,4886941.16
30309,956887.4
30310,4895893.61
30311,16181008.41
30312,16510275.17
30313,5092831.649999999
30314,1470392.29
30315,15496497.04
30316,2485677.23
30317,11613950.93
30318,1496267.4
30319,3931635.0300000003
30320,1343480.44
30321,35504603.9
30322,4069409.88
30323,1943046.66
30324,4034737.67
30325,10202944.31
30326,18381150.98
30327,1298839.63
30328,8951286.32
30329,4852326.06
30330,2734701.12
30331,14298525.34
30332,4105383.2
30333,17064125.439999998
30334,97125493.73
30335,966817.9
30336,17391427.47
30337,3812497.3200000003
30338,1322028.08
30339,24495315.08
30340,3132076.27
30341,92737253.22
30342,9237736.0
30343,3109098.66
30344,55553955.410000004
30345,2302501.02
30346,10582325.17
30347,7468746.59
30348,17874788.01
30349,2815867.72
30350,31453787.2
30351,67775426.22
30352,9038895.8
30353,3276370.69
30354,1597902.57
30355,7731381.41
30356,17501607.31
31001,1099560.3699999999
31002,2043240.71
31003,5169556.38
31004,14224927.09
31005,1630391.3900000001
31006,740555.5
31007,792240.4199999999
31008,2152086.61
31009,1600344.1400000001
31010,2147029.66
31011,3177337.54
31012,686594.87
31013,1407679.6099999999
31014,904246.89
31015,346507.41
31017,1488474.3699999999
31018,1642204.42
31019,1031435.4
31020,10886167.200000001
31021,1091603.25
31022,49290943.910000004
31023,1752991.56
31024,3065284.1
31025,2832844.57
31026,6046289.38
31027,2389727.53
31028,7599432.09
31029,1911442.33
31030,1029592.3
31031,2738806.04
31032,29204036.84
31033,56900220.25
31034,2082824.24
31035,25439794.38
31036,10404899.63
31037,17295303.32
31038,3284285.58
31039,835175.59
31040,658158.9600000001
31041,518478.81
31042,52295276.29
31043,1951162.47
31044,107576026.47
31045,3920726.19
31046,336290.23
31047,685834.32
31048,19067489.7
31049,3437903.49
31050,2572969.34
31051,2038009.49
31052,6539108.23
31053,4628368.09
31054,958851.8999999999
31055,1001418.7899999999
31056,26921495.99
31057,8237156.68
31058,552022.13
31059,1273896.99
31060,1101993.48
31061,1189425.63
31062,471368.88000000006
31063,922212.6799999999
31064,446263.43
31065,17212594.24
31066,45011838.64
31067,700737.83
31068,476776.91000000003
31069,332976943.28
31070,4263452.19
31071,1441921.99
31072,772328.17
31073,2590639.47
31074,3121800.42
31075,4944016.13
31076,2624184.15
31077,2308725.2
31078,2606427.98
31079,23800893.91
31080,15784801.83
31081,1264180.51
31082,5712082.3
31083,1583633.7
31084,31105488.91
31085,7978842.16
31086,898166.16
31087,2963096.55
31088,18094007.09
31089,2082076.21
31090,2983137.42
31091,54878105.28
31092,1026364.92
31093,4787805.16
31094,13800100.860000001
31095,828720.48
31096,1243448.27
31097,2951757.68
31098,9561261.57
31099,2342756.68
31100,13176632.84
31101,2151211.39
31102,2104342.12
31103,608516.3
31104,3867947.28
31105,1046481.6
31106,18170749.71
31107,42677319.87
31108,1864850.77
31109,3092378.71
31110,3653638.9099999997
31111,975905.21
31112,967928.87
31113,83094737.71000001
31114,1626824.74
31115,685061.3200000001
31116,49634847.5
31117,15251689.479999999
31118,39062587.46
31119,1226426.81
31120,3778850.8000000003
31121,523671.05
31122,1217434.89
31123,4047593.05
31124,2943959.48
31125,628454.19
31126,2137437.51
31127,306552.87
31128,4368035.8
31129,546163.89
31130,3791983.05
31131,1080652.7
31132,1602590.17
31133,2477449.22
31134,719796.81
31135,37620031.07
31136,6286826.64
31137,907377.9
31138,1900122.81
31139,1200702.03
31140,2289004.98
31141,2709032.32
31142,2261925.49
31143,1554074.96
31144,9654807.52
31145,22489114.57
31146,1574657.41
31147,3983703.1300000004
31148,3309402.48
31149,361559251.74
31150,43762311.51
31151,5176827.76
31152,838110.11
31153,1280479.57
31155,1796962.59
31156,1177570.1300000001
31157,97794830.89
31158,1871994.13
31159,2776765.7
31160,11360896.4
31161,4180136.79
31162,7687350.03
31163,15764101.24
31164,1094826.16
31165,25808463.169999998
31166,3374775.11
31167,3246029.97
31168,1195546.29
31169,30136539.810000002
31170,2168044.17
31171,1442194.8
31172,832444.78
31173,1867571.43
31174,3500215.44
31175,3573912.79
31176,1536805.6400000001
31177,1198567.1600000001
31178,3358662.98
31179,2827164.5
31180,771685.25
31181,9853102.31
31182,53916249.7
31183,1873208.6
31184,10957921.879999999
31185,715353.47
31186,13509388.079999998
31187,57582138.21
31188,36768926.79
31189,1486506.04
31190,3073213.91
31191,1483359.92
31192,6213787.1
31193,10787046.73
31194,674693.0
31195,488613.4
31196,1995115.3
31197,1814758.01
31198,721744.63
31199,1266005.14
31200,673827.37
31201,740442.55
31202,35230830.98
31203,40455219.79
31204,540945.31
31205,13802654.66
31206,5793910.140000001
31207,676626.1799999999
31208,2031723.16
31209,1731736.72
31210,8857405.48
31211,2535760.04
31212,5572001.28
31213,1956516.73
31215,2601957.4699999997
31216,1847386.95
31217,1094015.03
31218,1246905.54
31219,2447288.58
31220,3917023.14
31221,4702263.71
31222,1662188.8800000001
31223,541087.43
31224,8086846.04
31225,1254632.2
31226,492347.51
31227,4524932.22
31228,8834032.69
31229,3523860.9099999997
31230,21153474.0
31231,3049107.1
31232,60153847.21
31233,5026060.32
31234,2186625.74
31235,950364.81
31236,1328654.67
31237,2081003.6400000001
31238,2253595.2
31239,21042117.95
31240,3336765.92
31241,2482149.45
31242,921692.5900000001
31243,786112.13
31244,2969001.85
31245,2524006.12
31246,4254613.64
31247,6613169.26
31248,26265694.23
31249,5356965.84
31250,3685922.46
31251,2231706.59
31252,7189412.42
31253,11829892.409999998
31254,41126383.37
31255,1817424.66
31256,1534606.35
31258,1017575.41
31259,13531977.24
31260,733664.65
31261,6427837.39
31262,1953570.96
31263,13288153.59
31264,1723704.37
31265,1291637.67
31266,1305641.81
31267,375873.48
31268,1622145.0299999998
31269,7428981.64
31270,4607293.13
31271,17139208.35
31272,274152.18
31273,12009921.48
31274,1589097.55
31275,1802923.8699999999
31276,3953029.46
31277,4661663.98
31278,2927019.64
31279,404362.02
31280,1697834.26
31281,6087847.17
31282,40563704.28
31283,1714022.33
31284,5518475.62
31285,3114621.1799999997
31286,2997265.05
31287,14498668.17
31288,1555910.3399999999
31289,2784694.27
31290,822177.05
31291,48040667.35
31292,430590.11000000004
31293,27517681.75
31294,409752.94
31295,822028.9400000001
31296,5587830.79
31297,12620063.11
31298,761397.61
31299,16400640.98
31300,1123054.32
31301,1227002.28
31302,1940353.75
31303,12668781.95
31304,1803506.81
31305,1250620.05
31306,616257.58
31307,1106922.1800000002
31308,781684.4600000001
31309,1372294.78
31310,2906510.56
31311,7184615.8
31312,602676.18
31313,840842.0800000001
31314,1948380.55
31315,4550486.4399999995
31316,6415997.54
31317,1462588.14
31318,1367801.8800000001
31319,1277248.64
31320,5426994.71
31321,756510.4099999999
31322,705912.46
31323,2288474.66
31324,29316750.13
31325,1001069.61
31326,454912.49000000005
31327,1480834.87
31328,1296945.99
31329,1142729.03
31330,1382411.35
31331,1266805.84
31332,1883676.23
31333,633912.4400000001
31334,8729618.690000001
31335,757218.93
31336,6541157.7700000005
31337,3403268.76
31338,2494741.6799999997
31339,2477214.98
31340,962835.3600000001
31341,21691887.82
31342,2065540.2600000002
31343,1197400.24
31344,6516136.44
31345,10119449.040000001
31346,2621745.58
31347,1137919.14
31348,789844.05
31349,7047440.74
31350,1194465.76
31351,22663070.740000002
31352,2888478.41
31353,615073.17
31354,358538.06
31355,6916170.57
31356,6880331.9399999995
31357,3019710.98
31358,24208134.73
31359,843915.53
31360,5222701.75
31361,2577426.44
31362,1605205.63
31363,2193647.02
31364,13022081.87
31365,2854630.6399999997
31366,4276879.92
31367,1352505.39
31368,1307945.01
31369,266576.98
31370,589507.03
31371,2631752.15
31372,2578457.32
31373,1227825.3
31374,4758606.04
31375,21170673.32
31376,859923.48
31377,4248863.25
31378,313881.36
31379,691163.0
31380,2834666.87
31381,15322318.64
31382,718627.8200000001
31383,8226024.859999999
31384,5754668.72
31385,1411599.52
31386,692114.36
31387,1063554.5399999998
31388,1947195.56
31389,20362642.31
31390,15125668.62
31391,2094002.65
31392,498950.62000000005
31393,1478606.17
31394,1130637.84
31395,139121262.6
31396,19205975.34
31397,673974.3200000001
31398,1690745.16
31399,10825402.44
31400,698052.47
31401,2011085.33
31402,6219892.0600000005
31403,4449472.22
31404,5690841.890000001
31405,1013159.8099999999
31406,11174590.6
31407,7279929.88
31408,842601.66
31409,11542485.3
31410,22323200.25
31411,5575118.5
31412,3679144.83
31413,1933675.96
31414,891738.27
31415,755122.89
31416,4182576.15
31417,46490951.41
31418,5325240.2
31419,1185569.65
31420,16616813.42
31421,22350400.62
31422,3889698.73
31423,1122942.57
31424,114696316.09
31425,2156645.81
31426,3972012.85
31427,3670826.7300000004
31428,589377.11
31429,11995031.59
31430,3913705.38
31431,1349669.92
31432,854187.67
31433,72449277.97999999
31434,1127935.41
31435,5015933.83
31436,2216853.91
31437,927986.91
31438,741323.22
31439,6341444.909999999
31440,627680.4400000001
31441,796139.44
31442,1485293.2
31443,2457276.62
31444,480986.92
31445,32108143.92
31446,78407678.55
31447,1460526.6500000001
31448,2306633.69
31449,534428.23
31450,2374003.64
31451,74315622.66
31452,437949.14
31453,1044296.5
31454,16027583.26
31455,24965575.95
31456,437244.56
31457,5446277.4
31458,28980212.89
31459,3109627.84
31460,18494063.96
31461,1968296.81
31462,8824168.93
31463,1789386.28
31464,2230569.24
31465,576379.36
31466,3376032.41
31467,32428734.06
31468,2944569.26
31469,981266.4
31470,3367674.14
31471,6823810.94
31472,3400928.31
31473,2126602.88
31474,1997390.58
31475,9879047.620000001
31476,4399922.99
31477,601227.97
31478,13450827.95
31479,695674.25
31480,9041925.91
31481,11228035.5
31482,2144358.33
31483,97287341.49
31484,8927361.4
31485,349471.61
31486,2594624.98
31487,1076647.53
31488,52683116.75
31489,1463876.53
31490,33950627.55
31491,2206551.28
31492,4163982.53
31493,1166158.26
31494,1150005.96
31495,5016197.94
31496,1227581.76
31497,7718297.97
31498,725499.09
31499,38181041.43
31500,7653674.24
31501,2925728.2399999998
31502,3398825.56
31503,6170989.83
31504,3312253.63
31505,2304494.2800000003
31506,70993128.17
31507,6562587.42
31508,722659.99
31509,1017114.75
31510,922841.1799999999
31511,1293954.6
31512,4018298.58
31513,2380969.72
31514,331225.39
31515,2043144.71
31516,12779016.27
31517,12894310.07
31518,3203534.68
31519,795369.7999999999
31520,821054.5
31521,3568664.5
31522,523533.94999999995
31523,16978645.44
31524,1560374.83
31525,1881509.18
31526,36556555.55
31527,637098.26
31528,1748829.99
31529,918640.8500000001
31530,1212818.9
31531,800307.3
31532,1060614.42
31533,9116548.040000001
31534,1073131.75
31535,4116756.39
31536,1215223.4
31537,891380.47
31538,1179635.44
31539,688151.0
31540,854221.57
31541,20363708.83
31542,1040535.66
31543,1388269.83
31544,3825276.38
31545,2054391.6999999997
31546,522472.78
31547,25546190.55
31548,719431.53
31549,422607.61
31550,3464060.5
31551,1152122.64
31552,1311192.78
31553,5094936.47
31554,2042677.05
31555,4089847133.7599998
31556,2108079.9
31557,136454527.56
31558,1215112.57
31559,264623.12
31560,2469744.26
31561,67945760.89
31562,1810616.54
31563,7622127.45
31564,1774167.32
31565,10522860.59
31566,2236371.19
31567,1470350.64
31568,1226408.92
31569,1804852.65
31570,1914821.22
31571,1167790.28
31572,15699740.42
31573,23784631.3
31574,8998677.3
31575,4796198.11
31576,1404942.25
31577,1104453.65
31578,6021792.24
31579,2977543.96
31580,2363812.2399999998
31581,8149094.7299999995
31582,45117123.58
31583,3206102.38
31584,51655225.09
31585,13607754.28
31586,3786006.6100000003
31587,8394181.14
31588,45474507.17
31589,7293740.1899999995
31590,795620.9400000001
31591,1163532.31
31592,11406070.25
31593,707065.94
32001,10075581.26
32002,585187.6
32003,793769.27
32004,698395.1
32005,1210091.15
32007,1178873.48
32008,885751.75
32009,580003.36
32010,671889.64
32012,4903110.41
32013,237688072.92
32014,680244.5800000001
32015,716569.23
32016,4050688.29
32017,996451.09
32018,1769828.99
32019,1905371.34
32020,2039256.7599999998
32021,582637.66
32022,1481516.51
32023,2008005.3
32024,688374.76
32025,1297432.53
32026,900992.17
32027,8869858.7
32028,1129166.46
32029,6229925.59
32030,1836215.71
32031,991843.63
32032,2761089.75
32033,690098.9400000001
32034,584775.85
32035,2756669.56
32036,8132371.69
32037,1224955.86
32038,1450192.71
32039,417502.09
32040,1294627.3399999999
32041,1047721.5
32042,2050287.1300000001
32043,1332946.56
32044,2299065.4
32045,2816203.04
32046,1094292.69
32047,744657.25
32048,828870.5399999999
32049,631906.74
32050,932282.3099999999
32051,1958868.85
32052,1891526.6900000002
32053,1114193.49
32054,3599584.91
32055,1228768.44
32056,1435172.75
32057,1618182.05
32058,560314.55
32059,1960169.5
32060,997099.93
32061,870991.88
32062,1160846.33
32063,1114725.02
32064,2217316.73
32065,1868751.9700000002
32066,2492986.77
32067,765422.9
32068,1171741.69
32069,1165402.39
32070,2667782.5
32071,1088275.02
32072,387368.94
32073,772613.2200000001
32074,642465.93
32075,919325.4400000001
32076,6346146.6899999995
32077,1442095.3
32078,2620986.7
32079,10654557.26
32080,1163731.0899999999
32081,1078148.21
32082,2764275.9800000004
32083,10209573.139999999
32084,800996.38
32085,1107505.82
32086,771041.4400000001
32087,872184.14
32088,2717357.96
32089,1554962.05
32090,2264237.39
32091,2617331.65
32092,587522.65
32093,720563.45
32094,2530311.2399999998
32095,3797354.27
32096,26012005.91
32097,904400.3300000001
32098,2088840.78
32099,730502.0900000001
32100,525418.79
32101,1534266.4
32102,2312250.02
32103,1107710.88
32104,1477291.65
32105,2204880.87
32106,6065407.46
32107,58722240.46
32108,1074403.1700000002
32109,1412360.23
32110,3046438.78
32111,340427.9
32112,1645382.27
32113,542384.1
32114,973318.23
32115,2068800.75
32116,1119403.6900000002
32117,3764485.2
32118,2710314.0
32119,47332413.85
32120,1795287.04
32121,4327193.43
32122,1236125.7
32123,2948482.32
32124,1806927.7
32125,403855.98000000004
32126,1482144.2
32127,4433135.26
32128,1539180.9300000002
32129,1644125.89
32130,1791132.32
32131,2140302.45
32132,37067831.91
32133,3316349.22
32134,2772918.54
32135,988891.08
32136,977839.68
32138,1446123.0
32139,781809.36
32140,512411.53
32141,1076908.01
32142,1020347.55
32143,2672823.24
32144,876644.24
32145,434563.21
32146,3272584.78
32147,33580214.56
32148,802521.26
32149,12203344.6
32150,1707140.84
32151,277518.57
32152,2300226.07
32153,1122559.09
32154,1069340.3499999999
32155,8723161.08
32156,1443712.31
32157,1361891.23
32158,2919011.11
32159,5501663.76
32160,64931963.41
32161,869455.11
32162,11447896.88
32163,1549297.16
32164,1000756.65
32165,1365025.12
32166,1376090.39
32167,1035670.48
32168,1860962.6300000001
32169,923064.21
32170,839365.1599999999
32171,2183005.96
32172,2340574.71
32173,1410833.67
32174,1857938.54
32175,1674120.84
32176,986520.72
32177,1338379.94
32178,842767.6599999999
32180,3063299.6799999997
32181,2048995.24
32182,1781705.8800000001
32183,1079670.33
32184,802688.84
32185,2090970.14
32186,884262.89
32187,1302888.35
32188,847915.39
32189,1486135.21
32190,3793163.06
32191,633127.91
32192,1740391.14
32193,1118965.31
32194,1888594.5199999998
32195,655293.41
32196,2717739.69
32197,1393596.4
32198,1699613.0
32199,1108802.73
32200,1751114.6600000001
32201,1389711.92
32202,4213446.81
32203,1965631.1400000001
32204,3860022.78
32205,1150599.8599999999
32206,2279942.75
32207,968972.49
32208,34623599.47
32209,1508459.92
32210,3048751.38
32211,916364.36
32212,1581220.52
32213,14508661.120000001
32214,804950.06
32215,2076481.86
32216,1298750.08
32217,903642.36
32218,373299.27999999997
32219,4925686.350000001
32220,696469.52
32221,2509528.08
32222,1425513.05
32223,318683.13
32224,1787421.68
32225,1054285.9
32226,749920.14
32227,4751608.37
32228,738923.03
32229,616293.1499999999
32230,631415.22
32231,1743351.91
32232,673116.01
32233,17605772.38
32234,1419597.49
32235,1451021.69
32236,489219.48
32237,3273364.34
32238,980131.87
32239,2817792.96
32240,743779.9500000001
32241,1156599.8
32242,17357763.55
32243,1992479.96
32244,957199.04
32245,903689.98
32246,2577034.64
32247,2120225.81
32248,1473262.37
32249,15379041.1
32250,609833.76
32251,785246.09
32252,11227090.18
32253,6457649.41
32254,2439471.79
32255,1184643.71
32256,26854530.290000003
32257,745279.28
32258,1163178.5
32260,628398.74
32261,2498355.43
32262,1305933.4
32263,1520228.18
32264,864720.07
32265,1092425.41
32266,873432.35
32267,969209.4
32268,5032588.9
32269,3251478.44
32270,773038.84
32271,2038628.94
32272,1031883.7999999999
32273,1650481.15
32274,3696580.1300000004
32275,423210.13
32276,892114.96
32277,1290597.24
32278,840283.03
32279,5722697.85
32280,946374.41
32281,1098069.49
32282,2072683.5
32283,1913791.67
32284,561943.33
32285,4182187.92
32286,4498321.93
32287,774992.6599999999
32288,1087393.1500000001
32289,1452955.7200000002
32290,10678944.11
32291,614700.02
32292,2228458.73
32293,1167410.56
32294,512115.94
32295,582851.29
32296,18214101.86
32297,2651580.1799999997
32298,2586340.13
32299,831474.82
32300,1094850.29
32301,6133041.29
32302,2480185.09
32303,792377.18
32304,2190072.39
32305,2782046.58
32306,4137312.55
32307,14359395.94
32308,429326.39
32309,1550721.86
32310,1389902.96
32311,2504710.9499999997
32312,4138692.5
32313,2488368.63
32314,977967.9800000001
32315,1667905.6300000001
32316,871564.79
32317,799638.35
32318,864832.05
32319,16573577.14
32320,1373587.83
32321,2773583.75
32322,1115928.85
32323,1391180.81
32324,712835.35
32325,1014394.51
32326,1198907.55
32327,716515.5
32328,870202.36
32329,1526222.35
32330,1657986.91
32331,7755486.65
32332,526566.5700000001
32333,1379740.86
32334,7776179.18
32335,4736802.8
32336,1335266.52
32337,763483.62
32338,1031264.98
32339,1386638.72
32340,1042679.62
32341,1519325.5899999999
32342,946633.06
32343,1770413.97
32344,10313026.99
32345,5245405.28
32346,1516207.35
32347,1662554.8599999999
32348,2776115.69
32349,560915.26
32350,848112.3200000001
32351,2029981.1099999999
32352,1737471.91
32353,1681952.0899999999
32354,1005159.0599999999
32355,624769.73
32356,762538.39
32357,785984.62
32358,1857929.82
32359,795284.84
32360,1045804.1799999999
32361,1191085.07
32362,765040.74
32363,1347856.04
32364,909400.41
32365,3368575.67
32366,767795.66
32367,1114394.39
32368,4211233.72
32369,1321752.62
32370,10510847.87
32371,903515.16
32372,882993.69
32373,2848275.81
32374,1133305.35
32375,1450153.54
32376,866455.97
32377,1412409.63
32378,1815840.74
32379,1112119.15
32380,782817.73
32381,2070130.76
32382,1695966.98
32383,1232586.92
32384,1918286.6400000001
32385,1411939.11
32386,1208950.19
32387,632429.74
32388,3130855.5300000003
32389,2096725.18
32390,1793795.47
32391,1033398.17
32392,1321754.05
32393,2432198.9
32394,2704591.58
32395,1484266.9100000001
32396,1108742.06
32397,2037818.6500000001
32398,2272787.21
32399,783720.97
32400,1510324.83
32401,648309.22
32402,1500030.8499999999
32403,771207.88
32404,4892381.92
32405,1221990.24
32406,1644571.75
32407,1052779.8900000001
32408,901303.87
32409,764225.3
32410,29846257.61
32411,585107.22
32412,8284480.76
32413,690829.82
32414,1276500.03
32415,973379.22
32416,2988100.6500000004
32417,3045879.34
32418,1863141.42
32419,917419.6699999999
32420,393982.63
32421,1039938.35
32422,555393.59
32423,358371.62
32424,1536544.96
32425,4901090.51
32426,9375485.85
32427,651372.1100000001
32428,1100959.32
32429,3129101.99
32430,666950.63
32431,1006448.9099999999
32432,1727367.69
32433,7170316.93
32434,355949.05
32435,947974.32
32436,3290925.61
32437,699056.64
32438,908496.54
32439,1003173.79
32440,1369484.92
32441,845564.8300000001
32442,3909835.45
32443,1439545.93
32444,1606859.8900000001
32445,848888.88
32446,2369304.4899999998
32447,932840.95
32448,3478034.9299999997
32449,1632917.61
32450,716383.8099999999
32451,1413407.16
32452,2585850.1
32453,1469471.28
32454,977145.1599999999
32455,1753848.21
32456,498023.6
32457,2187658.93
32458,811966.96
32459,12231233.6
32460,1179228.98
32461,1052989.1300000001
32462,28700819.86
32463,2985943.8
32464,6854117.04
32465,869335.3500000001
32466,1221929.47
32467,885391.96
32468,1563420.39
33001,11766097.719999999
33002,4584246.3
33003,59208334.18
33004,32016420.0
33005,80856574.38
33006,4051789.3600000003
33007,4880267.12
33008,2237985.69
33009,212887299.44
33010,2415151.4
33011,31893227.69
33012,20281065.74
33013,33544089.23
33014,5097676.95
33015,11100002.34
33016,2683556.72
33017,1626978.02
33018,6523721.17
33019,32471953.55
33020,1244795.12
33021,8824594.06
33022,14283368.95
33023,4819284.38
33024,1465653.49
33025,1512366.15
33026,2136548.17
33027,2162446.01
33028,4536005.95
33029,27152000.38
33030,12796721.65
33031,1240436.7
33032,67701994.83
33033,6123709.2700000005
33034,2373953.75
33035,4952908.31
33036,41816083.83
33037,12216985.540000001
33038,3910742.2
33039,149362157.10999998
33040,4695876.399999999
33042,21488633.65
33043,1205040.29
33044,1326236.6099999999
33045,2097993.67
33046,7958503.33
33047,8254573.68
33048,1434522.23
33049,15972398.899999999
33050,2855164.15
33051,71132996.31
33052,6144669.57
33053,2131447.3000000003
33054,1408980.08
33055,2519522.32
33056,103195572.32
33057,5553658.53
33058,36988661.54
33059,1627211.68
33060,2521562.5500000003
33061,2783141.16
33062,2733642.79
33063,1734561315.18
33064,343891.14
33065,16601309.52
33066,1552409.3
33067,12110712.11
33068,2807055.77
33069,102641456.79
33070,4788730.84
33071,4856253.9
33072,2432770.34
33073,40343686.57
33074,1097851.84
33075,66096330.02
33076,3612960.19
33077,9132644.62
33078,2723224.54
33079,2110824.49
33080,24747635.5
33081,13207998.67
33082,5994301.17
33083,4100733.1100000003
33084,7710907.180000001
33085,13099201.4
33086,1686152.6400000001
33087,2327959.79
33088,3794356.83
33089,2034456.1400000001
33090,60698194.55
33091,7166183.359999999
33092,1229953.35
33093,3019123.06
33094,2069954.97
33095,11544825.62
33096,33494955.12
33097,43355470.85
33098,2185210.4299999997
33099,15484408.1
33100,8638104.4
33101,7941174.91
33102,2797313.68
33103,645515.4
33104,21209804.11
33105,1843711.5899999999
33106,7036666.39
33107,2091349.36
33108,16344595.879999999
33109,8485120.73
33111,7922525.909999999
33112,1055304.17
33113,1053461.61
33114,6713193.57
33115,2360670.42
33116,2062021.0499999998
33117,1731235.77
33118,8363220.68
33119,91018490.82
33120,8349910.39
33121,1301286.45
33122,114747495.28
33123,7218849.97
33124,4098777.9699999997
33125,9569598.59
33126,3662036.3899999997
33127,995985.31
33128,3607795.83
33129,760096.42
33130,5720625.59
33131,926513.54
33132,2275312.48
33133,1265957.2
33134,2187393.4899999998
33135,908717.35
33136,1287652.98
33137,1157762.54
33138,41896773.19
33139,770501.48
33140,25840657.73
33141,2982041.9
33142,11900130.05
33143,8925426.4
33144,6706012.39
33145,3166277.77
33146,8414083.66
33147,1682913.4
33148,535628.35
33149,1111144.99
33150,1448628.43
33151,3417290.02
33152,1390885.5899999999
33153,1316676.5999999999
33154,8016470.62
33155,2333654.73
33156,1858063.51
33157,1984163.55
33158,1981890.52
33159,8085719.38
33160,2929179.68
33161,4555326.99
33162,93757237.4
33163,2170523.32
33164,4758366.2299999995
33165,13987705.05
33166,3390971.7600000002
33167,103428376.74
33168,2056180.9000000001
33169,1150463.06
33170,4094807.1100000003
33171,1844832.41
33172,1285637.35
33173,1788068.11
33174,6998231.96
33175,3613496.38
33176,1866349.3599999999
33177,10944547.3
33178,2089495.93
33179,11514503.1
33180,1697618.52
33181,2045916.19
33182,4729618.2
33183,5265572.31
33184,1968517.88
33185,8087270.05
33186,7766607.83
33187,8742981.44
33188,1835221.34
33189,3109161.39
33190,1048668.22
33191,2311082.45
33192,84296217.8
33193,14911113.17
33194,6960894.17
33195,7247552.58
33196,1223185.2
33197,1675506.61
33198,7861481.739999999
33199,99838978.85
33200,45864681.01
33201,5696813.61
33202,5111197.54
33203,42339350.66
33204,2707221.58
33205,9676340.379999999
33206,3839157.45
33207,20125861.919999998
33208,4382580.67
33209,2559768.38
33210,2128781.23
33211,2906037.17
33212,777312.02
33213,24229049.41
33214,88266927.35000001
33215,1715070.07
33216,1563626.32
33218,5044745.39
33219,9916744.06
33220,5841298.279999999
33221,5049644.67
33222,2957937.47
33223,2274212.69
33224,874264.81
33225,12035150.379999999
33226,10301777.45
33227,69460565.92999999
33228,3787261.37
33229,77885104.82
33230,13879455.74
33231,1560136.48
33232,545449.25
33233,9246325.68
33234,21453073.79
33235,1523550.96
33236,125516114.38
33237,3110674.52
33238,41275393.12
33239,2786219.41
33240,34840782.33
33241,3598186.67
33242,5143734.04
33243,182986095.91
33244,1926879.0799999998
33245,6845468.430000001
33246,1557239.9500000002
33247,1101224.92
33248,14178761.93
33249,118211948.52000001
33250,1982101.69
33251,3589452.44
33252,1963983.22
33253,5788115.68
33254,3149340.92
33255,3587516.2199999997
33256,18749163.25
33257,2109852.29
33258,1725518.95
33259,4442862.83
33260,4813571.390000001
33261,7684595.640000001
33262,19284215.32
33263,1529002.69
33264,4162194.92
33266,3573824.2399999998
33267,3444526.6599999997
33268,9617639.52
33269,2886152.67
33270,1471798.18
33271,2371433.25
33272,3571133.8
33273,41829102.07
33274,13285263.14
33275,802191.7
33276,1559929.71
33277,1799846.79
33278,1246457.59
33279,5616098.76
33280,3005603.5
33281,265580185.70000002
33282,1367887.9300000002
33283,1216213.8900000001
33284,31015713.36
33285,2318157.37
33287,3878137.52
33288,2235420.72
33289,12734551.89
33290,12360388.01
33291,1585580.9100000001
33292,994530.5899999999
33293,14513156.649999999
33294,2285186.23
33295,357500.65
33296,4468918.2700000005
33297,6068915.87
33298,7174855.56
33299,2919237.44
33300,5009749.45
33301,3312248.66
33302,2421013.43
33303,4538545.8
33304,1250018.1400000001
33305,1901679.3699999999
33306,2093172.78
33307,4834813.24
33308,1445229.0
33309,1473576.75
33310,1575171.7999999998
33311,6805403.89
33312,26455035.8
33314,51317624.88
33315,5713497.16
33316,7384122.75
33317,6530266.5
33318,240364364.63
33319,2294878.3
33320,3347494.34
33321,10417480.68
33322,33042606.11
33323,5342359.29
33324,19107417.07
33325,5764183.2299999995
33326,1689782.57
33327,14849222.290000001
33328,8649204.41
33329,2493472.63
33330,21039944.65
33331,4037086.0500000003
33332,3956881.97
33333,11945161.49
33334,12921697.790000001
33335,1938704.54
33336,6010583.38
33337,11954420.34
33338,1366635.17
33339,6272056.86
33341,13763957.09
33342,4979424.47
33343,3347452.6599999997
33344,4718180.42
33345,1353643.92
33346,1234055.1500000001
33347,2355318.45
33348,5924486.71
33349,8737600.7
33350,12624904.59
33351,7999041.259999999
33352,35599667.53
33353,1990384.07
33354,1246282.81
33355,5685655.87
33356,1473515.99
33357,5557472.24
33358,1576205.45
33359,1971314.41
33360,1248943.1300000001
33361,3144887.6
33362,4475607.25
33363,16386580.51
33364,1844596.74
33365,815754.59
33366,45397357.27
33367,3046909.5300000003
33369,1829114.38
33370,3297161.32
33371,1640603.9000000001
33372,445093.92
33373,2742623.2199999997
33374,3623951.08
33375,1936225.89
33376,30573696.53
33377,945507.13
33378,5878861.399999999
33379,1761270.71
33380,2866596.72
33381,12175358.02
33382,7572788.55
33383,1606817.8800000001
33384,2774398.1
33385,4864660.8
33386,1529537.26
33387,3936124.73
33388,3668803.85
33389,18551371.7
33390,2475447.4800000004
33391,1630824.23
33392,5531466.48
33393,21172075.07
33394,30152570.08
33395,12292356.219999999
33396,2163272.8
33397,31747626.169999998
33398,1432154.44
33399,2028126.51
33400,2259586.03
33401,1386150.69
33402,24781718.7
33403,1786067.4
33404,1891830.7
33405,3287184.62
33406,2398248.22
33407,2585139.7800000003
33408,2011389.43
33409,733794.63
33411,1707527.31
33412,5442107.83
33413,9872656.91
33414,1573885.79
33415,4771823.42
33416,2839534.58
33417,17181062.18
33418,2400254.6
33419,910593.03
33420,746989.15
33421,1746586.79
33422,53519136.59
33423,7254385.47
33424,19210404.82
33425,4100918.48
33426,2092731.5
33427,1591665.5299999998
33428,638770.5
33429,2346121.2
33431,1930239.4700000002
33432,1525073.81
33433,43065849.99
33434,8042762.23
33435,14419011.16
33436,5384414.75
33437,9698285.3
33438,7442673.54
33439,4848498.41
33440,1980866.01
33441,6395487.57
33442,2482018.84
33443,1065126.66
33444,4033168.16
33445,3725899.77
33446,2241440.56
33447,16517165.8
33448,14536707.940000001
33449,140937933.17
33450,1325219.74
33451,2378397.27
33452,5712836.43
33453,2309543.05
33454,5395562.21
33456,2418446.18
33457,2195114.67
33458,4141957.27
33459,2319035.36
33460,2439771.41
33461,2826101.92
33462,1864483.29
33463,10408469.4
33464,1692250.76
33465,8227286.8
33466,6342917.62
33467,1911199.0499999998
33468,2172297.09
33470,3298867.52
33471,5049757.78
33472,2543839.67
33473,11866091.0
33474,10164669.25
33475,2111514.15
33476,4167346.63
33477,4363603.47
33478,34347286.54
33479,949523.12
33480,10144108.8
33481,1577549.5
33482,1417983.71
33483,15188609.620000001
33484,13753313.44
33485,11256031.61
33486,1705417.51
33487,4396459.16
33488,2700178.43
33489,2021726.6300000001
33490,8345147.279999999
33491,2036974.45
33492,7498558.28
33493,2358581.13
33494,5747947.77
33495,6185413.96
33496,7854110.83
33498,25281129.89
33499,2559595.0900000003
33500,2513872.87
33501,15205290.44
33502,3028068.12
33503,2276976.87
33504,4105751.69
33505,7853037.43
33506,14990433.13
33507,2078540.8
33508,4014594.2
33509,1674011.93
33510,1455229.7599999998
33511,1770011.27
33512,3028520.6
33513,554961.51
33514,59547751.8
33515,3115765.8200000003
33516,1446554.3199999998
33517,5591683.55
33518,4349378.14
33519,39144339.54
33520,1502091.4100000001
33521,3955801.0100000002
33522,137631933.32
33523,11946116.36
33524,1274404.44
33525,5593941.74
33526,1000872.3400000001
33527,33916782.71
33528,2240071.3200000003
33529,168167145.4
33530,3855341.2
33531,1027881.0
33532,2771955.59
33533,12891546.01
33534,3347178.17
33535,25476912.39
33536,1466494.25
33537,3486354.5
33538,2118472.92
33539,17003142.53
33540,33660300.56
33541,9635788.69
33542,3498808.4800000004
33543,5180040.93
33544,14580384.12
33545,7805657.05
33546,3428423.7
33547,4853256.28
33548,5783636.22
33549,2838311.55
33550,131724939.08
33551,2725436.0900000003
33552,4324511.4
33553,4333761.34
33554,21126706.71
33555,19519109.12
34001,8325355.3
34002,6594688.24
34003,332080698.45
34004,3310757.41
34005,1371925.8
34006,2648092.86
34007,5334158.6899999995
34008,7534688.59
34009,10767871.58
34010,12709400.450000001
34011,1563070.23
34012,8160231.78
34013,9436548.2
34014,15553787.71
34015,1799167.44
34016,4048429.21
34017,5058937.92
34018,6957847.739999999
34019,7822393.930000001
34020,3310082.71
34021,1411041.04
34022,59177006.82
34023,72412480.07000001
34024,21666066.12
34025,11908289.7
34026,2924840.21
34027,11117778.709999999
34028,55446101.23
34029,3637585.89
34030,2316743.82
34031,24501466.560000002
34032,766611007.6700001
34033,9829491.46
34034,1430750.29
34035,4943636.5200000005
34036,15400970.31
34037,27702466.02
34038,13685640.99
34039,16093566.8
34040,932083.5
34041,4693569.1
34042,4449979.61
34043,1718657.9000000001
34044,4633139.3100000005
34045,6164037.1
34046,3576434.82
34047,3545102.23
34048,2600071.87
34049,3014824.42
34050,7283049.45
34051,12338757.95
34052,28587968.45
34053,1856009.5
34054,1658329.43
34055,4586505.51
34056,7155114.1
34057,125110907.2
34058,49329942.730000004
34059,2307312.57
34060,3063002.9899999998
34061,6500154.95
34062,2284004.2600000002
34063,19011914.68
34064,5415521.82
34065,5386701.54
34066,2244519.83
34067,7776305.32
34068,4773252.42
34069,38988938.09
34070,6869585.9
34071,4242741.86
34072,382585.3
34073,13657824.24
34074,14384347.55
34075,5212928.41
34076,6491497.92
34077,36259028.75
34078,12257272.01
34079,58519253.79
34080,3507992.72
34081,21329244.49
34082,6730032.96
34083,3406810.55
34084,8404486.33
34085,2496802.65
34086,6335945.05
34087,16049802.34
34088,25512762.96
34089,15489425.370000001
34090,48217475.5
34091,1328586.72
34092,6048347.609999999
34093,2873084.2
34094,5355115.55
34095,43401467.07
34096,3902204.84
34097,5275736.66
34098,2309849.16
34099,1266658.67
34100,2203547.22
34101,39313240.9
34102,2207522.87
34103,7702674.01
34104,2617890.3499999996
34105,2590916.03
34106,1141817.1199999999
34107,11636155.92
34108,149711704.69
34109,8043247.0600000005
34110,3127458.69
34111,22683750.44
34112,2699335.75
34113,36444171.82
34114,45314588.65
34115,2956736.58
34116,52303958.51
34117,5850849.03
34118,2811281.7199999997
34119,11170198.11
34120,39032036.39
34121,3117117.82
34122,3026800.37
34123,62789736.300000004
34124,1433136.6400000001
34125,1032549.9299999999
34126,39115467.79
34127,19458175.15
34128,7355092.07
34129,138487550.71
34130,9388424.129999999
34131,3240733.17
34132,1325957.57
34133,794432.36
34134,27587297.599999998
34135,17891947.4
34136,12192586.209999999
34137,1276222.47
34138,2074279.24
34139,6657469.26
34140,17085656.349999998
34141,5717267.0
34142,61218441.050000004
34143,17733369.6
34144,8732631.38
34145,166413368.5
34146,25757015.84
34147,25054116.92
34148,19421968.3
34149,3319294.6
34150,79118395.52
34151,25082569.17
34152,2660919.07
34153,8308986.99
34154,142181578.27
34155,11390275.6
34156,1175267.82
34157,71826488.8
34158,4601263.21
34159,18708324.02
34160,6690424.29
34161,14417926.97
34162,23731432.49
34163,18973227.16
34164,7862845.38
34165,16039378.16
34166,18066641.080000002
34167,1236837.03
34168,790204.63
34169,26427453.94
34170,2259291.13
34171,3581728.32
34172,2333272754.43
34173,9900203.69
34174,3684708.59
34175,1951788.41
34176,9205908.64
34177,8001284.86
34178,21788931.52
34179,12362843.950000001
34180,10645116.4
34181,7888601.4
34182,9625687.49
34183,24077063.6
34184,4869798.42
34185,4458151.14
34186,4502800.98
34187,8436255.21
34188,940218.9099999999
34189,16288388.81
34190,3268321.44
34191,3802121.85
34192,95771223.60000001
34193,1583677.72
34194,23323111.9
34195,1069222.99
34196,2226380.56
34197,7027365.36
34198,71282262.16
34199,70767681.37
34200,2639131.33
34201,2031017.19
34202,44244976.29
34203,8542865.26
34204,4624738.17
34205,1615743.9
34206,2109434.98
34207,13814983.1
34208,2969270.3600000003
34209,30594509.62
34210,11043355.16
34211,5295485.78
34212,1053114.27
34213,36199278.15
34214,9042328.47
34215,3938242.23
34216,1805621.26
34217,38623377.480000004
34218,1640913.04
34219,4652253.53
34220,1519092.27
34221,3964960.56
34222,1945621.3599999999
34223,7093953.25
34224,7931843.09
34225,23920223.42
34226,8566399.47
34227,7651324.4399999995
34228,1667460.6300000001
34229,7411802.7
34230,1858913.36
34231,824046.98
34232,8488463.01
34233,2503862.22
34234,1314796.04
34235,4400391.78
34236,1431587.43
34237,12705559.4
34238,1779833.44
34239,27672210.23
34240,23527316.37
34241,3903056.32
34242,6311001.07
34243,7728166.149999999
34244,17146660.93
34245,20408762.87
34246,6231487.98
34247,52409198.22
34248,4917726.46
34249,11451992.41
34250,3211843.36
34251,3675849.7
34252,1650026.69
34253,519088.94
34254,8542055.67
34255,58200252.67
34256,15601073.940000001
34257,3028376.3
34258,8935725.77
34259,36571797.74
34260,10374883.19
34261,7219335.600000001
34262,1921595.43
34263,3588192.45
34264,3360624.94
34265,3108189.6999999997
34266,2906974.83
34267,7082689.470000001
34268,4544954.11
34269,2346791.5500000003
34270,85761337.98
34271,7891102.9
34272,15927469.11
34273,1244642.3199999998
34274,15830569.59
34276,31521428.580000002
34277,5230000.050000001
34278,1249003.95
34279,3580400.06
34280,4751278.1
34281,14323101.66
34282,6216983.92
34283,1093655.3
34284,28572213.35
34285,4396338.5
34286,2161092.55
34287,2760568.4
34288,6455724.99
34289,19492174.16
34290,5449941.8
34291,2202302.68
34292,1893239.35
34293,32614569.95
34294,8005529.52
34295,8358483.98
34296,4123006.5300000003
34297,2008142.73
34298,30942529.17
34299,59723341.99
34300,35733773.6
34301,351057141.9
34302,7139552.27
34303,1044705.63
34304,4905176.61
34305,5054238.66
34306,1477405.1800000002
34307,14940502.92
34308,2702365.61
34309,31025545.0
34310,16512334.07
34311,10268906.73
34312,10229404.05
34313,3240263.58
34314,4662119.27
34315,2505028.87
34316,962165.9299999999
34317,2536828.11
34318,3147785.42
34319,2073000.19
34320,10308903.64
34321,11761050.24
34322,4491567.2700000005
34323,623542.17
34324,75831712.25
34325,10692084.32
34326,1025173.4099999999
34327,60118387.9
34328,5570786.54
34329,30559324.19
34330,5892959.92
34331,1323342.46
34332,40984777.800000004
34333,17620114.22
34334,1753612.49
34335,6261781.14
34336,44586113.88
34337,60773828.970000006
34338,1873659.12
34339,1338266.94
34340,10224520.68
34341,27953474.37
34342,2472088.87
34343,5600931.25
34344,132500764.46
35001,49251314.95
35002,10278316.23
35003,5646125.92
35004,13775214.56
35005,2098720.0300000003
35006,29444721.779999997
35007,1680819.0
35008,3851972.97
35009,8561097.22
35010,5578180.2700000005
35011,2462348.95
35012,67166279.31
35013,20260318.52
35014,21370632.08
35015,14777173.36
35016,11902882.450000001
35017,4091829.2800000003
35018,7521849.41
35019,18967052.08
35021,7179957.56
35022,5828216.07
35023,33483882.86
35024,83787383.11
35025,8022084.39
35026,1475132.45
35027,10959372.110000001
35028,3992667.68
35029,9592802.19
35030,4582197.72
35031,26147435.42
35032,20722385.27
35033,17929304.54
35034,6100700.609999999
35035,4374634.96
35037,37489389.64
35038,5320154.03
35039,13866637.69
35040,21571474.66
35041,6625505.69
35042,4802258.49
35044,2391698.9
35045,6393311.5
35046,3829630.83
35047,104248875.14
35048,4092891.26
35049,45263721.06
35050,4635642.07
35051,140745306.4
35052,3911923.5300000003
35053,2305728.15
35054,9643820.77
35055,69217169.19
35056,4372570.37
35057,8283624.3100000005
35058,6422153.8
35059,23509424.95
35060,3872472.79
35061,4301560.6
35062,11333020.809999999
35063,3935499.43
35064,8789471.13
35065,13752287.12
35066,82342317.18
35067,7225447.93
35068,51229627.730000004
35069,52068874.02
35070,9407625.92
35071,3269747.04
35072,14192616.25
35075,5120488.82
35076,21885121.43
35077,2371147.66
35078,9038441.56
35079,12577604.91
35080,11504584.89
35081,4016858.67
35082,9797790.52
35083,4577733.5
35084,4443908.04
35085,44398878.88
35086,4395647.6899999995
35087,6442641.7700000005
35088,18410144.15
35089,3306455.47
35090,17696897.990000002
35091,2917211.16
35092,6075514.9399999995
35093,135712408.22
35094,11656060.63
35095,64243922.95
35096,17784963.55
35097,13287591.33
35098,13046337.17
35099,19600274.63
35100,5283693.05
35101,5482231.46
35102,3817138.02
35103,3878008.4
35104,9227939.99
35105,11897775.46
35106,13162240.71
35107,11266154.629999999
35108,8338365.57
35109,18322068.89
35110,5897354.37
35111,7534161.28
35112,6267370.1899999995
35113,3570510.2800000003
35114,2292864.13
35115,187013874.85
35116,11758074.15
35117,13541201.81
35118,10832558.03
35119,9400548.47
35120,24557762.57
35121,13127799.31
35122,7505007.6
35123,26291708.3
35124,28957732.64
35125,28051297.93
35126,44164519.52
35127,23209822.82
35128,11819589.3
35129,18014276.16
35130,13490592.14
35131,20844668.7
35132,7084283.5
35133,31587890.07
35134,1869378.4
35135,13812068.870000001
35136,48934436.74
35137,15247868.28
35138,8824331.58
35139,29358269.52
35140,4164615.22
35141,2622845.9699999997
35142,7344588.46
35143,5809026.42
35144,5525274.77
35145,10351096.05
35146,4845045.390000001
35147,4860734.5
35148,1095166.78
35149,9596350.69
35150,20850284.03
35151,5086838.11
35152,59664343.6
35153,2305782.35
35154,11064972.49
35155,6715073.2
35156,2717942.17
35157,4961244.96
35158,530591.1900000001
35159,2346355.48
35160,2612590.5
35161,12864133.73
35162,24678217.89
35163,9686612.209999999
35164,7034712.09
35165,5530405.05
35166,6957755.86
35167,24565605.509999998
35168,25828928.0
35169,10040616.11
35170,6308728.58
35171,17132038.41
35172,10770580.03
35173,39778501.339999996
35174,7438085.78
35175,6203310.0200000005
35176,19615754.43
35177,31744499.759999998
35178,9267704.379999999
35179,20577756.99
35180,5120639.47
35181,9030555.5
35183,4465426.47
35184,38928255.47
35185,3526106.44
35186,6961153.260000001
35187,9991264.34
35188,50170251.92
35189,22283072.25
35190,3513038.61
35191,8647819.76
35192,2491056.98
35193,12067012.76
35194,8834995.24
35195,10100056.28
35196,51748211.39
35197,6640011.5
35198,3242866.65
35199,1906935.63
35200,6550014.4
35201,6831439.19
35202,7056900.7
35203,1920114.95
35204,17362794.0
35205,3510996.0500000003
35206,50726637.97
35207,58558497.94
35208,25365454.13
35209,6204411.38
35210,67026359.339999996
35211,15813731.22
35212,9202336.120000001
35214,5516074.5
35215,9405615.08
35216,6815431.89
35217,13625552.95
35218,6115785.38
35219,26112940.84
35220,15719782.83
35221,13286601.44
35222,19426885.130000003
35223,31374197.34
35224,13877873.540000001
35225,3833659.42
35226,12809678.540000001
35227,16928517.67
35228,32948367.529999997
35229,8141630.23
35230,3124290.9
35231,6422856.850000001
35232,2818575.0
35233,10031701.7
35234,8329519.72
35235,8628331.59
35236,78447016.7
35237,8173842.760000001
35238,1742580249.5
35239,22975530.02
35240,51250546.72
35241,19760743.33
35242,3269511.9499999997
35243,16272558.05
35244,1811362.32
35245,25384994.84
35246,5391365.27
35247,8949906.61
35248,4269994.22
35249,8324271.38
35250,10688385.469999999
35251,22823214.2
35252,7308170.359999999
35253,24503190.0
35254,6943072.23
35255,7504997.92
35256,21216622.73
35257,19273142.509999998
35258,2578520.38
35259,7889614.19
35260,3980882.67
35261,1378509.9100000001
35262,1936720.57
35263,20929681.79
35264,13736908.809999999
35265,14169002.42
35266,19101608.67
35267,11936991.8
35268,5885864.0
35269,5501308.55
35270,2630853.18
35271,13726732.61
35272,6733060.84
35273,15359826.100000001
35274,6128482.43
35275,26181161.9
35276,3619290.56
35277,2608561.53
35278,84134245.62
35279,7181393.39
35280,7686323.21
35281,83268026.71
35282,8577035.57
35283,7312645.39
35284,30736670.959999997
35285,7938872.91
35286,2788464.0300000003
35287,29834046.330000002
35288,440586014.35
35289,5670632.54
35290,4079365.2
35291,3481451.6399999997
35292,9211510.31
35293,4388577.71
35294,14864821.4
35295,2231245.96
35296,7557698.24
35297,32168480.21
35299,27430888.79
35300,13222869.57
35301,3200656.1100000003
35302,7136041.51
35303,6234165.89
35304,8597484.93
35305,3328530.6199999996
35306,10952573.51
35307,7006337.42
35308,16488242.24
35309,5432035.07
35310,10932648.700000001
35311,3264049.29
35312,10181891.2
35314,7873942.56
35315,8009111.29
35316,5862916.98
35317,3911214.67
35318,4047017.95
35319,13564410.97
35320,3139331.51
35321,6166618.8
35322,6436598.69
35323,4933900.4799999995
35324,7730032.44
35325,956059.42
35326,14966398.51
35327,20308353.939999998
35328,16139034.03
35329,4479012.97
35330,6636366.45
35331,12334858.94
35332,11408839.5
35333,8500173.99
35334,48929884.7
35335,7235917.23
35336,1314198.95
35337,26180762.65
35338,8360974.100000001
35339,3893676.0
35340,9804504.61
35341,12668530.69
35342,2953993.74
35343,8332638.76
35344,2408156.2800000003
35345,3778439.89
35346,910426.28
35347,19795225.169999998
35348,3977486.0100000002
35350,4732783.350000001
35351,10898508.14
35352,57493715.0
35353,29912844.8
35354,2380757.87
35355,4821593.46
35356,10359030.37
35357,3585815.58
35358,6357934.17
35359,4254551.24
35360,179467615.46
35361,5708005.68
35362,6461057.41
35363,24556005.61
36001,18512493.56
36002,1803181.6400000001
36003,4875709.54
36004,2788427.41
36005,34320328.6
36006,56317685.949999996
36007,3752973.64
36008,2401384.14
36009,10033359.59
36010,7733016.010000001
36011,1641340.42
36012,3013126.4
36013,2576963.14
36014,2991987.15
36015,1281987.25
36016,6138403.45
36017,5036872.99
36018,69561227.48
36019,2097298.08
36020,1668799.15
36021,3227815.84
36022,2000594.08
36023,2216811.79
36024,895827.31
36025,5171907.93
36026,2919488.38
36027,1203230.08
36028,1361222.35
36029,3434591.39
36030,2048649.27
36031,47205160.15
36032,2966948.71
36033,2717075.99
36034,17782384.41
36035,15066928.54
36036,1380281.58
36037,1722936.7599999998
36038,1335275.09
36040,772704.5
36041,797009.48
36042,5740461.79
36043,5701383.24
36044,443234059.40000004
36045,22177089.49
36046,56308425.769999996
36047,4390442.09
36048,2267754.73
36049,1158266.59
36050,1877866.67
36051,1333495.75
36052,1314141.54
36053,5660336.26
36054,2537524.26
36055,6206641.4
36056,8800447.59
36057,4693848.04
36058,3593011.31
36059,2921773.7600000002
36060,8681587.53
36061,3746206.43
36062,9155477.09
36063,53587242.17
36064,10415126.19
36065,2307055.27
36066,3366151.8
36067,1117362.3699999999
36068,3239291.84
36069,12615465.86
36070,21297558.36
36071,7550423.7
36072,4008655.55
36073,2218040.7600000002
36074,4845234.42
36075,681898.85
36076,1773261.79
36077,1917953.52
36078,2753766.94
36079,530421.9
36080,346974.12
36081,4806244.75
36082,2533879.27
36083,1107578.08
36084,6614769.75
36085,2295842.38
36086,2720420.06
36087,1787482.25
36088,96517930.67999999
36089,3619058.5700000003
36090,1173444.55
36091,4857393.9
36092,1997836.6500000001
36093,15005416.73
36094,4900031.78
36095,1494413.16
36096,2705066.23
36097,2460814.08
36098,1346575.53
36099,5241378.59
36100,1861641.02
36101,9017043.33
36102,730234.7
36103,12489355.77
36104,1974392.42
36105,2987573.63
36106,1343702.92
36107,6611637.77
36108,1981732.3900000001
36109,9093486.59
36110,3315182.25
36111,2543311.27
36112,4080149.38
36113,8840150.440000001
36114,1848651.36
36115,1321651.73
36116,1833579.75
36117,2355470.48
36118,2220231.23
36119,3989128.46
36120,5907368.91
36121,2029306.9
36122,2076585.6300000001
36123,11017788.870000001
36124,2109649.19
36125,1097630.3699999999
36126,4144579.04
36127,10409980.18
36128,15136346.1
36129,5528748.75
36130,2673827.47
36131,2683089.92
36132,898640.98
36133,2613856.36
36134,5033835.54
36135,2855644.0
36136,1025222.56
36137,2169012.6
36138,1651210.93
36139,4326828.7
36140,6826938.66
36141,13749515.11
36142,7593853.66
36143,4014455.32
36144,2534247.29
36145,1944627.3399999999
36146,7828869.63
36147,1120037.1
36148,2801933.91
36149,6065235.79
36150,4474243.4
36151,2710470.94
36152,2311937.5300000003
36153,3003143.22
36154,7719325.56
36155,7222050.220000001
36156,4563556.67
36157,1514760.6500000001
36158,4789143.08
36159,38651890.39
36160,2733618.36
36161,5142149.32
36162,10283415.73
36163,7371961.470000001
36164,2220718.21
36165,6703922.51
36166,2038707.18
36167,1462408.1300000001
36168,8211350.2
36169,3857519.26
36170,781091.72
36171,10602854.950000001
36172,5535725.26
36173,2961613.88
36174,4156833.3000000003
36175,1774412.28
36176,3225023.85
36177,3556829.62
36178,1347493.51
36179,2841488.97
36180,4204186.26
36181,930497.44
36182,10724898.709999999
36183,1075240.87
36184,3950719.13
36185,2118204.84
36186,1943874.1199999999
36187,1937943.62
36188,1678939.1800000002
36189,7721547.25
36190,1905072.1300000001
36191,3445649.3800000004
36192,20867787.55
36193,1575108.78
36194,5982255.87
36195,2333468.23
36196,1520854.12
36197,2786330.59
36198,1629682.1199999999
36199,3656068.66
36200,8884026.31
36201,1399830.78
36202,35667653.4
36203,519803.86
36204,2642783.66
36205,1352854.24
36206,394834.86
36207,7807924.05
36208,7965561.22
36209,2719232.6999999997
36210,2053093.32
36211,2188097.64
36212,1633524.64
36213,980244.8300000001
36214,3565845.06
36215,2529428.81
36216,587012.83
36217,888388.89
36218,812513.94
36219,3099500.06
36220,4218061.67
36221,3015996.59
36222,1637224.82
36223,2073435.91
36224,7533826.96
36225,1256917.79
36226,1842758.96
36227,2518406.1
36228,18856842.52
36229,4667342.1
36230,14259258.19
36231,6567426.12
36232,8077817.68
36233,4595997.94
36234,1859706.85
36235,3606058.84
36236,4836805.47
36237,5250847.61
36238,1553669.5
36239,2998479.32
36240,3766202.76
36241,15605017.7
36242,886161.88
36243,2794796.47
36244,5638214.54
36245,2961646.81
36246,1574776.66
36247,6903454.8
36248,1585847.06
37001,9514899.81
37002,12490368.57
37003,121636508.19
37004,2228566.3200000003
37005,3941230.4899999998
37006,11062951.16
37007,1154136.4000000001
37008,15290113.07
37009,1873462.1500000001
37010,9906664.94
37011,55763235.11
37012,4102886.58
37013,2531816.76
37014,29235921.84
37015,18418469.92
37016,2814294.21
37018,58859313.9
37019,3632279.44
37020,11719635.18
37021,7904271.68
37022,16193151.05
37023,2621376.85
37024,5336859.8100000005
37025,4667232.31
37026,4701584.12
37027,38711272.32
37028,7121862.12
37029,3103684.5900000003
37030,3071269.57
37031,28577832.98
37032,2001955.36
37033,2879887.89
37034,2659751.87
37035,2490287.54
37036,2103536.46
37037,2716406.72
37038,5294819.66
37039,3419085.5100000002
37040,1677379.39
37041,5268314.15
37042,3821731.3899999997
37043,6083136.7
37044,2461398.98
37045,9693172.83
37046,12292811.2
37047,4821195.46
37048,2532725.6100000003
37049,7737265.1899999995
37050,107104000.14
37051,7493573.54
37052,5936321.98
37053,1917347.9
37054,15302095.24
37055,2843695.53
37056,2021263.83
37057,5047981.33
37058,6984148.06
37059,5812044.47
37060,7533668.07
37061,4969042.99
37062,11277290.3
37063,49979833.65
37064,2973490.7199999997
37065,3674132.5999999996
37066,5957729.71
37067,10304764.76
37068,3977013.52
37069,4004399.8899999997
37070,2453575.47
37071,1716184.59
37072,61462448.35
37073,3672299.84
37074,15314696.88
37075,2587613.95
37076,3339452.2600000002
37077,18636287.84
37078,1980143.3199999998
37079,7157459.95
37080,1527589.35
37081,5801450.21
37082,3644747.96
37083,9717280.3
37084,2139108.57
37085,4723753.03
37086,1219344.8
37087,2550366.56
37088,1006248.1200000001
37089,5079490.86
37090,1248991.61
37091,11885623.74
37092,2724126.3
37093,2557686.15
37094,3520390.64
37095,1856301.85
37096,3397763.44
37097,3593065.95
37098,5894945.2
37099,5834141.43
37100,3997598.65
37101,1598627.97
37102,1297154.0899999999
37103,1315386.5
37104,34396446.6
37105,3368911.05
37106,1225614.7000000002
37107,2461141.47
37108,2993985.1
37109,56347508.12
37110,5553560.1
37111,14635182.12
37112,3654636.22
37113,9886328.2
37114,1442945.1
37115,34637893.230000004
37116,3979360.41
37117,2755614.12
37118,8134393.82
37119,12236801.709999999
37120,3441413.57
37121,2549729.38
37122,211928188.77
37123,37982515.9
37124,20479252.919999998
37125,2889035.43
37126,3166782.83
37127,2539781.97
37128,4729913.68
37129,4530513.8
37130,15273046.1
37131,7085551.2700000005
37132,57557457.07
37133,5232560.43
37134,4473174.93
37135,2101404.42
37136,3681348.37
37137,1148223.1400000001
37138,3076427.66
37139,27012108.34
37140,2389971.4299999997
37141,7067847.8100000005
37142,4241492.75
37143,11431860.81
37144,3192664.7399999998
37145,2773249.48
37146,2732114.88
37147,3643875.21
37148,4147736.36
37149,1959078.41
37150,6404466.4
37151,14265810.08
37152,17215656.86
37153,20034385.25
37154,25681306.53
37155,4369508.529999999
37156,73885229.46000001
37157,7156595.43
37158,4175926.56
37159,43519078.839999996
37160,2272931.96
37161,3954182.38
37162,3266587.22
37163,28572228.28
37165,3038062.32
37166,3781437.38
37167,16628154.709999999
37168,2594699.67
37169,2959350.5
37170,9757700.73
37171,7030689.75
37172,12782288.76
37173,5383011.53
37174,5516792.47
37175,8064912.04
37176,5800300.36
37177,6480046.24
37178,5342459.03
37179,21922293.27
37180,4475865.76
37181,2141756.5100000002
37182,6716590.3100000005
37183,11660903.91
37184,3464935.7
37185,14020871.36
37186,5278155.3
37187,3316511.01
37188,5563601.27
37189,13388614.44
37190,1593789.8199999998
37191,1609705.69
37192,11933078.84
37193,9032106.86
37194,7643089.86
37195,64664456.33
37196,21256200.95
37197,3805798.88
37198,1960064.5699999998
37199,4368054.3
37200,3578531.6700000004
37201,4420747.42
37202,3415745.7199999997
37203,25857179.0
37204,7006887.51
37205,7678995.78
37206,10750339.92
37207,2848907.15
37208,106643446.58
37209,677460.46
37210,5451452.34
37211,13183475.22
37212,6276163.819999999
37213,8480568.84
37214,135449065.19
37216,10333403.799999999
37217,7891879.49
37218,6279059.76
37219,6083194.96
37220,4333325.8
37221,5929927.69
37222,3601406.75
37223,1862372.08
37224,4821646.49
37225,15184671.85
37226,35216889.42
37227,4369280.04
37228,14343229.79
37229,1225368.88
37230,5968776.03
37231,14144911.95
37232,4965645.58
37233,151340941.62
37234,3392807.47
37236,2370366.42
37237,5771695.8
37238,5028239.71
37240,3945992.85
37241,5686462.0
37242,7761704.4
37243,21474073.7
37244,1800416.65
37245,11095138.97
37246,2147652.27
37247,7362848.81
37248,2725680.62
37249,10302809.17
37250,16505188.450000001
37251,5873071.98
37252,1799789.8199999998
37253,1155944.69
37254,11214070.73
37255,2002066.74
37256,2103813.6
37257,8694335.55
37258,2665570.95
37259,4040607.32
37260,2900312.62
37261,1096724008.78
37262,1272432.88
37263,12908802.879999999
37264,5255124.34
37265,1700921.66
37266,31981435.64
37267,19265034.9
37268,1579498.48
37269,5636568.06
37270,14408896.47
37271,6241507.37
37272,10233162.32
37273,25795445.68
37274,2191028.01
37275,1219848.88
37276,11175774.75
37277,4948231.01
37278,8813566.0
37279,5838077.03
37280,1775806.01
37281,30853994.33
37282,14817038.92
38001,20668361.71
38002,9059364.12
38003,6913293.73
38004,7658170.86
38005,34120286.04
38006,52639812.46
38008,2591189.27
38009,6833105.19
38010,4808079.43
38011,6213202.19
38012,21576472.81
38013,15743223.29
38014,3353270.39
38015,10184407.209999999
38016,2863057.29
38017,6492717.989999999
38018,4727088.0200000005
38019,4968858.08
38020,41139377.11
38021,36118574.98
38022,34045216.46
38023,3798815.32
38024,5742697.18
38025,2703290.7399999998
38026,10653469.58
38027,19360944.01
38028,7286674.08
38029,11225404.92
38030,9409477.73
38031,2130232.32
38032,5634250.65
38033,5696426.32
38034,28070281.46
38035,7289860.83
38036,2848661.28
38037,6039983.83
38038,4578736.62
38039,39167335.35
38040,7713701.95
38041,1818602.3900000001
38042,6005968.76
38043,6949708.67
38044,9719449.61
38045,16367453.82
38046,8342152.6899999995
38047,1598192.21
38048,8422399.64
38049,3940520.7700000005
38050,3694426.4499999997
38051,12415502.77
38052,36388408.77
38053,219742576.69
38054,15661683.299999999
38055,3636505.48
38056,2688414.92
38057,12343185.18
38058,11943306.81
38059,18027805.54
38060,1886959.46
38061,16965651.95
38062,3640840.7199999997
38063,2235426.24
38064,22635695.37
38065,13640236.31
38066,1674084.24
38067,8272034.44
38068,9957288.52
38069,9280135.21
38070,6966184.05
38071,26891940.73
38072,22320821.59
38073,3112225.4299999997
38074,2663244.95
38075,24256408.49
38076,9924253.01
38077,6326275.77
38078,5814851.17
38080,6087656.1
38081,10696262.55
38082,14124321.57
38083,4100253.13
38084,6056368.54
38085,57477169.1
38086,4256047.71
38087,65455314.99
38089,2676986.16
38090,3345431.18
38091,4998260.92
38092,4545334.4
38093,4237077.84
38094,10938355.030000001
38095,30709160.06
38097,26753997.74
38098,4439151.0200000005
38099,6346325.6899999995
38100,55804089.93000001
38101,6351796.36
38102,5234120.319999999
38103,5944417.640000001
38104,8632788.81
38105,12012236.2
38106,3482817.65
38107,9513069.93
38108,1968079.48
38109,4540133.29
38110,13211223.37
38111,56033750.12
38112,4864090.97
38113,5772481.93
38114,6785716.350000001
38115,4881118.640000001
38116,2059554.51
38117,5491110.100000001
38118,14296662.41
38120,8251538.720000001
38121,6031171.5200000005
38124,14084116.959999999
38125,7707188.38
38126,23933833.43
38127,2214574.5
38128,13784635.219999999
38129,13140592.59
38130,26202026.93
38131,9277226.61
38132,3091548.02
38133,24745261.16
38134,5872460.02
38135,7182863.16
38136,3998048.27
38137,3376483.49
38138,35803123.72
38139,29439834.76
38140,174764318.35
38141,3190638.29
38144,19596508.46
38145,3367598.45
38146,4348685.57
38147,5891497.44
38148,15095474.03
38149,14476377.08
38150,55719059.7
38151,279606967.25
38152,3492858.38
38153,9253211.48
38154,6043916.25
38155,13267066.41
38156,5937773.7700000005
38157,22949098.26
38158,145010619.93
38159,3993952.02
38160,13192808.41
38161,7288349.06
38162,5690243.16
38163,8274438.43
38165,9065263.87
38166,4089837.58
38167,4516548.11
38169,149958315.7
38170,48270991.85
38171,3660164.9499999997
38172,3870954.95
38173,9387293.29
38174,7025560.83
38175,21965126.59
38176,11317116.23
38177,7270165.25
38179,68765216.59
38180,6434343.130000001
38181,28108437.12
38182,25522020.14
38183,2732851.07
38184,11699233.52
38185,1353816292.75
38186,11213239.6
38187,15337460.1
38188,6689687.67
38189,38243765.4
38190,12154388.36
38191,156205083.2
38192,1829134.8399999999
38193,32623434.27
38194,14455867.47
38195,5532942.4
38197,8110098.08
38198,4856923.51
38199,10338196.62
38200,49949230.57
38203,3790054.38
38204,4261079.37
38205,26427909.209999997
38206,7344317.18
38207,4386040.96
38208,3772842.5399999996
38209,4167655.76
38210,4857946.04
38211,1941402.3
38212,21566986.12
38213,4431429.57
38214,16186502.9
38215,17356813.92
38216,3513972.43
38217,2424166.24
38218,11844579.27
38219,6371488.33
38221,3602869.67
38222,5414714.04
38223,11589809.94
38224,3975384.18
38225,13261252.72
38226,11685155.74
38228,6223924.74
38229,188227691.73
38230,8582390.4
38231,4460835.95
38232,4206469.4799999995
38235,5396269.6
38236,14546269.72
38237,8218513.68
38238,10295540.040000001
38239,76509270.92
38240,5303273.640000001
38241,1727595.35
38242,12506654.790000001
38243,3673972.66
38244,4149004.42
38245,2170560.1
38246,7021207.74
38247,38167581.69
38248,7117010.1
38249,55414239.2
38250,4960650.82
38252,1459041.68
38253,78882653.09
38254,6493771.08
38255,2354776.3
38256,12997359.82
38257,3878412.12
38258,1502343.54
38259,3461117.56
38260,2257498.42
38261,41608029.21
38262,4402239.17
38263,3037396.9
38264,6385387.5
38265,12714436.78
38266,4443327.26
38267,5690843.74
38268,2303920.25
38269,42730666.06
38270,11903575.3
38271,8238316.6899999995
38272,4658428.64
38273,5627686.28
38274,4730859.41
38275,4006482.1
38276,21358442.79
38277,3840268.66
38278,4987435.19
38279,6645354.779999999
38280,5044259.32
38281,17843911.03
38282,6067676.84
38283,2579293.88
38284,3168922.2199999997
38285,6292386.67
38286,2179189.08
38287,7601895.43
38288,9486127.629999999
38289,43036619.03
38290,3992067.45
38291,7695950.300000001
38292,11674986.98
38293,2476014.2
38294,4238191.12
38295,3844803.2399999998
38296,4535887.36
38297,5781161.55
38298,33912568.04
38299,7233973.96
38300,5340995.39
38301,3701925.62
38302,4311051.61
38303,3648015.12
38304,6238528.74
38305,9971372.23
38306,6797461.19
38307,4252296.31
38308,3393849.04
38309,17684989.23
38310,9034455.6
38311,6760596.930000001
38312,5011892.600000001
38313,1549352.8
38314,61004729.33
38315,21914960.34
38316,32529719.82
38317,132801628.27
38318,39802903.84
38319,14891084.719999999
38320,18184929.81
38321,3408551.48
38322,3101513.12
38323,4526080.41
38324,3444371.1199999996
38325,3201013.6100000003
38326,3288534.9699999997
38328,8584792.27
38329,2727704.76
38330,2021515.67
38331,4916496.45
38332,19723796.7
38333,6576883.2700000005
38334,11025256.620000001
38335,6962115.08
38336,18690981.17
38337,40373081.54
38338,8088443.49
38339,11213890.92
38340,10277721.75
38341,9832891.39
38342,4266647.05
38343,7445278.43
38344,41060127.18
38345,2866618.32
38346,1625344.39
38347,18465092.06
38348,30303403.169999998
38349,17788821.32
38350,8085998.32
38351,6618751.350000001
38352,15032789.93
38353,6588829.4
38354,2579251.88
38355,4138671.6300000004
38356,3834301.17
38357,11318075.66
38358,2877874.14
38359,14237522.83
38360,3330027.04
38361,2043207.53
38362,8658812.32
38363,6069373.35
38364,4991632.02
38365,4003851.29
38366,3407330.38
38367,5599873.22
38368,8733432.71
38369,7089728.0
38370,6825910.21
38372,4448809.6899999995
38373,6118056.84
38374,25936770.46
38375,19373401.38
38376,7618438.33
38377,16722661.09
38378,33634217.51
38379,3066033.46
38380,2557740.27
38381,12143841.18
38382,149810237.27
38383,28683083.32
38384,23996495.19
38386,20741254.77
38387,4689455.64
38388,16037705.35
38389,29503597.1
38390,4669282.5
38391,3230774.0
38392,5178336.4799999995
38393,6565850.14
38394,11991829.53
38395,14323911.13
38396,9693290.49
38397,50106147.81
38398,3171510.74
38399,29906777.1
38400,24384404.84
38401,8908596.5
38402,4898041.5
38403,5162555.11
38404,2194608.25
38405,7260608.13
38406,2623324.22
38407,2945219.0900000003
38408,22618337.71
38409,11118108.6
38410,8353740.63
38412,33925902.120000005
38413,5095436.19
38414,1876160.82
38415,8216406.54
38416,77629105.76
38417,5267233.26
38418,2967929.02
38419,3134660.83
38420,1487087.85
38421,301177833.12
38422,68158838.29
38423,48039280.94
38424,3137005.56
38425,92914077.28
38426,5897795.32
38427,3494009.76
38428,2342534.14
38429,4988809.6
38430,7434429.25
38431,20612813.46
38432,7580848.08
38433,9037619.45
38434,5053984.17
38435,3674605.2
38436,10380002.74
38437,3564815.76
38438,2748787.5900000003
38439,33921940.05
38440,5368126.09
38442,16265576.51
38443,4502618.18
38444,4192483.01
38445,4177697.03
38446,10089950.59
38448,6477081.44
38449,42023730.449999996
38450,17385428.689999998
38451,16045484.86
38452,4309439.54
38453,16971452.12
38454,11205984.51
38455,30263555.53
38456,6135534.109999999
38457,22971060.08
38458,2706908.4
38459,6452805.2700000005
38460,4115715.71
38462,2759360.98
38463,8894402.83
38464,12185007.16
38465,4981958.66
38466,14324297.95
38467,6036665.72
38468,70946658.93
38469,5800064.09
38470,13776113.28
38471,13362073.59
38472,1604507.46
38473,7841836.79
38474,78765773.88
38475,36704004.589999996
38476,3492285.66
38478,8568247.77
38479,3909392.85
38480,15585156.85
38481,5373971.74
38483,8731124.63
38484,10054025.69
38485,80725302.57
38486,61815078.1
38487,13234271.51
38488,3737935.79
38489,2074019.72
38490,10608869.57
38492,4684255.58
38494,4392077.4
38495,3588393.6599999997
38496,6812330.0
38497,1705955.52
38498,4456918.82
38499,11433391.0
38500,5140833.72
38501,13207522.290000001
38503,18143868.66
38504,18236541.18
38505,7555192.600000001
38507,33508371.47
38508,5712729.65
38509,54593044.949999996
38511,25688703.81
38512,2425933.61
38513,4722371.88
38514,4744726.03
38515,18239871.0
38516,55160400.620000005
38517,46492278.52
38518,7262519.59
38519,13200147.68
38520,3712470.93
38521,3276093.04
38522,8657232.34
38523,6019412.57
38524,52889741.29
38525,3116332.34
38526,3453842.13
38527,212755809.97
38528,5763150.98
38529,14762818.19
38530,7622865.17
38531,4891315.95
38532,3780872.18
38533,6391959.56
38534,27267111.61
38535,2345776.9
38536,10544188.73
38537,52095938.15
38538,26488822.35
38539,4108513.3699999996
38540,18454142.3
38541,10626206.24
38542,3600804.41
38543,13257902.36
38544,188093400.41
38545,66115359.419999994
38546,5215818.65
38547,56465771.93
38548,78791140.72
38549,1024911.4199999999
38550,14678364.73
38551,3796646.98
38552,2446678.54
38553,30624224.55
38554,7560600.71
38555,6554622.75
38556,10020941.12
38557,29566247.43
38558,13704436.17
38559,40157934.35
38560,6613109.01
38561,13726964.05
38562,51901622.75
38563,139792752.06
38564,3834880.9400000004
38565,87970904.51
38566,11613018.89
38567,28489806.07
39001,17294228.91
39002,438937.78
39003,475188.34
39004,500399.98000000004
39006,2574266.4699999997
39007,1545084.03
39008,2906267.27
39009,3768194.5
39010,1456874.45
39011,2823612.0700000003
39013,33291840.419999998
39014,1891888.74
39015,1585230.94
39016,11657451.870000001
39017,5568639.21
39018,7401156.319999999
39019,2162253.93
39020,2179572.33
39021,1088357.22
39022,4800484.12
39023,512955.82
39024,1828388.73
39025,1803047.22
39026,858819.43
39027,1831694.55
39028,2890417.42
39029,1780420.5
39030,10595800.47
39031,1230758.37
39032,2380405.23
39034,1520667.8199999998
39035,3003688.99
39036,622469.08
39037,1185036.13
39038,1908621.21
39039,1855553.11
39040,1271661.69
39041,4508744.79
39042,2069287.32
39043,9007364.469999999
39045,619393.81
39046,1704431.23
39047,9220845.9
39048,1999140.1300000001
39049,2951343.87
39050,1728443.02
39051,3228922.5
39052,762198.14
39053,2552111.83
39054,638742.74
39055,891372.27
39056,17241741.22
39057,923785.47
39058,1293649.94
39059,22788510.25
39060,661704.39
39061,714989.13
39062,1449821.44
39063,2297904.77
39064,277193.77
39065,973686.0
39066,1477923.29
39068,4231558.79
39069,942014.88
39070,1097450.3800000001
39072,1234139.6
39073,1825509.46
39074,1887818.25
39075,1547970.68
39076,1427796.3699999999
39077,589408.37
39078,3313590.2399999998
39079,3429770.4699999997
39080,583742.82
39081,2965904.52
39083,3048367.23
39084,1774832.57
39085,1162041.82
39086,4584896.04
39088,1601860.26
39089,702932.16
39090,566959.45
39091,1474254.0899999999
39092,1614570.54
39093,2602618.35
39094,1982983.52
39095,1189131.71
39096,3384960.53
39097,65637563.27
39099,3113481.21
39100,1123781.34
39101,9497566.71
39102,3007492.1
39103,900117.12
39104,4269702.680000001
39105,2915781.6799999997
39106,4188169.52
39107,1771813.71
39108,610758.05
39109,1694223.1300000001
39110,458929.16000000003
39111,676369.65
39112,934194.26
39113,3068980.61
39114,2601558.69
39115,2883166.93
39116,1811525.89
39117,764421.8400000001
39118,1283131.92
39119,590741.8799999999
39120,1746520.25
39121,2337096.56
39122,1539655.15
39123,514354.43000000005
39124,3859271.18
39126,3553133.18
39127,760941.09
39128,9877315.2
39129,7073863.61
39130,2531345.7199999997
39131,10247658.12
39132,286035.79
39133,774698.52
39134,1812804.3699999999
39135,651999.65
39136,464214.74
39137,680589.63
39138,2561945.25
39139,432797.14999999997
39140,613434.15
39141,2506715.29
39142,1574604.58
39143,690722.38
39145,1664767.7
39146,4392565.350000001
39147,1296903.81
39148,690642.01
39149,3338578.04
39150,14134985.24
39151,2265009.94
39153,5059373.54
39154,19143128.73
39155,1182700.47
39156,2044219.37
39157,613483.03
39158,1448913.5
39159,2728422.3000000003
39160,6746860.41
39161,1032614.6799999999
39162,1190862.13
39163,1248293.04
39164,4840106.8
39165,691821.21
39166,2212330.83
39167,2059664.08
39168,305820.13
39169,4081326.21
39170,4067804.11
39171,9391395.870000001
39172,2512858.51
39173,10452882.5
39174,532491.5499999999
39175,926866.13
39176,3094792.21
39177,4413070.62
39178,2043880.3900000001
39179,1682871.0799999998
39180,2225265.9499999997
39182,2609971.94
39183,3381622.63
39184,3135392.62
39185,1982922.21
39186,2214022.8
39187,3045867.58
39188,1603938.79
39189,17173898.57
39190,9500890.17
39191,666347.17
39192,672259.96
39193,5054819.36
39194,2800681.58
39195,466559.08999999997
39196,1424317.87
39197,2609086.3600000003
39198,199300898.14
39199,7819339.48
39200,2978486.54
39201,3423304.73
39202,1243242.06
39203,1177560.48
39204,371622.42000000004
39205,1955090.91
39206,1204220.06
39207,1005546.4199999999
39208,2375983.92
39209,2145586.47
39210,2724355.44
39211,1994532.21
39213,359436.52999999997
39214,3064012.87
39215,944351.1900000001
39216,5150353.399999999
39217,4170819.52
39218,2169856.74
39219,2857916.0100000002
39220,1954237.02
39221,610152.28
39222,860601.24
39223,1097263.16
39224,653400.26
39225,1292781.75
39226,329588.0
39227,3198337.41
39228,21543832.72
39229,1304934.4100000001
39230,2839653.35
39232,4220109.77
39233,11649410.77
39234,1033511.0700000001
39235,10332071.57
39236,180694.63
39237,937707.35
39238,783021.21
39239,979490.97
39240,3486497.15
39241,2730727.6100000003
39243,273764.64
39244,2098305.68
39245,1490925.5999999999
39246,6771626.84
39247,576279.19
39248,744913.3
39249,626993.9500000001
39250,470883.75
39251,3345126.14
39252,3224557.2
39253,4568141.54
39254,1544164.32
39255,1783103.92
39258,7137649.1899999995
39259,505165.97000000003
39260,1376802.82
39261,846265.52
39262,1160988.56
39263,2851616.9
39264,799886.72
39265,1728875.95
39266,1920816.04
39267,1374459.3
39268,1294591.97
39269,2220667.16
39270,3837934.72
39271,6406472.17
39272,722845.04
39273,2007160.53
39274,4466526.7700000005
39275,8554399.48
39277,781433.96
39278,1496685.77
39279,3166906.57
39280,983312.92
39281,611576.26
39282,1047404.4299999999
39283,3884492.6199999996
39284,1543301.48
39285,2614563.27
39286,14044816.35
39287,1743262.77
39288,2131149.37
39289,3457469.41
39290,1553938.58
39291,4113891.73
39292,1279185.36
39293,3618519.75
39294,1405048.84
39295,1342278.22
39296,1535634.0
39297,14613315.48
39298,911281.83
39299,4715515.03
39300,147585004.83
39301,2626653.49
39302,1602939.5
39303,1020286.45
39304,1281235.93
39305,2075465.41
39306,4401285.47
39307,4057140.69
39308,2180470.17
39309,385619.73
39310,3603933.52
39312,1549684.87
39313,3236970.63
39314,922336.89
39315,2577929.8800000004
39317,1649563.58
39318,2157253.71
39319,545220.35
39320,2879994.91
39321,1142443.33
39322,1021397.9
39323,1944830.06
39324,143038.21
39325,3428891.3899999997
39326,1438221.83
39327,8127020.640000001
39328,2788675.96
39329,1470518.17
39330,1386281.09
39331,11284747.3
39332,1506516.17
39333,32820330.0
39334,1162025.92
39335,4410801.81
39336,778935.22
39337,703127.9800000001
39338,1860326.96
39339,6216664.3
39340,428006.64
39341,3155220.63
39342,1911310.46
39343,324789.89
39344,1575429.37
39345,4732768.109999999
39346,1092470.97
39347,1345891.76
39348,3729325.5100000002
39349,1872027.75
39350,1341321.45
39351,2278590.45
39352,553495.86
39353,1333538.71
39354,2912346.94
39355,2601693.21
39356,1235641.49
39359,737480.5499999999
39360,928537.37
39361,1582198.09
39362,22980147.62
39363,745060.13
39364,4353866.4799999995
39365,11299759.299999999
39366,2567154.2399999998
39367,18043778.03
39368,58466220.62
39370,9659838.01
39371,2572314.0100000002
39372,1188627.17
39373,2710202.54
39375,1084711.87
39376,612852.99
39377,1550830.47
39378,2309203.23
39379,2276403.22
39380,451089.16
39381,1606645.11
39382,721721.26
39385,3119313.39
39386,1199266.86
39387,2383428.22
39388,1807756.39
39389,3491410.4499999997
39390,2021731.55
39391,3808630.99
39392,2903529.89
39393,999569.21
39394,1746498.21
39395,1127094.18
39396,6322572.78
39397,25659888.2
39398,3046766.73
39399,2309743.44
39400,813695.6499999999
39401,1708483.74
39402,3471649.95
39403,753649.92
39404,3322530.98
39405,7911617.11
39406,1541398.5
39407,2276885.86
39408,945860.79
39409,597546.07
39411,9417870.85
39412,2892262.08
39413,5207305.83
39414,617518.39
39415,9431055.120000001
39417,2565896.83
39418,852024.16
39419,1398891.22
39420,1924006.74
39421,2473610.6999999997
39422,2812052.7
39423,632515.68
39424,2932693.51
39425,1099876.1700000002
39426,2302806.5100000002
39427,1076099.56
39428,620327.06
39429,1930975.99
39430,784173.34
39431,1972053.8
39432,1082248.51
39434,40743671.6
39435,3572565.31
39436,1862358.79
39437,1717612.06
39438,640869.96
39439,2746829.83
39440,3917022.0
39441,15657288.54
39442,8007572.67
39443,2197212.47
39444,1534751.3
39445,2570939.0
39446,1933038.66
39447,1468968.76
39448,5450692.79
39449,1326815.25
39451,2784351.07
39452,3623196.86
39453,3897457.66
39454,554578.29
39455,1301731.7
39456,2124001.69
39457,578034.49
39458,2677177.57
39460,2853301.29
39461,736894.1599999999
39462,17126435.03
39463,1091387.3599999999
39464,865682.12
39465,1179800.6
39466,1382482.69
39467,1432595.93
39468,1402858.31
39469,1100121.85
39470,52340296.54
39471,5756244.27
39472,1864428.25
39473,1479564.3699999999
39474,952398.05
39475,22937047.07
39476,12170985.979999999
39477,1225247.04
39478,113572255.27
39479,1903864.5
39480,2724328.46
39481,2439575.95
39482,3630951.38
39483,2226651.7800000003
39484,1052116.41
39485,8189785.2
39486,887921.6
39487,18740347.32
39488,1550087.75
39489,3562275.21
39490,1853171.4600000002
39491,18359791.97
39492,1979747.17
39493,2371119.64
39494,4294017.73
39495,995291.7999999999
39497,1394518.22
39498,3546042.4099999997
39499,1303704.86
39500,36078005.94
39501,6278013.9399999995
39502,2578847.32
39503,2969222.03
39504,2281402.25
39505,549460.4500000001
39506,1447982.26
39507,965427.73
39508,4606124.13
39509,330536.45999999996
39510,7604072.84
39511,691313.2899999999
39512,640965.4
39513,2603048.57
39514,1292991.8699999999
39517,5472652.5
39518,1064230.68
39519,1510018.16
39520,3583347.04
39522,1847070.9
39523,2147573.88
39525,1623028.28
39526,33761493.84
39527,678119.8
39528,3027931.25
39529,747911.59
39530,4008223.89
39531,1402656.8199999998
39532,330295.26
39533,1312355.4
39534,3440275.88
39535,2921394.2199999997
39537,2397639.66
39538,893301.6
39539,2832735.65
39540,3186438.5
39542,956630.3300000001
39543,2233426.96
39544,573444.31
39545,1707368.27
39546,2601366.1799999997
39547,5318065.58
39548,814187.28
39549,1200901.1500000001
39550,1732186.22
39551,1851957.37
39552,2107529.23
39553,1423411.42
39554,2750344.35
39555,1141262.81
39556,650251.64
39557,1901898.53
39558,2956780.19
39559,1990914.0
39560,5873863.77
39561,3357493.54
39562,2148288.93
39564,1124282.18
39565,605145.8200000001
39566,1429231.57
39567,2672801.83
39568,295062.3
39569,2936522.33
39570,1245336.81
39571,2148900.49
39572,2532541.54
39573,3890713.02
39574,4275149.67
39575,526684.23
39576,2598864.79
39577,3029153.94
39579,7695472.31
39581,1786195.73
39582,6560873.2
39583,3182823.5500000003
39584,1339337.46
39585,450026.47
39586,991089.21
40001,75598400.44
40002,9751687.1
40003,1316873.95
40004,10066089.81
40005,1937328.67
40006,5316291.5200000005
40007,2247803.41
40008,1026368.58
40009,2107085.45
40011,1978450.34
40012,1551844.71
40013,2148334.81
40014,3669562.72
40015,1923450.6
40016,2809358.21
40017,2526311.36
40018,1894535.23
40019,6093350.56
40020,6087828.39
40021,5001323.82
40022,1978038.66
40023,2106877.63
40024,1718018.01
40025,4879868.02
40026,2083968.7
40027,1714074.47
40028,2549084.9499999997
40029,2430547.02
40030,1646641.9300000002
40031,7312228.28
40032,2572068.5
40033,2109567.17
40034,3187384.45
40035,2146011.42
40036,11084189.53
40037,8142700.62
40038,1559379.0
40039,1485703.05
40040,2131650.13
40041,1330767.59
40042,1591681.45
40043,4096649.43
40044,3490431.38
40046,115089266.82000001
40047,2271741.31
40048,1800139.65
40049,3954834.3000000003
40050,1690827.1300000001
40051,3281076.93
40052,2292172.5999999996
40053,3361908.93
40054,2289104.9899999998
40055,5555244.51
40056,6777372.69
40057,2961360.51
40058,2000700.6199999999
40059,4562795.06
40060,2744556.3
40061,5089120.91
40062,1562590.3199999998
40063,2910106.84
40064,1548878.19
40065,80164449.92
40066,2635772.86
40067,4838603.12
40068,3776474.65
40069,2860630.02
40070,2642908.13
40071,3624865.4899999998
40072,2273953.4
40073,1129934.8299999998
40074,3432186.56
40075,30502061.47
40076,2467221.97
40077,4341119.62
40078,4197213.39
40079,1507158.37
40080,6966538.9
40081,4188576.32
40082,2659152.93
40083,1508228.82
40084,3894743.1
40085,3242537.8400000003
40086,3703372.7
40087,1906091.6400000001
40088,208626554.65
40089,6311215.43
40090,5035515.28
40091,3659257.91
40092,1187892.91
40093,1860737.15
40094,6146491.38
40095,3325364.69
40096,1787544.35
40097,7131933.92
40098,2177238.36
40099,2373455.16
40100,2320565.68
40101,2318402.4
40102,7737915.6899999995
40103,4881540.75
40104,6360457.66
40105,5466201.54
40106,1660493.49
40107,2606689.04
40108,6660440.26
40109,4367151.02
40110,6339289.05
40111,5913186.86
40112,1602548.78
40113,3534060.87
40114,2950230.81
40115,1351570.3699999999
40116,1881333.32
40117,12633243.08
40118,8110359.3
40119,51407922.8
40120,2977328.3899999997
40121,2221856.89
40122,12194331.6
40123,6747661.39
40124,1785705.72
40125,6213859.01
40126,8761633.49
40127,5335707.11
40128,3891545.98
40129,5618515.38
40130,1255939.78
40131,4396927.87
40132,10280238.3
40133,31898672.39
40134,22788307.259999998
40135,8664855.9
40136,1475554.98
40137,2813004.39
40138,2715465.5300000003
40139,2378551.1
40140,1486750.21
40141,1582236.8399999999
40142,6196685.48
40143,3167357.63
40144,2233067.05
40145,4477853.87
40146,2663412.73
40147,3206056.4899999998
40148,1036500.87
40149,2608629.78
40150,16206178.28
40151,3874894.57
40152,7498576.85
40153,1728236.14
40154,3578624.52
40155,8635378.03
40156,4321091.18
40157,17292501.08
40158,12952622.23
40159,1702692.6300000001
40160,1676409.65
40161,1932287.7
40162,2423152.05
40163,4857066.16
40164,5062398.9399999995
40165,2632071.17
40166,1498713.33
40167,6088522.97
40168,10559780.26
40169,4707723.17
40170,1622133.31
40171,3812940.4399999995
40172,2617046.58
40173,1561458.22
40174,1649974.55
40175,2581702.9899999998
40176,722339.88
40177,2703576.5500000003
40178,4938645.95
40179,7078780.78
40180,6745581.84
40181,6577064.33
40182,6540379.32
40183,4977569.07
40184,76456476.51
40185,2963109.08
40186,3792711.97
40187,7803828.390000001
40188,2807054.98
40189,1555831.4
40190,4111872.8999999994
40191,6675841.0
40192,189717514.85
40193,1203413.0899999999
40194,8858972.75
40195,3747997.57
40196,4066526.85
40197,54065368.9
40198,1428664.4100000001
40199,2339440.0
40200,3448186.73
40201,14596661.73
40202,9656277.959999999
40203,2506059.54
40204,2658514.71
40205,1590707.72
40206,2531167.44
40207,7465122.52
40208,2141367.63
40209,25763422.060000002
40210,5438283.33
40211,4742817.4
40212,4173071.0100000002
40213,3198266.39
40214,2888389.41
40215,2532936.0700000003
40216,1392840.64
40217,39110296.57
40218,2803064.9899999998
40219,1140975.63
40220,1907387.74
40221,3145099.1799999997
40222,4717082.61
40223,2239082.5
40224,23741518.16
40225,1713344.56
40226,2302944.98
40227,13184756.01
40228,12907240.24
40229,11238331.47
40230,22139410.65
40231,4023104.39
40232,1934329.6400000001
40233,14894641.26
40234,7465915.49
40235,5355838.91
40236,5084956.01
40237,5200514.87
40238,3110449.53
40239,1420239.56
40240,4043230.25
40242,2306372.0100000002
40243,30464342.12
40244,6067085.79
40245,14068439.16
40246,15541827.04
40247,2269366.16
40248,5374568.25
40249,4958403.33
40250,7824455.73
40251,1194069.6
40252,3118622.52
40253,4337758.51
40254,3323636.96
40255,2767723.08
40256,4209344.68
40257,9866090.95
40258,1811577.45
40259,2458402.93
40260,3291176.11
40261,13867015.18
40262,3745025.11
40263,2843060.0
40264,7889084.43
40265,1352991.36
40266,15589162.87
40267,6746075.59
40268,3467118.06
40269,7104321.28
40270,2809483.4099999997
40271,5168234.4
40272,6949838.53
40273,30618234.72
40274,8459848.84
40275,3393725.8
40276,2619576.47
40277,4650989.61
40278,4400369.28
40279,68769344.59
40280,11404668.23
40281,45576198.29
40282,44040863.16
40283,13314880.25
40284,34656432.57
40285,3588749.08
40286,6249350.19
40287,27470072.99
40288,5794634.24
40289,2557550.39
40290,1250992.77
40291,7058895.87
40292,5481196.09
40293,4932331.68
40294,4242100.88
40295,5478936.04
40296,36823678.82
40297,4738773.15
40298,2301363.8400000003
40299,2312620.19
40300,3975058.46
40301,975655.34
40302,1494135.3900000001
40303,4858729.46
40304,49701332.08
40305,4283055.39
40306,5704176.95
40307,11396953.32
40308,4513619.21
40309,8417068.450000001
40310,41528138.85
40311,3444223.31
40312,97012316.63
40313,30868287.35
40314,6785670.36
40315,3822271.0100000002
40316,4529731.17
40317,9832033.35
40318,2471280.2199999997
40319,3282386.8
40320,2944115.95
40321,2006057.9800000002
40322,1707322.03
40323,3272901.64
40324,2352748.85
40325,2039755.41
40326,19104156.22
40327,4673808.83
40328,19932708.03
40329,3236049.73
40330,2649831.3200000003
40331,17154937.32
40332,16637816.68
40333,6542888.13
40334,4438347.53
41001,1228867.08
41002,9227533.91
41003,2235840.98
41004,2388671.33
41005,1514605.84
41006,1310690.23
41007,4436055.44
41008,4503043.91
41009,4602428.35
41010,5084518.68
41011,275838.6
41012,2273946.24
41013,1756121.3599999999
41014,1270466.07
41015,543684.85
41016,5031381.78
41017,2187374.35
41018,551946257.0600001
41019,942170.4500000001
41020,4609442.42
41022,912243.44
41023,4941165.99
41024,2818553.72
41025,10045968.709999999
41026,1574184.0899999999
41027,629384.24
41028,2871838.6999999997
41029,7167185.34
41030,2170921.92
41031,11927667.49
41032,16419981.99
41033,3294945.2
41034,1371719.99
41035,4509846.11
41036,3557316.72
41037,1228285.6400000001
41038,1682052.3900000001
41039,2715798.8
41040,7776133.67
41041,1151472.93
41042,4442658.86
41043,11922115.02
41044,5199622.66
41045,7615517.82
41046,10225505.11
41047,27619102.96
41048,1583395.45
41049,17402081.52
41050,7637367.23
41051,5444331.88
41052,6455692.859999999
41053,3882031.6
41054,1878624.74
41055,13300115.77
41056,706355.6
41057,1011557.17
41058,772480.51
41059,35396000.58
41060,6326080.850000001
41061,5255921.51
41062,2945363.75
41063,2983471.76
41064,1686515.35
41065,2785218.6900000004
41066,2763356.9499999997
41067,14060779.76
41068,4373115.4
41069,2557836.92
41070,3937004.81
41071,4171703.18
41072,1575762.97
41073,4284641.71
41074,9413517.03
41075,8626366.6
41077,747187.5499999999
41078,4974694.9799999995
41079,830430.63
41080,9780047.61
41081,1085241.24
41082,3509581.6
41083,4370926.72
41084,6618524.78
41085,6635078.75
41086,4400076.19
41087,3195141.62
41088,1138444.2000000002
41089,1369069.97
41090,1453530.4100000001
41091,14543210.35
41092,6356054.0200000005
41093,2109364.78
41094,4567307.9799999995
41095,6636094.02
41096,2226308.16
41097,8435789.05
41098,578967.28
41099,3254262.27
41100,1865191.0699999998
41101,9306955.47
41102,2940683.7800000003
41103,2174996.77
41104,13271740.209999999
41105,3033267.3899999997
41106,29686147.68
41107,1842133.1199999999
41108,1095386.67
41109,5586772.39
41110,4186812.3
41112,2003433.16
41113,2572199.54
41114,4291464.86
41115,1731500.26
41116,1003412.4700000001
41118,1932223.8699999999
41119,1130370.05
41120,10049158.399999999
41121,450174.08999999997
41122,2017379.6199999999
41123,3935625.4499999997
41124,2167650.35
41125,4170091.7600000002
41126,9750420.959999999
41127,1632903.18
41128,5502836.79
41129,4695561.81
41130,3260568.6100000003
41131,3927798.0
41132,2581871.44
41133,1438514.19
41134,7094647.16
41135,6635504.13
41136,51147000.879999995
41137,4015821.6199999996
41138,1695012.33
41139,6472175.43
41140,4909648.09
41141,1316850.01
41142,5356846.97
41143,12538716.68
41144,5315277.2299999995
41145,4169125.81
41146,8503606.0
41147,9592063.01
41148,9703252.79
41149,25805946.009999998
41150,20852145.32
41151,28940646.97
41152,5631758.36
41153,1643820.07
41154,9415316.1
41155,5965047.95
41156,1928506.03
41157,8002757.62
41158,9243172.85
41159,10265832.379999999
41160,1788318.16
41161,30685034.36
41163,1393328.68
41164,14062423.32
41165,642771.43
41166,2498826.8
41167,22685290.46
41168,1813569.93
41169,6134094.48
41170,4564552.95
41171,8688652.94
41172,1292987.2999999998
41173,15265552.629999999
41174,874184.52
41175,5186029.19
41176,5847985.95
41177,3775330.9000000004
41178,560230.74
41179,1635571.58
41180,13099364.8
41181,6656142.05
41182,759238.5700000001
41183,1439331.07
41184,3251931.28
41185,13030725.32
41186,1344560.0
41187,1432355.8399999999
41188,1136193.82
41189,2308672.22
41190,1415067.23
41191,434467.15
41192,3046270.8
41193,935119.82
41194,183703385.06
41195,960603.43
41196,922802.3200000001
41197,1848996.71
41198,27872286.28
41199,6208743.17
41200,1927834.5099999998
41201,2519444.37
41202,1236771.11
41203,4922402.149999999
41204,12321302.24
41205,1462524.79
41206,4942384.92
41207,8310416.13
41208,1079909.36
41209,2926662.54
41210,501955.22000000003
41211,12711761.34
41212,23047241.09
41213,1062520.22
41214,4267955.42
41215,584255.59
41216,2389027.66
41217,6272309.67
41218,2715656.6
41219,880074.78
41220,56041342.059999995
41221,2059171.79
41222,2214643.3
41223,3974136.58
41224,725157.85
41225,5807591.05
41226,20154870.85
41228,1618911.76
41229,9680810.21
41230,14231027.02
41231,8340654.91
41232,39084147.18
41233,5559213.45
41234,2523919.4
41235,9738913.3
41236,981893.13
41237,9228044.35
41238,18600337.8
41239,6125123.61
41240,852782.9400000001
41241,12065786.43
41242,43596260.21
41243,5304064.64
41244,590779.33
41245,1534124.91
41246,2462299.88
41247,26044950.96
41248,4626407.66
41249,8618383.870000001
41250,5964504.08
41251,3983328.69
41252,7589875.04
41253,1826458.1600000001
41254,1055296.41
41255,2302188.49
41256,10304788.11
41257,6279039.819999999
41258,5688995.82
41259,5467160.35
41260,1735574.09
41261,893105.99
41262,4100287.0100000002
41263,1303026.91
41264,782160.8099999999
41265,5058980.72
41266,1496822.5
41267,2673821.25
41268,2436778.39
41269,142202561.62
41270,1739151.0999999999
41271,7836744.83
41272,1330255.41
41273,3282897.07
41274,1197179.81
41275,9048101.71
41276,22864599.75
41277,847968.46
41278,1299004.48
41279,2941500.73
41280,12723650.709999999
41281,3223041.2800000003
41282,3389165.72
41283,2079072.6
41284,269424.32
41285,1688696.3299999998
41286,994017.58
41287,2139637.01
41288,4986630.4
41289,2335215.68
41290,1230792.45
41291,1603708.75
41292,1319682.49
41293,1467768.79
41294,7023117.59
41295,59470036.25
41296,8469961.36
41297,3525388.81
42001,2959966.25
42002,2145457.82
42003,11536140.899999999
42004,3138930.0999999996
42005,155643435.09
42006,3182995.31
42007,2247528.88
42008,2335213.04
42009,2253056.09
42010,9198583.790000001
42011,22235443.56
42012,3196428.19
42013,10081035.59
42014,3393781.35
42015,13884750.43
42016,4477095.38
42017,4515754.93
42018,5343319.0200000005
42019,24248152.94
42020,6826535.25
42021,7057433.75
42022,22969449.02
42023,36734769.94
42025,1399206.77
42026,10759122.61
42027,4858928.87
42028,4045212.93
42029,8116322.69
42030,4053166.95
42031,2096437.08
42032,8773869.07
42033,5429580.11
42034,1819233.11
42035,2502917.85
42036,3619280.81
42037,2728787.86
42038,4756717.79
42039,6376877.64
42040,2014432.8800000001
42041,6125308.12
42042,6653858.37
42043,11533624.899999999
42044,134330555.34
42045,1316726.28
42046,15219566.32
42047,4752843.87
42048,6048811.58
42049,4155393.4499999997
42050,2573617.31
42051,4888508.99
42052,26975615.12
42053,15276675.53
42054,2598700.79
42055,1814000.49
42056,24687617.71
42058,2924313.02
42059,41410978.019999996
42060,5235310.01
42061,5842969.95
42062,5283787.17
42063,3821965.61
42064,4986155.08
42065,8419312.17
42066,5037013.87
42067,2667707.1
42068,1745682.36
42069,15230200.219999999
42070,8937838.51
42071,49890306.76
42072,1701062.29
42073,1908152.87
42074,6892738.74
42075,5873115.970000001
42076,7690705.279999999
42077,3373642.96
42078,5399136.19
42079,4835255.45
42081,7201287.95
42082,3101670.08
42083,3976783.63
42084,1440246.8900000001
42085,8674387.65
42086,5060295.62
42087,7234178.67
42088,4344454.35
42089,3297976.91
42090,3549590.61
42091,6570188.119999999
42092,24029527.490000002
42093,7962690.58
42094,54329810.230000004
42095,151091153.89000002
42096,6506495.82
42097,39709761.07
42098,6000347.15
42099,27440673.85
42100,2674389.14
42101,1740825.1999999997
42102,6666368.87
42103,42908700.81
42104,5486935.2
42105,710712.2300000001
42106,2946330.94
42107,2313499.68
42108,5903739.7
42109,1822037.04
42110,43680816.41
42112,4715848.77
42113,1757855.09
42114,2098238.08
42115,10097404.16
42116,4197756.01
42117,2039566.92
42118,5169939.51
42119,3457750.16
42120,9129074.01
42121,2015136.82
42122,7466468.47
42123,43024273.47
42124,2538519.87
42125,2092524.54
42126,10708143.74
42127,62770135.09
42128,4220349.62
42129,17606049.99
42130,3393224.9299999997
42131,3099215.46
42132,3715437.15
42133,5860836.819999999
42134,6224981.98
42135,2175405.47
42136,5895998.59
42137,5253993.17
42138,3755258.59
42139,11691058.75
42140,6291563.48
42141,3471436.32
42142,4153195.1900000004
42143,3072753.15
42145,6784761.04
42146,2615968.91
42147,125804929.06
42148,3488808.49
42149,70857552.1
42150,4981198.88
42151,1987390.14
42152,3945286.3
42153,4106408.94
42154,2834111.62
42155,5727254.7
42156,9952576.3
42157,5306705.68
42158,2421834.38
42159,15878049.36
42160,1662244.21
42161,4023701.71
42162,5227400.6
42163,13107666.7
42164,2064786.22
42165,19354792.14
42166,3346269.2
42167,2802809.63
42168,33115427.06
42169,8651956.790000001
42170,13741621.24
42171,2197840.88
42172,6501744.98
42173,3381198.7800000003
42174,4442944.52
42175,7763348.86
42176,8769854.07
42177,14202417.98
42178,4587465.99
42179,4746663.18
42180,3876778.0900000003
42181,12015544.96
42182,21932292.259999998
42183,61235108.669999994
42184,74009815.33
42185,5904643.89
42186,149751009.44
42187,361959651.03000003
42188,4280771.77
42189,75150222.05
42191,5435168.55
42192,3472304.47
42193,7988794.78
42194,2406811.2399999998
42195,8317113.89
42196,1597311.3800000001
42197,4713866.53
42198,10540550.0
42199,11547721.94
42200,11615647.61
42201,3853445.66
42202,3359266.34
42203,2911595.1
42204,13822751.74
42205,8784188.85
42206,9710649.41
42207,328815329.90999997
42208,14861952.34
42209,3284813.91
42210,5805916.6
42211,14472570.7
42212,6747779.35
42213,1640286.56
42214,4252788.2700000005
42215,10806904.15
42216,4732472.78
42217,4207160.13
42218,1623872261.24
42219,4537601.65
42220,5338656.03
42221,3416885.11
42222,64394343.35
42223,50504443.2
42224,22214362.19
42225,21312506.51
42226,2367103.68
42227,5004663.31
42228,6582645.45
42229,3170959.54
42230,13215341.42
42231,8919437.99
42232,5189717.95
42233,6294703.720000001
42234,35867963.68
42235,3915617.36
42236,3373365.91
42237,56333112.7
42238,4768951.470000001
42239,9781883.97
42240,9877520.19
42241,2416503.31
42242,10364526.31
42243,2230845.4699999997
42245,3252552.82
42246,9281367.040000001
42247,4390677.94
42248,8791353.28
42249,11882867.86
42251,3472475.63
42252,4416341.99
42253,4359292.66
42254,5881413.55
42255,3841232.9
42256,27222304.13
42257,9261255.3
42259,22091538.57
42260,7465069.33
42261,4877732.76
42262,6442358.35
42264,5416209.03
42265,6780393.99
42266,3728790.5100000002
42267,13656306.11
42268,3038678.61
42269,1670804.9800000002
42270,10827861.47
42271,33494895.53
42272,8814464.87
42273,3231804.1100000003
42274,2012218.84
42275,47362367.04
42276,5534455.12
42277,4741923.49
42278,1381429.97
42279,91268940.26
42280,3457766.9299999997
42281,2013267.9
42282,2593633.77
42283,8701877.89
42284,8994572.98
42285,29858334.24
42286,5164957.16
42287,9505343.41
42288,5009874.66
42289,19227786.64
42290,2139427.8
42291,2776277.13
42293,8616757.14
42294,6211771.04
42295,8927988.75
42296,3049481.04
42297,3726731.95
42298,7458118.16
42299,32767854.97
42300,4357049.899999999
42301,3812554.46
42302,51745246.230000004
42303,2914744.07
42304,26370615.71
42305,65870552.83
42306,2545505.48
42307,6599811.48
42308,10174151.75
42310,3355319.32
42311,13643081.04
42312,5605945.61
42313,3920264.35
42314,4737993.99
42315,2795726.1799999997
42316,65088811.769999996
42317,1269118.08
42318,13786841.9
42319,3076924.72
42320,6005624.46
42321,2477314.47
42322,7185422.170000001
42323,53273429.53
42324,6120545.84
42325,3677022.33
42326,6322061.42
42327,3782521.63
42328,4325308.55
42329,3579714.2800000003
42330,58180040.17
42331,6258059.9799999995
42332,19571171.39
42333,4433024.32
42334,9533881.24
42335,2428539.1
42336,3842019.7199999997
42337,2456853.7600000002
42338,8403931.629999999
42339,3164769.85
43001,3724811.14
43002,11548276.42
43003,10045387.73
43004,3410502.93
43005,8060240.97
43006,4505355.91
43007,8997516.45
43008,2359668.55
43009,370683.26
43010,7784763.5
43011,2222894.92
43012,48488178.029999994
43013,4042970.4699999997
43014,857392.3999999999
43015,1468814.1400000001
43016,6464317.4
43017,2932560.73
43018,10717060.9
43019,1514588.08
43020,26800719.67
43021,7615220.59
43022,2214048.88
43023,3057349.96
43024,4584388.81
43025,23138929.23
43026,4557809.18
43027,1684891.74
43028,2591135.66
43029,2716977.2
43030,3059971.0300000003
43031,1225237.8599999999
43032,12761556.55
43033,10767347.4
43034,4433664.41
43035,3076530.94
43036,2503776.57
43037,2600824.34
43038,4057833.05
43039,5898794.77
43040,80272709.55
43041,40481380.58
43042,6372956.36
43043,4641831.62
43044,2547996.64
43045,2154336.48
43046,14835982.25
43047,2260422.54
43048,12413487.82
43049,10916689.809999999
43050,951822.82
43051,27394998.27
43052,2201461.96
43053,3630567.6599999997
43054,7220780.64
43055,2748591.3499999996
43056,4986029.24
43057,1474473.85
43058,7591033.96
43059,3409092.77
43060,1520095.21
43061,4689183.3
43062,9614893.950000001
43063,2385740.48
43064,2819105.87
43065,2567952.77
43066,3849062.54
43067,1909918.28
43068,522583.5
43069,2686013.02
43070,6181518.6
43071,4768626.15
43072,1488311.23
43073,2295587.57
43074,6572126.54
43075,1368488.9400000002
43076,2716728.43
43077,4472719.22
43078,19841645.75
43079,2339106.77
43080,17285481.400000002
43081,667044.7100000001
43082,1109179.44
43083,2221758.34
43084,8997300.379999999
43085,1731149.98
43086,1349561.18
43087,28187384.98
43088,2443416.8
43089,21534706.19
43090,1625457.25
43091,8012954.529999999
43092,6987569.0
43093,5381418.25
43094,1298921.17
43095,1298351.5
43096,6074377.5200000005
43097,3610054.87
43098,3686317.3699999996
43099,2014986.23
43100,1221756.7
43101,1520932.22
43102,5851683.209999999
43103,1680584.92
43104,2679102.14
43105,1745864.54
43106,2180011.58
43107,1492227.1199999999
43108,3967954.38
43109,1424730.68
43110,5199154.83
43111,8650724.16
43112,38272012.95
43113,14077978.6
43114,9217447.23
43115,7678968.62
43116,1867917.01
43117,5309891.78
43118,4056911.81
43119,7680462.3
43120,11953787.0
43121,2640172.49
43122,3675112.65
43123,2951999.76
43124,7689914.140000001
43125,1644428.6099999999
43126,5359835.43
43127,3472453.01
43128,2526429.95
43129,2975796.36
43130,13460646.04
43131,1687033.04
43132,14095073.38
43133,2755853.31
43134,2237007.21
43135,26978341.31
43136,6950621.91
43137,53835095.800000004
43138,6474166.38
43139,1007570.5
43140,5017006.7
43141,12526709.12
43142,4182770.7399999998
43143,2206566.36
43144,3081524.78
43145,900701.2100000001
43147,3501415.75
43148,7951551.350000001
43149,1894349.57
43150,5170805.2
43151,3067225.55
43152,20167174.37
43153,10646467.79
43154,10801496.35
43155,1226898.42
43156,4700207.15
43157,170068027.05
43158,2601472.64
43159,5020579.12
43160,2737859.52
43162,33714132.29
43163,10787454.0
43164,6435350.7700000005
43165,19332211.56
43166,5165096.07
43167,3212682.96
43168,1593729.14
43169,1130097.34
43170,2731995.31
43171,1854117.5
43172,3282584.69
43173,2316892.22
43174,6316041.18
43175,1825545.75
43176,665050.1799999999
43177,25829234.67
43178,3315391.01
43180,1290855.3
43181,6840732.06
43182,1570951.8199999998
43183,1344871.55
43184,8427717.13
43185,21163469.27
43186,9846341.05
43187,2751814.79
43188,2290727.7
43189,4267633.49
43190,30719415.47
43191,2371315.5
43192,3609352.88
43193,3359504.53
43194,5695860.27
43195,1893891.32
43196,3588267.12
43197,4420157.41
43198,5424033.77
43199,9417851.35
43200,17926946.01
43201,2296941.96
43202,1286223.6700000002
43203,5131255.069999999
43204,2806891.19
43205,28955739.79
43206,4348734.0600000005
43207,1970015.53
43208,681082.9
43210,3259171.98
43211,17935748.14
43212,11030069.84
43213,20598388.97
43214,2298732.15
43215,3470662.77
43216,22884787.83
43217,4516508.11
43218,6605544.01
43219,1252547.1400000001
43220,5237251.930000001
43221,5911684.16
43222,2744983.83
43223,9017547.12
43224,48850072.97
43225,1701057.61
43226,2971719.75
43227,4939139.3
43228,2308913.77
43229,5469501.83
43230,7140926.45
43231,3817518.6999999997
43232,2938874.26
43233,6655815.2299999995
43234,25484761.619999997
43236,9871103.82
43237,4520485.15
43238,2167085.7
43239,13403697.64
43240,2199642.18
43241,9540351.14
43242,1125473.3
43244,29726341.76
43245,4230769.49
43246,7215792.390000001
43247,1786358.99
43249,6144862.34
43250,593348.0700000001
43251,19002397.28
43252,1225621.14
43253,4038750.36
43254,3099298.83
43255,548079.68
43256,4994710.09
43257,3506484.03
43258,8614477.620000001
43259,3375080.5500000003
43260,962032.62
43261,2994927.69
43262,7378364.75
43263,828430.38
43264,2303664.11
43265,6635837.15
43267,19377427.95
43268,78532460.62
44001,13458785.88
44002,25004957.5
44003,117602480.56
44004,9386780.129999999
44005,21280450.51
44006,15163723.29
44007,16828861.2
44008,6244346.24
44009,39888922.57
44010,34534813.120000005
44011,11185262.23
44012,35638903.39
44013,27543575.590000004
44014,25595084.169999998
44015,58476884.3
44016,5435836.37
44017,3652527.5900000003
44018,28874468.09
44019,8193188.66
44020,116036800.8
44021,24073328.99
44022,16301594.64
44023,25741308.08
44024,12595605.01
44025,31377958.25
44026,120204285.19
44027,14767495.19
44028,29430826.06
44029,33757030.34
44030,27550374.2
44031,7400557.359999999
44032,17834701.7
44033,18161265.009999998
44034,6237443.65
44035,74454219.16
44036,141568287.59
44037,15568318.43
44038,16887518.6
44039,5544218.87
44040,17437487.15
44041,34356115.66
44043,66667426.56999999
44044,8290873.28
44045,81194754.73
44046,17479773.69
44047,89996528.6
44048,16509598.32
44049,60083372.44
44050,17586449.18
44051,27244874.81
44052,75197301.51
44053,11820534.88
44054,19002367.69
44055,295261065.71
44056,23986099.310000002
44057,18008259.8
44058,4188754.6
44059,8642378.45
44061,17313894.79
44062,10215406.1
44063,27698054.150000002
44064,22413295.33
44065,6405558.09
44066,32301789.3
44067,42179506.379999995
44068,17649529.05
44069,115994701.31
44070,27311858.57
44071,33090438.24
44072,39201519.81
44073,41025182.94
44074,32287258.53
44075,18652653.22
44076,6860567.71
44077,17243250.48
44078,2298472.08
44079,21394505.91
44080,5641449.92
44081,28118263.58
44082,32848836.32
44083,12711414.95
44084,50067394.35
44085,8161872.4799999995
44086,8135014.27
44087,54731312.050000004
44088,13914210.770000001
44089,25219841.25
44090,5150432.52
44091,9529789.89
44092,6372969.78
44093,7463266.359999999
44094,18613238.43
44095,10179350.85
44096,33624686.79
44097,30122846.0
44098,30812216.19
44099,15486580.129999999
44100,12555486.459999999
44101,21395599.93
44102,17165660.650000002
44103,84725602.59
44104,6191924.890000001
44105,3898636.26
44106,27037848.48
44107,12102376.94
44108,14626069.93
44109,1433028928.89
44110,56830545.61
44111,10659545.71
44112,4468449.62
44113,27435327.0
44114,109938407.06
44115,21046270.13
44116,25967916.61
44117,16775387.209999999
44118,8152740.79
44119,10794937.97
44120,21391494.37
44121,3689906.69
44122,21639889.76
44123,6697759.4
44124,5403447.58
44125,36913234.66
44126,33142973.990000002
44127,15821961.39
44128,34254996.589999996
44129,74138973.33
44130,30707153.23
44131,138296331.67
44132,129635597.51
44133,17823901.11
44134,4430692.89
44135,57749217.11
44136,22221492.9
44137,17966061.8
44138,7417330.68
44139,7427595.7299999995
44140,8193705.100000001
44141,6865976.69
44142,10283841.92
44143,184682053.60000002
44144,18736018.85
44145,16052631.53
44146,18054593.41
44147,7467970.61
44148,6095500.4399999995
44149,20525531.34
44150,27436469.19
44151,42895499.41
44152,14716680.83
44153,11037509.3
44154,92076389.5
44155,14646957.9
44156,14606290.620000001
44157,8549000.11
44158,68528560.83
44159,7362686.53
44160,22102721.94
44161,27344096.76
44162,277486961.28000003
44163,19169984.65
44164,14345037.31
44165,12340770.42
44166,27041696.71
44168,34639591.589999996
44169,54499671.5
44170,7876029.7700000005
44171,7887618.359999999
44172,54055165.99
44173,10765685.48
44174,14258964.649999999
44175,18947396.56
44176,24805847.44
44178,13897799.92
44179,27844777.46
44180,22043040.38
44181,6670849.26
44182,38298505.52
44183,12661741.48
44184,687001896.33
44185,28311001.04
44186,40761084.58
44187,30453419.21
44188,55252867.48
44189,13802114.96
44190,100358403.82
44191,5167588.13
44192,27013483.95
44193,11431740.39
44194,37686248.07
44195,47376975.12
44196,12218490.92
44197,12473609.02
44198,29365272.979999997
44199,17328517.92
44200,3971010.36
44201,48821414.2
44202,10788951.49
44203,10850722.35
44204,36489368.12
44205,17578994.05
44206,8785561.57
44207,8284083.119999999
44208,5484603.82
44209,50070560.17
44210,68763968.86
44211,56549172.18
44212,57863458.74
44213,31925057.65
44214,10857119.05
44215,95829504.59
44216,30206658.42
44217,38682751.32
44218,7372161.6
44219,7656161.08
44220,7900990.71
44221,8761371.48
44222,8526110.36
44223,19100853.87
44224,8890127.01
45001,2061950.01
45002,1479608.0
45004,115285728.69
45005,1468767.38
45006,8501859.7
45008,31792716.05
45009,5228179.27
45010,4387550.27
45011,1413522.86
45012,492700.23
45013,856870.01
45014,1598520.44
45015,3310277.28
45016,7898437.84
45017,2589337.37
45018,4076623.27
45019,4379200.47
45020,8391597.92
45021,942314.81
45022,3333054.8
45023,2367933.51
45024,17855734.05
45025,9475032.540000001
45026,3503383.45
45027,2690067.43
45028,59883659.72
45029,16323565.37
45030,18801256.44
45031,28997435.26
45032,1947711.22
45033,2309526.54
45034,20419612.650000002
45035,9576735.95
45036,3330196.55
45037,1417022.83
45038,1657301.33
45039,3896618.21
45040,19355471.770000003
45041,717931.46
45042,12034434.16
45043,5157322.96
45044,731393.07
45045,1822151.6500000001
45046,3231112.07
45047,1792136.03
45049,5788196.01
45050,10680308.53
45051,8520020.75
45052,951607.03
45053,55215999.86
45054,2149221.62
45055,2899822.81
45056,1164910.66
45057,521140.82
45058,721198.96
45059,2880392.31
45060,6984661.149999999
45061,11460331.09
45062,8238225.34
45063,6879153.38
45064,2980930.37
45065,676810.99
45066,2038787.78
45067,29867385.79
45068,93684389.89
45069,6738556.94
45070,976246.94
45072,8420071.07
45073,3653853.6799999997
45074,376092.94
45075,57796681.330000006
45076,780245.73
45077,2631108.65
45078,821331.74
45079,669552.3400000001
45080,1615880.8299999998
45081,2964143.02
45082,48529466.08
45083,17814061.96
45084,2673251.82
45085,12504937.16
45086,797786.86
45087,30343456.07
45088,1154908.13
45089,61434895.32
45091,1001639.28
45092,10293815.879999999
45093,20018553.69
45094,1086375.47
45095,11179115.61
45096,4523247.5
45097,4989823.62
45098,24066140.35
45099,1701539.5
45100,5035523.68
45101,1119271.39
45102,1520158.05
45103,14372668.44
45104,9114719.31
45105,493784.38999999996
45106,1875056.77
45107,2341390.9499999997
45108,20450363.99
45109,3413459.8400000003
45110,2052381.4600000002
45111,991595.7
45112,3176674.07
45113,1967865.25
45114,884827.1699999999
45115,32995310.57
45116,3594736.16
45118,1493512.81
45119,8114173.09
45120,1896439.54
45121,2348998.84
45122,55928111.36
45123,7920951.98
45124,1086077.25
45125,770211.25
45126,13224806.8
45127,18598585.99
45129,8689203.49
45130,7271357.75
45131,1269523.79
45132,1478271.33
45133,1857026.73
45134,9237105.88
45135,1400826.81
45136,3513377.89
45137,4255650.66
45138,1319048.75
45139,3529068.36
45141,1928540.39
45142,17573180.52
45143,966907.47
45144,5153696.87
45145,30991927.1
45146,47086624.0
45147,141068804.86
45148,8410158.64
45149,1224870.02
45150,2387539.22
45151,946573.5800000001
45152,888568.74
45153,4888989.95
45154,17432606.4
45155,116696747.01
45156,3094676.12
45157,2494925.19
45158,2132509.54
45159,802136.8
45160,2784730.3
45161,4456005.89
45162,1864260.72
45164,3293703.0
45165,3570737.8499999996
45166,2248229.17
45167,11374801.65
45168,2961243.66
45169,74589670.13
45170,475314.25
45171,2826935.39
45173,29821324.12
45174,1467071.06
45175,11326168.9
45176,2195336.55
45177,1173548.09
45178,8736517.88
45179,13857924.3
45180,592268.43
45181,281742.55
45182,5006560.89
45183,679476.4099999999
45184,3103337.14
45185,1231778.02
45186,2741623.82
45187,28052336.31
45188,15370824.99
45189,1858634.99
45190,796050.1900000001
45191,41471811.75
45192,4770310.53
45193,14529414.35
45194,17264383.28
45195,1585359.23
45196,7807679.57
45197,14437967.11
45198,772665.25
45199,4405870.78
45200,12545641.21
45201,601643.57
45202,5366123.33
45203,51496305.89
45204,4029683.79
45205,1437629.27
45206,1355962.3800000001
45207,1796831.79
45208,149939781.71
45209,1080358.94
45210,4368498.36
45211,3278281.13
45212,7101319.14
45213,3661095.71
45214,860257.81
45215,2134571.4
45216,1564379.78
45217,773950.9199999999
45218,857486.11
45219,981069.8900000001
45220,2206443.12
45221,654870.98
45222,5919392.8
45223,3854489.88
45224,40296796.46
45225,1274703.0
45226,5410425.58
45227,9608909.020000001
45228,5345245.54
45229,14086906.76
45230,4025197.63
45231,906074.0599999999
45232,167211324.57999998
45233,1588636.49
45234,1046425309.93
45235,70388273.97
45236,1217105.23
45237,745641.5700000001
45238,2413643.18
45239,2327555.59
45240,8860672.370000001
45241,1669800.16
45242,1273790.32
45243,3460430.41
45244,25454137.23
45245,11642354.700000001
45246,402646.63
45247,29584903.41
45248,21971120.8
45249,4237572.15
45250,826550.63
45251,2609086.31
45252,86434867.52
45253,20316011.2
45254,14195961.61
45255,2550653.19
45256,2137787.15
45257,1836185.1199999999
45258,20253948.05
45259,9024610.41
45260,763256.75
45261,8142132.59
45262,680486.37
45263,654983.52
45264,895746.57
45265,1874670.95
45266,1663973.13
45267,1522341.56
45268,5471286.92
45269,17029882.53
45270,13508873.58
45271,8636559.91
45272,48428271.36
45273,38465634.31
45274,48923752.94
45275,3493445.75
45276,3347972.8699999996
45277,2089626.35
45278,4649162.22
45279,10870967.52
45280,7204197.49
45281,8805906.97
45282,20547202.93
45283,1138109.8
45284,179192264.36
45285,115054533.6
45286,63941136.56
45287,633558.98
45288,3397869.7
45289,5667420.09
45290,17665023.28
45291,6016109.04
45292,5176622.51
45293,7363098.279999999
45294,1036786.87
45296,2585221.08
45297,7377950.08
45298,33784068.07
45299,1141440.9200000002
45300,19550350.74
45301,1389634.5099999998
45302,126421133.81
45303,2488858.2600000002
45305,1235322.49
45306,4005072.88
45307,7987146.890000001
45308,33455623.709999997
45309,4723691.21
45310,17879936.22
45311,3380393.57
45312,2911859.99
45313,5258905.64
45314,2514591.45
45315,60729654.36
45316,4381058.7
45317,11937924.09
45320,1248983.27
45321,3218682.73
45322,213939.01
45323,3119909.25
45324,12232260.61
45325,949077.07
45326,2745228.84
45327,16236721.66
45328,1619592.9
45329,6952891.92
45330,1158600.73
45331,2690596.0500000003
45332,9797603.67
45333,6690636.239999999
45334,3286194.4
45335,7864166.53
45336,4376889.34
45337,1137592.52
45338,38502308.33
45339,3045010.05
45340,4925624.03
45341,1405800.07
45342,1564333.82
45343,796181.62
45344,4855719.07
45345,8573350.92
45346,11461492.46
45347,1758437.55
45348,4842838.75
46001,3660530.5100000002
46002,1444974.12
46003,6543087.5
46004,1233689.08
46005,1629730.82
46006,1798246.38
46007,5047175.26
46008,1409099.55
46009,6263148.11
46010,1660161.8900000001
46011,1621136.5899999999
46012,5627048.4799999995
46013,1524353.23
46014,1092249.57
46015,12925498.74
46016,2823170.32
46017,1728848.8900000001
46018,1265794.77
46019,764384.73
46020,2127992.66
46021,3267524.42
46022,1871517.13
46023,3787311.62
46024,1364197.49
46025,880548.82
46026,1259248.89
46027,785975.25
46028,6257153.22
46029,20389284.95
46030,1679113.04
46031,1023007.07
46032,2038285.6099999999
46033,1394908.54
46034,1623375.08
46035,962332.99
46036,955821.49
46037,1520515.01
46038,10743577.46
46039,1500240.36
46040,3762358.54
46041,865795.55
46042,180693339.22
46043,1552803.62
46044,5791352.01
46045,10613970.299999999
46046,2449361.65
46047,1618584.61
46048,1244098.51
46049,1886239.1400000001
46050,716352.3099999999
46051,2102844.19
46052,1782264.1600000001
46053,2028187.07
46054,1908348.57
46055,6975623.01
46056,643947.54
46057,3332422.4899999998
46058,3766075.18
46059,2332513.04
46060,1452318.76
46061,2003014.26
46062,3502896.31
46063,12908817.92
46064,8510132.04
46065,2499832.85
46066,5228742.66
46067,3427715.15
46068,1295228.15
46069,1545885.57
46070,2126677.91
46071,2498603.35
46072,2358845.25
46073,1466721.66
46074,1828396.15
46075,1540214.76
46076,2905615.37
46077,2913229.38
46078,865448.18
46079,1210337.43
46080,1976572.26
46081,759532.3200000001
46082,1846965.97
46083,3005471.2399999998
46084,2101525.04
46085,2437314.7600000002
46086,3604859.17
46087,4372983.61
46088,4689750.0200000005
46089,4031872.16
46090,880580.43
46091,1282641.3199999998
46092,1158245.03
46093,1567033.28
46094,1293696.28
46095,4841198.49
46096,1082768.72
46097,1422976.56
46098,1483042.83
46099,938873.96
46100,3929213.0100000002
46101,3431202.5999999996
46102,97959179.78
46103,1941787.84
46104,732124.1
46105,2424031.4
46106,1642950.16
46107,1531982.47
46108,2154632.37
46109,3490714.34
46110,572046.08
46111,1412483.69
46112,1210827.51
46113,1681456.1199999999
46114,2054862.55
46115,2069637.77
46116,768704.54
46117,3271877.92
46118,4379436.21
46119,2032378.7
46120,1295065.19
46121,1306666.59
46122,832800.15
46123,1576109.34
46124,1724608.3599999999
46125,2156456.64
46126,1704882.61
46127,39309854.06
46128,31471384.43
46129,1342118.1400000001
46130,1388942.33
46131,1176771.0799999998
46132,2315343.44
46133,1155197.08
46134,2571803.37
46135,1061106.62
46136,2804579.5500000003
46137,6139488.76
46138,7371882.93
46139,3221778.31
46140,967027.4099999999
46141,1245861.09
46142,1248716.6199999999
46143,13516619.43
46144,2041108.34
46145,6177966.68
46146,1488112.0599999998
46147,1421731.5
46148,11676606.06
46149,3669487.69
46150,1032259.33
46151,1079020.09
46152,3392758.2
46153,2964531.41
46154,1405901.18
46155,1925973.44
46156,2536166.53
46157,995801.58
46158,1479121.6099999999
46159,1924304.1700000002
46160,6690619.87
46161,2986552.15
46162,2858567.29
46163,3475896.84
46164,2563054.84
46165,2175688.3200000003
46166,834583.13
46167,1404692.3599999999
46168,1563187.62
46169,1549156.76
46170,8908566.77
46171,1424924.01
46172,2336953.14
46173,4674825.57
46174,2657080.23
46175,4075070.08
46176,4236204.109999999
46177,3998806.44
46178,1807103.48
46179,845396.7
46180,1869008.3900000001
46181,885458.25
46182,15319991.21
46183,2444162.6999999997
46184,2177105.12
46185,16032811.58
46186,1447401.03
46187,3882724.93
46188,1232498.08
46189,3349792.7600000002
46190,951220.53
46191,8991836.44
46192,1516453.94
46193,2029032.8
46194,1956276.18
46195,2568406.49
46196,1162728.82
46197,3692721.53
46198,1692896.77
46199,1769650.33
46200,1457752.36
46201,7786789.39
46202,2715356.64
46203,2700802.56
46204,3092331.24
46205,1830619.22
46206,1038420.29
46207,2947340.47
46208,1417735.21
46209,916216.0
46210,810777.09
46211,3295444.14
46212,846164.9400000001
46213,1504233.21
46214,2907964.7399999998
46215,5160664.69
46216,3690165.9000000004
46217,1604261.01
46218,2481219.13
46219,2450553.68
46220,5015781.03
46221,2500552.85
46222,1150447.92
46223,837853.18
46224,15253626.03
46225,17616733.07
46226,2146749.56
46227,1341193.6
46228,5816920.970000001
46229,3140099.1
46230,516140.75999999995
46231,16430582.700000001
46232,4043120.5100000002
46233,1266923.48
46234,957017.78
46235,1118225.3
46236,1358365.03
46237,1268397.39
46238,2210482.35
46239,935568.7999999999
46240,11311884.49
46241,1860318.51
46242,1413436.54
46243,1091188.8599999999
46244,1362746.8599999999
46245,1147315.99
46246,697192.54
46247,768740.0499999999
46248,1643730.9800000002
46249,1617350.59
46250,1024683.63
46251,29777871.389999997
46252,2729733.65
46253,1600185.83
46254,1274231.01
46255,2402068.1999999997
46256,4840846.7
46257,1146312.32
46258,1154404.98
46259,2029982.44
46260,1864057.13
46261,338061.63
46262,945536.33
46263,1349983.46
46264,1418161.51
46265,2296933.0500000003
46266,3192121.78
46267,4797557.51
46268,6070766.64
46269,894439.62
46270,1200112.65
46271,2574129.14
46272,2578906.03
46273,5497800.81
46274,1401849.39
46275,1001672.59
46276,1741898.04
46277,1659151.08
46278,1037721.63
46279,1534216.5
46280,1715760.19
46281,1414932.05
46282,1419268.5899999999
46283,3316699.56
46284,1916978.55
46285,1213778.97
46286,1292733.01
46287,1255160.4100000001
46288,2206839.79
46289,1070873.76
46290,1677119.75
46291,545265.55
46292,975890.7
46293,2988648.87
46294,1033600.21
46295,929681.85
46296,2910490.0100000002
46297,7592334.31
46298,2828328.36
46299,1870247.76
46300,1102942.62
46301,2785604.6
46302,1761711.3800000001
46303,1050812.16
46304,1048077.01
46305,1581105.03
46306,741403.44
46307,2795735.96
46308,1334638.01
46309,33256447.59
46310,2244170.4899999998
46311,6117639.77
46312,2100873.82
46313,2802847.63
46314,2151989.6
46315,2425254.7199999997
46316,1927753.03
46317,3544652.44
46318,1694936.3499999999
46319,1023196.24
46320,3486183.85
46321,1618469.9100000001
46322,4951892.42
46323,844315.72
46324,1916553.35
46325,797709.47
46326,674648.49
46327,2540733.04
46328,1752725.9000000001
46329,854980.0700000001
46330,11028108.14
46331,3248917.93
46332,3438297.63
46333,862470.52
46334,17673462.68
46335,1966048.8399999999
46336,1843938.86
46337,1778770.75
46338,1033540.73
46339,1741200.27
46340,2182257.11
47001,255423101.68
47002,778968.9
47003,2438319.8
47004,23583400.37
47005,3626310.61
47006,1744299.68
47007,2595788.4
47008,729744.84
47009,1543021.56
47010,1441513.72
47011,1411966.34
47012,970308.6699999999
47013,1622163.6300000001
47014,1495695.31
47015,10515093.24
47016,3743109.48
47017,3201207.24
47018,1325218.4100000001
47019,4233304.73
47020,1401532.2
47021,8137992.56
47022,2400327.27
47023,2010951.1099999999
47024,5579116.19
47025,4023258.55
47026,1558932.33
47027,17723380.02
47028,3843162.09
47029,4625794.27
47030,1963335.15
47031,40014815.36
47032,35436969.28
47033,1707658.48
47034,2806658.9
47035,1897512.97
47036,2050685.77
47037,2013831.08
47038,4794495.7
47039,773440.98
47040,7481254.720000001
47041,3158630.98
47042,839519.8999999999
47043,4579350.7700000005
47044,1677384.87
47045,2318427.98
47046,2393298.99
47047,944193.8200000001
47048,11515179.89
47049,25284188.45
47050,883679.43
47051,19663231.61
47052,28218954.84
47053,2373838.84
47054,25717791.81
47055,3851898.66
47056,4250687.09
47057,11256514.51
47058,1042305.4400000001
47059,1402957.26
47060,7789945.97
47061,3835610.9
47062,2029346.13
47063,1040889.42
47064,1653069.8800000001
47065,18897044.34
47066,4979587.89
47067,2646907.08
47068,5686883.37
47069,15151161.39
47070,2927377.88
47071,1910823.58
47072,1052048.21
47073,1120954.83
47074,1585830.36
47075,3566190.17
47076,2121321.23
47077,7076166.92
47078,7658643.24
47079,4583218.54
47080,1133771.3599999999
47081,1839452.01
47082,2133708.77
47083,1130352.04
47084,1879329.6700000002
47085,1684127.65
47086,14528842.610000001
47087,1701685.95
47088,2792315.07
47089,1163530.1300000001
47090,1291342.9
47091,16528322.610000001
47092,1954570.98
47093,1792592.93
47094,2331989.94
47095,8100664.75
47096,1465064.9600000002
47097,3376837.37
47098,1761554.83
47099,4423244.75
47100,26621463.009999998
47101,4017025.27
47102,7018112.949999999
47103,1525056.44
47104,1421858.0
47105,3289006.13
47106,227803667.1
47107,2197923.4
47108,2947573.91
47109,3084015.07
47110,6207634.72
47111,3346829.18
47112,3087240.3000000003
47113,1217937.59
47114,1204690.13
47115,1469401.76
47117,8001859.82
47118,1498341.29
47119,2147044.75
47120,1052705.33
47121,1409402.6099999999
47122,2118463.55
47123,3677070.85
47124,1375793.91
47125,1821324.19
47126,1023366.44
47127,6218269.0
47128,5087516.04
47129,2359258.31
47130,1930263.82
47131,1926564.95
47132,1370167.48
47133,2171055.3
47134,2331879.07
47135,2803400.54
47136,937325.99
47137,5513918.2
47138,9104971.12
47139,622083.5199999999
47140,2681796.41
47141,1882971.23
47142,7246804.03
47143,11620148.040000001
47144,2606556.56
47145,19309998.419999998
47146,3640852.89
47147,4009064.11
47148,2355209.6199999996
47150,1515558.34
47151,2621599.84
47152,4572141.26
47154,1336248.3
47155,2236307.17
47156,4696897.14
47157,110965307.31
47158,906409.02
47159,10764774.459999999
47160,1596201.06
47161,1660524.24
47162,1509264.18
47163,2771183.29
47164,1363720.06
47165,9103412.6
47167,14640463.32
47168,25610201.72
47169,6131035.24
47170,4419990.97
47171,2614258.45
47172,1970691.0799999998
47173,6009408.82
47174,5250148.85
47175,21821887.8
47176,1024119.17
47177,1788641.93
47178,2183177.37
47179,13316369.4
47180,3276299.55
47181,1975403.08
47182,1708068.21
47183,1879154.87
47184,1873142.21
47185,9982786.92
47186,4502197.3100000005
47187,2337594.67
47188,1764348.05
47189,1310646.21
47190,3203718.37
47191,4434019.99
47192,707398.24
47193,1128332.82
47194,1565584.02
47195,51229022.56
47196,4242176.9399999995
47197,1867014.95
47198,1776147.24
47199,1434160.22
47200,1304562.21
47201,75822610.28999999
47202,2936153.61
47203,17297629.4
47204,2202379.08
47205,1804502.7
47206,2148508.27
47207,1203788.11
47208,2175408.1
47209,31216204.71
47210,12234863.36
47211,3213187.47
47212,1245910.84
47213,6590511.619999999
47214,3315691.02
47215,14596166.25
47216,4515765.78
47217,9123154.93
47218,1789366.29
47219,938180.77
47220,1532104.48
47221,3666219.67
47222,1641930.66
47223,1982873.75
47224,1009757.23
47225,6698371.03
47226,1769423.92
47227,1219347.65
47228,3759017.81
47229,1104624.4
47230,5243277.11
47231,1289435.96
47232,2672511.4499999997
47233,16751760.76
47234,3136724.6
47235,3837093.91
47236,575788.93
47237,2090688.09
47238,5407068.22
47239,2466183.87
47240,1706910.3599999999
47241,5629257.84
47242,5965488.96
47244,1708273.1199999999
47245,723103.78
47246,7052563.38
47247,1360623.9100000001
47248,1827821.71
47249,1685451.2
47250,716631.13
47251,958515.9
47252,28372463.86
47253,1582299.24
47254,2122884.01
47255,1153411.0
47256,1515152.59
47257,1731203.8
47258,2446408.42
47259,1062916.0699999998
47260,3484017.59
47262,3347864.57
47263,1725965.87
47264,5348181.72
47265,2018064.77
47266,1401316.8599999999
47267,1079092.24
47269,4302129.58
47271,1107138.73
47272,1546139.75
47273,1330170.87
47274,1902553.49
47275,2693051.76
47276,1129499.9100000001
47277,1632783.68
47278,6359774.22
47279,1749424.77
47280,14999589.98
47281,1788940.3
47282,1876169.1500000001
47283,5883346.75
47284,2017824.38
47285,5000822.71
47286,2517258.17
47287,742311.8
47288,3559890.56
47289,2436290.88
47290,3251401.6999999997
47291,4672281.48
47292,8701670.29
47293,2737789.75
47294,1695076.45
47295,2512234.2600000002
47296,1351881.07
47297,595576.77
47298,1010979.6
47299,1515141.5
47300,4274544.01
47301,5572184.55
47302,5047955.16
47303,1078137.55
47304,765297.57
47305,2688644.65
47306,8141994.66
47307,1494208.8
47308,821796.23
47309,2198269.3
47310,52509451.419999994
47311,1156551.38
47312,8013945.64
47313,947860.4400000001
47314,3592033.3200000003
47315,6655097.41
47316,2980785.8000000003
47317,2667334.83
47318,5805299.53
47319,761548.2000000001
47320,2573771.42
47321,1938090.12
47323,148255957.73
47324,8136383.55
47325,1634749.22
47326,8857448.219999999
47327,1978521.8
47328,3392035.0
48001,4974427.48
48002,9418530.84
48003,6382006.84
48004,6185468.73
48005,4741453.86
48007,1049465.71
48008,4322743.28
48009,14414683.43
48010,6148450.890000001
48012,4784567.140000001
48013,6565580.04
48014,6654382.04
48015,12833027.229999999
48016,6726918.75
48017,7973215.47
48018,7713388.75
48019,5179988.3100000005
48020,2534782.75
48021,5286584.9
48022,4613454.9399999995
48023,2644657.44
48025,7047483.4
48026,3574364.3800000004
48027,8284840.38
48028,6582469.57
48029,3664798.37
48030,3105071.5799999996
48031,3578008.0900000003
48032,5333011.49
48033,2544034.64
48034,45959362.87
48036,3121728.1
48037,2435475.4
48038,4453472.35
48039,25914441.47
48040,4859419.63
48041,2096137.87
48042,7663533.35
48043,9635330.7
48044,3140545.81
48045,7700884.649999999
48046,2163698.24
48047,3228386.36
48048,2083282.0599999998
48049,13590518.450000001
48050,2784961.39
48051,18275041.32
48053,5132769.6
48054,1499386.6500000001
48055,1518796.8099999998
48056,5587236.52
48057,2255954.6799999997
48058,6744217.81
48059,8688029.29
48060,3702067.08
48061,33055099.669999998
48062,2253284.96
48063,3700916.8899999997
48064,9435547.59
48065,2431740.6
48066,3850778.7199999997
48067,1680969.08
48068,2403877.42
48069,1820994.94
48070,12278272.46
48071,2948736.29
48072,3974439.91
48073,2709131.77
48074,6093695.54
48075,15836047.469999999
48076,5407048.41
48077,2552096.9000000004
48078,1996952.48
48079,2180409.89
48080,32934124.430000003
48081,4934512.75
48082,2447451.08
48083,2319331.93
48084,2974297.94
48085,2383829.06
48086,6233770.03
48087,4357069.29
48088,4391914.46
48089,8132230.6899999995
48090,24723407.36
48091,1867833.29
48092,66170085.47
48093,2643802.8200000003
48094,13725420.1
48095,121025589.91
48096,17293159.59
48097,3588129.15
48098,2352277.28
48099,10768640.02
48100,2464504.93
48101,2883238.15
48103,9575880.39
48104,11050945.450000001
48105,6815707.8100000005
48106,2121474.8
48107,2029840.1900000002
48108,3424678.7800000003
48110,2459025.87
48111,8624579.860000001
48112,2178279.28
48115,3474609.85
48116,6956386.33
48117,2272092.7800000003
48119,8401762.52
48120,5024972.66
48121,3618110.54
48122,9730969.89
48123,6424988.28
48124,2801011.12
48125,3640201.18
48126,2449913.86
48127,16626143.69
48128,3823064.36
48129,4151004.34
48130,1639179.3599999999
48131,2836846.14
48132,26073990.82
48133,1899287.1
48134,2390652.71
48135,2915556.46
48136,2741881.1100000003
48137,7958193.56
48138,2136959.24
48139,2773413.61
48140,59768608.79
48141,4008696.27
48142,7729953.94
48144,4819348.42
48145,2091924.51
48146,16280180.17
48147,6524459.199999999
48148,8984946.67
48149,1756181.01
48150,2000345.98
48151,1961412.9
48152,2872792.52
48153,2712860.2399999998
48154,5813765.9399999995
48155,7396866.55
48156,9518037.57
48157,1387970.29
48158,2024755.81
48160,2913661.42
48161,1125311.6500000001
48162,1969449.04
48163,1474390.88
48164,4898218.13
48165,4133227.59
48166,2587491.75
48167,1748809.0499999998
48168,3715952.94
48169,4407703.41
48170,3994435.66
48171,2220199.91
48172,2121920.47
48173,3146111.75
48174,5629090.71
48175,4097958.41
48176,4468900.64
48177,3660701.31
48178,6445854.7299999995
48179,4581465.03
48180,3720003.64
48181,1271137.11
48182,1872358.05
48183,3982200.13
48184,4048701.04
48185,2999863.05
48186,1498119.3599999999
48187,1493658.44
48188,3946293.25
48189,4176053.6
48190,4267783.14
48191,1952121.53
48192,2613835.3
48193,3971950.08
48194,6673749.7700000005
48195,3121202.67
48197,1491447.98
48198,9674708.93
49001,3517933.26
49002,20078051.46
49003,5482388.14
49004,19545789.64
49005,1444728.3
49006,12642296.62
49007,1514313096.34
49008,4536820.47
49009,1836330.26
49010,2276463.73
49011,1979540.22
49012,1690446.67
49013,1718347.23
49014,2262841.5100000002
49015,126720345.03
49017,2470008.12
49018,53497337.09
49019,6846895.96
49020,48547475.53
49021,58312939.239999995
49022,7785366.880000001
49023,42832735.95
49024,3272660.21
49025,1362649.78
49026,17839915.03
49027,9776051.46
49028,1625435.31
49029,5690566.08
49030,4201261.41
49031,2329450.14
49032,5915323.5
49033,1464073.1300000001
49034,4967104.1899999995
49035,44105375.120000005
49036,3205847.45
49037,6598972.6899999995
49038,1394975.04
49039,4688216.39
49040,6906186.7299999995
49041,14774404.370000001
49042,17017886.09
49043,4247773.19
49044,1877958.32
49045,3985728.56
49046,6172125.24
49047,1866472.76
49048,11337065.8
49049,6321119.28
49050,17832761.53
49051,2510663.0
49052,2094575.3599999999
49053,1508600.55
49054,31247977.71
49055,13710977.5
49056,955600.8200000001
49057,1653662.39
49058,9199032.61
49059,2627126.4
49060,14808085.38
49061,6349461.22
49062,733372.2100000001
49063,45672687.53
49064,2354066.52
49065,11564888.58
49066,4282424.01
49067,3539211.6799999997
49068,13382966.08
49069,13543072.21
49070,3685330.26
49071,6349333.93
49072,5881470.2
49073,1343112.7
49074,4391510.47
49075,7406131.52
49076,2885991.77
49077,2424271.98
49078,3105943.1
49079,490721.99
49080,15127268.93
49081,4209652.34
49082,4592329.43
49083,8447917.84
49084,1710583.51
49085,3318429.08
49086,4798263.83
49087,549336.9
49088,6365452.319999999
49089,7045674.07
49090,4956275.91
49091,3730242.9499999997
49092,70743388.87
49093,1438665.87
49094,9662073.51
49095,865009.7
49096,3073109.31
49097,3774793.89
49098,2140853.54
49099,407653891.69
49100,2643233.48
49101,4439885.32
49102,4370000.83
49103,22042821.43
49104,3942720.24
49105,3919552.6
49106,19849638.84
49107,4754818.26
49108,4555407.94
49109,8009550.48
49110,8991634.76
49111,2530378.63
49112,6976791.24
49113,2173217.46
49114,1510405.9200000002
49115,3112447.94
49116,3619897.57
49117,8407787.13
49119,13486063.5
49120,6971651.63
49121,3744699.6599999997
49122,1511878.86
49123,7847394.51
49125,47835131.24
49126,8373465.72
49127,33985646.94
49128,3434311.62
49129,46281988.97
49130,2502156.77
49131,3100316.11
49132,8163777.7
49133,3495564.75
49134,6446237.87
49135,11446622.46
49136,2032512.3599999999
49137,7737059.25
49138,5855340.03
49139,2679351.38
49140,10874766.92
49141,1737111.76
49142,1593267.15
49143,3663621.2199999997
49144,7737657.84
49145,10467424.35
49147,2819474.76
49148,1325686.87
49149,23093570.439999998
49150,2067763.49
49151,14813051.74
49153,12595726.67
49154,3426124.81
49155,7062108.97
49156,1638103.05
49157,2260316.73
49158,2867931.58
49159,2456223.59
49160,10445303.530000001
49161,1886289.75
49162,19774420.98
49163,10739489.17
49165,7455855.16
49167,18139163.77
49169,8618772.76
49170,5508411.67
49171,1259203.74
49172,10244110.16
49173,3105072.76
49174,4973991.109999999
49175,510337.51
49176,27688208.14
49177,13445209.62
49178,5109760.94
49179,13265525.5
49180,51803783.92
49181,2251549.15
49182,6986368.96
49183,24960508.650000002
49184,3279503.9000000004
49185,2331034.0500000003
49186,1217430.14
49187,2312909.68
49188,4381745.34
49189,4193112.65
49190,4318885.87
49191,11265388.08
49192,21335436.56
49193,27960335.05
49194,30795439.5
49195,6786756.199999999
49196,12864684.37
49197,2596770.66
49198,2379331.34
49200,14386535.709999999
49201,12135779.219999999
49202,1826653.68
49204,10679054.63
49205,7496704.06
49206,11660089.43
49207,1775763.31
49208,1463971.51
49209,1607560.39
49211,10342977.82
49212,21504721.8
49214,45404598.47
49215,33990574.51
49216,2670605.7399999998
49217,2559974.9
49218,6121269.56
49219,5152712.76
49220,10338788.129999999
49221,6448665.72
49222,12480253.42
49223,32837689.060000002
49224,4594131.8
49225,4631664.18
49226,2424564.16
49227,2538554.32
49228,13577149.879999999
49229,13072229.02
49230,1297414.81
49231,7984294.38
49232,7266897.69
49233,8110597.17
49234,4746521.26
49235,3176321.24
49236,1281262.3699999999
49237,926695.8099999999
49238,15039578.81
49239,6405765.22
49240,6477362.04
49241,13113515.85
49242,6204191.28
49243,5854086.85
49244,28237568.37
49246,105756066.2
49247,13860671.219999999
49248,32787491.6
49249,10052801.4
49250,1244865.36
49251,2749307.46
49252,5927776.74
49253,7929955.8
49254,2416095.89
49256,4093552.65
49257,4428899.28
49258,4607417.57
49259,11494011.28
49260,10045747.17
49261,14876152.53
49262,5075416.6899999995
49263,5118606.36
49264,14236727.36
49265,4706722.85
49266,6926797.8100000005
49267,83140903.5
49268,4886770.84
49269,14072374.67
49270,3213308.52
49271,10268513.84
49272,6786455.970000001
49273,9734327.82
49274,9557820.7
49276,26971945.44
49277,6939662.15
49278,26005664.08
49279,3070577.34
49280,2325532.36
49281,10683059.98
49282,4335486.38
49283,24378870.88
49284,7537604.76
49285,15138052.39
49288,1317551.71
49289,12652319.96
49290,7138085.33
49291,1421153.96
49292,10353466.55
49294,14366435.040000001
49295,10529704.99
49296,9420202.81
49297,5608662.56
49298,7614131.57
49299,13632199.27
49300,5560689.09
49301,46544851.75
49302,2031872.52
49304,6699502.92
49305,4825791.7
49306,9785040.18
49307,13002088.34
49308,12745679.82
49309,3121892.02
49310,4394592.73
49311,4123618.0100000002
49312,1613730.3199999998
49313,20312657.83
49314,5105672.05
49315,1625013.71
49316,5978606.78
49317,6741031.74
49318,6748014.2299999995
49319,1838576.94
49320,4682934.38
49321,1190083.0799999998
49322,1307242.8900000001
49323,43188863.93
49324,4229752.81
49325,5023207.38
49326,3778688.27
49327,2162180.69
49328,223436278.73
49329,9210253.99
49330,4690175.58
49331,63168714.75
49332,26756615.380000003
49333,17939511.12
49334,1377918.3699999999
49335,1685212.8599999999
49336,4879190.79
49337,9068321.809999999
49338,7628835.66
49339,6609058.79
49341,5106360.55
49342,1887751.07
49343,18285105.41
49344,5373073.3
49345,12790069.19
49346,2695024.95
49347,28658396.81
49348,4344470.59
49349,8626887.65
49350,10539354.85
49351,8840621.57
49352,4294762.59
49353,156278902.42
49354,2973065.6
49355,19542048.89
49356,2946698.82
49358,6505482.2
49359,4704983.579999999
49360,7249797.78
49361,8707004.25
49362,4591907.12
49363,9262513.25
49364,4559216.61
49365,5637370.01
49366,1155095.3
49367,11934198.879999999
49368,12797475.9
49369,7776911.0
49370,2182876.39
49371,9858566.86
49373,32664753.119999997
49374,4864144.84
49375,16135469.42
49376,3419513.61
49377,12504265.27
49378,11240270.06
49381,13694615.86
50001,4422637.07
50002,28479285.98
50003,26315901.619999997
50004,2672260.3000000003
50005,1067100.26
50006,761545.72
50007,1156140.36
50008,1326669.77
50009,760615.8599999999
50010,552330.06
50012,2416650.65
50013,1587475.69
50014,1619765.34
50015,2353602.04
50016,1709759.4000000001
50018,3593540.98
50019,2397597.5
50020,4631308.6
50021,331235.58
50022,494049.19
50023,3943591.95
50024,1112863.3
50025,72442508.07
50026,338585.81
50027,4466768.41
50028,1043436.4400000001
50029,9718400.700000001
50030,6256429.12
50031,28920565.95
50032,4401522.09
50033,747566.8099999999
50034,1896089.52
50035,592211.03
50036,4381122.93
50037,1766301.5
50038,2425197.54
50039,849379.61
50040,949251.39
50041,19456193.79
50042,4366789.62
50043,843495.92
50044,1124747.11
50045,2319474.85
50046,1805586.31
50048,3281126.02
50049,2587227.58
50050,1000300.77
50051,279873.68
50052,814934.58
50054,596538.21
50055,343870.97
50056,1615281.01
50057,6148917.08
50058,9244088.35
50059,1604724.94
50060,1790902.26
50061,717061.0499999999
50062,539472.12
50063,766764.63
50064,656775.13
50066,22293069.09
50069,1828125.89
50070,187476.32
50071,913399.73
50072,570490.37
50073,1522615.31
50074,18213478.26
50075,261640.54
50076,24313113.45
50077,7976562.49
50078,2334582.34
50079,972307.37
50080,1508201.02
50081,4535989.43
50082,28726333.54
50083,1981697.53
50084,1893380.25
50085,6373886.640000001
50086,1371484.6900000002
50087,12447807.54
50088,1335675.82
50089,793000.6
50090,5834514.2700000005
50092,2349520.7300000004
50093,1849539.77
50094,950292.32
50095,6808293.92
50096,1165782.43
50097,621013.23
50098,2608855.55
50099,57222927.75
50100,2230856.36
50101,567790.3500000001
50102,7391198.6899999995
50103,827982.65
50105,686262.31
50106,2563472.52
50107,465089.32
50108,1835858.65
50109,9553089.71
50110,6421865.83
50111,7150942.13
50112,2930221.6399999997
50114,401917.55000000005
50115,692006.87
50116,709627.92
50117,4087509.75
50118,1780835.2
50119,1317557.02
50120,928573.65
50121,1957111.09
50123,2143303.17
50124,1066676.98
50125,392673.89
50126,487280.11000000004
50127,4527608.36
50128,1596401.6700000002
50129,274656239.66
50130,1737524.7
50131,1320371.25
50132,1506322.38
50133,815804.3
50134,449683.18
50135,783815.31
50136,1133097.27
50137,3346893.65
50138,1715173.47
50139,26734493.43
50140,1136466.55
50142,2540445.64
50143,6272736.42
50144,2515361.71
50145,1962908.47
50146,1723312.65
50147,111181698.46
50148,1853408.91
50149,5336804.550000001
50150,1139050.44
50151,19828617.49
50152,1987939.95
50153,1096229.73
50154,5077565.05
50155,1312978.06
50156,326480.89
50158,1797028.0
50159,3891558.39
50160,2616100.26
50161,2245398.6
50162,11016238.51
50163,16351115.07
50164,7067099.9399999995
50165,31568291.380000003
50166,3928953.83
50167,4490287.649999999
50168,23218214.12
50169,400322.32
50170,359454.88
50171,565177.0
50172,985321.36
50173,90255585.36999999
50174,777554.18
50175,924595.87
50176,6159621.61
50177,2331934.14
50178,5187981.4399999995
50179,337181.6
50180,2090649.2
50181,1950907.43
50182,1645671.19
50183,1717978.58
50184,40293567.19
50185,3019153.2199999997
50186,994472.01
50187,5694201.859999999
50188,4685252.75
50189,1978340.06
50190,906575.27
50191,507374.36
50192,486120.91
50193,1467811.87
50194,2418516.11
50195,2486251.48
50196,2481399.26
50197,11448487.2
50198,1903415.21
50199,4367840.4799999995
50200,5587560.87
50202,2891251.44
50203,34630540.68
50204,938615.95
50205,646234.5
50206,234131.73
50207,664913.61
50208,1303344.77
50209,3445608.47
50210,2487077.5500000003
50211,620159.07
50212,1054313.09
50213,2272684.52
50214,3202808.67
50215,14920080.49
50216,3727962.81
50217,3567801.78
50218,152036766.51
50219,3566702.52
50220,6099818.33
50221,237827.13999999998
50222,2559512.38
50223,926804.8
50224,6618329.2
50225,1026337.96
50227,1741342.43
50228,11136800.270000001
50229,614760.81
50230,4122354.59
50231,7676167.08
50232,2177292.68
50233,355009.07
50234,529210.69
50235,1083256.28
50236,16407682.020000001
50237,11007499.209999999
50238,1661508.66
50239,9617803.68
50240,1135444.48
50241,669580.49
50242,3557438.65
50243,2443525.9
50244,953351.9500000001
50245,1362922.47
50246,374721.64999999997
50247,405358.17
50248,1918835.9
50249,2059825.73
50250,250941.56
50251,1428844.68
50252,6485308.51
50253,2028916.64
50254,1279501.1500000001
50255,891098.52
50256,39247138.94
50257,7900697.58
50258,515061.95999999996
50259,2448487.09
50260,4292464.4
50261,978552.04
50262,3245117.5100000002
50263,2104476.55
50265,1303212.24
50266,1990037.39
50267,22202614.919999998
50268,2017173.0200000003
50269,885434.19
50270,849920.5499999999
50271,691573.28
50272,6477057.24
50273,1788806.02
50274,5766965.97
50275,1203951.6300000001
50276,2404083.97
50277,2228980.25
50278,808610.86
50279,2903844.36
50280,1054025.31
50281,5364951.37
50282,1048285.05
50283,294861.72
50284,543214.37
50285,1547791.23
50287,1182132.81
50288,8235477.6899999995
50289,5924194.5
50290,3061069.91
50291,767741.72
50292,17688670.62
50293,2539490.2399999998
50294,8476282.42
50295,900028.79
50296,909205.98
50297,3557141.2199999997
50298,2962333.59
50299,874326.2300000001
50300,1112140.54
50301,884282.3200000001
50302,631747.7
50304,1277301.33
50305,1918733.14
50308,1522677.47
50310,601732.28
50311,1279344.39
50312,1038113.38
50313,562008.73
50315,1649965.95
50316,1132681.93
50317,1626026.38
50318,1694722.3800000001
50319,1068139.14
50320,1092923.39
50321,1222185.9
50323,1599651.0399999998
50324,264498.18
50325,721122.2000000001
50326,1436662.46
50327,1723392.17
50328,3239451.09
50329,2339289.31
50330,892411.59
50332,4927666.34
50333,1588192.42
50334,1949420.54
50335,1195379.46
50336,1113786.0
50337,2732500.0500000003
50338,3589364.96
50339,1808063.8099999998
50340,693170.15
50341,14519088.68
50342,3944775.0999999996
50343,2015340.56
50345,2745419.75
50347,1438040.87
50348,5389830.92
50349,10304731.120000001
50350,2641958.02
50351,328100.13
50352,1148844.6099999999
50353,3239598.63
50354,1834774.98
50355,1390734.6300000001
50356,4572593.43
50357,710688.79
50358,1853807.22
50359,14319894.49
50360,1040584.22
50361,669903.54
50362,1339773.12
50363,8184776.199999999
50364,2204511.42
50365,1718118.9
50368,355547.5
50369,2806847.8000000003
50370,2551424.2399999998
50371,2145858.14
50372,532489.2899999999
50373,796562.64
50374,181302.51
50375,739652.8300000001
50376,1450098.3699999999
50378,4437895.6
50379,755838.12
50380,460947.45999999996
50381,4250451.38
50382,2150589.89
50384,957474.61
50385,8306203.300000001
50386,7270880.050000001
50387,1343948.71
50388,4037890.92
50389,2495090.9
50390,715338.51
50391,10008915.67
50393,17847033.27
50394,20452555.62
50395,1326856.3900000001
50396,618197.28
50397,983119.41
50398,497496.80000000005
50399,1332525.67
50400,13075019.870000001
50401,1531371.86
50402,30446458.27
50403,12603296.9
50404,1007003.61
50405,2052598.41
50406,2493171.83
50407,3277692.38
50408,3991267.6
50409,9171766.469999999
50410,26767713.62
50411,4477575.0
50412,20102120.93
50413,1732886.8199999998
50414,1811913.17
50415,1299321.72
50416,23691200.41
50417,8748342.74
50418,3669943.24
50419,7445868.5200000005
50420,4165882.1
50421,3223244.37
50422,2048051.93
50423,1023759.8999999999
50425,6569739.88
50426,1338665.24
50427,1930937.62
50428,4028641.96
50429,4761360.25
50430,40700.89
50431,3103277.93
50432,1015443.73
50433,6375559.470000001
50434,1143864.92
50435,2333457.9
50436,8531480.17
50437,3834123.4499999997
50438,2059286.96
50440,941532.4199999999
50441,1455657.61
50442,620755.37
50443,3178004.31
50444,13875612.38
50445,1878253.8900000001
50446,2399812.64
50447,1280223.7
50448,5059462.32
50449,1214473.85
50450,1551047.3699999999
50451,395206.31
50452,3360453.32
50453,4401806.68
50454,948621.66
50455,4265789.069999999
50456,4668919.77
50457,534562.64
50458,2839641.37
50460,4797745.67
50461,873663.24
50462,1946825.94
50463,2068731.8800000001
50464,2125347.76
50465,3975889.83
50467,806305.62
50468,9787546.11
50469,1068288.08
50470,2198277.36
50471,4682838.29
50472,1413872.42
50473,1699129.8800000001
50474,2901865.08
50475,3755045.45
50476,990377.4700000001
50477,5422201.88
50478,1447447.45
50479,775565.18
50480,2365377.87
50481,6515336.25
50482,1916024.72
50483,4797260.25
50484,50311772.67
50485,8927439.12
50486,3468368.02
50487,26721081.38
50488,4216413.07
50489,1733538.39
50490,2877535.08
50491,1202989.71
50492,8939015.01
50493,6458135.04
50494,918717.59
50495,776348.39
50496,6534873.53
50497,1939223.3800000001
50498,4600168.17
50499,4549073.53
50500,12556342.11
50502,152712251.21
50503,2902146.9299999997
50504,973407.02
50505,1953708.2000000002
50506,2297857.5100000002
50507,2088521.0100000002
50508,402976.86
50509,8215545.05
50510,4323248.17
50511,512372.53
50512,1921695.41
50513,784726.27
50514,1138536.8499999999
50515,9137688.03
50516,15801999.34
50517,910573.03
50518,2739970.22
50519,1470212.33
50520,602323.85
50521,1125811.85
50522,1109426.9
50523,11127997.84
50524,795281.6000000001
50525,2600745.1599999997
50528,1340485.75
50529,541994.92
50531,4404100.16
50532,33250749.139999997
50533,1304271.6
50534,1271175.38
50535,1135585.86
50536,978181.91
50537,1246836.77
50538,1412750.43
50539,9354545.879999999
50540,1636567.98
50541,6133889.3
50542,4504784.37
50543,7323545.630000001
50544,1118986.89
50545,2563887.47
50546,4720719.05
50548,895399.99
50549,1079008.9300000002
50550,10921792.15
50551,13712809.83
50552,1356597.24
50553,2407180.59
50554,13669086.53
50556,2174698.48
50557,559916.18
50558,2859210.13
50562,18863420.25
50563,2618721.72
50564,6356646.03
50565,12358480.25
50567,3281834.0300000003
50568,1348266.5999999999
50569,1374622.75
50570,4705353.44
50571,311310.95
50572,1110587.42
50573,895969.0000000001
50574,2403747.04
50575,3317533.1799999997
50576,6276099.21
50577,1595053.46
50578,579143.39
50579,13477076.44
50580,888456.72
50581,1440906.6
50582,17122701.03
50583,836795.4
50584,1314351.94
50585,6485054.78
50586,1037873.47
50587,241133.72999999998
50588,2599552.0100000002
50589,1629899.48
50590,2173594.58
50591,11723711.83
50592,11195998.66
50593,2805215.83
50594,4426995.720000001
50595,2023034.95
50596,956642.4799999999
50597,4584389.67
50598,969505.61
50599,6847555.05
50600,4791497.83
50601,18144369.75
50602,70299340.05
50603,5347920.12
50604,3341914.37
50605,2387772.4
50606,4439750.99
50607,2569080.46
50608,2212776.91
50609,1121275.7
50610,1246952.2
50611,21025725.25
50612,4380522.21
50613,1423827.21
50614,870994.71
50615,71410905.01
50616,13801343.659999998
50617,2386260.8000000003
50618,868399.31
50619,1608074.77
50620,5982694.2700000005
50621,326994.99
50622,1299186.51
50623,3703019.49
50624,1303180.3599999999
50625,3313910.24
50626,1936690.55
50627,1089664.2
50628,847855.86
50629,3781171.0399999996
50630,2464723.66
50631,2368225.59
50633,289174.69
50634,297923.72
50635,526118.65
50636,179421.33000000002
50637,1875182.0
50638,1583242.3800000001
50639,31330859.75
50640,1520685.02
50641,2120958.4
50642,1929918.93
50643,2924811.38
50644,4427570.3
50646,2371473.5
50647,11730500.14
50648,4238559.81
51001,921144.08
51002,10049894.63
51003,1950745.28
51004,995224.3
51005,1094563.5
51006,987960.9
51007,10025218.870000001
51008,1260269.66
51009,5608723.62
51010,813578.3300000001
51012,540647.34
51013,881843.85
51014,1447959.85
51015,625434.29
51016,1796084.68
51017,2789535.24
51018,5889004.34
51019,1848835.51
51020,221831.74000000002
51022,1000976.65
51023,1444111.0999999999
51025,2908075.94
51027,3090649.84
51028,7303116.46
51029,20901848.51
51030,41461286.239999995
51031,921106.85
51032,3185013.62
51033,1688178.33
51034,346594.99
51035,1579640.2
51036,3468708.04
51037,934348.61
51038,1319199.83
51039,1116993.16
51040,1365933.89
51041,828016.52
51042,3223617.27
51043,37823278.4
51044,4555072.32
51045,1001018.5800000001
51046,11426155.47
51047,951343.12
51048,827463.48
51049,6628532.789999999
51050,1998736.93
51051,1245071.6800000002
51052,4871497.74
51053,320090.63
51054,6853195.75
51055,39770441.44
51056,3693291.01
51057,865224.84
51058,14425799.42
51059,1855716.5699999998
51060,1050709.19
51061,892924.33
51062,912128.12
51063,2098059.23
51064,4086870.3
51065,4870993.28
51066,2045032.3399999999
51068,1494682.73
51069,843497.08
51070,1778847.0099999998
51071,883109.39
51072,2589575.5
51073,1206124.29
51074,6152096.24
51075,5113267.58
51076,3653398.5900000003
51077,1116769.81
51078,5769615.99
51079,18078293.330000002
51080,946151.73
51081,1155300.0899999999
51082,577849.3
51083,481792.92
51084,503637.03
51085,3641496.36
51086,1289919.4
51087,1145180.05
51088,2838148.18
51089,793324.78
51090,2726877.81
51091,1124503.29
51092,4490244.07
51093,3094652.4699999997
51094,624019.3300000001
51095,525764.85
51097,703210.61
51098,948053.1799999999
51099,5531147.78
51100,968066.76
51101,3539811.78
51102,1861170.3800000001
51103,1410111.72
51104,942689.73
51105,10980768.82
51106,1991447.58
51107,1219296.86
51108,366754693.06
51109,761877.45
51110,560193.98
51111,581589.78
51112,5538771.22
51113,899787.11
51115,7395474.9799999995
51116,1046843.47
51117,2388445.65
51118,9733622.39
51119,3078500.6700000004
51120,729173.46
51121,1402321.3
51122,1142764.62
51124,916446.32
51125,644323.17
51126,403307.19
51127,551962.21
51128,573333.58
51129,993734.65
51130,1518858.47
51132,1084819.37
51133,809521.52
51134,1738899.09
51135,749408.5800000001
51136,7220344.09
51137,794201.9
51138,216909.03
51139,1861959.71
51140,6734912.630000001
51141,6336513.94
51142,4064490.5999999996
51143,655846.2
51144,5895137.44
51145,2440378.63
51146,903480.71
51147,1552436.67
51148,1743405.0399999998
51149,2200271.56
51150,1230465.4300000002
51151,980655.65
51152,4151794.3699999996
51153,14812336.040000001
51154,2246993.89
51155,3399262.96
51156,983667.12
51157,1289832.3800000001
51158,4707541.14
51160,5483724.2700000005
51161,5907473.32
51162,6083674.97
51163,3409289.0100000002
51164,1735871.45
51165,26224963.09
51166,707984.12
51167,1487505.99
51168,1646611.9
51169,656268.0
51170,885079.73
51171,7522803.359999999
51172,45872221.37
51173,920192.96
51174,507048.19
51175,1319480.52
51176,1522293.53
51177,1455882.77
51178,663083.12
51179,1874571.38
51181,1493473.26
51182,1443112.96
51183,4352412.89
51184,3167201.51
51185,1748499.5999999999
51186,585486.11
51187,1318265.88
51188,2045344.2100000002
51190,405818.87
51191,490281.84
51192,1916403.57
51193,11045764.17
51194,1687563.8
51195,11677570.709999999
51196,9938514.16
51197,623746.84
51198,3008175.2800000003
51199,5133214.84
51200,4483714.7
51201,1546369.15
51202,7038886.390000001
51203,886301.34
51204,10962291.51
51205,1060164.47
51206,715379.76
51208,1350361.52
51210,11473031.77
51211,384369.41000000003
51212,3111578.92
51213,865341.84
51214,956756.91
51215,964194.33
51216,1724078.5
51217,21563840.25
51218,1496585.44
51219,1500710.5499999998
51220,1223360.27
51222,1001953.54
51223,717773.99
51224,1003719.05
51225,5249018.51
51226,470275.27
51227,2160750.8
51228,763894.94
51229,1182098.75
51230,283149354.28000003
51231,4804334.28
51232,1420158.08
51233,610573.74
51234,2440627.72
51235,1836300.6300000001
51236,576331.88
51237,12453245.77
51238,2730247.87
51239,758628.14
51240,841345.4700000001
51241,1082369.74
51242,14698743.54
51243,3694036.16
51244,1169695.63
51245,2240114.43
51246,1478580.33
51247,2285973.5900000003
51248,16933568.59
51249,3757848.02
51250,37023146.71
51251,1167595.93
51252,7748489.84
51253,1456992.99
51254,2120818.48
51255,184518.08000000002
51256,3034470.84
51258,1179863.57
51259,2280942.95
51260,557938.63
51261,2207897.31
51262,9926389.8
51263,2199583.91
51264,6897672.78
51265,2261947.42
51266,3859476.97
51267,1073190.43
51268,2155334.98
51269,3377464.16
51270,1997771.89
51271,1851877.3
51272,5937467.7299999995
51273,866966.5299999999
51274,636369.22
51275,1226132.3800000001
51276,1222126.58
51277,1442174.81
51278,2566397.79
51279,1043800.53
51280,408969.82
51281,8205040.970000001
51282,18193704.05
51283,1394901.82
51284,1116727.4
51285,4926602.12
51286,1817325.21
51287,13296294.09
51288,1718578.78
51289,4075423.61
51290,2203099.34
51291,6493992.2700000005
51292,1484521.75
51293,1215157.63
51294,990602.55
51295,1999801.1600000001
51296,947773.18
51298,4478034.95
51299,5035755.46
51300,621981.75
51301,1268973.57
51302,505772.16
51303,3502899.0300000003
51304,796909.43
51305,1014572.9299999999
51306,733600.88
51307,827324.25
51308,11961792.47
51309,742882.31
51310,2475192.13
51311,983090.6900000001
51312,5207812.09
51313,2174320.84
51314,1400382.82
51315,745147.33
51316,2026604.68
51317,430214.69
51318,1967864.41
51319,1348055.76
51320,3785311.45
51321,771673.8099999999
51322,932665.95
51323,1188432.6
51324,1052692.02
51325,815801.19
51326,4109575.42
51327,3081155.2
51328,5204040.11
51329,7143278.68
51331,4306332.84
51333,7188674.96
51334,3866613.47
51336,435165.82
51337,1061891.43
51338,8387977.05
51339,3910770.05
51340,3653008.18
51341,243966.59
51342,1562837.0899999999
51343,3871169.91
51344,11118673.66
51345,1700137.59
51346,10807894.370000001
51347,13358912.84
51348,1073690.39
51349,2169366.42
51350,593336.23
51351,752257.6900000001
51352,12420791.99
51353,231577.65000000002
51354,3660248.4
51355,309264.14
51356,912628.62
51357,4979327.930000001
51358,4139879.07
51359,1817796.94
51360,734941.02
51361,2096601.4799999997
51362,3041094.83
51363,2070622.87
51364,309636.03
51365,5901171.36
51367,9722576.64
51368,525096.32
51369,1927314.8
51370,1277496.28
51371,823923.04
51372,5755439.33
51373,809505.0800000001
51374,407090.61
51375,4327543.43
51376,1418162.53
51377,622234.57
51378,3633515.21
51379,2274919.38
51380,29250155.77
51381,5218302.79
51382,576500.72
51384,2307921.56
51386,1819722.99
51387,1750341.3699999999
51388,22735251.21
51389,4388299.390000001
51390,7155813.55
51391,16369212.979999999
51392,3179145.03
51393,1554117.96
51395,383965.82999999996
51396,1161502.92
51397,1947410.66
51398,1329321.07
51399,4183430.5
51402,980926.1599999999
51403,7190130.93
51404,1018754.84
51406,902538.6699999999
51407,1493538.96
51409,2598763.5
51410,4403221.81
51411,8045218.47
51412,476018.26999999996
51413,9955011.73
51414,1168425.26
51415,3375585.08
51416,4148560.88
51417,1879655.31
51418,3988122.4699999997
51419,1974827.6
51420,499132.83999999997
51421,1162200.23
51422,3398791.66
51423,14621121.92
51424,1228031.2
51425,2964993.56
51426,629738.45
51428,3015359.27
51429,1463339.4000000001
51430,554809.0700000001
51431,10934136.54
51432,7762974.89
51433,819455.79
51434,5395036.06
51435,2819057.04
51436,6316694.38
51437,897050.61
51438,575237.53
51439,3116383.91
51440,12657818.58
51441,455630.79
51442,1305645.54
51443,704494.7100000001
51444,3713719.73
51445,966056.96
51446,4994210.4399999995
51447,2167820.64
51448,3079327.99
51449,6096132.13
51450,3408728.2
51451,397501.62
51452,473020.96
51453,7245478.600000001
51454,1560046422.71
51455,1274421.8
51456,687158.61
51457,2661866.5900000003
51458,761850.66
51459,392765.39
51460,2586385.52
51461,8189919.84
51463,1177034.6
51464,1666392.05
51465,2728944.53
51466,1100185.69
51468,2160303.7399999998
51469,527144.15
51470,90094.88
51471,3271870.91
51472,5153635.76
51473,772923.93
51474,39044755.83
51475,852549.7300000001
51476,3834649.1799999997
51477,741079.76
51478,1856793.8
51479,1109535.75
51480,822173.13
51482,4294403.38
51483,1449098.6199999999
51484,853414.28
51485,1300573.2
51486,1283899.78
51487,1523638.45
51488,2049465.04
51489,368713.12
51490,1662537.31
51491,508744.34
51492,9853164.24
51493,1625399.8
51495,908634.96
51496,1126099.28
51497,257587.22
51498,354428.99
51499,1168124.6
51500,2233877.47
51501,941401.86
51502,863340.14
51503,490734.43
51504,22265590.97
51505,1502933.76
51506,29863859.35
51507,51635836.5
51508,2045690.09
51509,907064.89
51510,655716.74
51511,788103.36
51512,418927.07999999996
51513,4205896.86
51514,935187.72
51515,1546052.13
51516,487537.9
51517,1522319.1400000001
51518,3932375.12
51519,449912.96
51520,933690.8
51521,1476238.06
51522,1896380.83
51523,930874.6
51524,1317459.8
51525,8738409.0
51526,2143727.93
51527,1633675.66
51528,1323687.02
51529,1458581.8800000001
51530,1241737.8900000001
51531,11721324.77
51532,5446430.34
51533,549987.3300000001
51534,1073982.55
51535,48858116.86
51536,17111099.69
51537,2379180.16
51538,1686056.94
51539,332811.69
51542,1519143.6
51543,466945.54000000004
51544,4162873.6
51545,3714957.65
51546,2309173.0100000002
51547,760409.66
51548,1315663.74
51549,961957.2000000001
51550,3246259.63
51551,2952953.9299999997
51552,1741379.03
51553,792306.49
51555,1662478.15
51556,2952567.71
51557,1938006.3299999998
51558,1095283.92
51559,17729538.77
51560,1120023.96
51562,23638148.24
51563,786735.88
51564,5008805.06
51565,877434.5900000001
51566,2443566.7399999998
51567,2803298.4699999997
51568,1396965.8599999999
51569,2282274.43
51570,1053888.55
51571,6677632.03
51572,1132419.64
51573,62264343.160000004
51574,710905.2999999999
51576,19161447.88
51577,764544.88
51578,672007.5599999999
51579,980164.0299999999
51580,5117033.46
51581,816546.95
51582,3188665.29
51583,2677177.57
51584,1518975.51
51585,5566770.53
51586,1266401.3699999999
51587,1471406.81
51588,2399416.23
51589,1720095.88
51590,6008439.4799999995
51591,2082236.15
51592,3339546.22
51594,500709.32
51595,1217399.44
51596,2914766.63
51597,1650806.78
51598,3310423.64
51599,2195345.71
51600,637827.16
51601,1390212.37
51602,789422.1799999999
51603,1907388.56
51604,1101331.42
51605,5317472.93
51607,1283231.31
51608,656630.85
51609,3428413.42
51610,1773290.76
51611,3579052.83
51612,25476427.6
51613,9349700.66
51614,8386372.95
51616,1611273.8599999999
51617,5445799.04
51618,898166.8
51619,732514.25
51620,1035443.46
51621,11045081.19
51622,3373556.67
51623,2481983.69
51624,3338434.33
51625,930170.74
51626,935266.2000000001
51627,1545613.14
51628,938507.4400000001
51629,4829698.79
51630,2408836.98
51631,1358678.71
51632,2000209.3299999998
51633,1250423.69
51634,984690.29
51635,1087476.45
51636,5185046.96
51637,2344496.5700000003
51638,803659.37
51639,365085.2
51640,1084980.52
51641,2135981.27
51642,672913.54
51643,4102665.44
51644,2785970.65
51645,783611.8099999999
51646,376249.0
51647,7718959.15
51648,3929958.08
51649,115664973.05000001
51650,175762.89
51651,1371345.55
51652,731215.5700000001
51654,1340385.7
51655,1976519.14
51656,3507660.9
51657,2163954.84
51658,842112.25
51659,234531.91
51660,8124559.7299999995
51662,40000108.65
51663,19683408.22
52001,1934811.44
52002,611903.43
52003,2010010.6500000001
52004,314155.63
52005,315755.76
52006,2080726.2000000002
52007,1442540.86
52008,11737729.959999999
52009,974123.47
52011,587615.62
52012,484360.56
52013,1087150.98
52014,1930091.9
52015,737992.59
52016,1287946.94
52017,14696643.14
52019,768515.28
52021,1851452.42
52022,2612170.25
52023,1697874.36
52025,770511.79
52027,1237673.26
52028,863631.95
52029,618859.61
52030,473759.91
52031,2305951.75
52033,703344.5800000001
52034,1148846.79
52035,2608787.4
52036,1664835.2
52037,2337965.71
52038,380343.67
52039,963016.38
52040,1028836.7799999999
52042,919449.9400000001
52043,803569.68
52044,5951357.85
52045,12899752.46
52047,1188349.54
52050,10379338.26
52051,539495.1
52053,323960.6
52055,1215962.24
52056,1336468.52
52057,587584.62
52058,17569649.03
52059,1150139.24
52060,45498339.02
52061,3685579.01
52062,1163942.72
52063,1706727.15
52064,7406600.45
52065,1020133.0800000001
52066,657014.14
52067,1061745.98
52069,1181712.17
52070,747403.51
52072,1798700.04
52074,6851840.45
52075,1153747.71
52076,2684620.08
52079,6180575.3100000005
52082,1850441.6900000002
52083,6644975.71
52084,1338786.61
52085,239134.73
52087,882772.67
52088,5177833.62
52089,538390.86
52090,799311.0
52091,821524.41
52092,1230749.0299999998
52093,25865330.46
52094,3366066.58
52095,3728225.73
52097,841525.9
52099,6734127.15
52101,687102.8999999999
52102,2246108.33
52103,1259370.32
52104,6036403.5
52105,1816473.12
52106,1375917.54
52107,3203845.01
52108,1360683.87
52109,194993.39
52110,1332657.5
52113,1202890.69
52114,17392973.119999997
52115,672371.31
52116,239341.96
52118,2297677.46
52119,2710255.42
52120,1831422.17
52121,211701152.91
52122,890781.89
52123,19712809.1
52124,771243.8200000001
52125,7119063.16
52126,1462623.79
52127,992421.5499999999
52128,2002701.0799999998
52129,1084404.94
52130,1484725.77
52131,2288943.77
52132,2687404.21
52133,2162930.85
52134,1443848.79
52135,1440681.85
52136,1165997.18
52137,919221.02
52138,1441491.05
52140,7104689.399999999
52141,1274901.41
52142,1472405.8599999999
52145,1124401.7
52146,936260.3999999999
52147,885985.24
52149,389777.11
52151,1098225.66
52155,2811695.29
52156,2330357.8
52157,98730.23999999999
52158,2608601.73
52159,314332.73
52160,494481.3
52161,1025972.63
52162,2555487.12
52163,4259619.96
52164,1242852.35
52165,2746146.08
52167,2058063.5599999998
52168,796092.25
52169,1657796.18
52170,1321987.39
52171,3148759.06
52172,1939040.4300000002
52173,764606.26
52174,513038.31000000006
52175,3263630.4899999998
52177,13923301.26
52178,3024728.15
52179,181005.66999999998
52180,2637766.38
52181,1812681.97
52182,14801141.08
52183,531037.4
52184,1679785.19
52185,961043.27
52189,3881331.87
52190,2141528.6100000003
52193,1624650.91
52194,15579642.200000001
52195,472186.7
52196,1253360.6099999999
52197,13383104.28
52198,1104919.67
52199,603540.51
52200,1106101.99
52201,818936.86
52203,2077659.4400000002
52204,890758.78
52205,4274538.03
52206,889769.1900000001
52207,904061.9
52208,1534219.5999999999
52211,14918869.69
52212,3054481.79
52213,1211795.3599999999
52214,163905.22
52216,1116458.52
52217,866421.12
52218,1040513.65
52219,577571.8
52220,2299614.49
52221,1507348.79
52222,381307.24
52223,811275.2
52225,2099892.89
52227,3175644.0
52228,622229.33
52229,1292166.29
52230,3345619.36
52231,919550.5
52232,273047.94
52233,1171620.02
52234,490422.8
52235,815946.37
52237,2633336.55
52239,1725125.1099999999
52240,1175909.91
52242,6019801.33
52243,1726535.88
52244,2812325.87
52245,988112.62
52246,3939177.16
52247,3886579.19
52248,2645540.42
52249,1191463.9
52250,28247974.24
52251,3869958.4
52253,2674874.75
52254,1372900.35
52256,1719165.6800000002
52257,1165561.07
52258,4221244.54
52260,1004965.97
52262,864227.58
52264,889049.6100000001
52265,10924621.19
52266,908251.29
52267,878409.1
52269,114516674.89
52271,1803894.94
52272,1361077.6400000001
52273,1723762.25
52274,2113497.88
52275,780492.83
52276,1309337.04
52277,588765.39
52278,722008.8500000001
52280,993319.28
52282,3667875.9
52284,1168625.95
52285,452483.45
52286,1793201.21
52287,751176.31
52288,2066798.13
52289,2067819.57
52290,975448.88
52291,697668.51
52292,5918587.28
52293,2546024.45
52294,5150729.29
52295,1309379.3
52296,4072542.41
52297,2601183.48
52298,878909.6000000001
52300,2479362.8000000003
52301,650191.76
52302,1458833.0
52303,962133.38
52304,417956.7
52305,4270873.62
52306,3586463.87
52307,1976849.3
52308,2967026.64
52310,1346727.44
52311,1916961.69
52312,453966.45999999996
52313,1629122.96
52315,942387.3099999999
52316,670115.4
52318,1685045.3699999999
52319,688233.86
52320,1967291.3199999998
52321,1782918.1
52322,875671.8200000001
52325,904872.67
52326,389705.29000000004
52327,2177594.52
52328,161629.38
52330,1427891.02
52331,19337172.42
52332,15584568.19
52335,838432.34
52336,1144478.3599999999
52337,1200605.46
52340,814116.71
52341,1379621.51
52342,481368.54000000004
52344,482036.54000000004
52346,2445180.36
52347,1563617.26
52348,6284230.46
52349,1952073.78
52350,942242.72
52351,846462.8099999999
52352,769889.43
52353,42794827.0
52354,429915.08
52355,2018041.74
52356,839608.8
52357,1977151.48
52358,754910.28
52359,1397143.59
52360,2482636.72
52362,771523.78
52363,812014.4
52364,718454.41
52365,2030678.8800000001
52366,652814.27
52367,410176.88
52369,1048767.78
52370,3602664.47
52371,2200515.48
52372,635985.38
52373,590908.84
52374,1903558.51
52375,279594.07
52376,1675654.44
52377,3558213.47
52378,452938.42
52380,2288205.89
52383,1615850.76
52384,1657610.9200000002
52385,817110.08
52386,3200720.97
52388,1345361.24
52390,1127336.52
52391,1660954.3599999999
52392,788101.96
52393,743270.2200000001
52394,1151831.15
52395,780368.15
52396,1106465.5
52397,681316.66
52398,11325828.52
52399,1864037.26
52400,1264173.21
52401,3296466.9
52403,811977.79
52405,2870029.4299999997
52406,1818025.64
52407,1787411.99
52411,2256178.59
52413,814282.85
52414,4364155.73
52415,1071361.09
52416,1003826.46
52419,949275.38
52420,3098856.1799999997
52421,1994796.3499999999
52422,2615590.64
52423,5171306.85
52424,631305.79
52425,2011087.45
52426,1479177.02
52427,2980267.59
52428,802644.35
52429,2061817.6099999999
52431,2493416.8000000003
52432,11002286.49
52433,2000363.85
52436,717976.05
52437,509277.32999999996
52438,1020756.76
52439,1794488.26
52440,3897875.94
52442,2308947.46
52443,470845.45
52444,4254486.09
52445,797997.21
52446,1131525.34
52447,1283992.8800000001
52448,324183522.69
52449,11868354.24
52450,1760937.09
52452,700815.02
52453,815684.6000000001
52455,1324963.59
52456,4343113.94
52457,596421.47
52459,651230.24
52461,4819771.08
52463,1614436.53
52464,589861.55
52465,838117.89
52467,946472.0499999999
52468,1300993.5
52469,3110456.0
52470,3577936.54
52472,1056443.31
52473,1955945.0699999998
52474,615089.43
52475,504845.58999999997
52476,1337531.59
52479,7126542.619999999
52480,1992311.9500000002
52482,1012227.02
52483,736439.75
52484,2649691.0
52486,1010477.15
52487,414391.83
52488,1641868.42
52489,608956.59
52490,4642453.19
52491,1606513.58
52492,3894730.3400000003
52493,514373.32
52494,1144645.87
52495,877258.91
52497,2875989.2199999997
52499,594359.45
52500,3970091.2
52502,563530.11
52503,283815.6
52504,3407423.5100000002
52505,342592.5
52506,833429.1
52507,740927.05
52509,5283502.78
52510,4209960.34
52511,410074.95
52512,5862432.77
52513,582322.47
52514,1829737.23
52515,743716.98
52516,179002.8
52517,1765754.0899999999
52518,1317282.44
52519,511755.81000000006
52520,1459988.09
52522,4510791.02
52523,590117.3300000001
52524,4553551.01
52525,2005284.56
52526,1418670.82
52528,1870932.71
52529,4360710.18
52534,8281377.26
52535,3953563.4000000004
52536,407398.7
52538,2123251.54
52539,607994.07
52540,884392.72
52541,1073624.3199999998
52542,872205.9
52543,3863108.56
52544,4133892.14
52545,1233968.53
52546,273436.39
52547,3251949.19
52548,305984.23
52549,280151.66
52550,25794792.169999998
52878,3717715.02
53001,13610467.64
53002,4829320.71
53003,24590762.41
53004,4259241.38
53005,21859978.41
53006,1723420.07
53007,22730906.63
53008,10833315.83
53009,6048639.71
53010,2462781.1399999997
53011,4132475.14
53012,3699751.64
53013,7215984.140000001
53014,24347572.509999998
53015,11750424.870000001
53016,10819299.36
53017,8742387.49
53018,11172937.95
53019,1199125.76
53021,4656137.51
53022,4068158.2100000004
53023,2468557.6999999997
53025,9370820.65
53026,4371284.16
53027,1575175.31
53028,2898912.98
53029,6251593.35
53030,2912312.34
53031,3520612.37
53032,1390459.2
53033,1052378.72
53034,33242140.580000002
53035,4263646.48
53036,7598279.550000001
53037,5281977.35
53038,1806989.4100000001
53039,14155565.0
53040,5799085.2
53041,1492140.73
53042,8886277.8
53043,2991877.63
53045,5097962.28
53046,2258406.21
53047,3097245.01
53048,9906895.65
53049,4674182.62
53050,3205073.27
53051,4550600.2700000005
53052,1327179.3
53053,4491629.670000001
53054,66655904.07
53055,4665403.359999999
53056,6427651.66
53057,4696926.97
53058,2372599.83
53059,2051725.8399999999
53061,8964826.53
53062,76891490.27
53063,3983563.32
53064,7446250.73
53065,5462099.17
53066,9540036.24
53067,2682684.12
53068,1351784.82
53069,2193614.98
53071,4352134.6
53072,9699099.05
53073,9572725.29
53074,4785356.83
53075,2724036.04
53076,3820457.23
53077,26159234.88
53078,6409109.33
53079,3217713.47
53080,1614549.55
53082,4133578.9
53083,7448041.33
53084,40036600.67
53085,2214790.58
53086,6993586.33
53087,1990482.75
53088,7073139.6899999995
53089,3321584.52
53090,1854084.72
53091,5952861.59
53092,1515222.02
53093,3398062.39
53094,13528103.37
53095,1805264.38
53096,70822999.51
53097,75745824.0
53098,4056095.45
53099,7495011.62
53100,14836897.41
53101,6716079.79
53102,1765584.12
53103,17312689.04
53104,9144470.28
53105,1462144.2
53106,5126868.71
53107,29584673.39
53108,4170341.88
53109,4741710.15
53110,9338661.65
53111,2456138.0
53112,3831775.2899999996
53113,3809823.03
53114,2601875.94
53115,2642717.75
53116,6775806.09
53117,5383383.06
53118,1702690.61
53119,36003065.05
53120,4505547.319999999
53121,18492299.71
53122,8006826.25
53123,14251100.96
53124,4990576.85
53125,13205046.08
53126,13070405.13
53127,24180572.03
53128,2523837.88
53129,2948885.27
53130,318085616.15999997
53131,2101818.28
53132,2907566.54
53133,6417868.350000001
53134,1127663.47
53135,5449229.61
53136,5873860.01
53137,14915014.83
53138,3180725.17
53139,3005608.95
53140,30823015.64
53141,6329407.76
53142,2690205.85
53143,3734346.26
53144,8177295.41
53145,4507473.72
53146,18808226.419999998
53147,135045482.93
53148,1758756.9
53150,6446043.59
53151,9366133.61
53152,24079648.75
53153,3676317.5900000003
53154,7147137.9
53155,12021153.209999999
53156,2181948.83
53157,8914328.41
53158,5484353.99
53159,2738390.6500000004
53160,3408320.07
53161,16329499.17
53162,5404571.94
53163,7109048.04
53164,4374819.49
53165,2635288.2199999997
53168,9731162.8
53169,2619060.17
53170,7985372.62
53172,3577095.33
53173,1564544.25
53174,4195703.92
53175,11461044.92
53176,4068000.06
53177,2056309.14
53178,2391066.58
53179,3165510.31
53180,4794657.52
53181,11190589.030000001
53182,16809750.43
53184,1285603.47
53185,24285298.82
53186,14239698.41
53187,1370925.8
53188,19720174.74
53189,680654.37
53190,4583940.61
53191,3732518.51
53192,3294820.6
53193,4526990.17
53194,4726511.65
53195,2811969.92
53196,2908893.17
53197,9049028.85
53198,2493864.2199999997
53199,2170793.75
53200,7180574.48
53201,48915912.77
53202,4417760.66
53203,3093220.73
53204,3986316.1100000003
53205,3175186.7600000002
53206,2022114.32
53207,6307968.49
53208,3819439.83
53209,4736763.18
53210,18778864.81
53211,17063492.99
53212,4679463.87
53213,4028145.2500000005
53214,1058033.09
53215,9152669.61
53216,7953588.14
53218,6322064.83
53219,8307498.39
53220,1927000.02
53221,3898126.55
53222,2687142.63
53223,3793383.19
53224,7353595.89
53225,3074696.66
53226,5764034.44
53228,4611667.87
53229,10180914.56
53230,1916405.46
53231,2361379.86
53232,1734529.22
53233,1924497.7000000002
53234,2196979.35
53235,1783238.04
53236,2129903.71
53237,3197157.2
53238,4682726.46
53239,4191638.92
53240,3020112.58
53241,1678551.44
53242,2149761.94
53243,15306534.63
53244,954750.02
53245,8324694.83
53246,13194870.889999999
53247,32024149.14
53248,1953916.74
53249,4077170.3
53250,3646827.77
53251,3088202.9699999997
53252,2877573.89
53253,4479570.78
53254,2580877.34
53255,13445395.45
53256,2245228.82
53257,4264779.9399999995
53258,8145861.2299999995
53259,3218989.63
53260,2613792.97
53261,1480638.03
53262,7464875.58
53263,2112995.59
53264,2224004.5
53265,7123872.44
53266,2143246.64
53267,16378433.66
53269,4036656.02
53270,1250292.3699999999
53271,30171714.79
53272,2644765.91
53273,11455319.01
53274,3299653.38
53276,7175496.66
54001,1944254.09
54002,2592476.53
54003,1459906.88
54004,1386691.37
54005,1061656.56
54006,2396956.7
54007,4129308.4
54008,4686321.88
54009,1359685.8900000001
54010,5255863.77
54011,2139481.88
54012,2658627.08
54013,988332.0000000001
54014,2279528.32
54015,1654125.0799999998
54016,1732981.42
54017,1769890.0499999998
54018,3173690.0
54019,1457270.79
54020,2584223.36
54021,1947208.32
54022,5299573.45
54023,1392036.24
54024,1858273.24
54025,8644061.19
54026,1818931.35
54027,4787344.32
54028,28810989.69
54029,12343303.6
54030,1277948.9000000001
54031,2830269.15
54032,1847512.96
54033,963653.77
54034,1985035.36
54035,1309230.12
54036,6106496.09
54037,2666311.8
54038,6023395.32
54039,37902465.16
54040,12464413.4
54041,1886030.28
54042,3374375.09
54043,7708546.42
54044,1437417.8900000001
54045,3652401.5700000003
54046,5108834.21
54047,1743335.65
54048,2853972.52
54049,3202891.2399999998
54050,1768535.66
54051,21358318.16
54052,1558518.28
54053,2104845.84
54054,9615806.81
54055,2949590.46
54056,1122557.04
54057,1731111.48
54058,1875513.69
54059,4500890.05
54060,9320336.79
54061,3672813.6599999997
54062,6215426.96
54063,2783098.54
54064,1671304.3
54065,4410423.13
54066,1529795.33
54067,5302791.7299999995
54068,1748828.54
54069,3960066.04
54070,1196984.21
54071,1599176.2500000002
54072,2515142.2
54073,5345133.95
54074,497048.17
54075,2358134.56
54076,27739243.4
54077,9978961.52
54078,663852.06
54079,47366650.98
54080,8495306.790000001
54081,2711853.14
54082,2828585.08
54083,1410538.92
54084,8740639.25
54085,1456973.58
54086,4936522.8100000005
54087,1522723.31
54088,1855326.69
54089,7401370.37
54090,15441477.06
54091,4878260.2700000005
54092,1529342.6600000001
54093,2768789.7800000003
54094,1883055.23
54095,627920.16
54096,1717668.6099999999
54097,3123925.1999999997
54098,1859923.74
54099,61741411.38
54100,3533971.0
54101,1664234.14
54102,7212531.149999999
54103,1530082.78
54104,3106208.0100000002
54105,4388010.83
54106,1990031.22
54107,672248.65
54108,1138713.24
54109,5222173.26
54110,8108544.3
54111,18091695.27
54112,3606980.81
54113,4682487.88
54114,1817605.69
54115,54791733.75
54116,10331042.85
54117,1098623.24
54118,3817927.09
54119,1414736.88
54120,2094419.8599999999
54121,1183941.45
54122,6117160.96
54123,9434955.25
54124,1043575.16
54125,5678164.37
54126,1935411.97
54127,4908345.31
54128,3933369.58
54129,7353376.79
54130,1599751.6199999999
54131,3070219.78
54132,768335.61
54133,2348133.4499999997
54134,1809528.79
54135,9029652.17
54136,38464486.28
54137,5982231.56
54138,17721137.32
54139,2368793.62
54140,1820411.56
54141,1447776.96
54142,1489408.74
54143,4124071.58
54144,2216131.74
54145,4717076.9799999995
54146,3676613.49
54147,1747083.56
54148,2855842.53
54149,14069461.24
54150,31086820.77
54151,8526985.49
54152,18236981.37
54153,1213781.69
54154,6016782.5
54155,3157360.0300000003
54156,2305659.35
54157,19695789.57
54158,2327822.65
54159,55146422.28
54160,3704420.02
54161,3469150.44
54162,6555632.96
54163,2063918.18
54164,1868444.84
54165,4027689.8
54166,921454.55
54167,12201999.209999999
54168,2156184.1
54169,1266168.17
54170,965445.15
54171,11543798.98
54172,2157124.76
54173,1335694.17
54174,18750836.24
54175,1651349.18
54176,12311281.75
54177,2166449.77
54178,1245540.61
54179,2764804.56
54180,1154216.46
54181,5661255.48
54182,3781708.35
54183,1762849.87
54184,33167291.66
54185,1095634.6
54186,5306655.67
54187,2257483.35
54188,8585164.79
54189,6075930.47
54190,2744839.9299999997
54191,1347755.41
54192,2111702.11
54193,1605159.3599999999
54194,2486546.58
54195,1210750.83
54196,12762232.18
54197,10553229.1
54198,2055878.52
54199,3606799.64
54200,2120624.36
54201,4309137.73
54202,1781239.92
54203,1991855.78
54204,1058853.81
54205,18099071.95
54206,4547115.28
54207,1192746.32
54208,2098777.01
54209,988669.1
54210,1626197.06
54211,3335905.4699999997
54212,2800057.83
54213,2641700.73
54214,3685566.36
54215,45042926.45
54216,1784550.25
54217,1621121.01
54218,1269003.06
54219,1048652.26
54220,2060058.44
54221,1326605.26
54222,9856438.1
54223,2172631.52
54224,1490910.94
54225,1777771.33
54226,1968184.05
54227,7989508.09
54228,2011268.8399999999
54229,4534877.93
54230,1123120.68
54231,2794751.65
54232,18014608.53
54233,683428.49
54234,13745373.16
54235,2973481.27
54236,3602415.14
54237,929303.0499999999
54238,2639699.1
54239,833566.12
54240,1202658.31
54241,718793.8300000001
54242,3759127.6199999996
54243,2364256.04
54244,1011808.89
54245,1461240.07
54246,864314.36
54247,1454562.3699999999
54248,1710494.2999999998
54249,1338579.85
54250,4644997.11
54251,1476830.53
54252,3187835.21
54253,5197969.07
54254,19004773.6
54255,2004847.66
54256,2644295.57
54257,27251803.759999998
54258,2666997.2399999998
54259,2801933.66
54260,6493482.53
54261,28912020.96
54262,1851408.22
54263,31621115.560000002
54264,2874920.26
54265,14665160.67
54266,2675269.5700000003
54268,1913130.1700000002
54269,2438295.33
54270,24977219.169999998
54271,1180405.0599999998
54272,2914542.5
54273,70444582.78
54274,37071045.22
54275,1819251.8399999999
54276,6945125.91
54277,2224749.6399999997
54278,978935.86
54279,6636343.1
54280,45511144.62
54281,3585218.3299999996
54282,951975.36
54283,2266464.57
54284,6054548.71
54285,1047148.5700000001
54286,17486132.86
54287,2118550.74
54288,4051925.2
54289,3518241.62
54290,1745081.43
54291,1848982.83
54292,1827509.89
54293,1383850.8
54294,2008387.06
54295,6095938.02
54296,3937576.8200000003
54297,2316610.1
54298,890145.6699999999
54299,2294847.2399999998
54300,30536252.77
54301,1136299.54
54302,4042469.38
54303,3718322.17
54304,56621214.92
54305,13928135.23
54306,4042411.4299999997
54307,1833897.57
54308,2794421.38
54309,3182752.05
54310,264550.71
54311,4704972.68
54312,5587566.7299999995
54313,1204427.6
54314,21840846.84
54315,5114586.88
54316,2472672.28
54317,1654200.27
54318,29186773.23
54320,4633114.7
54321,48667605.7
54322,26521900.01
54323,93424803.29
54324,1436311.43
54325,1653519.51
54326,1192130.49
54327,5117165.0
54328,43213952.65
54329,148380326.91
54330,2402301.08
54331,3222088.81
54332,7376115.91
54333,1856984.9500000002
54334,3118523.44
54335,2154465.2600000002
54336,7490983.16
54337,1559928.53
54338,4453485.41
54339,26125202.83
54340,1568893.1099999999
54341,3714003.01
54342,13357887.12
54343,2430966.32
54344,2694569.1
54345,1744431.0
54346,2213319.45
54348,2722382.82
54349,1572219.01
54350,4375647.14
54351,8487578.67
54352,5067919.56
54353,6981769.59
54354,820065.88
54355,2399678.3000000003
54356,1608895.77
54357,41292601.11
54358,2231058.81
54359,1498295.48
54360,2567626.95
54362,7955983.5
54363,1704548.19
54364,5995821.33
54365,2346314.7600000002
54366,11020704.66
54367,13274305.93
54368,1661672.1900000002
54369,6212893.01
54370,2027586.05
54371,6900759.14
54372,2217764.74
54373,7479742.12
54374,3095950.7800000003
54375,5993713.3
54376,2377000.46
54377,1457867.32
54378,4722620.03
54379,1744040.71
54380,3616975.25
54381,1473159.39
54382,69893188.48
54383,6330060.57
54385,6451376.68
54386,2085424.85
54387,1282180.01
54388,1366247.0699999998
54389,1096542.8800000001
54390,6399262.53
54391,14394255.96
54392,2330763.69
54393,5219227.85
54394,1186126.33
54395,512547169.09000003
54396,2180458.46
54397,47299923.09
54398,1331184.78
54399,1674869.76
54400,9829726.28
54401,2132723.92
54402,3796754.53
54403,9021512.15
54404,2566053.42
54405,4236547.87
54406,2073986.64
54407,1235857.55
54408,2270764.79
54409,1129753.12
54410,2734754.1999999997
54411,1920618.1300000001
54412,1050926.9300000002
54413,1581885.66
54414,5121263.74
54415,38088120.629999995
54416,1458035.9100000001
54417,1715702.8900000001
54418,2152233.77
54419,1498170.64
54420,1257311.19
54421,3156008.73
54422,1551218.65
54423,3596414.39
54424,798728.3200000001
54425,20233768.41
54426,4378028.47
54427,4772975.7
54428,8224972.380000001
54429,2109487.83
54430,26411342.419999998
54431,110979956.65
54432,12391778.83
54433,2195502.0
54434,2328852.2800000003
54435,2987691.13
54436,1346986.32
54437,6207762.05
54438,1144843.77
54439,20753517.93
54440,1027070.1
54441,2388227.35
54442,1034747.76
54443,759514.54
54444,2285609.09
54445,938950.25
54446,1118379.21
54447,935369.23
54449,5884419.66
54450,2502062.86
54451,23141619.9
54452,1373584.58
54453,2913752.68
54455,3154578.43
54456,4032847.89
54457,872488.6000000001
54458,1653484.89
54459,11444282.3
54460,1293967.29
54461,959376.95
54462,12029114.22
54463,4540352.17
54464,1049046.68
54465,3905761.65
54466,2432771.6100000003
54467,2862184.8
54468,795205.37
54469,5633569.82
54470,1635217.92
54471,1147505.21
54472,6765252.819999999
54473,1907108.83
54474,3292758.88
54475,1822505.9
54476,2379139.38
54477,1614501.8199999998
54478,1298543.84
54479,835857.1
54480,940509.61
54481,1522488.92
54482,36446292.85
54483,36185838.42
54484,2083616.5699999998
54485,3313853.42
54486,2758613.98
54487,1429729.4
54488,980781.7799999999
54489,1393960.4000000001
54490,7376009.65
54491,3278143.2199999997
54492,1484991.0
54493,14530666.06
54494,1584478.92
54495,14705040.23
54496,5053740.04
54497,5841253.47
54498,26693832.31
54499,1675415.99
54500,3086437.93
54501,1705297.7000000002
54502,2858498.4
54504,3524394.3600000003
54505,5879404.48
54506,2125293.76
54507,1018232.9299999999
54508,1436479.21
54509,5923001.34
54510,2603614.1100000003
54511,1439878.43
54512,1904773.36
54513,4347469.66
54514,5251020.909999999
54515,3224865.96
54516,435339.02
54517,1602288.1700000002
54518,11382000.870000001
54519,2774713.0
54520,3059055.93
54521,13714630.62
54522,1237494.52
54523,4229215.47
54524,1338588.77
54525,3660433.15
54526,34586879.19
54527,5735614.29
54528,127303621.82000001
54529,1293614.2
54530,1843865.67
54531,1693828.1
54532,2657107.46
54533,10098017.02
54534,4659874.62
54535,1373838.23
54536,23023112.33
54537,5362631.16
54538,2932721.29
54539,1608596.21
54540,5071263.739999999
54541,1511736.93
54542,16994064.64
54543,2526189.9000000004
54544,928544.75
54545,2946234.56
54546,13893971.2
54547,141690551.0
54548,4439165.02
54549,22665633.96
54550,3059309.57
54551,1032929.9
54552,1673261.56
54553,2022560.6199999999
54554,1408155.29
54555,1428251.97
54556,1860036.6600000001
54557,8575991.76
54558,3177245.09
54559,2750665.19
54560,922240.47
54561,647101.33
54562,1594922.2799999998
54563,7277948.89
54564,1660589.4100000001
54565,3030133.5300000003
54566,1920811.35
54567,4842687.119999999
54568,2735030.58
54569,1747938.04
54570,3848322.96
54571,4651246.96
54572,3909349.26
54573,1515363.8
54574,5051011.21
54575,23773723.02
54576,1127718.4000000001
54577,1387961.3499999999
54578,55961210.75
54579,2360925.17
54580,39060427.39
54581,4172767.61
54582,2205057.69
54583,2859584.8000000003
54584,12148479.02
54585,3809128.4
54586,7729206.65
54587,2674685.34
54588,2696476.34
54589,896940.53
54590,4483093.32
54591,3356769.09
54592,1585317.86
54593,2697445.29
54594,2563580.14
54595,3276717.96
54596,6184807.35
54597,3151025.82
54598,1234666.46
54599,951735.1699999999
54600,1374837.23
54601,1656349.89
54602,1043231.04
55001,3380344.6500000004
55002,496704.64
55004,533085.94
55005,793886.89
55007,1445651.52
55008,626595.75
55009,3046929.38
55010,26961854.52
55011,1443865.67
55012,4312904.5200000005
55013,2563045.8
55014,3342511.73
55015,3003983.42
55017,741648.03
55018,574304.89
55021,510024.86000000004
55022,1326655.78
55023,613173.88
55024,1145130.31
55025,2265718.83
55026,1170383.2
55027,1617245.39
55028,1009282.36
55029,169001087.69
55030,1378588.9
55031,1948131.16
55032,875999.9900000001
55033,291357.89
55034,585118.53
55035,2071104.69
55036,1049717.57
55037,1434934.48
55038,1048154.16
55039,251355.11
55040,2052812.67
55041,3979132.62
55042,2841502.45
55043,15975568.8
55044,324885.07
55045,3780422.38
55046,1014111.1400000001
55047,1474145.1800000002
55048,432461.74
55049,2887180.84
55050,113287.87000000001
55051,1653468.82
55053,2169356.9299999997
55054,638133.63
55055,94520.48
55057,483729.57
55058,1837186.87
55059,4203812.81
55060,4107544.38
55061,975743.03
55062,1209639.99
55063,13879982.18
55064,2286596.71
55065,1550691.61
55066,1110328.77
55067,888490.77
55068,898970.16
55069,1254002.37
55070,794194.85
55071,1999949.98
55072,733093.52
55073,4400265.38
55075,1301511.43
55076,1747125.9
55077,2231304.76
55078,3248308.42
55079,3660424.57
55080,1121127.39
55081,476951.08999999997
55082,677009.03
55083,1072955.0899999999
55084,979705.17
55085,2510601.96
55087,6279896.04
55088,1161207.0
55089,909836.12
55093,3785915.96
55094,2567174.27
55095,1097596.84
55096,2609592.65
55097,3363920.6799999997
55099,1227178.6400000001
55100,360461.51
55101,1582537.22
55102,4102293.07
55103,353874.80000000005
55104,2137035.51
55105,898391.6599999999
55106,1102010.43
55107,290164.33999999997
55108,1243842.75
55109,1036712.99
55110,1008086.5800000001
55111,3189802.66
55113,1536908.87
55114,2073060.91
55115,577055.14
55116,679233.75
55117,10875625.959999999
55118,444853.38
55119,1442037.8
55120,7209926.119999999
55121,1389634.08
55122,58900629.64
55123,3653853.46
55124,3227492.41
55125,8080850.7
55127,434558.65
55128,805224.49
55129,258614.30000000002
55132,7765464.11
55133,1528434.16
55134,592238.2
55137,375184.25
55139,95034.79
55140,245395.66
55141,744202.65
55142,3649027.97
55143,621791.54
55144,3594790.08
55145,7040107.3
55146,1507588.63
55148,940581.36
55149,416194.84
55150,2936811.17
55153,1235546.44
55154,14990607.729999999
55155,2512282.5100000002
55156,1391924.48
55157,730181.47
55158,4978050.47
55159,2292339.14
55160,469769.78
55162,232450.5
55163,431259.81
55164,356542.65
55165,1806746.9000000001
55166,7945903.44
55167,3611244.33
55168,399672.44
55169,1715144.67
55170,1407962.19
55171,848936.61
55172,712808.07
55173,604899.64
55174,602737.07
55175,807611.21
55177,320348.49
55178,1416408.73
55179,2562703.71
55180,893033.27
55181,18807373.9
55182,941339.1
55183,729818.73
55184,14116142.35
55185,1239563.35
55186,30021716.34
55188,765970.17
55189,112028.86
55191,1647871.01
55192,541302.19
55193,1367257.13
55194,587243.2000000001
55195,1208433.76
55196,1165303.18
55197,2298780.03
55198,3760976.76
55199,966313.73
55200,2822120.43
55201,329360.94999999995
55202,998765.25
55204,1461164.06
55206,2239143.98
55207,352897.42
55208,507002.8
55210,919540.05
55211,490082.75000000006
55212,838310.4199999999
55214,1931212.6
55215,20193463.36
55216,632746.9299999999
55217,1735612.74
55218,458228.86
55219,809686.97
55220,1869657.98
55221,1820750.43
55222,74979.59
55224,5475688.05
55225,1542162.94
55226,1084693.81
55228,2680227.59
55229,2342038.05
55232,713264.18
55236,3879528.76
55237,937707.8300000001
55239,202238.27000000002
55241,1847785.12
55242,1037154.72
55243,1982950.66
55244,1996570.8399999999
55245,3827496.61
55246,1316099.74
55247,1067392.23
55248,3784789.12
55250,928336.78
55251,532171.58
55252,1053470.38
55253,4277001.41
55254,1124927.83
55255,1872448.01
55256,1491220.76
55257,744053.1799999999
55258,5470082.17
55260,501269.56
55261,766646.97
55262,2754248.48
55263,1333338.07
55264,2024004.02
55265,718038.47
55266,440949.87
55267,2269012.37
55268,6489845.9799999995
55269,805414.2200000001
55270,274400.60000000003
55271,3875139.54
55272,5597517.07
55274,5275799.68
55275,745739.99
55276,1859830.6
55278,1520418.62
55279,4205561.5
55280,503203.73
55281,324962.57
55282,1621186.81
55284,691348.55
55285,1815012.05
55286,1219839.11
55288,8605866.040000001
55289,806343.02
55290,1072360.29
55291,29147248.9
55292,2553390.48
55293,1228682.02
55295,477551.01
55296,3986874.01
55297,1099533.07
55298,2570850.7800000003
55299,875580.42
55300,826036.4099999999
55301,763966.88
55302,12197586.22
55303,842028.51
55304,2215289.8200000003
55306,1790685.16
55307,91129.15000000001
55310,1179094.6099999999
55311,120021.92
55312,1648028.89
55313,742751.52
55315,2364359.68
55316,3132077.9600000004
55317,1260081.86
55320,365126.66000000003
55321,1117479.93
55322,894967.53
55323,417978.49
55324,13264168.48
55325,720912.02
55326,362340.13
55327,2097115.12
55328,1979532.02
55329,1374297.24
55330,1448003.79
55331,1060188.54
55332,803576.37
55333,491546.72
55334,1752132.11
55335,1120840.09
55336,2544899.9
55338,741970.67
55339,695332.75
55340,4253727.18
55341,1222700.93
55343,984507.29
55344,193645.7
55345,1469750.33
55346,2530072.05
55347,1564271.6500000001
55348,7636558.6899999995
55349,1212064.48
55350,1383024.9000000001
55351,19091065.13
55352,1098358.65
55353,605772.13
55355,1278413.9000000001
55356,577575.23
55357,679686.5599999999
55358,1640409.53
55359,1869272.76
55360,1415927.76
55361,1047228.19
55362,1628192.3299999998
55363,817564.66
55364,3861244.44
55365,1231759.46
55366,7364330.88
55367,866114.09
55368,1177126.79
55369,6723263.71
55370,1143591.51
55371,457944.96
55372,2964683.67
55373,856451.79
55374,730165.95
55375,423333.63
55376,335056.7
55377,1063171.62
55378,1707734.6
55379,675022.96
55380,2162186.41
55381,924903.21
55382,2933283.55
55383,2654339.06
55384,1081385.26
55385,4171524.69
55386,2474897.21
55387,1833796.73
55388,1040830.25
55389,2149681.62
55391,2389805.5700000003
55394,119732.75
55395,944715.8400000001
55396,1122149.72
55397,1822123.1
55398,16356535.82
55399,539104.77
55400,367061.7
55401,2195913.58
55403,531638.7000000001
55404,3187110.8
55405,1429043.5
55406,552501.9
55407,973848.25
55408,2215247.44
55409,729998.2899999999
55410,1714854.44
55411,1566188.37
55412,2383096.29
55414,811041.9099999999
55415,1168411.21
55416,4163278.3499999996
55419,1382098.15
55420,1910452.03
55421,1431477.26
55422,1918673.38
55423,2621163.38
55424,755859.45
55425,1060281.91
55426,2540747.6599999997
55427,28448077.88
55428,1298885.5799999998
55429,282164.86
55430,1345475.35
55431,602733.38
55433,2044049.84
55434,734265.83
55435,3247893.92
55436,526464.78
55437,811481.47
55438,2442977.86
55439,416213.57
55442,1669902.8900000001
55443,3287673.94
55444,2016777.72
55445,1728877.85
55446,1040202.96
55447,3110181.38
55448,473460.63
55449,3586232.4299999997
55450,628754.27
55452,414309.55000000005
55453,803682.48
55454,1105443.74
55456,1526602.01
55457,936645.6
55458,1475534.94
55459,1751740.29
55460,1384940.16
55461,2721484.67
55462,2590977.81
55463,46098518.65
55464,1188428.18
55465,1211480.21
55466,3007530.4
55467,6592621.92
55468,1064283.82
55469,900937.67
55470,1854583.22
55471,453953.16000000003
55472,1535696.3800000001
55473,1185421.24
55474,1678375.0699999998
55475,499393.88
55476,8372001.29
55477,2238584.7399999998
55479,960332.7200000001
55481,1526790.25
55482,1665853.92
55484,1997434.55
55485,352514.10000000003
55487,973709.32
55488,588156.3200000001
55489,1805161.39
55490,2582192.86
55492,6115262.12
55493,1998345.7
55494,2519943.7399999998
55495,1525994.88
55496,10115674.78
55497,2031246.45
55498,4276503.56
55500,4632867.4399999995
55501,4003993.2199999997
55502,29844532.51
55503,1515663.25
55504,1552465.08
55505,16100774.41
55506,1379715.39
55507,1233055.5
55508,1103384.0
55509,1401906.85
55510,867995.96
55511,464516.43
55512,2675202.29
55514,6678164.83
55515,688837.41
55516,5108094.15
55517,4445788.51
55518,1543085.99
55519,12236821.02
55520,3796612.06
55521,1618527.4200000002
55522,465015.23
55523,1159310.24
55525,425289.26
55526,1270767.77
55527,7071973.58
55528,879608.27
55530,928226.98
55531,1359701.31
55532,2962326.15
55533,20835831.98
55534,1327328.02
55535,555180.8200000001
55536,953739.8099999999
55537,534058.54
55540,556371.99
55541,3645229.6799999997
55543,6623658.29
55544,599090.6900000001
55545,160259573.85
55546,807457.92
55547,1440409.48
55549,1192287.8
55551,11555993.469999999
55552,705644.77
55553,7472776.77
55554,1311617.85
55555,287593.6
55556,347901.93
55557,869087.5700000001
55559,625702.7
55560,1031200.16
55561,451080.09
55562,1010522.0
55563,487957.92000000004
55565,414875.62
55566,2034328.1700000002
55567,869748.5
55568,2555384.48
55569,1139079.3800000001
55570,1706138.33
55571,2083928.27
55572,698372.6
55573,13704167.47
55574,1283053.31
55575,1614544.97
55577,1304216.8800000001
55578,1051451.53
55579,505140.66000000003
55580,708954.16
55581,1583716.55
55582,695361.91
55583,1203982.91
55584,1753084.65
55586,1023783.42
56001,28561166.33
56002,18519514.39
56003,40480023.769999996
56004,13569390.44
56005,60417586.72
56006,10291064.47
56007,95309536.27
56008,39251586.58
56009,10092585.28
56010,31703877.82
56011,10231266.75
56012,14332840.08
56013,17604166.47
56014,11358040.48
56015,14557070.58
56016,6588331.149999999
56017,24271721.490000002
56018,8786099.11
56019,3075669.48
56020,5170306.87
56021,9560881.68
56022,7758888.01
56023,31217978.53
56024,16201152.49
56025,2686575.66
56026,15353096.450000001
56027,4783255.33
56028,14586379.9
56029,6698816.33
56030,6230815.1
56031,19105453.61
56032,11469749.58
56033,17645913.47
56034,61773925.21
56035,10267344.41
56036,46136575.06
56037,5896457.7299999995
56038,3276829.78
56039,8088833.28
56040,17272058.67
56041,21774620.28
56042,11833645.31
56043,6424164.18
56044,4864048.41
56045,5091452.75
56046,23716259.849999998
56047,12700102.46
56048,6208840.37
56049,1781720.8499999999
56050,4614217.92
56051,5290584.84
56052,26058242.03
56053,38104158.5
56054,20358648.759999998
56055,19240979.98
56056,1826794.06
56057,28775773.28
56058,18541598.7
56059,3532319.9
56060,6155427.989999999
56061,31452043.72
56062,9446907.120000001
56063,14040472.01
56064,5404325.16
56065,3130179.7
56066,43551559.19
56067,38031023.53
56068,2339586.94
56069,38631412.57
56070,19910169.15
56071,7095177.1
56072,9554708.66
56073,17742952.740000002
56074,11131645.09
56075,45128538.04
56076,11989572.35
56077,7448494.38
56078,76065292.59
56079,8796344.95
56080,12054805.34
56081,22332306.23
56082,2437612.39
56083,108643866.92
56084,5197779.93
56085,5220156.9399999995
56086,9874278.879999999
56087,12371107.36
56088,9036780.74
56089,16990747.44
56090,52578217.5
56091,30188957.750000004
56092,6774716.16
56093,6265348.18
56094,32507454.310000002
56096,11380830.41
56097,24150199.310000002
56098,183497607.9
56099,6251553.01
56100,14540536.36
56101,58350034.629999995
56102,11655106.0
56103,3442315.16
56104,6286744.83
56105,9624573.08
56106,9314968.02
56107,87878769.08
56108,9081663.48
56109,9626653.25
56110,8747898.38
56111,10927771.18
56112,6480932.51
56113,6644098.19
56114,8608243.83
56115,7876237.9399999995
56116,18420392.71
56117,38335610.65
56118,23399446.13
56119,15304410.18
56120,14307534.69
56121,527605342.79
56122,11427532.57
56123,20034616.34
56124,31663228.9
56125,16240871.83
56126,12705598.16
56127,22773721.95
56128,14313397.31
56129,15134343.28
56130,18461076.02
56131,10007721.15
56132,9159997.54
56133,9268732.19
56134,9845319.56
56135,8779497.41
56136,5963316.41
56137,18817077.67
56138,3438141.62
56139,2543151.81
56140,46846006.550000004
56141,9931957.12
56142,4184755.4
56143,35308224.02
56144,14245711.08
56145,7404381.03
56146,11212411.799999999
56147,25800249.75
56148,7021038.699999999
56149,18266437.69
56150,4080629.54
56151,27860136.549999997
56152,23477430.5
56153,20371243.76
56154,10304146.47
56155,29864925.32
56156,4073483.27
56157,13127617.41
56158,33452558.73
56159,25127340.56
56160,13588917.07
56161,18279170.93
56162,160176348.33
56163,14328803.43
56164,39979457.0
56165,90118541.77
56166,47133535.050000004
56167,11142006.72
56168,14737417.959999999
56169,33655356.32
56170,18100114.17
56171,11717101.709999999
56172,22881622.52
56173,20108909.62
56174,17940976.62
56175,18625734.18
56176,26963338.77
56177,56527624.43
56178,150541974.64000002
56179,23054228.509999998
56180,5072295.62
56181,29762963.79
56182,10439606.41
56183,4082749.25
56184,49044615.43
56185,78567616.72
56186,92513044.33
56187,3279704.3600000003
56188,11107788.889999999
56189,8154752.78
56190,20183753.93
56191,2761016.49
56192,8090287.98
56193,37659800.08
56194,18840736.48
56195,8742042.08
56196,8969760.48
56197,6894514.41
56198,18423569.77
56199,6681381.09
56200,13065996.14
56201,5937716.63
56202,2853854.77
56203,8763370.06
56204,8727824.09
56205,5108172.86
56206,78085022.24
56207,8316307.44
56208,3564495.75
56209,2515244.0
56210,4442345.600000001
56211,6168759.2
56212,13390894.78
56213,12775093.46
56214,26573718.740000002
56215,9027775.93
56216,3275491.92
56218,5581300.3
56219,8331469.29
56220,7442203.51
56221,10765120.19
56222,20579064.47
56223,8000731.92
56224,2948387.54
56225,2366571.26
56226,4008654.9
56227,5075871.57
56228,7986886.0
56229,10295040.02
56230,6630831.75
56231,22364254.74
56232,5114039.85
56233,14393605.13
56234,27442114.99
56236,6176313.069999999
56237,15052151.15
56238,5399675.7
56239,8556575.81
56240,73242480.38
56241,9859155.77
56242,8178769.4799999995
56243,75003759.96
56244,30505315.65
56245,6794654.73
56246,17485568.22
56247,31099379.08
56248,26137560.54
56249,17194877.15
56250,5738980.56
56251,62488197.55
56252,7803998.5
56253,5366709.26
56254,8540332.379999999
56255,14260140.78
56256,1016621.2
56257,7935722.27
56258,22356503.29
56259,8984279.05
56260,481580744.93
56261,17582663.259999998
56262,12392454.139999999
56263,13858678.23
56264,3425896.34
57001,7092171.77
57002,360663.49
57003,14079038.11
57004,1281566.27
57006,9671338.43
57007,1200245.22
57008,1625804.21
57009,744680.51
57010,785442.47
57011,8198833.039999999
57012,41877164.12
57013,19901409.63
57014,3442312.44
57015,5222704.79
57016,4234596.220000001
57017,21612757.78
57018,1689618.83
57019,146925202.59
57020,2240509.58
57021,8762209.38
57022,16105742.29
57024,2397048.37
57025,5115480.82
57026,7854170.85
57027,998073.2999999999
57028,25973510.23
57029,1807633.62
57030,2636199.98
57031,6455665.5
57032,24764675.65
57033,4727386.88
57034,675944.64
57035,1657981.76
57036,1646832.9
57037,3080562.3
57038,46527156.47
57039,18649316.64
57040,2095377.43
57041,15612678.26
57042,3979700.37
57043,25790548.03
57044,1553535.16
57045,874768.39
57046,12221324.42
57047,10270046.85
57048,278808.94
57049,20571223.31
57050,744469.9
57051,3686064.0
57052,6830337.13
57053,905959.64
57054,1050514.04
57055,4707307.08
57056,1227951.49
57057,5735863.409999999
57058,82672078.32000001
57059,702837.64
57060,7903407.72
57061,6570783.67
57062,3464102.71
57063,1460648.3699999999
57064,2750156.7
57065,1893306.6199999999
57066,3760733.35
57067,21138106.8
57069,4433341.07
57070,2118032.41
57071,2707373.25
57072,5211894.43
57073,7358567.46
57074,6781572.91
57075,1950894.19
57076,4465259.85
57077,1224541.5799999998
57079,5858629.82
57080,636755.13
57081,868995.4400000001
57082,4610363.15
57083,10919602.620000001
57084,1823509.43
57085,2364772.81
57086,3981199.4299999997
57087,2440543.56
57088,2729909.28
57089,95545769.41
57090,1531025.9100000001
57091,10450266.85
57092,4919739.09
57093,5775006.32
57095,8280880.09
57096,13880883.99
57097,32859099.24
57098,2005881.79
57099,3601113.99
57100,2605082.16
57101,10405087.84
57102,20415769.55
57103,1911507.5
57104,8928586.51
57105,1321505.99
57106,30180335.080000002
57107,1410882.46
57108,3849398.1
57109,5390241.65
57110,5020542.92
57111,2619213.8
57112,892696.7899999999
57113,4730829.39
57114,3666817.74
57115,1132234.74
57116,950893.5499999999
57117,4923999.9399999995
57118,952882.38
57119,10887341.69
57120,1498562.6
57121,1246739.94
57122,8009671.64
57123,24490372.85
57124,60507269.64
57125,6208978.16
57126,2167350.1599999997
57127,1436888.8
57128,2813056.5
57129,6238864.87
57130,465797.17
57131,1553795.67
57132,26515100.740000002
57133,1498704.32
57134,16561632.26
57136,5420540.3
57137,5287446.38
57138,551480.61
57139,2828241.97
57140,3184356.52
57141,1089011.03
57142,2135477.25
57143,26660152.11
57144,40717204.9
57145,2844095.02
57146,4444296.21
57147,2122207.85
57148,1553679.46
57149,1475193.75
57150,5719043.27
57151,1344019.17
57152,4182374.54
57153,18972982.34
57154,7545029.71
57155,25734424.919999998
57156,6479081.88
57158,1283157.77
57159,44749646.160000004
57160,132817181.98
57161,957750.85
57162,11021416.92
57163,22807638.83
57165,5358192.43
57166,425829.58
57167,3306022.18
57168,4473838.0
57169,3458556.25
57171,16238513.16
57172,3844865.7700000005
57173,992601.17
57174,948568.1
57175,2843535.27
57176,12731530.610000001
57177,39230511.48
57178,3812362.66
57179,12172892.89
57180,3252106.86
57181,870484.37
57182,450852.48
57183,2403685.84
57184,1249266.35
57186,8354073.16
57187,3359954.54
57188,4335708.39
57189,1710118.73
57190,2764816.12
57191,5184052.38
57192,9247875.18
57193,33479100.29
57194,7834198.22
57195,7173278.109999999
57196,3844758.29
57197,4013134.73
57198,1880368.8699999999
57199,3709764.77
57200,2265835.27
57201,7813798.36
57202,12586402.959999999
57203,2455818.21
57204,3220118.7399999998
57205,22569097.13
57206,63849866.98
57207,72780171.95
57208,12517125.06
57209,48920443.57
57210,6795461.37
57211,12663525.14
57212,6934615.430000001
57213,7573836.41
57214,4383454.87
57215,4115363.4299999997
57216,1402597.69
57217,6956897.63
57218,5818479.46
57219,8817684.92
57220,1166005.07
57221,70297458.86
57222,13383148.66
57224,47504832.93
57225,1862307.5899999999
57226,38328887.46
57227,197775017.6
57228,1298129.21
57229,1930982.52
57230,1667608.51
57231,1207939.8
57232,9666577.0
57233,1348994.8399999999
57234,5526773.79
57235,11023550.5
57236,419938.69
57237,2579231.8099999996
57238,1959254.69
57239,3677531.17
57240,123516209.80000001
57241,2806519.55
57242,37021376.08
57244,5170680.95
57245,4904633.5
57246,1322094.13
57247,653461.88
57248,1584081.06
57249,2473420.67
57250,13221085.68
57251,7833705.5200000005
57252,4903426.88
57253,3500219.81
57254,7010797.84
57255,4377270.47
57256,4300276.75
57257,1100971.07
57258,2632407.5700000003
57259,4629476.88
57260,27386319.77
57261,11776416.85
57262,12114469.58
57263,6813112.53
57264,4444092.57
57265,532932.65
57266,1016129.05
57267,8058575.52
57268,786462.14
57269,81499340.28999999
57270,3638137.79
57271,4924611.69
57272,2288286.0300000003
57273,4624297.44
57274,7288888.4399999995
57275,7684569.21
57276,2462568.62
57277,2160055.26
57278,1678287.6099999999
57280,2620496.41
57281,3040572.28
57282,2164848.59
57283,93579825.57000001
57284,1015579.97
57286,3025118.85
57287,46511760.26
57288,12915134.47
57289,39784049.07
57290,1402266.26
57291,3909948.74
57292,206227.45
57293,2325857.78
57294,2132276.0
57295,846759.1699999999
57296,6709429.909999999
57297,2527348.62
57298,1892436.85
57299,5880597.83
57300,4539506.61
57301,5029311.15
57302,4010613.0
57303,23178495.57
57304,2979053.54
57305,3011746.0100000002
57306,116130876.78
57307,2319180.35
57308,1385300.78
57309,4216364.85
57310,2289447.52
57311,3800418.26
57312,3429021.28
57313,2226372.2
57314,8018416.330000001
57315,5813413.6
57316,6595378.23
57317,1647043.92
57318,2051540.1199999999
57319,4723873.82
57320,1272878.27
57321,4983726.12
57322,3299816.5
57323,58863511.53
57324,6629760.28
57325,7525324.880000001
57326,2617603.9
57328,530836.91
57329,2393876.24
57330,11751828.209999999
57331,4505305.06
57332,80770096.1
57333,4733892.43
57334,3196820.11
57335,2255997.39
57336,39543488.26
57337,5542576.41
57338,7680823.83
57339,3943400.75
57340,11174617.09
57341,5165526.86
57342,889559.1000000001
57343,16567892.09
57344,4792248.39
57345,2816579.17
57346,10590682.43
57347,4668266.23
57348,7778110.62
57349,1563881.0899999999
57350,14610714.09
57351,4637401.31
57352,2669383.02
57353,926558.41
57354,1509569.6300000001
57355,6474289.78
57356,8622743.370000001
57357,3498590.65
57358,5944396.85
57359,1293096.93
57360,9569509.88
57361,4117230.76
57362,2182418.8
57364,6492228.6
57365,5671542.67
57366,1389986.1099999999
57367,1741619.9100000001
57368,18921867.82
57370,15793234.950000001
57371,3479077.97
57372,7923799.38
57373,7286841.5
57374,2295860.42
57375,2582399.45
57376,5453732.8
57377,1961805.26
57379,2815867.2600000002
57380,506989.67
57381,1595553.1400000001
57382,8918337.3
57383,2165152.5
57384,3814412.18
57385,6356098.68
57386,2829402.7
57387,2108661.16
57388,5104463.05
57389,3075262.11
57390,11407516.11
57391,352719.34
57392,5022197.27
57393,1793815.4000000001
57394,4479978.18
57395,2006565.8299999998
57396,5920666.05
57397,1451440.5499999998
57398,5291872.51
57399,742122.09
57401,1480673.2799999998
57402,2186631.75
57403,1624592.42
57404,2432317.71
57405,653844.65
57406,686533.39
57407,3311172.89
57408,5898159.39
57409,5496376.05
57410,1320432.94
57411,2929662.49
57412,21848859.759999998
57413,46280361.9
57414,14737218.91
57415,10087852.459999999
57416,2930837.82
57417,1074437.81
57418,2582050.7
57419,10562571.19
57421,2291192.58
57422,9388519.12
57423,700883.65
57424,2325013.19
57425,5247353.43
57426,8987032.02
57427,6630464.0600000005
57428,22729141.98
57430,3649265.48
57431,1943446.3
57432,764384.98
57433,111545748.78
57434,5449885.57
57436,1260869.71
57437,4200161.81
57438,5148572.33
57439,4598858.53
57440,1027472.69
57441,22538078.15
57442,1784671.68
57443,32268486.659999996
57444,2747100.96
57445,4231757.86
57446,770727.97
57447,65531351.92
57448,4852516.78
57449,2276482.13
57451,2373754.68
57452,11600703.17
57453,3358283.92
57454,8861566.08
57455,1735931.01
57456,8803611.6
57457,2479721.56
57459,3612665.25
57460,10192218.01
57461,2659927.33
57462,2798740.5
57463,1060910860.4
57464,6434519.600000001
57465,11794676.6
57466,5024129.38
57467,2068085.1
57468,5244200.74
57469,9328949.1
57470,362930.08
57471,2155984.83
57472,1113175.96
57473,795333.5900000001
57474,39845751.4
57475,4116357.6799999997
57476,2423086.15
57477,18454802.81
57478,805403.0700000001
57479,5063480.59
57480,132613278.63
57481,16694295.77
57482,9850368.959999999
57483,64433214.52
57484,19024575.35
57485,1112220.51
57486,665370.53
57487,36448447.54
57488,3810533.0300000003
57489,5600523.5
57490,2119499.75
57491,64727026.65
57492,4798585.44
57493,2536644.16
57494,2349592.21
57495,1810824.9100000001
57496,4526947.5600000005
57497,2895074.25
57498,13570825.17
57499,12868601.11
57500,550242.2999999999
57501,912306.1200000001
57502,3702157.39
57504,2269850.07
57505,11196479.89
57506,2608232.75
57507,2772697.91
57508,39064320.22
57509,4448202.6
57510,6485743.83
57511,13185480.45
57512,4573000.390000001
57513,1366539.29
57514,9231968.540000001
57515,11601591.28
57516,3123331.2
57517,5948515.05
57518,2245601.17
57519,2218534.7
57520,558402.38
57521,20378880.09
57523,3140397.49
57524,1422987.54
57525,404403.29
57526,5106722.53
57527,2452109.46
57528,1093431.85
57529,26432987.52
57530,3888031.67
57531,5740550.33
57532,1941744.11
57533,9534178.07
57534,12206846.41
57535,12475787.1
57536,2211308.84
57537,40028332.629999995
57538,1241339.6700000002
57539,412914.52999999997
57540,42484867.59
57541,6268354.53
57542,5996156.95
57543,10645502.59
57544,2537061.25
57545,13470753.55
57546,9996895.68
57547,3583418.6700000004
57548,3599254.34
57549,7067880.92
57550,25085108.44
57551,2545385.56
57552,4303186.55
57553,6699918.59
57554,5131382.68
57555,871185.0700000001
57556,29397197.48
57557,7160039.07
57558,733840.1
57559,2231450.27
57560,3770732.35
57561,8879037.52
57562,7387810.44
57563,2345897.8400000003
57564,2994136.7
57565,4924740.04
57566,18329757.43
57567,1381680.42
57568,14073446.86
57569,3762701.07
57570,4438760.6899999995
57571,10647859.89
57572,13991956.38
57573,904760.97
57574,4629411.16
57575,11905637.09
57576,11275616.53
57577,3234328.4299999997
57578,2216337.01
57579,2640535.0300000003
57580,1528852.94
57581,3851751.01
57582,27351132.09
57583,722321.77
57584,5170109.76
57585,3114385.87
57586,2490309.86
57587,1971304.26
57588,9688265.01
57589,25470725.19
57590,3290163.1899999995
57591,91128952.66
57592,4123269.0
57593,5214504.75
57594,2168068.08
57595,926364.67
57596,12339167.06
57597,20210109.49
57598,19699648.52
57599,3176849.24
57600,10505396.17
57601,9983728.64
57602,13698096.389999999
57603,10808487.9
57604,5476352.42
57605,1781552.34
57606,181811863.36
57607,6580148.93
57609,926903.65
57610,1739772.14
57611,1651257.8900000001
57612,1839457.6
57613,1684853.11
57614,7143370.06
57615,9020773.4
57616,18555404.83
57617,3047514.3699999996
57618,5997028.26
57619,5931231.41
57620,29616292.36
57621,1330110.55
57622,17067295.32
57623,12115472.3
57624,3604683.7
57625,801153.77
57626,5781724.34
57627,2389909.7399999998
57628,71242617.50999999
57629,6160763.75
57630,136082924.94
57631,223586242.67000002
57633,11032227.120000001
57634,12288084.16
57635,3576635.21
57636,3493953.1
57637,1548308.24
57638,22075492.89
57639,6857663.15
57640,4999254.44
57641,3446674.54
57642,14635775.0
57643,2313187.37
57644,18418848.43
57645,21324166.2
57647,36571859.23
57648,2494165.4
57649,5163572.82
57650,16266296.78
57651,8131833.29
57652,2333475.42
57653,860280.53
57654,3936413.0500000003
57655,8860962.67
57656,3246902.42
57657,355117.19
57658,9930366.91
57659,27099866.51
57660,79622239.88
57661,2569257.22
57662,1411627.98
57663,47915782.31
57664,1072074.42
57665,9799574.58
57666,74241865.27
57667,10079477.74
57668,16840846.72
57669,21711646.9
57670,1745223.8499999999
57671,1477535.91
57672,487511024.1
57673,554591.74
57674,973328.6
57675,945893.39
57676,1179547.6600000001
57677,41094460.82
57678,30658036.83
57679,4471696.54
57680,12742037.940000001
57681,3624383.0300000003
57682,944251.17
57683,57307553.4
57684,4804169.06
57685,1016732.48
57686,2236229.52
57687,1973996.48
57689,3937433.6300000004
57690,22089647.56
57691,1110821.25
57692,936768.84
57693,4448710.28
57694,1988252.7999999998
57695,3823744.22
57696,8698190.64
57697,3013546.4099999997
57698,2267552.25
57700,4873340.01
57701,5581367.61
57702,1122966.78
57703,2279652.58
57704,3832389.1399999997
57705,1875849.51
57706,5442035.65
57707,4154961.83
57708,11679001.49
57709,3767009.26
57711,4177271.1499999994
57712,18997387.71
57713,2149668.68
57714,4169617.51
57715,3898302.65
57716,13796279.69
57717,2217182.89
57718,2091082.66
57719,650784.17
57720,4069287.95
57721,4065653.44
57722,1509352.58
57723,3595110.31
57724,21713758.12
57725,3667626.2600000002
57726,3633297.76
57727,908256.8899999999
57728,1389009.74
57730,6477278.100000001
57731,14085491.53
57732,11076206.06
57733,10835626.879999999
57734,4021197.8499999996
57736,5446299.0200000005
57737,525643.46
57738,4152852.96
57739,5644264.21
57740,6339533.14
57741,4049453.11
57742,9439628.200000001
57743,1341320.1
57745,8240319.600000001
57746,11950286.24
57747,3247989.8400000003
57748,7640647.37
57749,2121324.41
57750,5953994.02
57751,145208280.32
57752,55709972.21
57753,618083.61
57754,1080003.49
57755,749230.16
57756,4860109.7
57757,113870378.35
57759,324413.10000000003
57760,7435401.9399999995
57761,3300520.4699999997
57762,5432251.84
57763,341138.8
57764,7734026.77
57765,6437671.39
57767,6544244.69
58001,946174.3300000001
58002,3587296.94
58003,4856477.89
58004,2154225.33
58005,1407222.64
58006,1935514.58
58007,2389418.85
58008,1915910.28
58009,1082632.76
58010,6171950.08
58011,1318291.02
58012,4854480.2
58013,1113544.75
58014,518436.58
58015,955750.88
58016,1055510.04
58017,1493781.75
58018,323801.68
58019,660922.01
58020,1522986.3699999999
58021,1698811.4300000002
58022,873505.05
58023,2012384.73
58024,1881130.33
58025,752060.87
58026,650973.58
58027,1060662.92
58028,928122.26
58029,790782.0700000001
58030,1260963.27
58031,1496911.34
58032,2937909.74
58033,6638492.2700000005
58034,1376818.72
58035,1030066.46
58036,5482824.54
58037,5033765.35
58038,1784749.0
58039,2088816.53
58040,1396528.6400000001
58041,1611898.51
58042,709508.5700000001
58043,532199.09
58044,3954509.39
58045,1887935.31
58046,12425444.51
58047,4320069.15
58048,1491470.12
58049,490145.01
58050,635083.76
58051,6556111.37
58052,445049.54000000004
58053,2638941.81
58054,422719.82
58055,4960672.15
58056,1335217.41
58057,8163702.08
58058,3640446.66
58059,44170740.24
58060,2670202.62
58061,826609.23
58062,32581008.270000003
58063,2772970.26
58064,3742579.82
58065,6715130.94
58066,829084.3300000001
58067,5096100.57
58068,2886630.35
58069,758285.03
58070,640504.3300000001
58071,1037910.01
58072,3513037.28
58073,997131.74
58074,2909593.32
58075,821781.99
58076,867946.18
58077,4069827.1199999996
58078,398044.58
58079,76159981.27000001
58080,1542730.3099999998
58081,2643096.32
58082,2598547.0100000002
58083,18668413.02
58084,1034156.6000000001
58085,5759587.04
58086,95442511.87
58087,4364294.9799999995
58088,19757426.41
58089,1977806.1600000001
58090,2190930.23
58092,2876806.5500000003
58093,1035399.76
58094,3183969.9
58095,41352464.54
58096,1360034.01
58097,1315089.05
58098,672772.5900000001
58099,2387971.0700000003
58100,664988.03
58101,1587077.8
58102,9702309.950000001
58103,3148747.14
58104,7290888.42
58105,1057471.0
58106,3545507.1
58107,1143639.9
58108,735129.5900000001
58109,11942320.99
58110,1845016.52
58111,774605.16
58112,2770580.05
58113,852208.13
58114,1272621.25
58115,1971359.88
58116,651446.37
58117,25628040.58
58118,5304170.220000001
58119,462511.99
58120,2650135.56
58121,17880354.220000003
58122,1812061.23
58123,1175930.67
58124,1922576.36
58125,650016.48
58126,3252598.25
58127,1160114.09
58128,2125938.17
58129,1056905.19
58130,946620.48
58131,17171353.96
58132,2253850.81
58133,696665.43
58134,37829036.5
58135,886124.98
58136,865347.73
58137,494379.54000000004
58138,2502716.18
58139,1210920.11
58140,2237320.82
58141,1060600.46
58142,2071420.2
58143,597596.79
58144,3041442.58
58145,12105596.4
58146,8080272.08
58147,2215574.81
58148,2504331.08
58149,18780609.31
58150,820078.33
58151,20827071.85
58152,14889340.16
58153,771729.21
58154,839008.6599999999
58155,1549160.7000000002
58156,1660960.72
58157,1363664.37
58158,1614921.95
58159,2014745.12
58160,22162508.25
58161,840680.5800000001
58162,973221.54
58163,2269672.62
58164,3151311.94
58165,1422546.98
58166,1778189.3900000001
58167,889945.81
58168,3968005.7199999997
58169,483850.17000000004
58170,679441.8
58171,1273290.16
58172,1317229.21
58173,1182759.21
58174,1530361.12
58175,676464.61
58176,2572992.59
58177,2961152.4
58178,919197.7899999999
58179,2636884.97
58180,8240756.03
58181,1317704.15
58182,12047832.69
58183,799993.41
58184,1259864.78
58185,4027670.78
58186,1068967.45
58187,3826837.33
58188,916576.61
58189,2484815.04
58190,1079097.16
58191,935531.35
58192,1112942.45
58193,15683356.56
58194,340118071.75
58195,1799717.04
58196,1441571.07
58197,1439251.43
58198,1817038.1199999999
58199,1265481.34
58200,1180878.98
58201,1246386.39
58202,158201.28
58203,996530.78
58204,2115465.7
58205,10055568.52
58206,267228.49
58207,4114995.79
58208,1356129.77
58209,1689699.96
58210,3638902.5900000003
58211,2763987.79
58212,1745166.6700000002
58213,2016437.47
58214,31910912.8
58215,13636851.68
58216,1141420.45
58217,2159984.48
58218,14491172.98
58219,1463664.92
58220,2923801.59
58221,1118310.02
58222,1445082.28
58223,3854550.4699999997
58224,844244.49
58225,1883241.48
58226,2483893.66
58227,12695383.76
58228,2868693.81
58229,1521789.13
58230,1116069.1099999999
58231,1375016.17
58232,8583644.85
58233,887548.02
58234,1049325.56
58235,2016435.27
58236,1592986.8699999999
58237,241589.21000000002
58238,14744999.43
58239,360958.75
58240,709458.64
58241,1573977.1
58242,968803.94
58243,753335.97
58244,1231771.45
58245,1261698.25
58246,11693506.45
58247,1521009.4
58248,980156.9299999999
58249,2044916.86
58250,10407901.55
58251,2594826.21
58252,1188878.4
58253,792015.47
58254,2359249.75
58255,2186981.94
58256,1541205.65
58257,475937.86
58258,2059345.48
58259,1143849.13
58260,11671722.78
58261,3571094.1999999997
58262,2684297.27
58263,1040707.1
58264,15691761.89
58265,1112339.62
58266,1653966.3499999999
58267,6416006.220000001
58268,1952030.44
58269,1725586.98
58270,1563575.69
58271,1359741.5699999998
58272,1030973.1599999999
58273,9548459.38
58274,1305098.16
58275,1316914.9
58276,1918863.29
58277,1625458.0899999999
58278,7655628.0
58279,930671.41
58280,5360374.67
58281,4351032.74
58282,3315954.67
58283,333808.23
58284,534361.9400000001
58285,1194972.29
58286,6597731.22
58287,2007904.31
58288,1752549.5499999998
58289,1749596.53
58290,413813.38
58291,979401.52
58292,845406.88
58293,1716223.83
58294,972752.32
58295,2534740.86
58296,1434319.77
58297,1583415.47
58298,1219534.33
58299,2614046.2
58300,6707070.33
58301,1532179.7
58302,3301538.39
58303,62144767.28
58304,17659001.39
58305,817089.77
58306,1251527.18
58307,728406.77
58308,1079158.1400000001
58309,3858665.89
58310,284230.27
58311,1362819.41
58312,2096931.1300000001
58313,561451.5800000001
59001,1527901.69
59002,17061229.76
59003,2766579.75
59004,7279241.7
59005,13636655.89
59006,1436533.33
59007,5064616.26
59008,47971252.59
59009,305532114.07
59010,1100575.81
59011,43387129.97
59012,22920004.56
59013,4331082.41
59014,88906547.19999999
59015,18246901.06
59016,9330926.43
59017,95362994.14999999
59018,7166347.64
59019,5496370.83
59021,17157137.15
59022,13109408.3
59023,2697488.9299999997
59024,22572401.16
59025,7955642.819999999
59026,6426769.89
59027,10290782.22
59028,99244439.13
59029,5030015.94
59031,794241.8
59032,43568697.64
59033,97122544.86
59034,24844872.84
59035,8972724.99
59036,34819667.97
59037,21176257.139999997
59038,5641839.72
59039,6762319.78
59041,11873280.7
59042,8116306.85
59043,80931070.13
59044,19309234.77
59045,1773250.09
59046,5603984.63
59047,2196245.77
59048,2752385.08
59049,1685420.82
59050,825527.71
59051,18443672.18
59052,19072752.98
59053,20246026.43
59054,3716716.9699999997
59055,2157312.99
59056,5106551.0600000005
59057,2589862.05
59058,5149366.85
59059,1740466.73
59060,1123267.23
59061,1388270.8699999999
59062,1510960.56
59063,11247362.94
59064,10728959.04
59065,4161261.55
59066,1070588.49
59067,24053266.7
59068,21360950.38
59069,4396124.56
59070,1987446.53
59071,10765133.8
59072,1060083.73
59073,2689083.77
59074,13962286.61
59075,6257204.46
59076,2053624.74
59077,1164272.23
59078,3247390.15
59079,71630560.21000001
59080,15251473.6
59081,2559495.21
59082,6731776.61
59083,836408.54
59084,20819391.4
59085,973720.4
59086,11700649.06
59087,2982223.73
59088,7362750.68
59089,8413009.96
59090,66128579.72
59091,4125089.11
59092,24641054.13
59093,2101664.7199999997
59094,32756253.03
59096,7752172.6
59097,2656044.46
59098,19408249.75
59099,14539924.530000001
59100,1349501.94
59101,2088343.76
59102,1437675.92
59103,4517206.01
59104,17064675.41
59105,7285949.359999999
59106,5291347.27
59107,35651829.17
59108,2685699.36
59109,7429946.38
59110,4439036.9399999995
59111,1032303.8099999999
59112,58484852.29
59113,6096453.67
59114,5115982.5200000005
59115,3443251.46
59116,1611176.25
59117,5119595.13
59118,10720392.799999999
59119,3337158.89
59120,7233690.8
59121,3450728.2399999998
59122,282680093.21
59123,8177915.850000001
59124,12307703.09
59125,2645701.31
59126,8694347.64
59127,545355.16
59128,3544246.48
59129,13450051.15
59130,5784915.319999999
59131,52806964.17
59132,4673793.58
59133,4914161.86
59134,4352071.56
59135,20736858.16
59136,62835576.85
59137,4659495.1
59138,2135323.59
59139,129032157.53999999
59140,2754568.92
59141,2770942.06
59142,1162801.37
59143,24874428.47
59144,3426855.2199999997
59145,3025191.81
59146,8557220.97
59147,596694.36
59148,3858635.46
59149,6417697.39
59150,3542509.08
59151,9188298.05
59152,65213319.08
59153,61405998.42
59154,3391837.48
59155,90749535.2
59156,19166991.34
59157,12085815.38
59158,14496570.22
59159,4407960.14
59160,21944315.419999998
59161,3696394.17
59162,3295701.93
59163,94681122.44
59164,1270406.1600000001
59165,44605998.13
59166,4079579.73
59167,1250861.56
59168,24361828.87
59169,1231119.58
59170,31407804.900000002
59171,160091.02
59172,155742605.95
59173,6070373.01
59174,1360748.93
59175,2989757.2600000002
59176,2460490.64
59177,4350601.55
59178,421169441.63
59179,83816579.53
59180,6719419.54
59181,2878127.92
59182,1338740.4100000001
59183,633274754.07
59184,2498123.82
59185,9289929.49
59186,744603.77
59187,1476771.8800000001
59188,1307363.73
59189,4992633.02
59190,2440942.01
59191,3192602.94
59192,7587100.05
59193,10471975.0
59194,5238161.3
59195,6493624.260000001
59196,8025863.140000001
59197,12971541.6
59198,2431176.44
59199,4768568.74
59200,4396339.029999999
59201,1966180.22
59202,18831412.189999998
59203,6695743.72
59204,1916563.35
59205,45795555.4
59206,27213558.3
59207,27214265.85
59208,997373.97
59209,2907701.08
59210,15238308.49
59211,7250957.13
59212,40443365.09
59213,3160121.4899999998
59214,5077881.8
59215,4315196.32
59216,1972798.33
59217,2135185.14
59218,6689492.39
59219,3737346.1
59220,68407736.4
59221,11449259.32
59222,7683852.96
59223,3128696.43
59224,11244349.549999999
59225,68600206.19
59226,5123231.489999999
59227,33758346.11
59228,11135720.65
59229,4610185.45
59230,22408106.76
59231,5662211.17
59232,1274341.06
59233,3074675.3699999996
59234,31377527.009999998
59236,1292161.02
59237,7969440.01
59238,7292384.22
59239,29867174.14
59240,694279.06
59241,3029782.02
59242,5776556.12
59243,6758213.63
59244,9601705.11
59246,3610426.19
59247,7879942.21
59249,103843366.62
59250,8350677.65
59251,2808946.88
59252,10910335.959999999
59253,44093851.83
59254,3995652.02
59255,2742401.17
59256,30611795.419999998
59257,5315282.08
59258,18272894.82
59259,1959912.08
59260,10311465.65
59261,8273195.250000001
59262,9476553.41
59263,3966041.76
59264,2168744.63
59265,12790072.9
59266,25510168.48
59267,2605036.2399999998
59268,48084932.11
59269,10118045.74
59270,1591183.8
59271,351070160.4
59272,28681574.47
59273,267969676.89
59274,2767384.4
59275,3187047.4
59276,39837922.69
59277,1324919.51
59278,13059740.0
59279,76830645.84
59280,4775693.7
59281,4477947.18
59282,2122268.56
59283,2902903.62
59284,16886554.81
59285,12282005.799999999
59286,74326733.82000001
59287,973400.66
59288,19720404.93
59289,7477070.92
59290,1556107.0899999999
59291,109271709.28
59292,17051966.83
59293,6441245.4799999995
59294,2828085.11
59295,149454915.04
59296,1564524.6900000002
59297,10895932.11
59299,103929593.91
59300,2087704.8
59301,13838353.94
59302,16126566.799999999
59303,10343947.2
59304,1692244.3
59305,7936622.97
59306,2368109.9899999998
59307,2580633.42
59308,4977486.86
59309,21530567.99
59310,3858700.38
59311,3092026.38
59312,4182983.9
59313,36921993.59
59314,21987192.16
59315,1862759.92
59316,11283330.620000001
59317,23302997.59
59318,3252889.22
59319,14489121.38
59320,4282823.14
59321,4754228.06
59322,15257068.0
59323,5128970.46
59324,94627495.29
59325,3063011.09
59326,6183801.62
59327,50646848.0
59328,120842562.24000001
59329,39975899.18
59330,11782325.79
59331,23697826.060000002
59332,6833103.2299999995
59333,1416421.6400000001
59334,14070443.64
59335,13588016.09
59336,5692047.14
59337,4120196.54
59338,2611657.01
59339,41594370.05
59340,28693477.580000002
59341,1951043.55
59342,2437417.0100000002
59343,46757121.26
59344,10207877.78
59345,11200511.940000001
59346,31077191.68
59347,2637153.82
59348,19884639.89
59349,9936145.959999999
59350,1519733784.11
59351,2932927.28
59352,35408280.46
59353,1609832.51
59354,5734091.6
59356,9169600.889999999
59357,7766979.5200000005
59358,4306877.65
59359,95056678.72
59360,81441420.18
59361,25223135.09
59363,3291471.56
59364,4117639.4099999997
59365,71274873.92
59366,4159893.71
59367,53765472.279999994
59368,127231574.11
59369,17285529.099999998
59370,2769500.6
59371,3291170.9099999997
59372,3191151.03
59374,2736005.5700000003
59375,19107464.189999998
59377,9452238.76
59378,167358188.82
59379,2631283.5100000002
59381,2690047.34
59382,4716528.05
59383,62583548.52
59384,9305509.2
59385,10326045.86
59386,56245043.28
59387,7863488.909999999
59388,5319194.64
59389,21367087.23
59390,29042655.09
59391,6481724.41
59392,252615626.81
59393,3318394.24
59394,2839609.9699999997
59395,1688685.28
59396,2627146.03
59397,3122122.84
59398,17623332.509999998
59399,3584112.13
59400,50580433.839999996
59401,13082709.889999999
59402,3912903.61
59403,4088199.1399999997
59404,2906654.83
59405,2662082.15
59406,2890143.82
59407,3436902.9
59408,7959982.19
59409,15184615.14
59410,130984462.35
59411,12078367.6
59412,2238031.88
59413,3876073.73
59414,37639484.410000004
59415,1565986.9600000002
59416,10189313.23
59418,11768244.91
59419,7564297.65
59420,453936.98
59421,66140164.89
59422,4833324.11
59423,6653243.02
59424,7539038.46
59425,2811567.67
59426,50420067.55
59427,2499434.46
59428,17415615.76
59429,14988139.899999999
59430,4072178.2300000004
59431,39154430.51
59432,2017470.21
59433,6480118.7
59434,5821516.09
59435,12275445.26
59436,4679157.36
59437,11965737.35
59438,6913149.42
59439,2030297.3900000001
59440,4626611.75
59441,3297940.87
59442,2693133.98
59443,1244177.45
59444,3969019.46
59445,5360498.07
59446,3482329.67
59447,58205659.55
59448,1506100.86
59449,32648725.41
59450,6226047.28
59451,3189722.2899999996
59452,33523518.93
59453,3410349.68
59454,1740182.01
59455,3647947.4
59456,63527893.61
59457,28283242.12
59458,5241961.16
59459,43604836.34
59461,2039966.05
59462,17590475.63
59463,4522449.91
59464,8956553.92
59465,4460527.74
59466,20563327.29
59467,17967104.6
59468,1403980.11
59469,1135226.17
59470,9564823.19
59471,10268869.52
59472,3075668.44
59473,2071570.96
59474,3846566.99
59475,20686530.560000002
59476,26254202.48
59477,10609080.36
59478,5601652.76
59479,13929333.75
59480,6696290.49
59481,49055539.32
59482,31675280.36
59483,1012205.65
59484,39465873.43
59485,9262554.36
59486,14960809.0
59487,9887604.4
59488,20675981.53
59489,21846702.85
59490,1657141.4800000002
59491,73019049.64
59492,2843881.69
59493,1406766.43
59494,589607.6
59495,15672574.19
59496,1560967.2000000002
59497,15582313.24
59498,1920516.18
59499,8324079.72
59500,3189799.27
59501,10147394.42
59502,6945444.56
59503,850039.3700000001
59504,18721046.05
59505,5708554.5200000005
59506,1758592.47
59507,75005425.0
59508,71816955.35000001
59509,41536493.91
59511,9975579.5
59512,587199136.4100001
59513,3090593.73
59514,18608128.28
59515,13603479.959999999
59516,5491412.32
59517,7044397.31
59518,1381691.02
59519,6179801.67
59520,8770577.53
59521,3075514.75
59522,6594910.140000001
59523,15024524.18
59524,11564879.649999999
59525,18486427.7
59526,243735521.5
59527,40560708.99
59528,5553029.21
59529,1568244.63
59530,1918457.54
59531,1695588.9
59532,1986248.8199999998
59533,9582092.15
59534,2446993.18
59535,8172630.93
59536,3557050.17
59537,2191250.4
59538,1314317.35
59539,3399861.17
59541,5249267.82
59542,3537478.5500000003
59543,6488448.529999999
59544,71758833.73
59545,4687329.26
59546,5463600.95
59547,5068799.07
59548,4081960.1700000004
59549,1819840.78
59550,15579935.39
59551,6410606.27
59552,1293938.57
59553,18686861.16
59554,4217082.03
59555,7282982.43
59556,1484537.93
59557,21495780.63
59558,7744657.74
59559,11755465.03
59560,65984025.07
59562,2506065.66
59563,789524.46
59564,17423654.9
59565,2644964.73
59566,20049245.2
59567,1994789.21
59568,3144134.9699999997
59569,98112698.03
59570,7918374.390000001
59571,29071874.41
59572,16037937.99
59573,953801.68
59574,112986388.81
59575,1322073.94
59576,7537416.3
59577,4310215.569999999
59578,6511378.5600000005
59579,3239421.0
59580,39238851.41
59581,19676121.630000003
59582,2664378.9
59583,1410165.46
59584,6085276.2700000005
59585,24935763.91
59586,36209331.34
59587,5315827.13
59588,28185375.48
59589,20475523.46
59590,2974807.2399999998
59591,3864528.41
59592,15355796.17
59593,4503904.82
59594,5947415.600000001
59595,3691052.38
59596,1748996.63
59597,4765878.71
59598,16824353.16
59599,526712543.03999996
59600,3998704.44
59601,16103291.03
59602,5396488.9399999995
59603,115945478.68
59604,4465724.779999999
59605,7696108.61
59606,438166055.67
59607,2821150.8
59608,6687302.859999999
59609,6942368.03
59610,5061028.84
59611,10260471.24
59612,2880217.87
59613,6468725.96
59614,8076114.47
59615,10423172.91
59616,52451937.26
59617,3652123.98
59618,4111494.31
59619,5295877.880000001
59620,3498841.66
59622,7021531.41
59623,3425876.7
59624,13087703.15
59625,4397766.199999999
59626,7121637.970000001
59627,4267551.640000001
59628,3487258.91
59629,8028875.73
59630,11096477.13
59631,8866497.89
59632,38249022.81
59633,3573693.83
59634,3890503.1
59635,1031764.02
59636,47146023.519999996
59637,4737699.46
59638,5608925.2
59639,7694530.34
59640,3454453.73
59641,7311145.37
59642,2837684.43
59643,650223.82
59645,2818887.08
59646,72274551.79
59647,22695946.669999998
59648,55517053.8
59649,1773810.28
59650,191545559.87
59651,7516781.32
59652,3508099.77
59653,27732013.55
59654,60468616.77
59655,1778334.03
59656,19662546.63
59657,3287307.4299999997
59658,1477673.99
59659,20008965.7
59660,10289408.08
59661,1000630.61
59662,4566535.54
59663,35983348.339999996
59664,1441709.6500000001
59665,855748.98
59666,6328814.2
59667,1119219.1500000001
59668,4047579.66
59669,3824332.9000000004
59670,4646845.36
60001,4331777.51
60002,3377702.68
60003,1416847.8599999999
60004,2176211.33
60005,3227195.61
60006,8903852.74
60007,19743378.33
60008,2390239.17
60009,18612015.13
60010,12487152.04
60011,2032116.5899999999
60012,14850145.34
60013,7335228.27
60014,1060281.74
60015,7234434.96
60016,1427584.93
60017,4555201.34
60018,2346186.51
60019,2823290.85
60020,1923773.4300000002
60021,2960596.85
60022,5728989.649999999
60023,4179642.5700000003
60024,3970589.42
60025,15798362.34
60026,2276460.0
60027,2765840.6999999997
60028,3788695.08
60029,27681443.59
60030,2974372.71
60031,2063448.67
60032,3680738.02
60033,4599747.86
60034,5361272.15
60035,1821029.09
60036,2460614.8400000003
60037,4228033.9
60038,1710165.79
60039,1584222.88
60040,3790738.0900000003
60041,23527774.71
60042,10467454.77
60043,4300504.08
60044,10237470.78
60045,4962570.3
60046,1178612.8699999999
60047,4849292.399999999
60048,2040599.1
60049,1353991.84
60050,2281270.07
60051,1530189.5499999998
60052,866925.13
60053,3751171.39
60054,2137582.9
60055,1594279.25
60056,381779.67000000004
60057,527177697.08
60058,1235093.0
60059,2012136.2
60060,4328473.47
60061,723210.38
60062,1935075.9500000002
60063,4418386.85
60064,6187811.38
60065,8964170.75
60066,2187345.85
60067,3696098.66
60068,14475860.89
60069,5388965.800000001
60070,2548914.54
60071,701325.28
60072,2638716.88
60073,2629925.15
60074,5540281.44
60075,1096100.68
60076,2363587.14
60077,2462122.53
60078,966646.1599999999
60079,5797536.86
60080,1840948.29
60081,2286138.3
60082,5115434.24
60083,5991570.350000001
60084,1596333.46
60085,1232061.75
60086,10633344.48
60087,3281302.64
60088,23573617.41
60089,2572644.2800000003
60090,3432998.39
60091,1706455.8
60092,995532.12
60093,2439521.82
60094,1552450.49
60095,1300269.6300000001
60096,915854.35
60097,1253921.3499999999
60098,1220163.21
60099,949682.11
60100,1047607.3099999999
60101,2601020.82
60102,10807108.11
60103,26677359.200000003
60104,30177257.92
60105,1611720.7
60106,24750641.76
60107,15354569.47
60108,1276194.74
60109,1705935.7799999998
60110,2414697.85
60111,1366528.31
60112,1962518.5899999999
60113,705714.28
60114,1443627.46
60115,3377254.7800000003
60116,14695683.91
60117,1465766.62
60118,2736675.0100000002
60119,15651600.49
60120,4055847.37
60121,875310.16
60122,4244834.15
60123,1914411.92
60124,1583338.72
60125,8536234.48
60126,2633332.7399999998
60127,2729379.63
60128,1693200.85
60129,6695489.76
60130,15189539.700000001
60131,1513708.04
60132,1297589.47
60133,3743038.44
60134,11962814.76
60135,8144005.19
60136,2792511.22
60137,1599052.57
60138,10238266.39
60139,71735427.21000001
60140,1907207.78
60141,85218008.63
60142,20249331.92
60143,23474759.89
60144,945949.5800000001
60145,3382670.82
60146,1830404.94
60147,6052991.43
60148,1917800.96
60149,14454014.94
60150,12918528.15
60151,19386995.01
60152,1710901.94
60153,779498.9
60154,7816487.71
60155,19417856.05
60156,21207864.04
60157,47056290.97
60158,1862276.55
60159,315321262.03
60160,2787582.62
60161,920909.56
60162,1635970.17
60163,2031236.78
60164,4297916.08
60165,1790670.29
60166,6932000.7700000005
60167,2748816.5
60168,1947183.1500000001
60169,2495127.27
60170,2960866.15
60171,1434304.14
60172,16876698.11
60173,4144768.16
60174,927700.43
60175,205954545.33
60176,100937842.67
60177,2645121.59
60178,25762596.23
60179,801795.71
60180,4185888.9299999997
60181,7991827.86
60182,853463.84
60183,2124445.86
60184,1219868.04
60185,4979054.649999999
60186,1997313.3800000001
60187,2845644.94
60188,10584659.18
60189,4953294.12
60190,1552522.4100000001
60191,3488578.95
60192,1787241.75
60193,1547361.65
60194,1602343.76
60195,2285205.41
60196,3394524.24
60197,3311383.8
60198,2917311.2600000002
60199,3144378.2399999998
60200,1410541.1300000001
60201,1771287.8
60203,1913689.8599999999
60204,3544115.9
60205,387228.83
60206,2329541.69
60207,1140727.81
60208,1021704.52
60209,5977962.39
60210,1019682.55
60211,2976034.33
60212,9522944.94
60213,7756411.32
60214,1893813.81
60215,2247134.46
60216,1343940.99
60217,2218949.9699999997
60218,5681131.63
60219,1255158.8199999998
60220,4623346.95
60221,3308032.4
60222,2764910.78
60223,24828984.38
60224,873048.0599999999
60225,2981948.77
60226,1402926.78
60227,932169.1900000001
60228,1991919.8
60229,2032389.85
60230,1682004.42
60231,1781596.53
60232,2742316.17
60233,16304432.25
60234,11197789.450000001
60235,3473430.41
60236,1678841.03
60237,1225581.33
60238,15319433.209999999
60239,2523229.88
60240,2359546.25
60241,2344891.71
60242,2172487.33
60243,965306.95
60244,1434440.5999999999
60245,17006356.71
60246,3046380.08
60247,1104131.53
60248,2107731.02
60249,1491242.97
60250,3206952.54
60251,1677715.8699999999
60252,1724248.55
60253,1671484.6099999999
60254,5134906.89
60255,1589279.98
60256,2360255.93
60257,3264270.1500000004
60258,896992.5399999999
60259,4398137.4399999995
60260,2279532.73
60261,4831780.9799999995
60262,1619587.35
60263,1459843.41
60264,2867315.56
60265,3817649.0500000003
60267,1431420.32
60268,1199619.51
60269,1657947.81
60270,6393922.87
60271,1636720.75
60272,3079001.0100000002
60273,2616167.13
60274,3720792.02
60275,715285.75
60276,605051.47
60277,7185902.180000001
60278,3066768.62
60279,1236231.47
60280,1142028.0999999999
60281,8878375.73
60282,71465901.81
60283,962052.7000000001
60284,12935905.38
60285,2390614.22
60286,21011422.33
60287,2247943.02
60288,1864582.1500000001
60289,1801629.6800000002
60290,2004268.8800000001
60291,14232674.67
60292,807441.67
60293,1754971.75
60294,624622.4400000001
60295,1524449.6199999999
60296,1376506.51
60297,1242162.6199999999
60298,2204688.43
60299,4903869.17
60300,1573969.5599999998
60301,1288373.36
60302,3530741.79
60303,1437928.81
60304,983757.47
60305,1915049.33
60306,1098401.25
60307,2885836.09
60308,2703043.14
60309,8183509.910000001
60310,3486248.32
60311,1056961.15
60312,778407.71
60313,12928097.08
60314,3630110.3
60315,2139622.71
60316,1179114.95
60317,4518377.03
60318,4027857.8099999996
60319,2916327.06
60320,2283642.52
60321,6120135.49
60322,964203.44
60323,3359696.83
60324,4745491.14
60325,16319796.38
60326,6126847.86
60327,3549822.98
60328,1315570.8800000001
60329,1027979.89
60330,7072902.13
60331,2534727.89
60332,1942628.04
60333,8403529.77
60334,7049978.92
60335,1266639.5999999999
60336,1723723.14
60337,4919294.87
60338,23471492.169999998
60339,1543919.3800000001
60340,3656394.87
60341,18287265.09
60342,25517028.57
60343,4015183.4800000004
60344,2660526.26
60345,1298568.3699999999
60346,45076510.61
60347,2346624.52
60348,2283771.56
60350,12183998.549999999
60351,6276421.08
60352,1171006.43
60353,599106.26
60354,425414.56
60355,5132200.7
60356,2703245.37
60357,1992849.57
60358,8083366.98
60359,1559912.56
60360,44526818.0
60361,2285315.11
60362,1033182.1699999999
60363,1611403.24
60364,3518077.04
60365,1908129.27
60366,2274985.9299999997
60367,4503576.39
60368,11277908.63
60369,28464241.599999998
60370,8482266.32
60371,1566642.9500000002
60372,2907817.19
60373,4780648.59
60374,13204252.66
60375,1741046.92
60376,1493335.51
60377,1996816.72
60378,1678028.43
60379,3631241.68
60380,9499677.22
60381,1518409.79
60382,32896126.89
60383,2844164.65
60385,3904085.36
60386,2659075.81
60387,4914751.3100000005
60388,1194010.22
60389,960386.46
60390,3162484.52
60391,1868793.31
60392,5295973.9399999995
60393,4174257.09
60394,588553.9
60395,87394879.17
60396,4067010.99
60397,553623.4
60398,14361007.39
60399,2186360.8
60400,1413359.03
60401,2132568.14
60402,20349881.91
60403,10175841.51
60404,9287879.79
60405,5562044.99
60406,5176344.42
60407,1785573.15
60408,2948846.52
60409,9843874.22
60410,1303096.0799999998
60411,4289843.85
60412,4904547.85
60413,3556374.32
60414,132837013.58999999
60415,1069938.09
60416,1101104.49
60417,561725.88
60418,1652243.46
60420,2767536.89
60421,2535919.13
60422,1198654.6600000001
60423,5923182.75
60424,2037900.69
60425,3514376.72
60426,1012111.85
60427,1326164.74
60428,4283081.62
60429,2496521.83
60430,7795960.29
60431,3891636.04
60432,5922878.33
60433,4398647.99
60434,1404457.11
60435,2229304.22
60436,997858.5
60437,749158.35
60438,1069131.4
60439,31883833.56
60440,3587374.29
60441,6727679.6
60442,1153934.41
60443,2447291.17
60444,1530194.68
60445,1725843.66
60446,23442572.1
60447,4305927.19
60448,1885039.9000000001
60449,1009843.36
60450,24622179.03
60451,13361908.41
60452,2149249.19
60453,1892882.31
60454,5295709.86
60455,1118706.44
60456,6886261.35
60457,1858012.7700000003
60458,1324229.3499999999
60459,1002537.8200000001
60460,834774.55
60461,1361884.94
60462,23080651.990000002
60463,129975494.24
60464,6500784.2299999995
60465,1686621.1900000002
60466,1252343.31
60468,2696002.83
60469,4461138.2700000005
60470,8553006.61
60471,112011102.59
60472,752101.01
60473,1671855.7499999998
60474,1571572.48
60475,1566178.33
60476,1775670.54
60477,9455253.73
60478,1506343.8
60479,3519024.91
60480,3290148.63
60481,3070511.23
60482,19937810.37
60483,3621903.14
60484,1492686.78
60485,2078549.8800000001
60486,4045236.1
60487,1897144.8699999999
60488,2934389.2
60489,6884982.930000001
60490,1990404.61
60491,12267216.36
60492,6700314.12
60493,3355252.8800000004
60494,19700187.47
60495,2052899.77
60496,843125.38
60497,1441825.1300000001
60498,3431017.54
60499,1122166.38
60500,24294474.72
60501,9993641.67
60502,817189.98
60503,950093.95
60504,4158204.9699999997
60505,4965360.99
60506,5311253.9399999995
60507,4356034.29
60508,18494162.52
60509,58251536.379999995
60510,3119736.77
60511,2456726.48
60512,779182.81
60513,20346798.62
60514,1380901.05
60515,2257453.2399999998
60516,1705396.25
60517,3480705.62
60518,2236431.75
60519,1132003.02
60520,1455880.72
60521,1272040.1400000001
60522,2483749.35
60523,9199346.65
60524,14698405.11
60525,2139129.6
60526,7885474.8
60527,386496.22
60528,2037222.8900000001
60529,1232468.79
60530,2459892.71
60531,14451554.82
60532,1425867.85
60533,25690634.9
60534,4162359.64
60535,2968553.0799999996
60536,1091415.52
60537,34414493.089999996
60538,1274136.8699999999
60539,6097507.92
60540,3309559.12
60541,1728912.92
60542,4380506.609999999
60543,1242741.78
60544,1107483.09
60545,4390926.8
60546,760164.74
60547,4232332.79
60548,2926657.42
60549,2227137.2800000003
60550,1975152.38
60551,1506884.6400000001
60552,1067923.93
60553,1540578.0099999998
60554,1982251.01
60555,682756.33
60556,1731575.4100000001
60557,2514018.94
60558,2535627.06
60559,3348669.56
60560,4030144.41
60561,1040467.9
60562,7009997.02
60563,4589837.2700000005
60564,1729990.58
60565,3673659.28
60566,2244867.2
60567,7024408.98
60568,1919668.85
60569,1953558.0
60570,17998700.57
60571,1357894.71
60572,2376261.98
60573,3325066.79
60574,2317389.79
60575,14376630.959999999
60576,1976389.24
60577,13513067.58
60578,7343616.95
60579,4220057.96
60581,32858254.36
60582,4421977.69
60583,3345087.18
60584,29414609.55
60585,2594590.46
60586,5122757.38
60587,10392874.07
60588,2503638.3400000003
60589,28419956.59
60590,6661773.59
60591,8764313.3
60592,3120264.65
60593,1095918.43
60594,2772119.42
60595,2359978.9
60596,2450700.01
60597,8857872.01
60598,4592743.37
60599,1172617.57
60600,3255928.31
60601,4579526.42
60602,893313.0700000001
60603,4866541.3
60604,1116163.39
60605,1290939.6400000001
60608,879289.6799999999
60609,3067655.21
60610,4519127.63
60611,4472772.819999999
60612,149829425.49
60613,1244185.33
60614,2119019.9
60615,1009046.64
60616,33253229.42
60617,2341877.9699999997
60618,2282400.2
60619,5137034.59
60620,4332401.9399999995
60621,1228896.06
60622,2847835.74
60623,7489611.96
60624,1423708.73
60625,5051930.93
60626,2844271.57
60627,972401.92
60628,4314001.96
60629,3198632.4
60630,2591680.08
60631,5644460.91
60632,4445041.14
60633,2182064.7399999998
60634,2295079.95
60635,7198383.84
60636,47124941.14
60637,2002250.27
60638,3268946.27
60639,11110356.53
60640,1266776.7
60641,8678933.290000001
60642,5163189.529999999
60643,9483763.87
60644,10111098.629999999
60645,2804052.95
60646,6794878.92
60647,19424084.89
60648,1600971.16
60649,1447468.16
60650,1777865.34
60651,7754069.24
60652,6217135.4399999995
60653,2096442.4500000002
60654,1654741.18
60655,2907954.74
60656,1102198.65
60657,2666396.75
60658,4675766.68
60659,730475.0700000001
60660,1724860.6300000001
60661,2968108.11
60662,1479301.18
60663,2720941.21
60664,2701441.84
60665,21139783.49
60666,4921617.09
60667,16929559.31
60668,3865256.73
60669,2947537.64
60670,29392998.61
60671,2478168.33
60672,1889960.97
60673,2525075.39
60674,4221345.569999999
60675,2915501.27
60676,5652542.14
60677,1374552.0
60678,8871664.91
60679,2017664.47
60680,4431765.16
60681,3366229.0100000002
60682,4526907.32
60683,2072510.44
60684,52720130.33
60685,7355062.899999999
60686,10966099.94
60687,2052564.2
60688,1666652.79
60689,4258890.26
60690,2032323.0899999999
60691,1205619.08
60692,1960346.2799999998
60693,2169544.93
60694,1404391.1500000001
60695,8812947.37
60697,553763.52
60698,1338081.74
60699,1531434.03
60700,6797960.94
60701,5123128.53
60702,2481836.53
60703,8271570.68
61001,354754642.21999997
61002,3849646.06
61003,1595118.55
61004,555814.6699999999
61005,901995.9
61006,117227786.88
61007,16093344.73
61008,10240588.43
61009,875732.95
61010,498487.72
61011,1408008.51
61012,1072616.14
61013,601199.83
61014,897303.49
61015,1524311.2599999998
61016,808606.5499999999
61017,113946.3
61018,1167858.57
61019,289313.41
61020,806945.56
61021,1235531.19
61023,984661.39
61024,3187736.63
61025,2648513.31
61026,916528.28
61027,581305.8
61028,1880514.47
61029,5699863.98
61030,1000493.66
61031,1121882.82
61032,2540216.17
61033,894552.03
61034,1369912.25
61035,1799029.99
61036,1057344.38
61037,1151308.47
61038,12603760.07
61039,1062554.11
61040,6230890.24
61041,1688145.62
61042,2478053.07
61043,8921435.23
61044,1100125.78
61045,533442.54
61046,1202368.5
61047,826918.5499999999
61048,469041.43
61049,563191.66
61050,1956427.95
61051,1482398.06
61052,508927.36
61053,1370823.91
61054,1405721.46
61055,2544473.94
61056,823066.26
61057,4009142.93
61058,1027849.88
61059,425954.89
61060,744150.3300000001
61061,10823139.870000001
61062,395133.4
61063,10104093.77
61064,728914.4400000001
61065,845709.07
61066,329984.27999999997
61067,547097.25
61068,970076.3099999999
61069,1384812.72
61070,2299273.39
61071,1251361.02
61072,449717.34
61073,2659054.84
61074,6899987.36
61075,10104796.38
61076,748160.02
61077,5969813.109999999
61078,2322936.05
61079,13788319.0
61080,643808.7
61081,4715984.9799999995
61082,612036.2000000001
61083,1759288.96
61084,542383.85
61085,319493.09
61086,524142.53
61087,813537.79
61088,249600.10999999996
61089,694333.4199999999
61090,840920.4600000001
61091,4958419.36
61092,3016990.92
61093,4760915.23
61094,3124896.2800000003
61095,1585803.16
61096,8848743.95
61097,4594659.09
61098,1578173.59
61099,1127203.65
61100,565671.18
61101,626884.63
61102,2175907.41
61103,1265285.19
61104,327689.18
61105,845188.84
61106,823411.0800000001
61107,1775695.79
61108,626315.42
61109,450637.47
61110,906869.78
61111,1442390.64
61112,1447020.69
61113,945736.92
61114,310666.54
61115,1406907.38
61116,11820493.4
61117,11300360.85
61118,720905.08
61120,940677.37
61121,2811107.65
61122,687154.47
61123,528759.1799999999
61124,2662853.56
61125,1224422.4100000001
61126,1690916.71
61127,398384.37
61128,774871.15
61129,2545188.94
61130,1792222.4
61131,464203.49
61133,3633497.93
61135,5579511.55
61136,746982.23
61137,716087.03
61138,884113.86
61139,2927795.04
61140,2158653.62
61141,1599743.75
61142,1012001.4800000001
61143,17925189.82
61144,2450480.47
61145,34991339.0
61146,2842774.86
61147,2508124.59
61148,1632003.32
61149,2185843.46
61150,3716601.16
61151,1313640.6
61152,611138.3500000001
61153,6158885.88
61154,608821.78
61155,1729207.2300000002
61156,2528021.56
61157,1539251.43
61158,990882.22
61159,577112.61
61160,1135120.32
61161,2045677.4
61162,1153069.0899999999
61163,13663417.0
61164,1125685.48
61165,3232425.21
61166,1408112.2
61167,3768239.34
61168,58256629.07
61169,143467325.84
61170,819987.61
61171,626999.86
61172,916743.9
61173,983084.27
61174,1004679.98
61175,1035463.1299999999
61176,939454.52
61177,2273431.3
61178,255922.99999999997
61179,617820.2100000001
61180,558908.82
61181,19464673.48
61182,2434003.3
61183,1012730.7000000001
61184,1426818.03
61185,592151.26
61186,1123219.07
61187,521566.48
61188,733375.51
61189,2871909.11
61190,332660.61
61191,2206009.34
61192,722228.07
61193,933420.29
61194,1243403.95
61195,1697888.65
61196,4445363.23
61197,697622.9
61198,721659.91
61199,1137875.1300000001
61200,1074192.93
61201,3192149.5700000003
61202,2225581.08
61203,4983451.49
61204,1186291.26
61205,1604307.94
61206,1409554.75
61207,2585096.98
61208,2096044.56
61209,2418706.0
61210,767496.94
61211,4923263.56
61212,512745.62
61213,1883404.91
61214,49846092.32
61215,1848385.4300000002
61216,688535.56
61217,160266.16999999998
61218,8105219.02
61219,666377.5499999999
61220,957424.05
61221,1441341.3
61222,8447031.22
61223,1606302.46
61224,1903740.85
61225,268876.36
61226,893969.7999999999
61227,687837.24
61228,1080547.49
61229,483507.45999999996
61230,8440740.08
61231,357778.98
61232,9726616.04
61233,1107961.21
61234,6045762.260000001
61235,1156229.01
61236,411007.42
61237,1841219.9
61238,632782.4299999999
61239,769758.98
61240,3888571.95
61241,2013585.31
61242,2545998.61
61243,4981561.81
61244,1749013.6199999999
61245,464025.01999999996
61246,2597473.06
61247,616702.18
61248,4281920.17
61249,1269942.23
61250,1829758.74
61251,890995.28
61252,374468.82999999996
61253,690911.12
61255,2736136.5
61256,670316.88
61257,519744.06000000006
61258,6429404.52
61259,588253.24
61260,2948747.06
61261,694743.52
61262,707510.2
61263,1578227.19
61264,404002.50999999995
61265,1227967.87
61266,517087.01
61267,1466502.25
61268,584927.04
61269,2791350.71
61270,527701.39
61271,488241.02
61272,165167.64
61273,509298.46
61274,598493.5
61275,5372318.21
61276,521895.01
61277,1657787.98
61278,18169883.69
61279,1792774.23
61280,535906.1
61281,2176403.2199999997
61282,1368084.81
61283,1762648.52
61284,1163404.74
61285,966315.76
61286,1054653.86
61287,3449277.65
61288,2520558.49
61289,204844.95
61290,584049.0599999999
61291,492326.85
61292,3000565.55
61293,40314219.59
61294,6100547.99
61295,706875.8
61296,1328830.23
61297,4637539.6
61298,764080.15
61299,1832414.4300000002
61300,2883216.73
61301,1284481.48
61302,416911.6
61303,1517145.43
61304,1612421.6199999999
61305,3928336.46
61306,1122883.1199999999
61307,946816.08
61308,1345281.76
61309,4899206.01
61310,3116386.06
61311,949814.8999999999
61313,271656.7
61314,1270044.32
61315,733875.02
61316,529740.46
61317,579810.1900000001
61318,358508.73
61319,842031.77
61320,338607.59
61321,4718036.83
61322,231819.61000000002
61323,902371.09
61324,7341854.03
61325,1758944.9
61326,1524963.26
61327,2848551.62
61328,1279428.91
61329,5499592.13
61330,1216545.04
61331,757675.67
61332,1406866.57
61333,1390465.07
61335,479039.45
61336,589278.47
61337,3076679.33
61338,599000.04
61339,7932620.25
61340,961081.95
61341,7899719.33
61342,11149692.09
61343,4668152.18
61344,6390783.4
61345,9265638.09
61346,1310221.5
61347,488236.86
61348,3346344.4
61349,781569.23
61350,1233028.9
61351,539220.8
61352,373388.95
61353,2341528.16
61354,416431.71
61355,1029931.98
61356,3145742.69
61357,876365.26
61358,1203739.91
61359,1105392.6
61360,972643.84
61361,512291.78
61362,2398089.18
61363,618609.97
61364,515424.25
61365,1186921.8800000001
61366,1403710.46
61367,907224.71
61368,611721.7000000001
61369,6197257.91
61370,1057537.93
61371,831886.75
61372,744446.98
61373,1776761.51
61374,513779.13
61375,1651802.99
61376,2398313.71
61377,4830990.38
61378,316086.07
61379,1737664.45
61380,834000.0
61381,482091.62
61382,7992717.600000001
61383,1067387.96
61384,1554903.23
61385,980533.4
61386,3847297.8400000003
61387,5813580.87
61388,881685.83
61389,7486354.02
61390,762293.28
61391,21693784.25
61392,1053669.67
61393,712185.4099999999
61394,6936773.71
61395,1551389.2599999998
61396,825730.09
61397,20606799.36
61398,224099.59
61399,576306.44
61400,1564249.44
61401,655729.25
61402,2677295.95
61403,737818.2100000001
61404,3137643.62
61405,2892158.81
61406,1276062.5399999998
61407,2862671.41
61408,2289713.68
61409,455810.8
61410,1331709.0799999998
61411,1557604.21
61412,3209654.15
61413,462124.38
61414,11186204.23
61415,1628097.35
61416,371449.69999999995
61417,1535485.4200000002
61418,2965051.92
61419,1356314.34
61420,502152.27
61421,4324222.49
61422,2572916.18
61423,1649167.56
61424,955398.88
61425,584586.37
61426,2124468.7800000003
61427,1315910.42
61428,3144702.77
61429,2523272.99
61430,497155.96
61431,1439151.18
61432,1936266.13
61433,1321011.15
61434,510755.52
61435,1529080.67
61436,961194.63
61437,260778.07
61438,1205608.25
61439,525029.86
61440,6006064.19
61441,310784.76
61442,975260.8200000001
61443,3966226.5100000002
61444,684005.42
61445,4158735.82
61446,1184485.01
61447,9508182.14
61448,2332700.71
61449,1289481.8599999999
61450,548173.6
61451,2055496.16
61452,1178947.72
61453,1372118.8599999999
61454,4084552.1199999996
61455,1922751.9
61456,8330094.71
61457,3524692.86
61458,1388160.51
61459,1908183.54
61460,6219090.069999999
61461,652734.58
61462,3355848.2199999997
61463,6610319.35
61464,25362622.37
61465,3200463.63
61466,4744598.74
61467,1956262.31
61468,669191.65
61469,2697758.18
61470,360566.63999999996
61471,1720775.22
61472,910956.31
61473,573382.46
61474,1581747.53
61475,4650645.25
61476,1009793.4700000001
61477,605564.52
61478,667370.49
61479,831142.79
61480,1802969.5799999998
61481,492147.51999999996
61482,1135781.69
61483,34512658.48
61484,13071106.58
61485,724465.2
61486,21475940.02
61487,2119323.23
61488,539470.03
61489,474832.37000000005
61490,1455840.97
61491,13454495.25
61492,825391.17
61493,692898.57
61494,6632709.23
61496,1591436.6199999999
61497,7022081.850000001
61498,409458.06
61499,809288.2100000001
61500,832898.9199999999
61501,2599197.7800000003
61502,259870.65
61503,961805.38
61504,433386.73
61505,567839.21
61506,1596831.07
61507,1002191.02
61508,25258590.61
61509,2455538.41
61510,859457.0700000001
61511,2319006.4
61512,313648.3
61513,1280239.1
62001,7887714.56
62002,1017377.17
62003,3545242.8899999997
62004,35835194.65
62005,7712814.3
62006,2361944.93
62007,2826658.25
62008,2654360.85
62009,1225041.9000000001
62010,940554.6799999999
62011,2885327.27
62012,1146207.1400000001
62013,9072130.44
62014,63413761.93
62015,683501.26
62016,888319.92
62017,902156.9400000001
62018,1376121.49
62019,20679646.57
62020,1985620.74
62021,1976615.04
62022,2156251.32
62023,13235431.2
62024,3109774.59
62025,10729051.66
62026,1157196.72
62027,1292547.8900000001
62028,3698942.29
62029,1530419.03
62030,789466.84
62031,7217049.19
62032,35536181.44
62033,18676141.04
62034,19925552.189999998
62035,36305372.92
62036,4130790.44
62037,11742819.58
62038,31375074.650000002
62039,5284220.48
62040,81551125.63
62041,377111811.96
62042,5998807.05
62043,18640513.42
62044,6034335.63
62045,12651278.47
62046,2645396.06
62047,516866.0
62048,73909427.05
62049,2531022.15
62050,11762500.77
62051,26011284.080000002
62052,1495261.47
62053,2981681.46
62054,4468282.34
62055,1452173.84
62056,2543329.55
62057,26707012.85
62058,1288315.6400000001
62059,1219284.8499999999
62060,19137261.560000002
62061,1577999.47
62062,269624.98
62063,14372774.83
62064,1170129.8399999999
62065,117315946.62
62066,340719.08
62067,1974064.8
62068,1514592.43
62069,1646739.06
62070,1206057.19
62071,2016142.0299999998
62072,1418257.92
62073,4757806.42
62074,837737.93
62075,6444733.03
62076,1280558.1
62077,2469416.3
62078,4026625.92
62079,1004467.23
62080,34501813.2
62081,1507294.8699999999
62082,1667934.4000000001
62083,58945637.42
62084,2125980.55
62085,741014.75
62086,2095214.15
62087,3247976.94
62088,1479101.3299999998
62089,1903415.31
62090,891559.25
62091,572144.82
62092,1601062.0899999999
62093,1705187.1199999999
62094,1354838.68
62095,1149776.87
62096,3273494.15
62097,7806768.47
62099,22358692.52
62100,12231667.139999999
62101,951756.05
62102,1283168.1400000001
62103,843337.11
62104,1536296.43
62105,2412635.8
62106,1624636.33
62107,4729779.75
62108,95426764.56
62109,997143.51
62111,1801970.4200000002
62112,3498190.86
62113,2976696.78
62114,1095382.89
62115,3375931.25
62116,934165.89
62117,3641988.8200000003
62118,1074901.87
62119,285040656.14
62120,1745990.2
62121,887890.65
62122,1297530.0799999998
62123,1875876.37
62124,2152433.28
62125,1758816.59
62126,54498617.73
62127,1745518.5399999998
62128,23221801.54
62129,999090.8200000001
62130,3632579.36
62131,1398606.71
62132,45113922.68
62133,63548716.9
62134,1339375.5599999998
62135,2014106.24
62137,305547.62
62138,3678709.54
62139,31683308.290000003
62140,1801990.83
62141,3566878.5500000003
62142,868600.52
62143,269209.56
62144,1682024.7899999998
62145,2476544.07
62146,1092005.31
62147,4455300.92
62148,6968413.35
62149,1245502.29
62150,1368650.63
62151,2146077.36
62152,1144956.41
62153,3540967.9000000004
62154,3108910.33
62155,1755383.43
62156,11511656.64
62157,392521.79
62158,2989432.31
62160,380071855.26
62161,2392178.09
62162,2425540.5
62163,802176.6699999999
62164,4868982.49
62165,960081.61
62166,2232759.53
62167,740955.21
62168,3146533.6799999997
62169,1528505.83
62170,10413016.56
62171,596183.2999999999
62172,1415589.32
62173,28346935.549999997
62174,4859631.9
62175,640250.61
62176,2146504.2
62177,3360152.2399999998
62178,200602107.76
62179,1634487.4
62180,797229.96
62181,8432897.06
62182,1908797.61
62183,4634925.61
62184,1042126.5700000001
62185,1637518.04
62186,90122578.17
62187,1096224.23
62188,15132167.459999999
62189,477522.31
62190,5290240.350000001
62191,3144100.99
62192,1478523.01
62193,610640524.29
62194,54044125.05
62195,6348924.79
62196,2826244.72
62197,6086409.32
62198,1671420.33
62199,4223473.47
62200,12562091.17
62201,18536364.15
62202,2947141.6399999997
62203,1843402.36
62204,8184254.1
62205,4531294.32
62206,1003557.29
62207,2186848.36
62208,575155.14
62209,983526.12
62210,306178.4
62211,1173668.4
62212,1927170.21
62213,4713646.84
62214,2905125.61
62215,145608972.94
62216,783750.24
62217,7245330.21
62218,1817152.3699999999
62219,802978.3400000001
62220,1667887.3900000001
62221,1289177.92
62222,1007772.49
62223,675341.01
62224,12215341.71
62225,2746604.98
62226,1936749.1500000001
62227,985472.4700000001
62228,1360392.33
62229,3132990.14
62230,4834053.66
62231,853184.5399999999
62232,3948331.36
62233,4832666.32
62234,2556507.88
62235,16227491.930000002
62236,1907113.36
62237,3078598.62
62238,250246.49
62239,40446866.65
62240,21992253.41
62241,1796432.17
62242,394805.18
62243,653603.18
62244,28010816.75
62245,2324428.65
62246,869122.49
62247,2107860.0300000003
62248,2096091.69
62249,45083407.910000004
62250,81018363.07000001
62251,1783256.87
62252,12526093.25
62253,280906.73
62254,2764439.27
62255,5716207.01
62256,1363326.7
62257,2736232.75
62258,2340879.79
62259,11281918.959999999
62260,1103879.92
62261,28657328.79
62262,11943595.22
62263,36062518.18
62264,9013135.0
62265,4549704.0200000005
62266,371847.70999999996
62267,1109450.05
62268,35842139.44
62269,3523022.07
62270,44511811.190000005
62271,3417997.47
62272,1951639.09
62273,1986664.63
62274,27437892.909999996
62275,1424549.87
62276,29563543.32
62277,14293917.26
62278,4049194.15
62279,7801746.44
62280,1154377.83
62281,3650230.0
62282,397332.18
62283,818106.38
62284,8266875.03
62285,1728797.55
62286,1558016.79
62288,6317715.2299999995
62289,2418387.84
62290,2298652.7199999997
62291,14571768.82
62292,4165050.71
62293,1135483.21
62294,1627676.35
62295,5588296.43
62296,1135498.79
62297,12185932.399999999
62298,2414118.21
62299,900266.4
62300,18228857.43
62301,470748.04000000004
62302,1091638.1
62303,906651.7
62304,1539961.51
62306,2400614.77
62307,1866391.32
62308,2758412.06
62309,7893597.12
62310,6216152.54
62311,6725933.4
62312,902689.76
62313,4487031.29
62314,1935971.18
62315,1347295.6500000001
62316,1246899.33
62317,2684607.71
62318,67620559.09
62319,1126218.1500000001
62320,1788133.79
62321,20354320.990000002
62322,416375.79
62323,7950433.03
62324,3041479.2199999997
62325,9231099.26
62326,963615.52
62327,2741563.9
62328,4694394.99
62329,13644759.03
62330,8471833.540000001
62331,7543601.510000001
62332,3712941.27
62333,2051421.53
62334,3641643.9400000004
62335,3640515.88
62336,2420672.94
62337,865270.21
62338,12736022.5
62339,1037005.9700000001
62340,2097190.7
62341,2203354.08
62342,380389.36
62343,1201655.31
62344,935229.96
62345,724184.74
62346,992883.34
62347,633544.37
62348,646680.52
62349,6633501.62
62350,7410662.63
62351,56883288.59
62352,715680.22
62353,1297785.11
62354,3422561.0900000003
62355,3080909.25
62356,8014811.45
62357,321807.02
62358,891731.9600000001
62359,2454829.3200000003
62360,22908943.5
62361,23252490.0
62362,1651701.17
62363,1853717.53
62364,23299299.669999998
62365,738366.4
62366,2971420.05
62367,3349330.4899999998
62368,1381087.7
62369,6460016.430000001
62370,569395.09
62371,12567491.540000001
62372,617987.8099999999
62373,5854132.100000001
62374,1016154.42
62375,793604.3200000001
62376,13107156.71
62377,6379004.66
62378,782614.08
62379,1522640.97
62380,1225495.43
62381,732052.86
62382,3173694.45
62383,5721995.3100000005
62384,5428565.01
62385,2550596.6
62386,37187633.47
62387,2791566.28
62388,2035392.02
62389,362474.92000000004
62390,7423587.09
62391,4986747.44
62392,1931124.8199999998
62393,3251921.8000000003
62395,539649.44
62396,156373.86000000002
62397,26960592.15
62398,936676.3
62399,3049879.42
62400,23046453.85
62401,26976255.77
62402,1047139.22
62403,4917619.89
62404,979355.38
62405,2289711.41
62406,1236901.51
62407,5361258.04
62408,4766296.63
62409,718451.61
62410,1117606.86
62411,291276.22
62412,3109298.4299999997
62413,97101690.5
62414,1146453.25
62415,2216899.29
62416,1024438.35
62418,1476917.4000000001
62419,624256.86
62421,1156166.05
62422,1892679.65
62423,12374267.82
62424,1245634.83
62425,613473.02
62426,1342787.81
62427,191138397.9
62428,2176001.03
62429,1470968.35
62430,700505.77
62431,1692845.61
62432,1370844.94
62433,594477.42
62434,737525.23
62435,271204.33
62436,511909.08
62437,1625862.8
62438,2423956.22
62439,1824838.32
62440,4335497.6
62441,1622282.3
62442,1784201.3399999999
62443,36293732.51
62444,1428639.84
62445,3564062.02
62446,3009863.24
62447,15737780.68
62448,9541799.76
62449,806711.51
62450,1196481.26
62451,3740159.21
62452,5291114.66
62453,308576.33999999997
62454,12492225.08
62455,464918.79
62456,4055686.68
62457,35189944.02
62458,3648663.06
62459,1341896.09
62460,1768938.67
62461,3032467.74
62462,437620.76
62463,2313773.73
62464,30714595.12
62465,1808351.31
62466,1168544.81
62467,496877.38
62468,1577092.7999999998
62469,1860303.3599999999
62470,452151.11
62471,2076752.99
62472,802767.8200000001
62473,70842213.81
62474,7022087.5
62475,1412261.71
62476,4266571.16
62477,4899868.39
62478,1434014.28
62479,13079217.29
62480,14748664.6
62481,1199700.84
62483,478642.76
62484,1848687.7
62485,1297837.6600000001
62486,7393328.74
62487,9555899.36
62488,2594952.64
62489,16193709.399999999
62490,1485498.31
62491,25366438.46
62492,1274313.44
62493,1155096.46
62494,243540.87000000002
62495,1943367.59
62496,890262.57
62497,58505705.02
62498,391918999.55
62499,1239577.5
62500,1880081.74
62501,1134739.5
62502,48874434.78
62503,1657515.89
62504,2003639.87
62505,4301278.01
62506,7729114.75
62507,1113024.77
62508,1559636.89
62509,1021729.3400000001
62510,262489751.77
62511,547488.83
62512,2711836.23
62513,739992.02
62514,1349968.49
62515,2056273.8399999999
62516,58179658.150000006
62517,1543900.03
62518,602050.88
62519,3452612.6799999997
62520,11130868.040000001
62521,1320389.6199999999
62522,1466260.48
62523,30239232.82
62524,4834061.9399999995
62525,54884425.74
62526,459369.71
62527,1815055.71
62528,54546904.04
62529,8133585.16
62530,2585973.01
62531,2751504.14
62532,5740511.899999999
62533,392065.36
62534,17147646.88
62535,871361.54
62536,3496970.83
62537,623863.1799999999
62538,1585332.31
62539,1147626.06
62540,7489156.28
62541,571555.49
62542,1704504.6099999999
62543,13109956.83
62544,679457.74
62545,394435.53
62546,1248234.6
62547,527705.95
62548,56887796.31
62549,4970354.32
62550,6849998.73
62551,667911.28
62552,3971562.56
62553,1260445.81
62554,450009.61
62555,45617138.42
62556,516067.69
62557,8685976.22
62558,525471.41
62559,5568944.97
62560,29524048.76
62561,1779032.28
62562,1072973.78
62563,62597560.31999999
62564,2061308.37
62565,433435.21
62566,1851316.12
62567,2872770.3
62568,4643537.2
62569,3032860.62
62570,65874762.46
62571,29636167.15
62572,1877891.35
62573,17529664.580000002
62574,1687307.0499999998
62576,574889.76
62577,547650.9299999999
62578,378639.30000000005
62579,4861508.58
62580,3113942.4499999997
62581,959830.96
62582,9011598.46
62583,2680443.76
62584,6263327.66
62585,2880432.4499999997
62586,1998743.36
62587,53821049.26
62588,27393120.009999998
62589,4791795.37
62590,326510.89
62591,1152375.31
62592,1866502.73
62593,447940.36
62594,1189319.81
62595,3120789.4499999997
62596,1538847.37
62597,1457850.19
62598,1693202.03
62599,1142179.29
62600,972763.25
62601,1173163.11
62602,848927.8500000001
62603,3900746.29
62604,44897389.35
62605,129254.06
62606,7205382.04
62607,326818.16000000003
62608,1366990.22
62609,7625009.37
62610,1767910.31
62611,2152706.69
62612,2136574.76
62613,4025462.67
62614,2123784.46
62615,1396525.7
62616,1271654.36
62617,80897570.65
62618,4157810.7600000002
62619,1337258.3
62620,7803974.71
62621,5104925.94
62622,1155934.75
62623,2663580.71
62624,60287129.7
62625,286469.10000000003
62626,21242068.01
62627,3383236.21
62628,57606717.84
62629,1722397.71
62630,1726778.05
62631,2437807.27
62632,1114041.21
62633,1598511.67
62634,3553401.75
62635,642499.92
62636,1197914.65
62637,78952711.7
62638,7118447.39
62639,2333076.4699999997
62640,1727960.47
62641,1058212.8299999998
62642,3200790.85
62643,76487425.86999999
62644,1448775.9100000001
62645,29301946.43
62646,3646685.0000000005
62647,5033474.02
62648,1731972.04
62649,3835294.23
62650,3718648.17
62651,2768762.1
62652,8214937.75
62653,2548748.94
62654,5683874.49
62655,1201266.55
62656,3726411.06
62657,2131920.51
62658,417874.22
62659,549181.4099999999
62660,2145467.44
62661,3251442.54
62662,2612055.57
62663,1516793.84
62664,1208870.69
62665,1243711.47
62666,18020337.91
62667,71847961.71
62668,710783.67
62669,982990.58
62670,1918253.1900000002
62671,1501834.85
62672,3148524.16
62673,2659173.26
62674,2739698.33
62675,1078861.11
62676,2111345.09
62677,1503862.28
62678,2293878.9
62679,968745.35
62680,5863215.05
62681,2746400.2600000002
62682,456092.43000000005
62683,968228.26
62684,13061169.02
62685,1931497.91
62686,1592758.3900000001
62688,29136131.13
62689,1458145.0599999998
62690,1067035.3
62691,2786521.64
62692,961895.74
62693,5208328.61
62694,1227890.27
62695,1470745.7
62696,2628180.1
62697,755966.65
62698,928293.27
62699,1956610.91
62700,1212144.19
62701,2427252.92
62702,2033162.8399999999
62703,1793871.77
62704,2285833.46
62705,8911553.02
62706,20565098.13
62708,329133.69
62709,1249733.6400000001
62710,836771.79
62711,16398276.09
62712,5470197.84
62713,5600165.32
62714,3271910.23
62715,1428577.71
62716,2511664.07
62717,1900295.73
62718,5789742.62
62719,1898222.8
62720,264543.08999999997
62721,7781786.88
62722,886704.5800000001
62723,1067237.63
62724,48827609.2
62725,724269.61
62726,864293.79
62727,13118264.34
62728,3173596.98
62729,952508.13
62730,8222811.76
62731,998126.18
62732,844361.6400000001
62733,1080341.09
62734,3489632.37
62735,11861638.520000001
62736,18994723.11
62737,33762242.78
62738,617081.53
62739,1070288.61
62740,808407.9299999999
62741,1064434.14
62742,827750.8300000001
62743,2177654.67
62744,16118117.870000001
62745,800802.4400000001
62746,20538917.43
62747,3427954.66
62748,9244892.25
62749,983902.42
62750,5354813.3
62751,4722813.97
62752,3814895.15
62753,69167339.11
62754,1827758.39
62755,21943958.71
62756,5377127.62
62757,21216262.72
62758,60673844.480000004
62759,1471654.44
62760,767797.66
62761,1215827.82
62762,585966.0599999999
62763,3229168.57
62764,27515556.06
62765,124745837.93
62766,3983704.96
62767,56710188.13
62768,685431.5
62769,3484407.93
62770,23461438.18
62771,71680012.8
62772,3164245.44
62773,27101395.58
62774,50212358.580000006
62775,900546.99
62776,1060692.6199999999
62777,685297.8
62778,231787.38
62779,495652.01
62780,1964154.7600000002
62781,1829242.4200000002
62782,2356097.5900000003
62783,795851.72
62784,3445668.96
62785,5170132.46
62786,1036027.2
62787,892114.51
62788,2739124.81
62789,1392829.0999999999
62790,1211406.2
62791,235157.96
62792,4629124.21
62793,5224592.47
62794,2635807.23
62795,924393.38
62796,2982535.05
62797,1212942.0799999998
62798,824638.55
62799,3354667.68
62800,2045320.4
62801,13376935.62
62802,1130425.96
62803,1382570.36
62804,2503757.57
62805,1485157.39
62806,1403555.78
62807,7610960.53
62808,1595202.6199999999
62809,1502507.04
62810,6035217.1
62811,4942159.609999999
62812,2362294.75
62813,2149249.1
62814,591606.34
62815,1865384.51
62816,1754842.0899999999
62817,17519715.94
62818,612213.83
62819,4305166.390000001
62820,4854972.82
62821,1353447.24
62822,1135194.43
62823,1173759.46
62824,1118801.8599999999
62825,4473428.14
62826,153205905.1
62827,4702930.510000001
62828,366229.91000000003
62829,2650179.59
62830,653442.83
62831,1203423.4600000002
62832,2477013.63
62833,899636.75
62834,1389263.4000000001
62835,3940053.27
62836,9288731.66
62837,1692026.95
62838,538324.41
62839,4987363.76
62840,698779.98
62841,13485525.379999999
62842,61974561.96
62843,1435269.64
62844,3322057.0
62845,2533789.67
62846,27845733.74
62847,7311810.55
62848,9874815.4
62849,11294762.719999999
62850,1579017.6900000002
62851,3995504.37
62852,5138999.67
62853,5231973.62
62854,3683775.63
62855,1734374.7300000002
62856,4004015.6799999997
62857,394553.62
62858,862762.3200000001
62859,1364746.56
62860,859069.2
62861,20342687.79
62862,1226130.54
62863,26276721.349999998
62864,2545132.17
62865,21947117.31
62866,2336825.58
62867,1181045.7
62868,1205210.6
62869,3934229.89
62870,4372219.62
62871,811445.9199999999
62872,2422129.44
62873,4450220.18
62874,2796128.64
62875,6243440.33
62876,1056871.22
62877,1774203.82
62878,1329899.04
62879,1838462.01
62880,357542.96
62881,2132330.04
62882,4341243.569999999
62883,1498938.5799999998
62885,1563480.46
62886,1171967.48
62887,1085244.6300000001
62888,641141.61
62889,3425697.26
62890,1368713.1099999999
62891,735684.62
62892,3026141.65
62893,53495468.5
62894,31066003.869999997
62895,45839484.85
62896,2898740.2399999998
62897,3124533.76
62898,1021392.5
62899,12461931.84
62900,2997274.73
62901,5054592.65
62902,16208317.18
62903,1978365.8
62904,1511382.21
62905,4529208.97
62906,4070914.41
62907,76247095.51
62908,7892792.69
62909,1674254.27
63001,19486097.65
63002,1601369.66
63003,60210557.03
63004,17558131.41
63005,2807359.53
63006,7142231.68
63007,3943082.12
63008,3191003.85
63009,12033563.13
63010,19744221.349999998
63011,1501612.45
63012,10956501.4
63013,3723727.9299999997
63014,65423618.48
63015,1963140.94
63016,6003290.600000001
63017,3025741.09
63018,2556809.71
63019,36855579.05
63020,2856203.91
63021,4601316.03
63022,11413721.1
63023,5180512.51
63024,1975557.4000000001
63025,3281909.0700000003
63026,20926143.59
63027,1573090.31
63028,10315907.51
63029,2391463.2600000002
63030,2509227.07
63031,1911341.6800000002
63032,66200647.1
63033,1626245.99
63034,8620544.23
63035,5111062.24
63036,2281080.64
63037,6331373.45
63038,75654113.4
63039,5316770.8
63040,36497800.980000004
63041,3770898.4
63042,17289504.71
63043,3774316.86
63044,1886378.7299999997
63045,6354363.01
63046,1713054.62
63047,42490543.78
63048,12509595.87
63049,4072065.7399999998
63050,23785064.23
63051,2789610.31
63052,4973054.64
63053,6989549.38
63054,12592906.08
63055,13158217.569999998
63056,2704810.46
63057,4835307.45
63058,2511906.23
63059,2165904.79
63060,2056328.25
63061,1672581.4000000001
63062,2500077.55
63063,50769200.74
63064,1792805.07
63065,2217714.1300000004
63066,13444283.76
63067,1918689.8199999998
63068,5479155.42
63069,31962544.99
63070,29125540.799999997
63071,5194458.91
63072,6164809.68
63073,3748569.97
63074,1322262.51
63075,149279761.37
63076,3674297.92
63077,7511924.87
63078,3316647.63
63079,1862870.13
63080,8921447.47
63081,2871967.28
63082,3620313.9
63083,7116467.46
63084,8639798.47
63085,9322208.23
63086,5500799.2
63087,2291070.1
63088,579835.07
63089,16681038.65
63090,2813269.57
63091,6938956.930000001
63092,12872418.01
63093,8022189.38
63094,8341037.17
63095,914381.95
63096,2889860.97
63097,3679026.69
63098,6220048.8
63099,19400016.93
63100,6255777.69
63101,1154198.47
63102,8098658.26
63103,46757982.93
63104,2023279.21
63105,2127506.3899999997
63106,10508546.6
63107,2621339.56
63108,4361091.81
63109,3533932.6
63110,7132784.76
63111,954926.2999999999
63112,3997769.74
63113,956368363.81
63114,939067.78
63115,2796558.59
63116,20073924.22
63117,3740407.41
63118,7167131.06
63119,4150966.45
63120,4232371.6
63121,7199048.05
63122,1264403.8099999998
63123,2106069.37
63124,145775073.04
63125,31046133.67
63126,6869079.32
63127,695499.61
63128,6079804.0
63129,4256879.01
63130,3319592.09
63131,4993779.19
63132,11863579.8
63133,9981985.98
63134,1789130.7
63135,3393677.95
63136,4042555.34
63137,3306995.78
63138,3385626.4
63139,7268692.01
63140,3272927.7800000003
63141,10696787.53
63142,3090955.81
63143,5329717.01
63144,6155340.38
63145,1668349.6400000001
63146,5953699.37
63147,3707286.1300000004
63148,19915802.43
63149,3983668.96
63150,13036228.120000001
63151,8517420.89
63152,3534358.66
63153,2039004.91
63154,2835555.5700000003
63155,2036356.55
63156,600923.3
63157,3972475.86
63158,2203938.09
63159,1801399.5999999999
63160,2993204.93
63161,3334038.43
63162,4436595.7700000005
63163,11784615.35
63164,68556027.78
63165,12435174.75
63166,1655998.58
63167,1718836.32
63168,4090872.68
63169,1081612.95
63170,5571147.9799999995
63171,4978189.42
63172,654728.79
63173,2306251.04
63174,2442726.19
63175,6759003.59
63176,2837047.36
63177,3421973.69
63178,172267147.71
63179,10249586.889999999
63180,9046544.959999999
63181,2200010.16
63182,4024141.39
63183,1725869.23
63184,1981749.27
63185,3990211.92
63186,3442456.62
63187,11733781.25
63188,2385739.46
63189,8612815.99
63190,3901933.65
63191,1851955.97
63192,9533800.71
63193,61546719.21
63194,2389368.02
63195,36369580.7
63196,3097281.91
63197,1183391.74
63198,8772278.48
63199,3798790.9299999997
63200,6081690.8
63201,4969495.11
63202,974631.53
63203,7631401.54
63204,6983480.42
63205,3471220.12
63206,11901672.29
63207,7425969.59
63208,1633935.55
63209,1585089.72
63210,22327148.35
63211,11764557.2
63212,9331058.29
63213,13058725.98
63214,24809621.92
63215,4555430.89
63216,1492083.67
63218,3212664.6199999996
63219,5305519.0
63220,3490178.5
63221,3072977.57
63222,3953617.2300000004
63223,8530293.1
63224,8412234.51
63225,19935045.66
63226,12844547.1
63227,13509935.84
63228,7855709.21
63229,5574231.29
63230,3379920.5300000003
63231,20701427.54
63232,1930011.3599999999
63233,12017519.23
63234,4517254.77
63235,1546189.63
63236,63389346.08
63237,4491973.45
63238,5673502.55
63239,4121124.15
63240,2974126.33
63241,4118465.54
63242,2578333.04
63243,4217832.100000001
63244,3671459.3099999996
63245,21287366.37
63246,7927004.149999999
63247,12689780.04
63248,6176354.48
63249,2290974.19
63250,3735594.2
63251,3013277.19
63252,2955167.56
63253,1357206.46
63254,11463449.31
63255,2394670.59
63256,2803091.86
63257,5151728.8
63258,14031241.87
63259,3357961.65
63260,3523373.6999999997
63261,7074834.69
63262,14360403.34
63263,16706085.98
63264,4564530.53
63265,10405127.82
63266,995885.9500000001
63267,5708399.05
63268,3982924.53
63269,6305012.57
63270,3156132.11
63271,6473286.17
63272,15543337.76
63273,9899449.32
63274,6358373.359999999
63275,7397610.7
63276,11676200.25
63277,750331.09
63278,6087264.3100000005
63279,7254710.75
63280,2841039.8
63281,12305361.61
63282,8874648.19
63283,9843676.379999999
63284,70067640.88
63285,11088047.52
63286,2977528.15
63287,2869491.58
63288,2808073.52
63289,5210999.09
63290,6113554.26
63291,31531436.330000002
63292,4625128.5
63293,3245199.83
63294,3087700.04
63295,9727812.61
63296,5405011.649999999
63297,1927685.56
63298,2796416.87
63299,2396759.99
63300,145783345.85999998
63301,4767564.59
63302,23608412.89
63303,1370356.79
63304,1354766.14
63305,13470418.17
63306,5303118.35
63307,41270885.45
63308,63882269.07
63309,3284484.76
63310,2391947.25
63311,2486024.45
63312,3270433.48
63313,3446695.16
63314,8778087.370000001
63315,12829338.46
63317,4159403.13
63318,3718398.9
63319,12574856.35
63320,2788649.46
63321,5106468.55
63322,12561296.57
63323,3981340.5100000002
63324,7525424.26
63325,1751570.53
63326,3574847.34
63327,9667996.46
63328,1187775.1800000002
63329,2632924.87
63330,2071801.83
63331,2635905.5100000002
63332,3389296.9600000004
63333,1851330.69
63334,8823591.9
63335,4543565.489999999
63336,5036062.19
63337,1565299.93
63338,55121707.33
63339,3966745.29
63340,3036362.1799999997
63341,3956231.53
63342,2420024.79
63343,2666927.17
63344,1856942.77
63345,22652490.97
63346,3802101.19
63347,1968183.5799999998
63348,5058998.96
63349,16670150.33
63350,8623167.5
63351,3141601.5
63352,12052901.44
63353,8013301.24
63354,17708927.27
63355,3016421.41
63356,3001695.55
63357,2276623.16
63358,3954572.72
63359,2780182.3000000003
63360,1712614.16
63362,6387982.83
63363,3109178.13
63364,2877446.88
63365,4071837.4600000004
63366,2116910.0500000003
63367,2062696.4700000002
63368,6202493.64
63369,3229778.94
63370,7095084.05
63371,3617900.62
63372,3637445.63
63373,2150032.01
63374,3094094.11
63375,1562737.1
63376,2127304.81
63377,5434011.840000001
63378,6652679.15
63379,2799827.19
63380,20244699.26
63381,21449547.62
63382,4474130.09
63383,5696718.100000001
63384,2295232.1500000004
63385,4688561.68
63386,4258294.7
63387,4748766.27
63388,6497945.76
63389,1133860.47
63390,2619056.15
63391,3476616.18
63392,3842975.9699999997
63393,19722180.18
63394,3370792.23
63395,7798610.19
63396,6547084.109999999
63397,11033396.68
63398,2148683.27
63399,2737784.69
63400,5640480.100000001
63401,6652198.7
63402,2672538.68
63403,2198993.42
63404,2242796.09
63405,4748122.93
63406,2189878.49
63407,4274538.84
63408,2353261.47
63409,2556978.09
63410,4756875.57
63411,2848893.69
63412,7079778.600000001
63413,4495313.9
63414,3593229.96
63415,10343777.67
63416,1326732.06
63417,15017952.440000001
63418,4308952.98
63419,6401137.890000001
63420,5866276.57
63421,4623767.88
63422,3715616.3
63423,4167949.8499999996
63424,2528791.56
63425,8058040.66
63426,13133734.63
63427,2788543.6399999997
63428,3848421.27
63429,859771.63
63430,134813599.1
63431,2095123.05
63432,3821617.19
63433,1771442.21
63434,5626821.45
63435,3085581.9699999997
63436,2542314.49
63437,1857958.56
63438,3595103.56
63439,2818668.92
63440,2388786.01
63441,3153851.0
63442,946795.87
63443,3170603.74
63444,1586271.0699999998
63445,2877114.76
63446,3059885.79
63447,1119473.24
63448,6781284.78
63449,3768612.0800000005
63450,5917604.09
63451,5369201.23
63452,1150807.0
63453,17460852.080000002
63454,10439804.29
63455,24826322.41
63456,3050923.7600000002
63457,40429570.31
63458,1084397.3599999999
63459,2496253.6
63460,5719371.34
63461,1956080.99
63462,2891111.79
63463,3974431.3
63464,3818282.5
63465,6604913.45
63466,2253532.54
63467,1253943.31
63468,3551280.1599999997
63469,5959974.7700000005
63470,56521311.64
63471,5517140.58
63472,5293765.41
63473,2023862.04
64001,1373379.46
64002,1436573.17
64003,3328683.79
64004,1099175.68
64005,6508397.06
64006,11303110.32
64007,3540948.25
64008,4302090.21
64009,8452315.42
64010,8524995.39
64011,2806801.8600000003
64012,2263482.09
64013,2213309.4899999998
64014,6825010.16
64015,3258385.61
64016,6284016.69
64017,1336960.44
64018,4198066.57
64019,3670016.0100000002
64020,3285380.48
64021,6182599.05
64022,1337038.93
64023,3971893.66
64024,296654879.23
64025,1688430.3
64026,3872731.13
64027,1157603.17
64028,1178218.73
64029,15045501.83
64031,3296083.15
64032,1451326.3499999999
64033,1132059.75
64034,3079802.79
64035,9342505.77
64036,4410550.79
64037,5942306.859999999
64038,21996512.44
64039,2320068.73
64040,15484660.850000001
64041,5042195.5200000005
64042,3795611.16
64043,2933775.86
64044,1034412.82
64045,1777430.64
64046,4269203.12
64047,4823233.36
64048,1009082.4600000001
64049,3154306.06
64050,1437340.8199999998
64051,2558627.08
64052,1637285.6700000002
64053,1467018.28
64054,5317960.4
64056,1307656.2
64057,14330823.85
64058,10115228.41
64059,5350871.94
64060,6964052.14
64061,29221708.34
64062,16845955.7
64063,10899731.66
64064,5253087.569999999
64065,25099160.119999997
64066,3571251.24
64067,7491237.76
64068,24532259.2
64069,4728364.78
64070,2759985.34
64071,1453145.96
64072,4167442.5
64073,3294433.0
64074,883700.7999999999
64075,2118400.4
64077,1359399.3699999999
64078,3055785.88
64079,997112.0
64080,3579416.27
64081,3948128.71
64082,1130490.06
64083,1715538.13
64084,1543293.96
64085,6966387.3100000005
64086,9346415.02
64087,4705974.9799999995
64088,2037566.53
64089,1844204.0699999998
64090,1675368.8800000001
64091,1825216.85
64092,8920194.67
64093,8233853.3100000005
64094,18064042.11
64095,2946748.0700000003
64096,1673960.62
64097,2901541.78
64098,818489.14
64099,2097170.28
64100,15483241.969999999
64101,6963061.960000001
64102,445531298.91999996
64103,1582112.6199999999
64104,8003052.58
64105,2721657.92
64106,2208582.6
64107,1581689.9400000002
64108,6410616.680000001
64109,8312331.17
64110,5911151.65
64111,1781684.51
64112,3232151.84
64113,2586343.25
64114,3037532.52
64115,1064577.09
64116,2276899.64
64117,2718820.82
64118,978096.9299999999
64119,3680238.18
64120,4406144.16
64121,887842.65
64122,325162445.58
64123,15404150.540000001
64124,9134558.450000001
64125,70214656.17
64126,5364395.9
64127,8148283.99
64128,3370414.11
64129,97952557.63
64130,7205857.88
64131,3987825.99
64132,30308946.98
64133,5768290.47
64134,3926546.05
64135,4080431.0
64136,8020657.01
64137,4075865.88
64138,17683530.009999998
64139,5767458.73
64140,42112325.26
64141,2941356.91
64142,3917768.2800000003
64143,1273066.66
64144,1955193.25
64145,2396038.6
64146,2440867.3
64147,17466628.34
64148,11728399.13
64149,1979709.07
64150,2086718.6600000001
64151,967551.52
64152,8536789.39
64153,3446646.5300000003
64154,2532975.76
64155,1355943.3900000001
64156,2386934.5999999996
64157,4385194.52
64158,1425723.66
64159,1763529.5
64160,40238605.7
64161,7561825.09
64162,1585368.0899999999
64165,2406004.82
64166,1589328.67
64167,2123710.54
64168,5219006.22
64170,1698378.92
64171,1864242.42
64172,2035461.92
64173,1509468.95
64174,831144.3099999999
64175,3389131.89
64176,2195792.73
64177,3262843.81
64178,2611163.94
64179,1354916.8199999998
64180,1722957.22
64181,2101445.0300000003
64182,464977.44
64183,4083649.9899999998
64184,3663853.73
64185,5576892.5600000005
64186,2439733.14
64187,2814670.0700000003
64188,7035568.359999999
64189,37186453.32
64190,3269711.66
64191,18404046.3
64192,1554605.1099999999
64193,1451691.79
64194,1989300.55
64195,1603532.96
64196,1402314.39
64197,1181170.14
64198,7753485.72
64199,1633577.0
64200,1710031.97
64201,2489248.7
64202,3816032.35
64203,2203604.4
64204,24337232.24
64205,1713372.98
64206,2068441.73
64207,1989283.72
64208,2704311.8000000003
64209,2088236.01
64210,1731537.3
64211,4722947.26
64212,2020402.1600000001
64213,15708623.44
64214,3002493.4499999997
64215,1114927.52
64216,5731953.51
64217,6349838.74
64218,7710283.06
64219,2678833.24
64220,2276416.7399999998
64221,1441549.95
64222,951434.47
64223,3582595.34
64224,5047745.35
64225,4787884.15
64226,1593074.58
64227,5061296.31
64228,2328295.6
64229,2038762.96
64230,32467312.99
64231,4458800.33
64232,2336968.83
64233,12363060.39
64234,2005203.9000000001
64235,4078851.25
64236,895352.4400000001
64237,17722081.68
64238,14035086.96
64239,1942395.44
64240,2743529.49
64241,2536133.6399999997
64242,651569.56
64243,1577704.56
64244,1707775.89
64245,3166179.1799999997
64246,1362887.94
64247,3475234.81
64249,27006482.28
64250,7255309.390000001
64251,1246409.64
64252,4427834.350000001
64253,2985836.98
64254,3378131.21
64255,3157145.06
64256,44055597.85
64257,2880817.4299999997
64258,1910139.46
64259,7755934.449999999
64260,136595194.87
64261,2070242.77
64262,2572364.14
64263,2176008.37
64264,2132474.19
64265,2253695.67
64266,1533564.66
64267,1787352.92
64268,2144198.17
64269,27040815.05
64270,5157086.7
64271,5277305.4
64272,2427116.4099999997
64273,10335178.5
64274,4190594.66
64275,6637025.64
64276,4668007.95
64277,4156951.41
64279,14679187.68
64280,2545383.16
64281,1230539.88
64282,5997593.04
64283,3177970.63
64284,40490813.6
64285,3744522.33
64286,3604164.1399999997
64287,2860278.4699999997
64288,4257547.05
64289,15089140.0
64290,3679178.63
64291,2414281.5300000003
64292,1624937.2600000002
64293,1617926.48
64294,2673006.6100000003
64295,1408967.9100000001
64296,1628827.09
64297,1774666.62
64298,2034619.4700000002
64299,1740603.85
64300,21791650.779999997
64301,5860663.42
64302,3616055.29
64303,1608300.8199999998
64304,13090425.99
64305,4992828.1899999995
64306,4414641.79
64307,1336860.91
64308,2292687.03
64309,2086115.51
64310,9909784.68
64311,1501915.92
64312,2990875.65
64313,3903560.99
64314,6763714.35
64315,7264322.699999999
64316,8468422.15
64317,11584859.1
64318,1747083.9999999998
64319,2449125.29
64320,47034477.480000004
64321,2677796.5100000002
64322,5388687.59
64323,535873.99
64324,10458822.07
64325,1831781.76
64326,859129.58
64327,2988610.32
64328,6410257.39
64329,4791902.19
64330,3723391.8800000004
64331,6188826.51
64332,1731600.21
64334,1324178.87
64335,107360251.44999999
64336,9624639.96
64337,1039895.69
64338,1439843.9300000002
64339,8096317.67
64340,805486.87
64341,1017668.42
64342,6183192.040000001
64343,3454502.96
64344,2155698.74
64345,3742831.21
64346,2115779.64
64347,1237133.65
64348,91486788.73
64349,3387889.67
64350,7583373.85
64351,4148605.2800000003
64352,4490629.72
64353,8859971.76
64354,2784138.38
64355,1575777.9000000001
64356,1250878.0499999998
64357,1282223.25
64358,2221757.09
64359,7657319.220000001
64360,2122480.25
64361,1698341.66
64362,2805837.55
64363,3380539.87
64364,7375164.95
64365,4337907.03
64366,2313225.06
64367,4295483.84
64368,1582371.33
64369,2724076.12
64370,2867167.79
64371,32319754.84
64372,1142594.8699999999
64373,10737396.56
64374,5723550.14
64375,2934240.29
64376,4317894.24
64377,7918437.96
64378,2621640.85
64379,3271972.0700000003
64380,1699048.4000000001
64381,1935535.55
64382,3221447.5500000003
64383,1227309.48
64385,2544358.32
64386,4002922.52
64387,4170662.25
64388,1697869.1199999999
64389,2526941.63
64390,1427340.1800000002
64391,2375401.44
64392,1238754.1500000001
64393,31483495.83
64394,728769.78
64395,982903.71
64396,28358256.79
64397,1585306.42
64398,4691037.07
64399,13128696.63
64400,6951640.23
64401,1653654.5899999999
64403,2507568.96
64404,3613365.14
64405,36758644.65
64406,4228771.63
64407,32883191.92
64408,651263.53
64409,5669550.31
64410,61986447.86
64411,3539794.58
64412,1503016.64
64413,4668702.3
64414,1159479.77
64415,8797948.91
64416,10487791.76
64417,28341083.95
64418,2619735.89
64419,6634095.74
64420,2816061.2800000003
64421,10745352.36
64422,128622283.60000001
64423,2362049.43
64424,8745903.290000001
64425,4489163.06
64426,2140832.87
64427,1741027.8399999999
64428,2044270.34
64429,1479428.72
64430,70541244.78
64431,5819782.19
64432,482530.62
64433,4558369.06
64434,1065061.0999999999
64435,1795473.64
64436,9856313.959999999
64437,4092547.0100000002
64438,2415720.22
64439,5077358.57
64440,2391405.38
64441,5369736.45
64442,2302003.11
64443,15717717.99
64444,3984677.06
64445,718125860.85
64446,1875359.82
64447,1696625.82
64448,7841560.84
64449,1164281.9900000002
64450,3332408.03
64451,906917.3400000001
64452,2858136.68
64453,17359825.39
64454,1492288.31
64455,1538468.01
64456,1238138.5599999998
64457,2019255.4
64458,1855965.59
64459,1545237.46
64460,2239065.45
64461,5525358.39
64462,2271891.04
64463,5461228.4
64464,586798.09
64465,1975352.71
64466,2998009.98
64467,5305854.63
64468,2208585.36
64469,2022029.94
64470,3568773.54
64471,2211235.78
64472,2925910.17
64473,2179741.6999999997
64474,679655.97
64475,9247826.98
64476,4231336.84
64477,18653119.1
64478,3533269.24
64479,1295730.8699999999
64480,2731705.3
64481,1603705.1
64482,4023516.42
64483,140984744.43
64484,8256807.87
64485,24144369.27
64486,2203107.0
64487,3562471.69
64488,2981468.43
64489,3888905.07
64490,5709003.16
64491,2099788.69
64492,4436577.109999999
64493,20753356.83
64494,1879059.47
64495,40644549.5
64496,23369186.08
64498,3283425.9299999997
64499,45139427.879999995
64500,2838342.35
64501,3460777.41
64502,7042678.29
64503,1037722.6
64504,26543632.56
64505,2279310.43
64506,4686854.26
64507,1801360.3599999999
64508,1742112.22
64509,856081.36
64510,6952791.07
64511,19302825.85
64512,2820185.18
64513,13726356.040000001
64514,1450642.47
64515,1901240.44
64516,3490816.9
64517,1612407.72
64518,4572369.51
64519,41299368.01
64520,6735757.11
64521,4690713.64
64522,6194487.55
64523,6198941.649999999
64524,2653262.0500000003
64525,3999431.54
64526,11985059.96
64527,9864900.31
64528,2808071.35
64529,1882675.74
64530,1474896.0699999998
64531,1095266.32
64532,952408.02
64533,7385018.29
64534,2195209.51
64535,1524564.91
64536,6164052.29
64537,776113.02
64538,4578436.52
64539,2387241.25
64540,11076964.07
64541,3485989.51
64542,4250820.32
64543,6885950.01
64544,560139.14
64545,55458200.65
64546,12928390.530000001
64547,38284785.18
64548,1386274.22
64549,8239511.6899999995
64550,5260150.91
64551,1385482.22
64552,1586380.3
64554,2156799.0
64555,1161413.25
64556,2847159.19
64557,2517045.84
64558,13086343.42
64559,5703016.289999999
64560,1363677.5499999998
65001,2495571.8600000003
65002,5334088.58
65003,1547043.48
65004,6043407.64
65005,1553555.52
65006,4974161.6
65007,4947583.68
65009,1259714.29
65010,1721081.97
65011,1646895.25
65012,1051859.3
65013,621095.62
65014,779028.63
65015,1685012.76
65016,1031664.54
65017,72901632.91
65018,3105573.22
65019,3803948.15
65020,890782.48
65021,3797244.31
65022,2385329.25
65023,587302.53
65024,1378099.52
65025,24335813.28
65026,1521330.76
65027,455425.73
65028,1903472.23
65029,4892942.57
65031,14530718.38
65032,17505512.82
65033,1075296.67
65034,468410.25
65035,2269891.4
65036,2314395.3
65037,1434284.8599999999
65038,462250.64999999997
65039,1926238.86
65040,1890775.01
65041,4222271.16
65042,2133140.89
65043,1687670.38
65044,1711389.42
65045,5689092.08
65046,3451493.06
65047,34266597.69
65048,2544369.2800000003
65049,1942883.4100000001
65050,2732517.27
65051,2519155.1
65052,722246.8999999999
65053,1062090.54
65054,4111892.0700000003
65055,2867650.9699999997
65056,6429868.73
65057,7556498.77
65058,3007392.58
65059,85732958.12
65060,1329101.05
65061,806254.61
65062,17240070.28
65063,1185338.05
65064,2317590.17
65065,1725955.22
65066,903164.4199999999
65067,783318.63
65068,252581.7
65069,10102076.25
65070,3546816.13
65071,1236890.18
65072,13230595.67
65073,1787347.21
65074,1623084.08
65075,1068029.6
65076,934370.45
65077,3359353.66
65078,4683928.8
65079,1544108.81
65080,4134907.5700000003
65081,1170933.58
65082,959410.73
65083,2182410.64
65084,1725151.01
65085,1159912.84
65086,1903146.04
65087,1441818.72
65088,769352.6
65089,4199696.73
65090,1013856.12
65091,718423.43
65092,10295583.89
65093,1772212.45
65094,1009591.5800000001
65095,2203179.9899999998
65096,738500.46
65097,1700637.54
65098,2918420.48
65099,3186535.14
65100,23374200.619999997
65101,3809302.12
65102,865292.9400000001
65103,951264.3600000001
65104,1862480.82
65105,2000000.91
65106,3064821.42
65107,806456.8
65108,3133799.23
65109,712271.77
65110,819745.13
65111,1017779.0499999999
65112,1761455.44
65113,2457840.1100000003
65114,758071.0700000001
65115,1895930.68
65116,3732392.04
65117,6471349.86
65118,354602.07
65119,1846376.1800000002
65120,1236442.82
65121,2506683.77
65122,917104.08
65123,20525436.18
65124,1539405.25
65125,2018093.01
65126,1564555.82
65127,11455538.299999999
65128,2398559.92
65129,8839902.98
65130,5178428.26
65131,1390167.68
65132,432428.8
65133,1626422.5099999998
65134,220228.66999999998
65135,1397168.9100000001
65136,652432.09
65137,837123.89
65138,51137803.47
65139,996375.91
65140,600088.72
65141,1839580.5899999999
65142,1236295.1500000001
65143,1432195.32
65144,785943.11
65145,2590552.14
65146,1139569.93
65147,2980538.54
65148,1152918.08
65149,1361690.81
65150,2793117.0100000002
65151,823437.97
65153,942138.69
65154,914956.74
65155,1168324.61
65156,2000398.37
65157,595574.08
65158,1600610.15
65159,1734159.19
65160,1835892.46
65161,1024267.24
65162,838257.03
65163,970598.97
65164,1049778.72
65165,1654768.76
65166,876714.5
65167,530264.1599999999
65168,5344137.88
65169,1729503.77
65170,1056551.4300000002
65171,843922.93
65172,984667.84
65173,2275309.64
65174,1502720.44
65175,1775204.59
65176,2774860.7600000002
65177,2354524.02
65178,1308751.5100000002
65179,514170.22
65180,414042.85
65181,865548.47
65182,2096362.73
65183,5945847.09
65184,1481736.8599999999
65185,4493137.68
65186,755119.74
65187,1230138.69
65188,9653774.02
65189,1166232.2000000002
65190,604241.75
65191,1470730.79
65192,16959096.84
65193,922939.1100000001
65194,1810039.4000000001
65195,4070535.75
65196,707545.49
65197,2521787.09
65198,6772129.12
65199,5980916.9
65200,1970158.5
65201,1427976.4000000001
65202,2771471.6700000004
65203,641214.51
65204,421917.88
65205,2077994.32
65206,1421467.23
65207,627902.7100000001
65208,841034.1900000001
65209,1201751.25
65210,3728262.03
65211,2537755.1799999997
65212,4955070.24
65213,2093608.74
65214,508909.95999999996
65215,312375.13
65216,416884.43
65217,530799.04
65218,6944639.58
65219,692513.74
65220,985896.53
65221,1479517.7
65222,1325760.82
65223,5431467.66
65224,2121473.1
65225,811835.16
65226,25823684.67
65228,3711222.48
65229,785216.35
65230,2874541.59
65231,1414729.75
65232,427178.01999999996
65233,2420940.66
65234,2433285.18
65235,20449202.04
65236,2096741.49
65237,1158621.57
65238,2882837.25
65239,1291798.3299999998
65240,1938737.41
65241,1410123.58
65242,1469781.8699999999
65243,2977358.99
65244,1726310.04
65245,1968054.1
65247,1144750.33
65248,1569342.0
65249,1004352.22
65250,2240268.8200000003
65251,9500622.33
65252,2925779.4299999997
65253,620514.65
65254,1376565.79
65255,716435.26
65256,1127969.6300000001
65257,6254569.64
65258,49582389.1
65259,1575094.76
65260,949389.33
65261,562658.05
65262,2202002.86
65263,1052572.67
65264,1952174.88
65265,2313002.1
65266,675782.57
65267,4266290.38
65268,1476192.05
65269,1077706.26
65270,1074278.21
65271,2799932.01
65272,571654.83
65273,1223039.3399999999
65274,1436854.18
65275,1543371.41
65276,792624.5000000001
65277,621869.3300000001
65278,754042.3099999999
65279,1671442.38
65280,2084018.2799999998
65281,1603989.78
65282,13900596.149999999
65283,993877.61
65284,8943498.02
65285,1453959.19
65286,166658691.1
65287,5725466.52
65288,1022942.02
65289,1753048.53
65290,1282875.36
65291,1229405.84
65292,3675920.16
65293,1392168.5
65294,1242015.95
65295,24925259.23
65296,4599075.62
65297,468175.44
65298,968053.6
65299,1244471.32
65300,580755.6000000001
65301,866814.3
65303,2974611.24
65304,26823870.43
65305,2345659.4
65306,1852743.07
65307,1944656.17
65308,1348030.99
65309,549464.5499999999
65310,1394960.22
65311,808249.43
65312,476924.68
65313,1619598.3499999999
65314,2916755.25
65315,4654465.5
65316,1498664.51
65317,1976943.24
65318,1745602.37
65319,940697.61
65320,3902561.85
65321,580631.3
65322,2272909.1999999997
65323,1108610.9
65324,1889650.3900000001
65325,1177374.19
65326,1118957.73
65327,1797150.95
65328,1226172.42
65329,2996361.67
65330,1757303.2200000002
65331,14405707.63
65332,1412660.56
65333,962927.4400000001
65334,1392737.29
65335,2733271.31
65336,619152.6799999999
65337,1064655.1
65338,1262727.9
65339,1252213.55
65340,7656597.41
65341,2043599.41
65342,2135366.29
65343,1171367.91
65344,12935400.249999998
65345,712282.52
65346,1182742.68
65347,716383.9500000001
65348,901485.24
65349,580758.85
65350,4490141.17
65351,587703.62
65352,1694994.3900000001
65353,2024133.03
65354,694381.04
65355,1120749.91
65356,863302.27
65357,1448228.92
65358,1036525.4099999999
65359,571202.76
65360,3110297.2600000002
65361,930018.9
65362,11946665.37
65363,2354647.98
65364,603583.22
65366,5940991.24
65367,1537674.12
65368,525289.28
65369,3998469.69
65370,5139640.87
65371,2962467.02
65372,2998704.1399999997
65373,1615903.88
65374,3761158.61
65375,9900733.120000001
65376,1860048.33
65377,1513719.79
65378,1225341.07
65379,676844.1
65380,680280.6599999999
65381,911088.28
65382,1600222.06
65383,1937376.44
65384,1873354.6500000001
65385,946912.77
65386,1382124.94
65387,1214488.21
65388,87295252.01
65389,9743255.799999999
65390,1890619.81
65391,419943.26
65392,1818846.52
65393,1306719.0999999999
65394,1936413.71
65395,10607473.84
65396,4251070.11
65397,2403118.02
65398,1809048.13
65399,2602713.27
65400,1481944.8299999998
65401,1519937.88
65402,821751.22
65403,680887.82
65404,2024677.73
65405,1039635.12
65406,1665411.26
65407,1591379.42
65408,6971441.5
65409,1614485.29
65410,1865926.8599999999
65411,2188268.94
65412,1494068.83
65413,3923947.05
65414,642362.21
65415,1807408.3499999999
65416,419377.43
65417,37020410.51
65418,1599315.61
65419,1271000.48
65420,1510110.1300000001
65421,1037377.6799999999
65422,3193281.47
65423,1364312.41
65424,5717641.62
65425,2438861.4899999998
65426,964750.5
65427,1696748.38
65428,1000820.42
65429,1114955.69
65430,508630.54
65431,1311117.98
65432,1136788.02
65433,10818183.77
65435,5911554.53
65436,1884481.63
65437,1863508.9000000001
65438,565998.8600000001
65439,2135742.17
65440,325553978.24
65441,954027.6900000001
65442,1666378.31
65443,221145.36
65444,1947790.2300000002
65445,1816634.1600000001
65446,1608642.97
65447,11338023.379999999
65448,1701393.25
65449,1578917.42
65450,2927118.16
65451,3583432.23
65452,7425022.23
65453,709754.17
65454,1065011.53
65455,2632243.7399999998
65456,3053107.7600000002
65457,867747.4
65458,1008933.5599999999
65459,870263.6799999999
65460,26272488.2
65461,1558747.13
65462,1779744.4600000002
65463,2733113.68
65464,1740006.13
65465,13669141.76
65466,1446533.12
65467,1080288.21
65468,682385.8
65469,1450447.85
65470,1167628.56
65471,6452311.27
65472,683476.06
65473,5103942.47
65474,960769.3200000001
65475,982813.3500000001
65476,1625376.99
65477,843630.01
65478,3541075.12
65479,2508173.75
65480,1005279.12
65481,18941287.22
65482,3104385.56
66001,1560592.07
66002,15742589.91
66003,44291111.9
66004,85911241.34
66005,8983695.44
66006,4323899.29
66007,3760741.8000000003
66008,168480514.16
66009,20974981.06
66010,4807256.12
66011,20480178.37
66012,13503824.17
66013,1640846.97
66014,19183332.45
66015,7520933.98
66016,57254422.7
66017,107162482.61
66018,2284082.29
66019,4987101.9799999995
66020,24316673.139999997
66021,42008450.36
66022,1924706.75
66023,3609922.88
66024,44395776.94
66025,15844158.309999999
66026,6751169.81
66027,5670121.87
66028,88198849.99
66029,2963207.49
66030,8892205.33
66032,1273470.01
66033,1743421.98
66034,2206706.4699999997
66035,1772083.14
66036,1998014.09
66037,166784211.12
66038,26820717.54
66039,4395722.34
66040,1986721.18
66041,4979331.26
66042,5815020.85
66043,3629242.92
66044,2847838.52
66045,3457044.39
66046,9098524.64
66047,1162465.97
66048,24440213.84
66049,71799868.19
66050,25131914.02
66051,2946947.67
66052,1912990.2000000002
66053,48525878.73
66054,1857639.3900000001
66055,5064699.0600000005
66056,5721696.97
66057,3448329.89
66058,10497880.620000001
66059,10688388.88
66060,3599578.89
66061,2694630.62
66062,3437530.88
66063,3709696.57
66064,6539973.17
66065,73164129.83
66066,6514273.49
66067,13352391.57
66068,1948872.97
66069,20969968.33
66070,3362326.09
66071,19951247.77
66072,4543701.859999999
66073,2590033.12
66074,3644145.61
66075,7389514.82
66076,2865110.9
66077,3607525.5100000002
66078,2708626.91
66079,2988632.47
66080,7064377.8100000005
66081,3027432.21
66082,14191328.91
66083,1988062.75
66084,5567620.36
66085,3346949.2800000003
66086,957238.81
66088,31156662.51
66089,2239583.7800000003
66090,1954951.58
66091,1867697.5399999998
66092,1915137.9400000002
66093,14059244.26
66094,14587495.9
66095,8613632.95
66096,7277111.91
66097,2785020.52
66098,5944876.12
66099,2604366.06
66100,5644216.33
66101,8637254.4
66102,2684436.13
66103,5117669.12
66104,6156209.6
66105,10558659.4
66106,15992635.01
66107,15830065.41
66108,33541298.759999998
66109,6447675.73
66111,3068924.66
66112,2472603.77
66113,3145112.6599999997
66114,8828857.9
66115,8454530.49
66116,3836251.88
66117,6051312.87
66118,3584856.33
66119,6464441.68
66120,2570140.41
66121,5806209.04
66122,2712634.81
66123,7253366.65
66124,45768242.67
66125,5736549.96
66126,3221672.17
66127,7307869.76
66128,1193112.45
66129,6709054.26
66130,20179362.81
66132,5866014.63
66133,12681972.629999999
66134,4873278.2
66136,830617887.61
66137,9637492.56
66138,15404665.56
66139,2182862.7
66140,19916344.47
66141,39603168.22
66142,1565851.03
66143,2914290.1900000004
66144,34790893.31
66145,13492204.43
66146,4517743.17
66147,11252730.35
66148,35887691.94
66149,69205552.5
66150,22271298.82
66151,3813422.4
66152,1688476.28
66153,2480150.48
66154,9101086.23
66155,3266852.83
66156,4336704.56
66157,2608102.6
66158,2801583.51
66159,2612340.51
66160,6633651.42
66161,9773859.47
66162,3101701.09
66164,87864856.62
66165,5331559.8
66166,2342346.02
66167,15306175.700000001
66168,15500517.96
66169,2019379.36
66170,3546863.5300000003
66171,143542254.49
66172,64968205.25
66173,6156292.44
66174,15435567.65
66175,15819995.01
66176,16193133.66
66177,7494277.2299999995
66178,9272258.0
66179,8726214.63
66180,64917075.75
66181,6478369.62
66182,36102222.05
66183,2370545.91
66184,2229730.51
66185,2297590.93
66186,14071712.57
66187,19573331.67
66188,4318882.26
66189,31974562.85
66190,14230781.22
66191,2162472.7
66192,2311377.38
66193,6831672.08
66194,3765793.43
66195,62963644.03
66196,21269367.53
66197,1429660.69
66198,11767183.33
66199,1698579.34
66201,1136332.0899999999
66202,4909236.66
66203,1356366.96
66204,5275190.31
66205,31593935.26
66206,2400620.98
66207,3631940.3400000003
66208,10777319.15
66209,2351925.7800000003
66210,59834812.88999999
66211,1400975.24
66212,30552623.97
66213,45283963.480000004
66214,5412676.44
66215,4278921.96
66216,3079249.02
66217,10082143.38
66218,4325866.14
66219,1648157.43
66220,2451841.84
66221,1441878.03
66222,19942442.54
66223,5492222.2
66224,17580413.21
66225,7969858.2299999995
66226,4781073.77
66227,28860800.78
66228,6013369.2299999995
66230,12566270.41
66231,5587666.0600000005
66232,2448406.53
66233,3490873.65
66234,3695194.46
67001,12724749.87
67002,4314041.38
67003,4808301.59
67004,6599960.28
67005,6523541.73
67006,1835137.96
67008,11703994.17
67009,3474465.1999999997
67010,13907488.129999999
67011,5380373.92
67012,5088774.32
67013,3297579.96
67014,5412300.850000001
67016,6055932.840000001
67017,4915216.95
67018,3640537.2800000003
67019,6825970.0600000005
67020,8312394.140000001
67021,54050565.19
67022,1537610.04
67023,5219688.16
67025,39417469.62
67026,3140259.9899999998
67027,1951829.43
67028,34983943.55
67029,4162936.96
67030,4941682.3
67031,10958141.74
67032,2271741.7399999998
67033,2962438.48
67034,16065473.83
67035,3149431.87
67036,2404884.08
67037,3201032.87
67038,1169575.62
67039,1715295.81
67040,5745393.17
67041,2328647.9
67043,75928165.43
67044,1978239.88
67045,39719849.35
67046,52401558.67
67047,1900528.44
67048,3250712.32
67049,9222729.0
67050,984796.0399999999
67051,2974846.34
67052,18149082.25
67053,2190328.02
67054,2617931.03
67055,7160206.64
67056,3930712.16
67057,1729946.24
67058,3072187.04
67059,5076362.3
67060,3451444.06
67061,57256638.559999995
67062,1333069.98
67063,6283493.5600000005
67065,5750407.37
67066,16043590.32
67067,50590862.7
67068,1631052.0799999998
67069,3361959.73
67070,2680537.87
67071,3492548.54
67072,7016867.73
67073,28668814.0
67074,4684569.9
67075,3799072.95
67076,6312689.76
67077,3524772.25
67078,1856313.23
67079,1649722.03
67080,8410536.32
67081,3587378.0100000002
67082,5247577.850000001
67083,4771447.26
67084,21172695.12
67085,5480128.52
67086,1624339.85
67087,7457624.28
67088,3212019.63
67089,15525629.33
67090,3175494.87
67091,3211573.19
67092,4087107.87
67093,3821427.84
67094,3015046.95
67095,16575759.62
67096,1853310.3599999999
67097,4334970.22
67098,8654666.4
67099,3140490.58
67100,1485273.3599999999
67101,21390124.96
67102,1535612.8
67103,10650287.16
67104,9359874.809999999
67105,18096480.15
67106,65183073.64
67107,2766836.77
67108,23748434.02
67109,4168665.64
67110,6524023.48
67111,3553309.46
67112,29005186.76
67113,3129810.28
67115,11307566.08
67116,5644930.62
67117,2932560.5300000003
67118,28431779.57
67119,8382919.44
67120,3309556.85
67121,5210932.74
67122,10861697.73
67123,3411427.65
67124,17552420.31
67125,19639061.95
67126,1931585.69
67127,9374943.729999999
67128,22621158.56
67129,4313434.09
67130,91441624.02
67131,29955814.13
67132,8309426.05
67133,3934703.27
67134,2755701.2600000002
67135,6777800.72
67136,2512366.14
67137,36745692.03
67138,4399066.119999999
67139,3201235.6300000004
67140,4726368.97
67141,4479100.9
67142,5605740.42
67143,2474291.68
67144,2513308.45
67145,1996147.03
67146,5027562.66
67147,4308020.26
67148,2254316.7
67149,2892877.31
67150,6685350.649999999
67151,35981631.4
67152,51998542.6
67153,2467186.95
67154,35504392.98
67155,7003392.35
67156,9514860.02
67158,2733206.34
67159,1513363.79
67160,8017476.260000001
67161,2565759.5
67162,3382368.35
67163,3223512.68
67164,6068704.510000001
67165,4085706.02
67166,2472019.59
67167,7451565.5200000005
67168,8553799.65
67169,17588561.080000002
67172,13147566.34
67173,4605513.89
67174,8438369.28
67176,22808514.01
67177,3634840.75
67178,2846831.55
67179,3988798.71
67180,293836701.67
67181,1461712.88
67182,8868138.95
67183,9596254.1
67184,21331854.38
67185,5788940.92
67186,3067872.61
67187,3823674.47
67188,3555631.4299999997
67189,7951217.03
67190,1741116.07
67191,17225415.18
67192,5185302.100000001
67194,47061437.87
67195,3658910.24
67196,16206719.37
67197,7434811.1
67198,1490888.84
67199,1027981.72
67200,3842947.34
67201,2761359.94
67202,25513655.7
67203,1592577.95
67204,41155035.72
67205,46012787.76
67206,7221649.74
67207,2971158.24
67208,3702252.88
67209,2007942.1
67210,6729362.109999999
67212,15209139.06
67213,4836653.31
67214,4239854.390000001
67215,4281371.87
67216,14629759.75
67217,3143071.31
67218,181681424.82
67220,1791780.25
67221,2099893.96
67222,29089840.089999996
67223,11780783.84
67225,891156.59
67226,18371972.99
67227,3193335.62
67228,6473126.78
67229,1779456.53
67230,8388287.35
67231,2201153.4
67232,1760286.59
67233,6786489.08
67234,14252011.34
67235,2014381.78
67236,4434879.24
67237,18919652.76
67238,3248639.0300000003
67239,15278448.3
67240,4460644.43
67241,1223589.18
67242,3506148.17
67244,1461120.71
67245,1456063.17
67246,7025193.55
67247,7049174.22
67248,12650788.9
67249,436805.11
67250,1913393.1199999999
67252,7264551.88
67253,5546798.51
67254,6184239.03
67255,3237615.66
67256,15363955.43
67257,5588102.7
67258,3456452.0
67259,10298243.77
67260,1986016.02
67261,33855311.63
67263,15285845.280000001
67264,4689151.09
67265,6362249.81
67266,3293338.67
67267,78175540.14
67268,12743743.520000001
67269,1824272.07
67270,1806754.76
67271,2687818.49
67272,3216129.96
67273,4347016.359999999
67274,3982477.17
67275,7448445.93
67276,11159128.44
67277,6494679.89
67278,4566414.149999999
67279,1991816.64
67280,3887383.64
67281,51908127.370000005
67282,29107892.580000002
67283,16489991.49
67285,9280892.24
67286,12217581.7
67287,3536333.77
67288,1517058.72
67289,4583668.79
67290,5237161.69
67291,26821987.63
67292,5674451.72
67293,4765540.38
67295,5212242.08
67296,6088587.8
67297,3763242.8000000003
67298,1843229.61
67299,5127809.65
67300,107787993.63
67301,10517601.219999999
67302,21771653.95
67303,3847999.76
67304,3532805.34
67305,17778179.64
67306,2647813.96
67307,2102949.92
67308,7901296.64
67309,28433155.99
67310,7928685.47
67311,15236202.77
67312,3581161.4
67313,30588092.72
67314,3224724.34
67315,3807137.37
67317,4662986.15
67319,2994103.67
67320,4057234.02
67321,2603175.9
67322,10279054.84
67324,76048578.1
67325,10158609.559999999
67326,7926633.34
67327,7007405.99
67328,3731500.51
67329,7698637.63
67330,4871331.94
67331,8901805.16
67333,2954932.46
67334,2258669.49
67335,9504228.9
67336,13136393.99
67337,3749521.46
67338,9196894.06
67339,38385435.38
67340,7513107.54
67341,2700961.86
67342,12410439.1
67343,28561543.88
67344,2404334.5
67345,21570090.65
67346,5016093.58
67347,13301663.41
67348,187621626.49
67349,3231515.54
67350,13140459.0
67351,13359398.65
67352,3260198.8
67353,2320835.92
67354,3316628.1
67355,10210982.379999999
67356,22670621.45
67358,6786451.09
67359,8385431.92
67360,6092170.45
67361,1441476.3599999999
67362,8018057.93
67363,7735738.05
67364,3894497.8
67365,51410495.61
67366,4026821.77
67367,12378129.19
67368,13402092.600000001
67369,1946900.5399999998
67370,8055636.86
67371,10950953.82
67372,17865156.9
67373,2842016.8000000003
67374,4265319.76
67375,9025259.11
67377,14192407.02
67378,21198952.53
67379,10255320.99
67380,2097090.27
67381,2921942.66
67382,2898436.73
67383,962372.44
67384,5337501.77
67385,3325237.75
67386,2350997.49
67387,3276802.8699999996
67388,52127393.550000004
67389,25192964.72
67391,2377779.71
67392,3782756.6500000004
67394,1288869.63
67395,2856042.45
67396,1143142.31
67397,23867611.82
67398,3771774.52
67400,6864246.74
67401,3038693.31
67402,1257801.32
67403,3537351.04
67404,5212722.54
67405,16910131.08
67406,1996133.9000000001
67407,8113839.039999999
67408,7236680.66
67409,4982632.89
67410,5907067.14
67411,60654510.2
67412,5487584.39
67413,3124102.27
67414,7359715.63
67415,5714545.59
67416,3646643.0500000003
67417,1061001.5
67418,6370265.12
67420,9040668.98
67421,11781805.43
67422,3522132.7800000003
67423,6351102.159999999
67424,2568030.99
67425,6187339.55
67426,2360682.77
67427,2452861.28
67428,3933656.62
67429,6253499.25
67430,4478908.100000001
67431,1725542.8
67432,6196058.23
67433,5448800.38
67434,38562704.97
67435,8273520.23
67436,3739997.43
67437,118666675.37
67438,4560954.5
67439,3039547.13
67440,3217979.49
67441,2087060.47
67442,5607323.859999999
67443,6185603.119999999
67444,627863.21
67445,23636665.650000002
67446,3643377.06
67447,146657731.0
67448,19396513.98
67449,11857352.4
67450,2332878.0100000002
67451,10427128.84
67452,10958497.57
67453,6458074.46
67454,3430486.7600000002
67455,4771476.69
67456,1964133.8399999999
67458,48588458.72
67459,4329601.86
67460,12006741.86
67461,3083643.84
67462,153640516.64
67463,31074178.98
67464,6961847.46
67465,9050493.01
67466,3215476.08
67467,3718513.79
67468,4638329.57
67469,2315325.85
67470,915641.51
67471,37930359.28
67472,35575117.45
67473,6179779.1
67474,32403328.38
67475,2762827.7
67476,4371641.06
67477,4332138.5200000005
67478,19862544.0
67479,4184618.57
67480,11508413.36
67481,8762415.35
67482,1679876632.08
67483,1895188.7999999998
67484,2453415.9699999997
67485,10137198.48
67486,14542196.99
67487,10445275.92
67488,1710131.54
67489,4753100.36
67490,3359773.26
67491,2476312.15
67492,2415923.36
67493,4640080.81
67494,3536781.64
67495,32238366.28
67496,4247530.05
67497,4623409.399999999
67498,5320909.39
67499,2204820.2399999998
67500,14508702.629999999
67501,3269626.71
67502,1461912.08
67503,1739083.1400000001
67504,9361152.23
67505,2686304.69
67506,39414179.61
67507,14887858.629999999
67508,2581124.34
67509,4595221.63
67510,2383645.22
67511,7212832.66
67512,4638562.45
67513,1120329.09
67514,7051752.7
67515,4858159.92
67516,4964561.89
67517,3952477.92
67519,32787891.44
67520,29410819.96
67521,2660245.27
67522,6730158.3100000005
67523,12121441.42
67524,6888170.04
67525,16538573.49
67526,8260008.79
67527,1368634.04
67528,6749344.81
67529,24110777.64
67530,2865109.27
67531,3260799.38
67532,14202192.88
67534,7458100.12
67535,7168305.4399999995
67536,1892047.23
67537,8054208.34
67538,7264794.03
67539,11025823.54
67540,4073435.82
67541,4838265.41
67542,2606027.99
67543,16659376.05
67544,115416207.12
67545,2800063.13
67546,4410916.29
67547,12101138.42
67548,7081057.08
67550,13113136.26
67551,15806983.78
67552,2752901.88
67553,1986547.37
67554,5954811.760000001
67555,3266117.19
67556,1576651.67
67557,8951374.770000001
67558,4751321.93
67559,1890444.77
67560,859177.88
68001,13158840.32
68002,4850875.58
68004,65903293.480000004
68005,19612487.06
68006,4465077.77
68007,12178327.98
68008,3748233.7399999998
68009,10830603.21
68010,6411578.21
68011,5148180.6899999995
68012,8398285.42
68013,7243000.58
68014,4204047.46
68015,20436197.25
68016,8435399.05
68017,6077034.2299999995
68018,5928327.81
68019,6479870.100000001
68020,31908911.08
68021,40106771.07
68022,15934816.33
68023,7530315.65
68024,1293675.85
68025,3071219.8
68026,17478632.39
68027,4360154.22
68028,28149823.07
68029,5908377.890000001
68030,3519715.6
68031,4601232.21
68032,9792582.129999999
68033,4314821.59
68034,3643111.1500000004
68035,3141291.79
68036,54702814.94
68037,3259859.39
68038,5767382.36
68039,5702564.07
68040,14630396.03
68041,16018401.86
68042,49731861.589999996
68043,23144156.04
68044,8274957.07
68045,5186690.34
68046,5202613.04
68049,4798700.17
68050,6150407.05
68051,10527723.73
68052,1780026.8
68054,3723650.41
68055,6935011.29
68056,52384524.27
68057,1956987.6099999999
68058,15288299.66
68059,11951797.82
68060,20125521.03
68061,9527586.950000001
68062,15975353.84
68063,119207450.99
68064,27903237.4
68065,8072995.6899999995
68066,771103171.96
68067,3247970.88
68068,22914458.7
68069,11869420.700000001
68070,9899140.28
68071,1944694.02
68072,9672950.25
68073,4946476.42
68074,5234408.33
68075,7644435.35
68076,4376349.16
68077,3649995.73
68078,18164371.66
68079,2462692.4
68080,3789563.04
68081,3341492.22
68082,70928793.42
68083,3900255.01
68084,9330748.129999999
68085,2135274.2399999998
68086,2198300.84
68087,4737033.7
68088,6106531.08
68089,11242226.6
68090,12237323.82
68091,34664680.18
68092,5492125.38
68093,8365477.83
68094,9648546.55
68095,4916374.37
68096,4697521.11
68097,13390035.09
68098,5385101.58
68099,4448048.22
68100,3872154.36
68101,6154788.17
68102,5167897.38
68103,4666211.75
68104,4296766.58
68105,2994671.14
68106,2585214.47
68107,3410030.19
68108,4297240.99
68109,4111370.51
68110,4967421.8
68111,9569030.96
68112,108534969.76
68113,19267646.63
68114,1765362.28
68115,11859910.65
68116,4851719.38
68117,10243304.62
68118,31126981.78
68119,5017111.9
68120,14707391.07
68121,8130755.08
68122,4068930.48
68123,7141891.87
68124,3682716.29
68125,5199508.42
68126,33646913.29
68127,4527484.61
68128,7745577.54
68129,11246278.459999999
68130,8529308.53
68131,1646130.8800000001
68132,8153209.0
68133,2110591.14
68134,12973639.700000001
68135,42298204.51
68136,3823488.12
68137,4761201.63
68138,27414594.47
68139,9400441.4
68140,12940614.16
68141,15641652.280000001
68142,3846563.98
68143,7945467.77
68144,27622910.31
68145,31495758.15
68146,20178527.580000002
68147,7564924.54
68148,5328049.069999999
68149,113958379.02
68150,5148258.88
68151,8525305.52
68152,20965171.38
68153,5332007.3100000005
68154,137666087.85999998
68155,30001404.12
68156,27268648.37
68157,10566508.45
68158,6760674.57
68159,7473701.34
68160,5493985.77
68161,5639267.71
68162,47889392.910000004
68163,46304479.43
68164,10643830.92
68165,3802785.5
68166,81741939.49000001
68167,7214384.55
68168,3967890.2199999997
68169,6668864.95
68170,6988734.32
68171,10444691.74
68172,20871148.83
68173,15020344.22
68174,11784736.35
68175,17963970.689999998
68176,2844991.87
68177,12842378.24
68178,6088820.79
68179,8395723.16
68180,4895345.38
68181,5391543.84
68182,8297477.850000001
68183,2647246.04
68184,3266338.92
68185,24654300.38
68186,3863066.02
68187,3558816.25
68188,6904208.08
68189,5534074.33
68190,595593.24
68191,4540509.96
68192,4364456.26
68193,4475813.46
68194,3624607.58
68195,41882795.43
68196,1488681.3
68197,5524647.71
68198,4663215.95
68199,3146302.44
68200,4935021.91
68201,30543905.32
68202,3019024.37
68203,9962533.89
68204,10517219.4
68205,8250603.0
68206,3593930.94
68207,7073900.55
68208,5260987.12
68209,4515868.19
68210,3996342.29
68211,3975613.98
68212,4143933.12
68213,4793607.83
68214,2968043.95
68215,7462282.89
68216,6829359.52
68217,12243381.51
68218,19785472.14
68219,2990260.87
68221,7007512.930000001
68222,8910733.07
68223,9245515.16
68224,1107590989.19
68225,9343702.28
68226,42488397.730000004
68227,8655429.8
68228,2606164.72
68229,2900332.51
68230,7145491.24
68231,20495027.48
68232,7256605.63
68233,4340640.49
68234,4826625.37
68235,8199625.68
68237,4125391.44
68238,12980008.0
68239,4877862.85
68240,5221583.64
68241,3833826.3
68242,11798283.540000001
68243,2238584.24
68244,3973240.58
68245,4510282.16
68246,8386034.25
68247,12782026.540000001
68248,8424486.89
68249,29406055.16
68250,7628299.71
68251,9268777.25
68252,7755521.92
68253,47233354.35
68254,10564891.040000001
68255,13151388.360000001
68256,54343947.43
68257,9055849.53
68258,17200257.3
68259,5872960.98
68260,6431647.42
68261,2888399.7600000002
68262,7275004.54
68263,7354834.02
68264,5748956.94
68265,8789670.78
68266,19023297.43
68267,13127989.01
68268,8111399.28
68269,65951621.15
68270,31449181.91
68271,98208301.48
68272,3070624.2399999998
68273,5411370.83
68274,2369723.86
68275,4709609.17
68276,2506302.59
68277,22453222.68
68278,79411255.42
68279,6720791.1
68280,4009915.4899999998
68281,3652189.25
68282,2703411.79
68283,7429143.890000001
68284,8498951.02
68285,3989204.3899999997
68286,18899522.46
68287,37860658.56
68288,4456427.43
68289,15427885.270000001
68290,4238632.4
68291,12605866.39
68292,21309269.990000002
68293,978232.09
68294,12807966.44
68295,25077763.41
68296,11540879.33
68297,172051703.93
68298,35959083.95
68299,2768220.2399999998
68300,80225238.41
68301,9542401.790000001
68302,6255414.41
68303,2864048.03
68304,9718108.78
68305,19220860.38
68306,5701348.140000001
68307,5749529.33
68308,3204161.74
68309,42751933.29
68310,12236297.34
68311,4282154.58
68312,4274907.48
68313,5500271.55
68314,5003392.83
68315,52447756.22
68316,5345020.13
68317,9923270.12
68318,46465522.82
68319,4810375.0200000005
68320,5132905.43
68321,32843218.71
68322,6229135.37
68323,4600815.59
68324,5145682.19
68325,6489948.91
68326,1829179.6
68327,5155848.12
68328,2784768.99
68329,11340789.02
68330,1987129.46
68331,17840930.94
68332,5342377.34
68333,5593449.9399999995
68334,60199647.56
68335,5185715.57
68336,3310533.87
68337,5591021.83
68338,34809561.61
68340,6018297.77
68341,10690300.370000001
68342,11049944.02
68343,23759985.3
68344,5347351.399999999
68345,5869662.949999999
68347,7239513.51
68348,30736944.77
68349,40941358.73
68350,5124840.92
68351,13767180.67
68352,29000694.04
68353,4577195.28
68354,7170662.5200000005
68355,20058335.32
68356,6161115.91
68357,3730668.21
68358,4215793.15
68359,13265899.04
68360,6228503.140000001
68361,2923846.92
68362,6389599.31
68363,7878683.2
68364,12793985.99
68365,22205863.650000002
68366,3583104.08
68367,7267973.72
68368,9409113.149999999
68370,5305335.0600000005
68371,5067359.11
68372,12311906.39
68373,5047709.86
68374,52710151.95
68375,87738272.63
68376,132230074.05
68377,10026764.06
68378,3420528.64
68379,10569504.620000001
68380,5889132.409999999
68381,5168153.149999999
68382,4886209.29
68383,3113406.29
68384,16351031.56
68385,6861491.08
68386,9124471.17
69001,4002386.65
69002,4562600.47
69003,15251802.41
69004,4773416.15
69005,5762970.99
69006,42928917.599999994
69007,22695478.9
69008,6432405.77
69009,59653999.300000004
69010,40073350.910000004
69012,4714731.67
69013,22847650.779999997
69014,10169932.19
69015,2166857.03
69016,1047688.01
69017,5644159.4399999995
69018,22797465.439999998
69019,54482872.67
69020,4553707.17
69021,16124941.59
69022,4462115.54
69023,12376478.83
69024,21018136.509999998
69026,4055398.67
69027,81421100.71
69028,29115867.68
69029,174219083.67000002
69030,7794851.72
69031,11521348.93
69032,10338275.459999999
69033,14086607.27
69034,159133862.14
69035,7519469.68
69036,5034341.63
69037,5150372.57
69038,10663251.81
69039,6408565.21
69040,32104445.23
69042,5012521.51
69043,59530785.71
69044,44935537.36
69045,7024569.38
69046,20392439.9
69047,7315918.27
69048,9668877.71
69049,18462822.11
69050,14369655.27
69051,7710105.87
69052,36272439.95
69053,3305017.16
69054,4530999.51
69055,14550014.52
69056,10912235.37
69057,3528362.42
69058,4972603.48
69059,18808636.25
69060,5805412.22
69061,8216979.29
69062,8456601.77
69063,23960278.26
69064,30890437.92
69065,5070823.82
69066,35405613.95
69067,11904916.73
69068,10075589.25
69069,56240229.58
69070,9953672.84
69071,5587288.53
69072,75179930.49
69073,4969659.65
69074,8175817.33
69075,1697785.58
69076,16394037.879999999
69077,6008344.31
69078,8034188.98
69080,14541172.5
69081,80893970.51
69082,1999682.9400000002
69083,9265203.07
69084,15099849.02
69085,7287354.3
69086,17311863.06
69087,14608575.1
69088,24185198.29
69089,52339260.870000005
69090,4754246.84
69091,146170725.22
69092,36873509.74
69093,11060436.36
69094,26659009.59
69095,8511909.299999999
69096,56066002.82
69097,5817344.99
69098,4900290.640000001
69099,12591998.02
69100,51500870.36
69101,5347479.7299999995
69102,6642689.17
69103,8683936.299999999
69104,4307809.03
69105,5106493.7
69106,4774145.51
69107,11978727.35
69108,7911918.02
69109,5823285.3100000005
69110,18330718.62
69111,5033379.87
69112,34021658.54
69113,9034993.28
69114,13306099.23
69115,23496119.65
69116,34575744.800000004
69117,30263790.73
69118,33280219.35
69119,8618212.17
69120,6921255.31
69121,14413925.59
69122,12498371.040000001
69123,2862786694.88
69124,4079848.86
69125,7648287.93
69126,4579793.01
69127,35072355.269999996
69130,4245626.68
69131,22948541.4
69132,7721710.909999999
69133,23360160.85
69134,2335685.45
69135,9736344.19
69136,22126264.29
69137,4238149.54
69138,4221862.92
69139,19716108.82
69140,12228027.01
69141,40218856.02
69142,25732301.76
69143,50424765.89
69144,0.0
69145,7839838.82
69146,7362193.04
69147,4874973.25
69148,16601477.74
69149,106316489.97
69150,6559385.33
69151,9529378.51
69152,59037838.83
69153,8841733.110000001
69154,15547796.790000001
69155,8383087.99
69156,17819435.35
69157,19405838.990000002
69158,7331125.58
69159,5465569.59
69160,8169545.74
69161,8198114.17
69162,10532469.6
69163,28282705.15
69164,3837658.4
69165,7446621.26
69166,2333028.81
69167,3665746.5500000003
69168,7673242.84
69169,5069495.27
69170,9222965.26
69171,14132099.02
69172,7124217.529999999
69173,6542414.61
69174,7336265.57
69175,14610576.34
69176,24707711.689999998
69177,11116922.9
69178,6315672.97
69179,11599707.219999999
69180,2730562.46
69181,2360468.23
69182,6055561.3100000005
69183,4635577.3
69184,7577228.199999999
69185,4049986.59
69186,3533539.0300000003
69187,6827345.64
69188,7460720.73
69189,21272123.240000002
69190,10975154.530000001
69191,30477703.490000002
69192,1684371.04
69193,6449733.33
69194,31025263.68
69195,7425238.99
69196,4165290.3200000003
69197,11242000.35
69198,4888573.2
69199,130827209.99
69200,13929040.450000001
69201,18434224.259999998
69202,82266936.39
69203,9360566.09
69204,116630578.78
69205,21630234.14
69206,19891351.38
69207,14018826.59
69208,14053468.13
69209,11858085.73
69210,3340397.62
69211,24359619.23
69212,2252619.09
69213,5611829.38
69214,9460711.6
69215,4564524.98
69216,7617407.149999999
69217,7088737.59
69218,7049868.99
69219,18379852.29
69220,21138700.24
69221,2148833.22
69222,7294187.99
69223,9680242.75
69224,1806248.38
69225,10296243.07
69227,43879646.26
69228,12325496.77
69229,5047063.01
69230,3168222.98
69231,16948510.81
69233,5394203.9
69234,14367186.68
69235,14532641.78
69236,6497479.25
69237,3077947.18
69238,36420604.69
69239,11477934.21
69240,6427397.34
69241,16477714.99
69242,5120186.18
69243,109654002.21000001
69244,76356960.73
69245,6710563.21
69246,8898049.1
69247,2992488.77
69248,68642753.91
69249,21015891.580000002
69250,51824730.94
69251,3401535.84
69252,3988085.37
69253,3182882.17
69254,8187194.4799999995
69255,32950689.37
69256,243875775.17
69257,8720230.92
69258,3718801.94
69259,332202170.45
69260,25212409.75
69261,1237480.89
69263,7650044.85
69264,254012688.89000002
69265,6710788.05
69266,593277088.04
69267,16677864.66
69268,40559464.13
69269,9519382.84
69270,64270628.49
69271,80141319.13
69272,22771208.54
69273,78215383.15
69275,115492471.11
69276,86503574.95
69277,141149483.3
69278,26871421.28
69279,32167429.259999998
69280,12220981.03
69281,16798003.95
69282,145353601.35999998
69283,59995267.92
69284,15390831.69
69285,27752038.509999998
69286,179548016.38
69287,45836951.84
69288,31413719.5
69289,48453878.21
69290,274037342.61
69291,38034660.910000004
69292,21441534.5
69293,8758778.45
69294,17074551.529999997
69295,9622516.88
69296,22879346.650000002
69297,28563720.27
69298,16671718.8
69299,51709513.150000006
69300,0.0
70001,1942735.94
70002,1597539.49
70003,209094.25
70004,4098693.6999999997
70005,746268.1699999999
70006,9074232.32
70007,2710499.4
70008,1115625.26
70009,1394925.28
70010,1430879.3599999999
70011,2390224.73
70012,3215395.55
70013,643464.52
70014,4831416.1
70015,2412162.86
70016,2090218.75
70017,2311147.53
70018,2529024.81
70019,847115.11
70020,1547803.05
70021,1023434.35
70022,1612681.62
70023,1343797.41
70024,3679035.0
70025,1743212.61
70026,24104473.89
70027,636403.55
70028,1619001.8800000001
70029,1675105.57
70030,532318.11
70031,3254519.41
70032,299164.55
70035,1874493.58
70036,445104.05
70037,3726888.12
70038,2887049.78
70039,1889530.92
70040,1196129.53
70041,3781384.82
70042,867670.4
70043,2781530.13
70044,3231589.73
70045,2488483.62
70046,1989493.58
70047,654660.34
70048,1187748.24
70049,1056237.97
70050,556018.52
70051,607373.58
70052,1195404.62
70053,628803.5700000001
70054,2052051.51
70055,3238592.49
70056,2715900.08
70057,896366.4199999999
70058,4224492.9799999995
70059,3204023.8
70060,1586343.2
70061,759066.72
70062,1821957.27
70063,1603048.79
70064,2213406.37
70065,577501.24
70066,1287856.16
70067,1471047.1700000002
70069,1141425.1
70070,514938.51
70071,744397.61
70072,1067471.19
70074,2221030.25
70075,949117.25
70076,1162243.98
70077,2087483.21
70078,1198657.25
70079,2894198.81
70080,1820879.48
70081,2965894.59
70082,1285136.86
70083,4254021.01
70084,2505006.24
70085,4612656.8
70086,720315.39
70087,2084100.0699999998
70088,1072991.0
70089,1017008.49
70090,379131.17
70091,605935.44
70092,1392454.89
70093,4982734.24
70094,3221289.27
70095,10711156.39
70096,3123459.64
70097,2117830.95
70098,1650107.07
70099,1061764.35
70100,1033599.7
70101,3787983.8000000003
70102,2184391.93
70103,1842437.02
70104,3351130.8200000003
70105,887553.66
70106,1110943.69
70107,1777575.71
70109,1187212.87
70111,2391409.95
70112,1803559.42
70113,1127442.6
70114,2051336.79
70115,1792891.89
70116,3184082.87
70117,5895184.82
70118,963651.0
70119,2362818.59
70120,20400359.17
70121,6267980.12
70122,16890702.11
70124,860753.12
70125,1815610.05
70126,1247112.62
70127,1068719.88
70128,1655685.24
70129,1218992.75
70130,1879639.5
70132,4465953.75
70133,1666433.9100000001
70134,2620532.87
70135,766514.27
70136,2639293.65
70137,2157096.59
70138,1101113.2
70140,768158.89
70141,1352607.08
70142,1776216.04
70143,2132300.05
70144,585766.96
70145,2359398.04
70146,745624.62
70147,2152418.09
70148,438078.98000000004
70149,5004497.67
70150,1202973.3399999999
70151,569265.43
70152,1765096.7
70153,1084708.9
70154,1714594.24
70155,4926751.88
70156,916516.72
70157,2165683.81
70158,779603.84
70159,841714.98
70160,4169821.54
70162,2687098.9099999997
70163,2184378.7399999998
70164,605978.57
70165,3079721.45
70166,1644392.71
70167,2702967.03
70168,4910668.96
70169,5413017.149999999
70170,1236387.82
70171,12554153.07
70172,1313594.3
70174,1181568.78
70175,1837818.67
70176,2334030.91
70177,4264276.07
70178,3428466.63
70179,1255567.66
70180,3658087.83
70181,871493.6799999999
70182,1529721.34
70183,497232.22000000003
70184,4130305.8899999997
70185,1928613.43
70186,1241379.27
70187,1340262.99
70188,367008.1
70189,1319859.51
70190,1758632.9
70192,1507710.45
70193,1157588.4
70194,2525969.3
70195,2094151.29
70196,2384772.3200000003
70197,6767650.76
70198,13403547.16
70199,1628302.76
70200,821671.5
70201,1179674.86
70202,1765955.07
70203,721485.34
70204,1108642.74
70205,2046892.44
70206,2920227.9
70207,14253348.83
70208,2759459.36
70210,2615275.57
70211,720750.81
70213,1927584.1500000001
70214,1511252.48
70215,1170359.35
70216,2332020.81
70217,2316246.11
70218,643044.75
70219,5018354.74
70220,2485478.83
70221,3956950.21
70222,1108106.1800000002
70224,2990213.56
70225,1077420.88
70226,2151950.65
70227,5181906.57
70228,8793619.209999999
70229,2436454.09
70230,1159016.56
70231,304459.82
70232,1231071.79
70233,1259366.76
70234,3030349.07
70235,1689582.6
70236,2273695.94
70237,1202069.79
70238,641124.7000000001
70239,2766888.75
70240,8587542.28
70242,2100151.5
70243,4086831.57
70244,1712298.12
70245,25437379.35
70247,2038150.84
70248,10095185.81
70249,1701128.83
70250,5726508.61
70251,1710988.0899999999
70252,1931428.49
70253,1943787.46
70254,1505751.32
70255,3204669.2399999998
70256,4281324.42
70257,6053185.88
70258,6201528.57
70259,1814734.15
70260,3495186.07
70261,7150549.16
70262,1591831.8
70263,3594057.03
70264,717945.25
70265,1708416.55
70267,2889643.21
70268,2196985.84
70269,189210.75
70271,2552229.4099999997
70272,2405341.11
70273,1133816.18
70274,650819.58
70275,1353807.1300000001
70276,727466.39
70277,2495873.0100000002
70278,1496032.28
70279,59420823.11
70280,2841703.33
70281,603630.29
70282,8383035.06
70283,4300334.37
70284,2108445.1
70285,91287001.73
70286,956632.35
70287,1350205.42
70288,1227099.35
70289,2977871.73
70290,2638474.59
70291,1651458.93
70292,12491140.54
70293,849970.76
70294,1265307.23
70295,3215778.33
70296,1133195.7
70297,562364.6
70298,1680555.41
70299,2783233.79
70301,694042.9500000001
70302,945491.02
70303,1635490.56
70304,1282869.72
70305,589628.2000000001
70306,3314600.32
70307,917688.6900000001
70308,3103944.13
70309,3027660.27
70310,59610841.29
70311,64729894.97
70312,5007518.2700000005
70313,1825657.16
70314,1832452.1199999999
70315,3480926.92
70316,1237149.15
70317,811877.6
70318,2515533.62
70319,606986.99
70320,1624359.19
70321,8718994.11
70322,3674061.03
70323,4429851.73
70324,5219726.18
70325,2284382.37
70326,909241.4
70327,1103627.95
70328,1684139.47
70329,916289.52
70330,1884740.17
70331,2559254.25
70332,413243.47000000003
70334,12187761.14
70335,923803.61
70336,1419394.47
70337,1602444.21
70338,2628046.9899999998
70339,12537911.36
70340,2053890.76
70341,3923578.8400000003
70342,2165529.91
70343,2401655.01
70344,2780096.36
70345,1934464.3599999999
70347,1779709.21
70348,4699498.2
70349,1466360.23
70350,1307321.5899999999
70351,3933025.4099999997
70352,1703460.31
70353,2984273.84
70355,1918057.74
70356,1894196.0999999999
70357,5250676.02
70358,2475644.05
70359,422811.45
70360,1428828.56
70361,1041377.97
70362,2421345.24
70363,5565664.67
70364,1620152.51
70366,781424.33
70367,1295920.56
70368,2491151.63
70369,1271911.04
70371,1837872.37
70372,1488592.1
70373,4737868.75
70374,1036620.39
70375,442403.58
70376,2848508.16
70378,8999538.129999999
70380,1184272.69
70381,2754659.46
70383,2309705.46
70384,1396117.79
70385,1836787.51
70386,659416.62
70387,9650734.43
70388,37305529.64
70389,467110.86
70390,5724049.63
70392,956385.83
70393,1917414.97
70394,510763.64
70395,713141.6
70396,515518.91
70397,977186.5199999999
70398,708186.3200000001
70399,2765439.86
70400,2093282.88
70401,1375863.52
70402,3252746.69
70403,977361.3400000001
70404,7020019.82
70405,1645092.34
70406,686548.42
70407,1739980.4300000002
70408,9983106.67
70409,1108149.47
70410,4019094.02
70411,452902.31
70412,790604.81
70413,12291217.16
70414,4616310.18
70415,5718325.199999999
70416,2760570.37
70417,1391632.92
70418,2209845.1
70419,895854.29
70420,793863.65
70421,13445211.26
70422,1110385.27
70423,2832932.4
70425,1396625.65
70426,2082292.2999999998
70427,1952561.31
70428,14340367.7
70429,8044350.91
70430,1011906.2
70431,1375837.47
70432,2962857.83
70433,5287990.32
70435,9255705.889999999
70436,1108694.72
70437,196313.22
70438,2375766.09
70439,2416005.0300000003
70440,547972.75
70441,2038455.34
70442,3084629.06
70443,877268.76
70444,2107736.44
70445,1185595.0
70446,5954142.82
70447,14799861.27
70448,1923677.03
70449,794428.67
70450,1060496.9200000002
70451,17081458.849999998
70452,1857411.73
70453,1952959.34
70454,859666.96
70455,4498812.91
70456,1294430.54
70457,1209226.74
70459,4149189.17
70460,6104985.1
70461,930512.18
70462,506184.5
70463,772276.66
70464,5410507.3
70466,1116536.62
70467,16353112.33
70468,1087575.77
70469,1647453.94
70470,1292368.67
70471,480320.26
70472,6651798.12
70473,7866030.1899999995
70474,949907.66
70475,2089490.9100000001
70476,524867.31
70477,6931817.93
70478,5182598.95
70479,1419673.11
70480,1655300.09
70481,2154873.87
70482,9467992.35
70483,1369602.3900000001
70484,984401.18
70485,2748789.8
70486,1078466.68
70487,2040461.47
70488,1793077.58
70489,9152613.98
70490,1074736.6199999999
70491,3947707.46
70492,4974220.93
70493,1656457.52
70494,1508139.0
70496,703711.73
70497,2968048.3800000004
70498,4154618.91
70499,1549790.74
70500,1808840.01
70501,733628.36
70502,739486.0
70503,1527115.29
70504,2883066.3200000003
70505,607540.67
70506,3117397.59
70507,1202917.23
70509,1408900.33
70510,2651895.28
70511,1292238.76
70512,913881.8
70513,13413541.29
70514,3345808.82
70515,527824.52
70516,2089282.91
70517,1263108.99
70518,1122779.66
70519,494721.0
70520,1374963.98
70521,1665504.76
70522,1045197.57
70523,1433363.46
70524,895234.2899999999
70525,1838418.59
70526,6721914.46
70527,798227.72
70528,3936703.53
70529,2047949.1099999999
70530,1459981.89
70531,818616.6
70532,2202548.18
70533,1051052.43
70534,1338552.6099999999
70535,980906.58
70536,999550.93
70537,1963547.0999999999
70538,1259452.76
70539,3141543.73
70540,1204365.45
70541,1498993.25
70542,2110642.35
70544,1082831.94
70545,1382889.99
70546,2240718.57
70547,1970181.8900000001
70548,1214812.6800000002
70549,757380.67
70550,128771366.99
70551,2102465.34
70552,1338892.58
70553,922657.1
70554,1911102.57
70555,2216043.97
70557,322527.66
70558,1805324.03
70559,2313851.41
70560,635555.61
70561,11491776.16
70562,791486.9
70563,3483369.4699999997
70564,2568905.06
70565,869129.47
70566,2397412.7
70567,1810089.41
70568,837748.78
70569,960435.6200000001
70571,1008896.16
70572,2829512.56
70573,1427016.26
70574,658605.22
70575,5029997.91
70576,1435040.75
70577,2741073.35
70578,1554904.03
70579,3426287.78
70580,891274.98
70581,4858127.33
70582,1806294.24
70583,1013099.46
71001,3262947.1399999997
71002,3231518.85
71003,5151897.6
71004,6228123.17
71005,1442207.58
71006,1492413.42
71007,1094384.51
71008,1508999.51
71009,7875862.92
71010,4086784.65
71011,4018061.33
71012,3317987.85
71013,1126850.53
71014,200085293.93
71015,5056931.63
71016,6544299.149999999
71017,759969.0
71018,2839713.23
71019,2069332.36
71020,993904.03
71021,1390048.59
71022,6050450.81
71023,6157612.02
71024,2918517.44
71025,2027676.68
71026,2155514.3400000003
71027,3235127.04
71028,1092029.26
71029,1466011.08
71030,1667072.89
71031,1048723.8699999999
71032,3133269.24
71033,4405252.99
71034,2667361.91
71035,1604402.17
71036,1021866.27
71037,911116.3400000001
71038,3551414.0
71039,1426418.16
71040,24419360.32
71041,741247.05
71042,2093665.99
71043,631063.44
71044,2800154.95
71045,1824837.1099999999
71046,2138296.0
71047,57589614.35
71048,1834740.2
71050,1618269.01
71051,1314813.7
71052,2762258.95
71054,2082922.9200000002
71055,1804148.09
71056,14462205.2
71057,1497016.12
71058,1293466.22
71059,16168105.64
71060,2295485.71
71061,1927896.91
71062,2139462.2199999997
71063,4559110.4
71064,4748346.42
71065,1751291.52
71066,852161.73
71067,1098463.2
71068,644726.78
71069,3225375.64
71070,14172718.93
71071,2812425.89
71072,657412.25
71073,50382528.03
71074,5998885.72
71075,5524665.82
71076,468448947.09
71077,2694333.68
71078,812001.53
71079,2801786.79
71080,711859.88
71081,20618005.11
71082,2112812.1
71084,5368884.56
71085,2029611.84
71086,2607896.45
71087,3006705.12
71088,1953677.9800000002
71089,1462322.09
71090,16441268.78
71091,1460100.63
71092,2542584.8000000003
71093,4581971.4
71094,1051691.59
71095,3797987.31
71096,1496255.59
71097,4194904.46
71098,2364015.39
71099,1755684.66
71100,1654754.24
71101,2087965.6
71102,4679608.95
71103,2056987.58
71104,1353900.96
71105,45053523.019999996
71106,29371854.66
71107,2120204.94
71108,1365863.83
71109,1447251.29
71110,3155007.81
71111,2447795.62
71112,1995345.82
71113,1458379.75
71115,759222.01
71116,1817125.6500000001
71117,6069967.37
71118,47119917.01
71119,7194772.88
71120,30976426.43
71121,2286888.52
71122,2330082.64
71123,4544078.25
71124,1444036.56
71125,947111.39
71126,6255025.33
71127,990134.67
71128,602693.36
71129,2996265.4699999997
71130,1001470.64
71131,6326140.95
71132,11026843.56
71133,24845579.900000002
71134,1124495.63
71135,4875625.4
71136,1331352.03
71137,45174737.300000004
71138,402102.81
71139,1862870.24
71140,654497.0
71141,2432382.1999999997
71142,1996737.27
71143,3197807.48
71144,863292.34
71145,5678522.89
71146,1591077.55
71147,1293221.92
71148,5328354.18
71149,9626517.84
71150,20281720.66
71151,503488.12
71152,2623453.23
71153,129021088.83
71154,24308594.88
71155,6083598.529999999
71156,1858573.78
71157,13815464.67
71158,17101520.37
71159,1349388.25
71160,1779373.72
71161,2196883.45
71162,4843908.01
71163,591294.71
71164,2368043.18
71165,3448719.29
71166,2357110.62
71167,2012312.34
71168,1611421.96
71169,4252880.7
71170,12130572.35
71171,2394407.6
71172,1966244.32
71173,2407287.15
71174,1974083.66
71175,1899613.76
71176,54490451.41
71177,3952908.33
71178,9774855.129999999
71179,930370.24
71180,1336744.04
71181,1232989.07
71182,14520953.639999999
71183,1779152.7999999998
71184,2387236.52
71185,1774640.3
71186,1068569.23
71187,7160384.16
71188,782670.77
71189,11007349.1
71190,23732329.67
71191,1893362.71
71192,12497483.11
71193,2474459.78
71194,3852048.41
71195,1275525.94
71196,3380086.95
71198,3023146.27
71199,1392331.31
71200,3775766.8400000003
71201,1493245.03
71202,16856591.84
71203,375488.0
71204,10545448.440000001
71205,2610302.74
71206,1311868.89
71207,1617597.31
71208,1170003.02
71209,4473641.2299999995
71210,4346708.65
71212,6719874.37
71213,3720766.39
71214,3120360.89
71215,16740309.629999999
71216,1298993.38
71217,1125430.52
71218,4107092.8400000003
71219,2746703.83
71220,5419073.87
71221,33043073.599999998
71222,5742534.96
71223,4615748.37
71224,987224.8899999999
71225,4544143.34
71226,374564.68
71227,6337247.96
71228,566013.69
71229,2042105.31
71230,74746661.23
71231,4171751.93
71232,2633377.13
71233,3087444.1
71234,1835518.78
71235,12709895.4
71236,9970536.33
71237,2858074.2
71238,9922194.92
71239,10351527.54
71240,2275733.3
71241,3736780.44
71242,11712298.28
71243,2866229.6
71244,1733947.12
71245,1052170.95
71246,1716569.0899999999
71247,2099407.29
71248,4283896.37
71249,7683028.930000001
71250,5602320.73
71251,3319882.81
71252,1800766.3399999999
71253,4846758.74
71254,926041.88
71255,1328565.47
71256,2321685.92
71257,4225509.46
71258,2549075.07
71259,2593669.26
71261,3536290.58
71262,1939226.79
71263,46911284.97
71264,1999485.63
71265,2229091.07
71266,4628621.03
71267,9666979.68
71268,1825480.3
71269,7497585.71
71270,369989854.66
71271,1590511.8
71272,1260151.3499999999
71273,2300367.62
71274,1727306.09
71275,17028749.31
71276,1248256.72
71277,2917248.9899999998
71278,1651027.99
71279,4529872.97
71280,2195946.7399999998
71281,2175362.79
71282,6698929.07
71283,2961685.25
71284,1254036.23
71285,4390847.52
71286,1322002.61
71287,3911779.34
71288,507251.57
71289,12227038.540000001
71290,2422128.7
71291,7316050.65
71292,7321389.01
71293,3229270.95
71294,11944106.03
71295,8566747.87
71296,3196159.9899999998
71297,4739238.34
71299,1578384.54
71300,4669555.47
71301,1393131.9
71302,1905550.23
71303,3059643.3
71304,1124833.13
71305,5926890.5600000005
71306,87240215.14
71307,1853190.54
71308,486730.75
71309,23438950.66
71310,27818371.93
71311,1662782.1
71312,1346007.95
71313,1591505.14
71314,2085999.74
71315,1083557.14
71316,2431473.93
71317,1853872.0999999999
71318,9127369.83
71319,3652087.73
71320,2767510.7399999998
71321,1255513.4
71322,746154.9400000001
71323,1164727.47
71324,5442533.6899999995
71325,3697265.6599999997
71326,2114125.43
71327,2262953.88
71328,3299618.63
71329,2037399.12
71330,5315938.4
71331,1078842.3299999998
71332,2929195.6199999996
71333,5516623.390000001
71334,1986562.69
71335,823976.22
71336,13671299.21
71337,1708117.64
71338,1450542.24
71339,2533313.12
71340,9146305.17
71341,1695244.45
71342,88969116.41
71343,3283128.2199999997
71344,830357.3899999999
71345,4929004.609999999
71346,6610883.16
71347,3339367.2
71348,2141722.45
71349,573269.52
71350,8250718.03
71351,11839078.719999999
71352,791339.85
71353,3503411.71
71354,3757970.29
71355,1781201.77
71356,5067110.78
71357,1019624.3300000001
71358,628199.0800000001
71359,3220197.64
71360,11600135.48
71361,707240.4400000001
71362,1466996.21
71363,723726.53
71364,1403749.85
71365,2266069.09
71366,2236802.6
71367,2653949.9499999997
71368,2521633.0100000002
71369,1361590.96
71370,3955140.84
71371,11715965.8
71372,14122733.01
71373,12745035.16
71374,1524100.92
71375,2412800.89
71376,3128902.35
71377,1133273.3800000001
71378,14467242.32
71379,9725810.45
71380,4193141.28
71381,1989810.3399999999
71382,4072013.25
71383,5663698.2
71384,1904590.6
71385,3683110.1799999997
71386,859485.7
71387,2834219.68
71388,3537483.46
71389,2494371.08
71390,3695808.83
71391,3016102.88
71392,4367471.640000001
71393,4225460.029999999
71394,4978144.68
71395,1676024.53
71396,2622039.67
71397,1943612.1300000001
71398,2726046.95
71399,6150618.49
71400,1535274.47
71401,4314404.57
71402,2922360.38
71403,1729964.73
71404,8256274.39
71405,1395510.19
71406,1569279.76
71407,1590071.73
71408,2276721.17
71409,2965035.16
71410,3549201.81
71411,2066777.09
71412,4581344.13
71413,4282057.68
71414,4378258.66
71415,1395385.49
71416,5177730.69
71417,8421100.59
71419,14995929.299999999
71420,8659270.47
71421,881739.13
71422,1433280.7
71423,1815288.28
71424,2404514.9
71425,1716433.82
71426,2837425.36
71427,658764.02
71428,5685640.67
71430,1647837.88
71431,2197704.38
71433,2739934.72
71434,3163381.89
71435,1725904.19
71436,4084814.08
71437,2470371.1
71438,2700324.73
71439,3202824.35
71440,5801382.59
71441,2684994.54
71442,11104030.44
71443,7458439.87
71444,5037747.93
71445,63622204.25
71446,2464153.53
71447,1844367.35
71448,17078096.81
71449,646153.39
71450,2089858.5799999998
71451,1125512.21
71452,1330035.55
71453,1475075.4000000001
71454,1464337.99
71455,1418812.76
71456,9163043.5
71457,804671.37
71458,567496.49
71459,1929770.81
71460,3753671.4
71461,648373.13
71462,3233980.96
71463,4325739.23
71464,1245066.11
71465,1407425.72
71466,628095.77
71468,4555134.54
71469,3265502.6999999997
71470,2844878.88
71471,266502.33
71472,1851450.8699999999
71473,1587739.44
71474,1508471.18
71475,40093546.05
71477,2569647.57
71478,1272520.15
71479,9475535.77
71480,4245027.35
71481,4584151.9
71482,6941570.45
71483,2097117.3599999999
71484,5122448.87
71485,1898149.65
71486,31991000.4
71487,1779727.69
71488,1023208.91
71489,4072546.2
71490,5079386.06
71491,5338015.16
71492,1028321.78
71493,1940105.57
71494,3184988.54
71495,6546873.29
71496,1151326.09
71497,17448123.669999998
71498,1985594.4
71499,22674330.47
71500,1188908.06
71501,1203941.18
71502,8974530.67
71503,534546.05
71504,1479294.93
71505,784046.9500000001
71506,6929676.88
71507,1063280.3599999999
71508,1947596.9
71509,4372206.85
71510,4354714.45
71512,21059383.55
71513,5526950.0
71514,1906429.44
71515,1558174.8
71516,4447844.15
71517,1016900.3200000001
71518,1917697.85
71519,1898574.37
71520,12226283.29
71521,649398.09
71522,10253592.17
71523,5603958.78
71524,2097853.3
71525,3633953.35
71526,4040068.73
71527,2929255.0300000003
71528,7709333.109999999
71529,1974370.8699999999
71530,3509902.47
71531,2166403.82
71532,685090.78
71533,2897735.4
71534,782567.5
71535,2699845.47
71537,1961157.38
71538,1934302.02
71539,851897.79
71540,24603194.47
71541,2352043.4899999998
71542,8447947.1
71543,48312749.18
71544,1018985.1699999999
71545,6825943.22
71546,6677880.899999999
71547,2392199.97
71548,1532738.71
71549,1475306.83
71550,5131917.899999999
71551,1023257.51
71552,4377828.13
71553,1700219.8499999999
71554,1311628.27
71555,11046644.86
71556,5673788.93
71557,3249734.29
71558,7775977.69
71559,4259794.67
71561,1979164.63
71562,1129068.03
71563,831163.82
71564,5051486.970000001
71565,4414421.92
71566,7642458.29
71567,4062691.2100000004
71568,442614.79
71570,3258340.7899999996
71571,3090057.2
71572,1134630.53
71573,1740283.78
71574,4819503.109999999
71576,1792797.9100000001
71577,897204.35
71578,791661.1
71579,866330.75
71580,2499288.9899999998
71581,2111401.3200000003
71582,2507240.04
71583,6328298.91
71584,12056226.93
71585,9073435.6
71586,1846435.73
71587,826464.22
71588,7244207.8
71589,2689089.06
71590,2774753.3699999996
71591,3731789.32
72001,6451921.21
72002,1269224.4
72003,54097860.72
72004,2162685.68
72005,5940495.34
72006,11721259.53
72007,4074425.97
72008,34543362.44
72009,2362920.09
72010,3072015.38
72011,5615419.0
72012,2512672.97
72013,19080720.970000003
72015,947912.37
72016,8526773.33
72017,1350000.5699999998
72018,754567.7
72019,1892475.09
72020,5247996.3
72021,3234708.85
72022,8483925.81
72023,11012380.83
72024,21660095.91
72025,6326739.97
72026,9035255.89
72027,2772607.12
72028,3656131.99
72029,24374655.21
72031,2083511.76
72032,1469657.9400000002
72033,2487135.0
72034,1237044.97
72035,32318350.97
72036,1117992.25
72037,552366.71
72038,4042794.9200000004
72039,33034130.61
72040,1239185.81
72041,1413804.6400000001
72042,17996454.990000002
72043,2295358.67
72044,2628949.11
72045,3985817.93
72046,6666305.32
72047,9150343.34
72048,993799.43
72049,1662892.65
72050,17683887.93
72051,19961839.68
72052,4368532.69
72053,6535145.57
72054,26024841.33
72056,11636315.18
72057,352036.45
72058,30539519.31
72059,6383294.76
72060,1221894.49
72061,6829153.29
72062,5821732.27
72063,1729481.45
72064,5829114.1
72065,20297724.96
72066,1454221.72
72067,3746882.6
72068,17679563.07
72069,822458.36
72070,1927956.72
72071,50421869.010000005
72072,850308.19
72073,4205516.77
72074,1390054.77
72075,4515775.03
72076,1011886.32
72077,4573699.58
72078,1741678.35
72079,1495816.91
72080,20645643.85
72081,4123969.21
72082,3900140.01
72083,1661511.37
72084,7132491.46
72085,2286146.57
72086,1393913.82
72087,3582684.83
72088,1526696.6
72089,14095354.7
72090,28081383.869999997
72091,701355.81
72093,4244479.51
72094,3714209.98
72095,42926463.940000005
72096,8986599.77
72097,3383653.27
72098,2269790.43
72099,2389769.19
72100,1429440.56
72101,2813965.02
72102,462527.48
72103,4873337.5
72104,2855234.46
72105,2793626.66
72106,2809952.1
72107,1484074.96
72108,2958815.57
72109,3660345.26
72110,6021898.77
72111,2947784.54
72112,2795642.83
72113,4561281.43
72114,1200431.8
72115,5989825.12
72116,607558.5
72117,2603644.0100000002
72118,9754691.82
72119,5938079.11
72120,1269332.08
72121,3149576.55
72122,4299681.2
72123,596343.54
72124,31713399.3
72125,2282410.96
72126,1147709.31
72127,10167018.88
72128,2839002.2
72129,3181067.89
72130,2475421.05
72131,2357828.27
72132,94696038.63
72133,5897243.52
72134,3752008.2199999997
72135,2015102.8900000001
72136,2274060.49
72137,6381796.970000001
72138,23421532.17
72139,5021972.76
72141,3753702.48
72142,998568.19
72143,17365293.27
72144,2478610.32
72145,2391672.19
72146,9013954.06
72147,4401741.49
72148,500975.60000000003
72149,4376075.58
72150,6779065.11
72151,6388933.79
72152,1482431.8800000001
72153,4309464.65
72154,133982077.79
72155,14851103.989999998
72156,5712015.01
72157,3528908.76
72158,6322589.5
72159,1186996.71
72160,2990287.77
72161,4751965.93
72162,1634105.01
72163,2372090.5300000003
72164,503064.08
72165,9005535.69
72166,1214258.49
72167,4218885.26
72168,23538555.599999998
72169,6712852.81
72170,1295471.96
72171,536072.97
72172,5358856.28
72173,7517864.57
72174,930264.4
72175,12023150.82
72176,43334212.59
72177,3148809.99
72178,1086299.78
72179,12532033.21
72180,45031479.8
72181,801918640.87
72182,13730040.73
72183,9983303.25
72184,1906055.19
72185,4830144.43
72186,7086888.9799999995
72187,8380106.71
72188,579460.8
72189,22819969.13
72190,2537152.83
72191,28686381.78
72192,691215.83
72193,2983297.42
72194,2315362.78
72195,9061848.9
72196,3044130.36
72197,2968586.4
72198,15071188.11
72199,965157.41
72200,20856196.07
72201,1239538.48
72202,1294284.65
72203,3241146.78
72204,4532820.93
72205,7890451.06
72207,209440.93
72208,5048841.06
72209,1446903.45
72210,2065742.78
72211,5041492.17
72212,6077242.100000001
72213,24139274.25
72214,80744.73
72215,6225772.72
72216,2977441.9899999998
72217,17799266.7
72218,1155913.29
72219,1665514.44
72220,4569072.17
72221,3047739.98
72222,1753774.17
72223,20372521.25
72224,1644277.52
72225,3532303.53
72226,5598542.93
72227,268428.93
72228,9373315.51
72229,2155308.04
72230,4861589.3
72231,34440514.67
72232,2463626.44
72233,290347.71
72234,2622605.85
72235,1912776.32
72236,1086846.79
72237,2608867.88
72238,330010.35
72239,3674579.55
72240,2573572.08
72241,17056721.9
72243,8470168.28
72244,13593172.23
72245,3089979.46
72246,1366674.13
72247,5840789.71
72248,5051545.34
72249,4010323.64
72250,1434235.47
72251,2760864.5100000002
72252,6104003.54
72253,14331897.84
72254,1573887.17
72255,5278214.18
72256,3942249.8
72257,10425428.75
72258,2119355.4299999997
72259,2527215.21
72260,26821288.490000002
72261,2777849.31
72262,12440380.959999999
72264,132145584.34
72265,1116301.74
72266,3898439.15
72267,6299488.46
72268,2766698.0900000003
72269,31565628.45
72270,1036481.75
72271,1601485.82
72272,2372189.95
72273,1476839.74
72274,3914582.98
72275,6038688.1
72276,18224878.6
72277,1347799.61
72278,8384358.0
72279,1287635.5
72280,10081773.21
72281,2375990.0500000003
72282,3663372.37
72283,3700174.54
72284,2244440.71
72286,2434501.94
72287,5408324.4399999995
72288,658539.01
72289,10667488.899999999
72290,7066364.64
72291,6117152.42
72292,1108763.48
72293,1513613.56
72294,4806534.62
72295,3760185.0700000003
72296,4099626.63
72297,2600303.0500000003
72298,2009986.16
72299,13490366.88
72300,15332441.91
72301,3906404.16
72302,1334822.67
72303,3817333.38
72304,1515960.51
72305,4707784.08
72306,4698182.2
72307,1818445.1300000001
72308,7490581.100000001
72309,2412070.09
72310,8253714.27
72311,2677033.66
72312,2311414.09
72313,1222926.62
72314,2247087.53
72315,6540216.29
72316,4657927.93
72317,3202710.67
72318,1976895.17
72319,2619341.76
72320,15891793.26
72321,3009976.68
72322,1077061.27
72323,1210371.9100000001
72324,2482735.19
72325,6204414.16
72326,1136914.71
72327,2993066.89
72328,15087135.44
72329,23780892.71
72330,2697350.14
72331,5019844.29
72332,3225558.15
72333,2837923.04
72334,32671455.779999997
72335,3991586.5500000003
72336,8544918.01
72337,6329778.96
72338,2079498.76
72339,3593869.2399999998
72340,4714349.2299999995
72341,2960859.37
72342,1038374.76
72343,2522041.65
72344,24122357.32
72345,885483.43
72346,42513523.7
72347,1549622.75
72348,578912.6799999999
72349,2197497.06
72350,16052347.62
72351,7949332.94
72352,488021.75
72353,1341305.7
72354,910342.0599999999
72355,752559.6900000001
72356,2449261.4
72357,3586782.18
72358,10193076.120000001
72359,6188244.33
72360,6425373.05
72361,2654535.93
72362,708382.11
72363,11871012.85
72364,14051352.16
72366,2727793.0300000003
72367,4306730.18
72368,3360418.87
72369,3444415.12
72370,2673864.46
72372,534167.64
72373,31045934.55
72374,2301600.37
72375,2944211.29
72376,4577795.6
72377,4547185.2299999995
72378,7975804.15
72379,1663957.38
72380,4834074.7
72381,6863616.35
72382,3692572.69
72383,651024.03
72384,4242788.16
72385,8751720.049999999
72386,18004823.88
73001,3458347.01
73002,10546444.39
73003,31860149.67
73004,35825481.71
73005,5209351.79
73006,76588003.92
73007,13607314.280000001
73008,283124658.34
73010,28452715.7
73011,195223946.15
73012,3544870.31
73013,18758875.89
73014,2992107.83
73015,235321639.85
73017,7553731.84
73018,6598881.53
73019,13093191.3
73020,4691735.57
73021,10359511.49
73022,6806091.82
73023,21741018.55
73024,39731803.17
73025,4947618.96
73026,21439782.67
73027,3297993.12
73028,5179378.1899999995
73029,25765591.46
73030,28862156.32
73031,31387477.66
73032,27775372.66
73033,4704190.18
73034,49731124.9
73036,12311565.06
73038,39359837.22
73039,4131290.84
73040,24836114.240000002
73041,2388949.9899999998
73042,2964650.6999999997
73043,14327454.85
73045,16448400.42
73046,10007616.53
73047,11258778.86
73048,3742670.1100000003
73049,3738862.79
73050,3340116.9099999997
73051,35197840.14
73052,3888620.17
73053,7463064.49
73054,202884598.74
73055,29255985.24
73056,19772643.31
73057,62943096.78
73058,11850306.43
73059,15581707.03
73061,5145360.78
73062,4722694.09
73063,8085668.63
73064,45018994.02
73065,622145808.66
73067,16325423.43
73068,4981095.88
73069,8353859.36
73070,6756186.93
73071,31432481.26
73072,2228334.98
73073,9969856.95
73074,5453751.24
73075,3048332.58
73076,1962412.54
73077,4283868.08
73078,2063457.18
73079,5460230.94
73080,4116038.83
73081,12307242.379999999
73082,4409605.59
73083,5931364.9399999995
73084,9144215.4
73085,9713564.7
73086,3704892.47
73087,52737749.33
73088,15938837.05
73089,6334135.88
73090,5545904.21
73091,4015858.91
73092,3608680.5500000003
73093,10034829.81
73094,26752136.009999998
73095,3313475.09
73096,8356403.34
73097,5131353.66
73098,18788270.580000002
73099,3456848.87
73100,13195962.76
73101,3491491.7600000002
73103,27716049.92
73104,7953219.53
73105,10552556.2
73106,5457786.88
73107,11836133.38
73108,4340965.7
73109,11029732.79
73110,6472154.46
73111,2286488.71
73112,9608728.07
73113,4399705.86
73114,14521285.94
73115,3814264.6999999997
73116,23373939.55
73117,11283053.61
73118,10387369.75
73119,6411465.13
73120,6368242.25
73121,26589653.51
73122,2447867.95
73123,12751939.5
73124,32702239.96
73126,9423224.120000001
73127,3450040.69
73128,38177044.160000004
73129,8699267.129999999
73130,18728638.990000002
73131,5753321.5200000005
73132,38643698.45
73133,3067999.98
73135,14026800.16
73137,21620717.77
73138,9400994.45
73139,5156992.04
73140,4272722.81
73141,5444994.6899999995
73142,16770627.38
73143,38285135.1
73144,30966489.21
73145,3517670.36
73146,14361168.32
73147,1986793.48
73149,4684132.03
73150,106663829.47
73151,22324472.419999998
73152,1712068.88
73153,13182726.370000001
73154,19895591.18
73155,9910509.6
73156,3211192.9499999997
73157,65489357.67999999
73158,2706625.9
73159,4820401.52
73160,11987658.47
73161,9006338.1
73162,8559370.559999999
73163,8269858.73
73164,7775037.18
73166,2980918.47
73167,4569326.65
73168,4988052.71
73169,11927027.98
73170,4373783.85
73171,63288156.49
73173,25737218.3
73175,8222079.649999999
73176,38822693.65
73177,3413584.02
73178,4433105.93
73179,96633377.33
73180,11287874.48
73181,51967473.9
73182,14558530.66
73183,5811354.890000001
73184,4761509.53
73186,23165478.41
73187,50224455.24
73188,9141746.86
73189,3459645.9299999997
73190,5730487.35
73191,17890340.48
73192,3698222.37
73193,1980479.61
73194,55193790.68
73196,5781874.300000001
73197,28445891.330000002
73198,23574594.509999998
73200,2882911.02
73201,10418004.37
73202,3376474.61
73203,10738700.65
73204,16792536.24
73205,2170556.03
73206,58715948.52
73207,5174471.5
73208,10133797.08
73210,2434100.97
73211,13551418.64
73212,10569365.55
73213,56611022.03
73214,2516077.37
73215,49102693.03
73216,5669348.8100000005
73217,1968244.74
73218,7765384.37
73219,3028956.21
73220,6167059.63
73221,7208914.55
73222,42403377.47
73223,12138746.879999999
73224,8809175.629999999
73225,16046200.129999999
73226,8522785.709999999
73227,331252102.22
73228,6186866.45
73229,5529517.209999999
73230,38248573.5
73231,11676104.14
73232,26109665.439999998
73233,2158075.63
73234,5114269.19
73235,11695341.67
73236,23216065.1
73237,6497392.55
73238,7108485.21
73239,4575974.36
73240,9818808.83
73241,15643034.610000001
73242,17625999.81
73243,14335613.56
73244,14889733.87
73245,7615167.59
73246,3105975.95
73247,10908118.95
73248,144919078.28
73249,9483411.66
73250,26715647.48
73252,9523247.86
73253,18403772.38
73254,1979672.2
73255,16078555.85
73256,5008513.39
73257,286708076.8
73258,18652752.38
73259,6913328.35
73260,2824827.44
73261,91525650.32000001
73262,11221879.42
73263,4530532.77
73264,1604738.0
73265,5430004.99
73266,3352974.31
73267,4283051.37
73268,6487133.55
73269,5083516.4
73270,34665268.69
73271,2207275.47
73272,4656024.21
73273,5783735.7700000005
73274,7565198.78
73275,4163783.37
73276,2643346.44
73277,2818943.65
73278,20393022.22
73280,9942675.209999999
73281,5071473.48
73282,9339132.07
73283,5934713.72
73284,11806370.26
73285,27982175.02
73286,14730163.97
73287,7823189.8100000005
73288,9296247.43
73289,4270477.86
73290,26712624.52
73292,3585849.7800000003
73293,3982882.6700000004
73294,4141906.39
73296,228527381.81
73297,10279223.36
73298,8423916.01
73299,2594122.64
73300,10126303.01
73301,5578005.17
73302,1925445.7200000002
73303,143477338.47
73304,128119170.0
73305,3823536.87
73306,71443671.11
73307,49279954.85
73308,11154747.25
73309,2712080.89
73310,3011291.1
73311,2011356.4300000002
73312,7824540.58
73313,3510816.02
73314,1766714.63
73315,3661356.25
73316,3411756.18
73317,16599508.889999999
73318,23244420.439999998
73320,22948975.86
73321,7105090.33
73322,11404360.44
73323,21463930.55
73324,1786116.96
73326,16241425.71
73327,3038527.29
73328,10083905.67
73329,27727234.05
73330,23505184.16
74001,20066268.68
74002,22391101.16
74003,11263323.149999999
74004,4254833.45
74005,23061132.21
74006,13666659.68
74007,21194597.03
74008,44548849.64
74009,5820401.93
74010,558148576.01
74011,200213908.88
74012,280749931.9
74013,30451089.04
74014,54323503.800000004
74015,11443876.71
74016,23281657.24
74018,12430371.32
74019,49735593.45
74020,7482965.62
74021,12578604.37
74022,6738738.74
74024,15645508.18
74025,12768585.44
74026,37636143.63
74027,2986063.9699999997
74029,4238197.06
74030,4542078.48
74031,15691634.66
74032,21679105.21
74033,11544050.82
74034,6321890.609999999
74035,3848082.92
74036,5251525.25
74037,20392402.1
74038,8850114.65
74040,25618792.36
74041,4403857.74
74042,150678442.06
74043,52749064.16
74044,14326413.33
74045,4848852.84
74046,5872305.32
74048,15515897.3
74049,5053947.05
74050,5137821.9799999995
74051,7643623.96
74052,6293281.1
74053,14163628.959999999
74054,5264730.24
74055,5386887.7
74056,271519510.79
74057,10004738.78
74058,20049096.64
74059,3468722.3299999996
74060,2199144.89
74061,5209747.59
74062,13843338.23
74063,65537402.54
74064,10047702.950000001
74065,7146982.38
74066,2287384.8200000003
74067,27779538.54
74068,5369055.96
74069,6602431.2299999995
74070,20668636.09
74071,1650541.53
74072,2197114.37
74073,9692983.959999999
74074,2285178.33
74075,12002855.9
74076,13093227.55
74077,9251055.42
74078,3580702.04
74079,8470595.67
74080,63865463.5
74081,152672627.06
74082,37765642.31
74083,54525693.12
74084,5262015.8100000005
74085,42269139.21
74086,6672288.47
74087,18371680.53
74088,7899504.9
74089,18602572.7
74090,18555356.740000002
74091,4233103.94
74093,136530163.78
74094,41379727.07
74095,2290429.65
74096,32881011.91
74097,12550825.65
74098,6574556.05
74099,18484105.299999997
74100,6446457.029999999
74101,5083512.7
74102,10054876.06
74103,15948735.99
74104,24971078.05
74105,60484265.07
74106,6744880.47
74107,1316091.45
74108,8075566.12
74109,13655026.38
74110,7389454.61
74111,3972830.4
74112,53449061.15
74114,3551915.39
74116,13829071.47
74117,6525012.55
74118,18901429.81
74119,202899902.67000002
74120,14847293.040000001
74121,8811769.9
74122,6952778.68
74123,59956558.379999995
74124,15033718.95
74126,9923371.78
74127,12812716.629999999
74128,35396800.83
74129,4417247.4
74130,8411443.54
74131,17703238.080000002
74133,81524852.9
74134,132365896.27000001
74135,5860068.66
74136,85352954.48
74137,32617161.72
74138,11083989.58
74139,6955994.899999999
74140,8645550.77
74141,5645654.91
74142,6727135.14
74143,54084471.24
74144,8686202.2
74145,6696732.83
74146,12017386.19
74147,10274545.69
74148,4592722.109999999
74150,15886137.46
74151,5600519.68
74152,13878793.32
74153,18844145.8
74154,16226533.64
74155,10488407.129999999
74156,5106799.09
74157,9014957.54
74158,9993363.61
74159,47205470.16
74160,19571306.5
74161,12182881.049999999
74162,6584379.850000001
74163,20117002.43
74164,53713841.82
74165,12596638.51
74166,18471105.31
74167,9939549.94
74168,8080733.609999999
74169,75028954.28999999
74170,11285953.21
74171,15416056.540000001
74172,15691562.19
74173,216516126.62
74174,8369093.29
74175,4436224.5
74176,21494699.45
74177,10272834.0
74178,4330323.4
74179,5645812.5600000005
74180,22755691.78
74181,44870395.12
74182,72280899.64
74183,28951539.57
74184,9258615.02
74185,26817190.68
74186,6822792.6
74187,4060589.73
74188,21757825.87
74189,14044661.950000001
74190,30230114.35
74191,146392399.98
74192,10362157.66
74193,13026420.04
74194,4739643.36
74195,6321721.17
74196,7593187.649999999
74197,14479047.24
74198,8491256.97
74199,4773808.54
74200,30171714.310000002
74201,22621696.15
74202,5774262.54
74203,3771060.81
74204,7515867.43
74205,16550646.43
74206,7430546.34
74208,110946173.09
74209,9845596.61
74210,21254171.91
74211,30294552.54
74212,18319568.62
74213,70498659.92
74215,31600408.49
74216,9235341.58
74217,40851820.62
74218,118635819.91
74219,8583680.63
74220,59679244.27
74221,5642002.18
74222,4328016.64
74223,5635921.109999999
74224,87307952.19
74225,184097105.88
74226,4621577.52
74228,3573448.11
74229,22324078.67
74231,5423580.6
74232,6446631.7
74233,14565770.24
74234,8816274.6
74235,4827705.61
74236,147259868.37
74237,8409864.89
74238,27449682.95
74239,18435832.55
74240,8215171.739999999
74241,31816483.5
74242,61497501.65
74243,103650323.92999999
74244,6196284.01
74245,18805857.8
74249,17190502.4
74250,55220357.72
74252,8434842.39
74253,5830769.35
74254,3473878.17
74255,11182915.91
74256,184475851.68
74257,5809028.46
74258,77745619.8
74259,4230079.42
74260,6105801.5600000005
74261,6819086.22
74262,11290849.47
74263,33882982.19
74264,79477439.39
74265,6430099.5600000005
74266,8414409.67
74267,37287076.41
74268,208972207.58
74269,32795430.64
74270,8591169.05
74271,6880351.51
74272,39149012.65
74273,26679081.279999997
74274,7273357.9799999995
74275,26852991.25
74276,47314734.29
74278,85376680.6
74279,12305186.07
74280,64495324.19
74281,287147131.3
74282,23369806.31
74283,7286376.67
74284,10066487.69
74285,4567701.6
74286,12428552.46
74287,8834915.52
74288,34607064.13
74289,14630059.15
74290,15383559.93
74291,2145895.57
74292,5338926.47
74293,32521384.45
74294,10470810.200000001
74295,4555211.78
74296,7467297.38
74297,3773449.08
74298,58884733.870000005
74299,33870880.2
74301,7220573.93
74302,7617399.91
74303,23418807.11
74304,6027529.02
74305,80125329.88
74306,4981856.03
74307,5905808.54
74308,8744537.17
74309,37699984.25
74310,7573398.53
74311,41912869.7
74312,26190297.15
74313,4385946.68
74314,19947356.14
74315,10030053.43
75056,26385775399.47
76001,12149592.059999999
76002,3763789.96
76004,4004275.24
76005,18817678.68
76006,804567.61
76007,4009917.2699999996
76008,3755117.77
76009,1576254.1700000002
76010,2444023.7199999997
76011,2855389.7800000003
76012,990117.96
76013,3984582.13
76014,6526015.21
76015,3112058.5
76016,1067861.54
76017,3009382.78
76018,7870777.87
76019,2270418.13
76020,11849933.91
76021,2277637.7
76022,2202847.92
76023,1544121.23
76024,700578.76
76025,3043898.49
76026,16934969.54
76027,657775.86
76028,980717.23
76029,1469433.26
76030,2781722.3
76031,4923550.74
76032,2330617.21
76033,2132482.09
76034,11692325.47
76035,18004913.33
76036,4100500.66
76037,1535763.1600000001
76038,1892372.54
76039,9628567.6
76040,3048177.26
76041,5433805.17
76042,850545.53
76043,5019042.18
76044,1383342.06
76045,2439932.3
76046,2388438.04
76047,1186835.2
76048,2309822.76
76049,1593486.43
76050,4228661.93
76051,11835204.399999999
76052,1416348.95
76053,1258168.6199999999
76054,2190595.1
76055,1893102.28
76056,4654073.28
76057,109096071.58999999
76058,1305141.4
76059,1232238.72
76060,1871859.3800000001
76062,851154.69
76063,2098947.43
76064,1645781.1
76065,1867155.76
76066,1822609.5999999999
76067,2315101.94
76068,4183059.81
76069,17551265.2
76070,3694380.58
76071,2260939.61
76072,1141996.84
76073,8597312.28
76074,811852.52
76075,2160280.45
76076,1916049.2
76077,1240675.48
76078,1318804.73
76079,1224091.19
76080,2366393.83
76081,2852359.75
76082,2914148.27
76083,1686326.38
76084,1693167.19
76085,1871387.5999999999
76086,3757732.21
76087,2591561.42
76088,2865659.86
76089,2103232.08
76090,5383889.62
76091,1269812.19
76092,3851800.3000000003
76093,2085261.74
76094,1818608.4800000002
76096,4405097.62
76097,723162.52
76098,3377512.91
76099,4252890.43
76100,7553510.3
76101,22649058.27
76103,40425364.03
76104,2181378.5500000003
76105,5167060.2
76106,1518492.38
76107,1614485.81
76108,109170987.34
76109,1096627.79
76110,5281825.99
76111,1413043.47
76112,2016747.8
76113,1805178.9800000002
76114,113552744.36
76115,3201771.81
76116,19777960.03
76117,3200174.05
76118,1122796.06
76119,818311.0800000001
76120,1762308.48
76121,1943284.7700000003
76122,3732764.16
76123,4564162.77
76124,1941469.7799999998
76125,8535320.18
76126,2192748.34
76127,2965009.8
76128,5215590.97
76129,2135018.69
76130,1872513.4100000001
76131,5479810.79
76132,1820819.98
76133,4358826.57
76134,2001589.1
76135,3957425.24
76136,4636264.58
76137,1843741.1
76138,1879604.32
76139,1065098.7
76140,2538010.73
76141,7600429.88
76142,2048634.49
76143,14526695.719999999
76144,785431.48
76145,1354618.04
76146,8994636.17
76147,3008504.01
76148,2383727.59
76149,1175523.59
76151,2486931.4000000004
76152,3600128.12
76153,1289386.74
76154,2379415.32
76155,1052592.91
76156,2540360.43
76157,105298338.94
76158,1788241.48
76159,43345469.120000005
76160,1431962.25
76161,1291760.17
76162,1100293.52
76163,3330724.7
76164,33277312.75
76165,58610114.67
76166,4137721.56
76167,8591438.469999999
76168,619047.3200000001
76169,7699949.74
76170,1116265.98
76171,972561.15
76172,986017.13
76173,2790730.58
76174,2185026.44
76175,1264404.52
76176,2698914.8
76177,1740568.0
76178,74312092.25
76179,12574576.55
76180,1216694.47
76181,1609517.68
76182,1178703.19
76183,6985157.67
76184,939720.53
76185,2794648.6
76186,1896415.9200000002
76187,1392160.37
76188,2162130.66
76189,1273003.23
76190,1449406.56
76191,1461680.52
76192,26399590.580000002
76193,1066475.25
76194,3697099.5700000003
76195,1092434.41
76196,16187902.62
76197,1356283.3
76198,2251070.37
76199,3519175.23
76200,2714765.52
76201,2827010.87
76202,1139957.24
76203,3562297.48
76204,1380884.88
76205,1375601.16
76206,1954444.49
76207,1265319.29
76208,2368534.17
76209,2830148.07
76210,2102810.87
76211,1746103.6600000001
76212,54733044.25
76213,2500468.82
76214,1405976.33
76215,1808787.8399999999
76216,74091716.83
76217,282942784.95
76218,1151540.67
76219,16735313.329999998
76220,2329317.34
76221,2683728.6100000003
76222,23981910.57
76223,3237921.01
76224,5441987.95
76225,3319020.1300000004
76226,987799.24
76227,1803372.55
76228,2344675.8
76229,2114525.31
76230,1582756.33
76231,158297780.42000002
76232,3496789.87
76233,608680.33
76234,4511357.32
76235,21210854.09
76236,2051894.8599999999
76237,3221215.5500000003
76238,17137013.72
76239,4641524.61
76240,5564664.27
76241,990251.13
76242,1772500.18
76243,2380922.67
76244,1776247.19
76245,8441141.3
76247,2474343.25
76248,1613439.1700000002
76249,2221236.67
76250,6608951.59
76251,2439942.02
76252,6989855.66
76253,4807038.53
76254,24150404.37
76255,63047266.410000004
76257,1481187.12
76258,15815445.08
76259,143177890.91
76260,12784054.83
76261,3052992.75
76262,1370462.82
76263,10930856.11
76264,2301737.54
76265,932177.12
76266,2405590.25
76267,664532.5800000001
76268,1688352.5699999998
76269,973641.73
76270,16964399.64
76271,12857347.72
76272,9623998.39
76273,2861485.08
76274,398302.88
76275,7504464.32
76276,56093991.76
76277,2196606.2199999997
76278,6685269.03
76279,1880932.11
76280,607189.4
76281,13260250.75
76282,4992411.239999999
76283,864931.7999999999
76284,834232.3200000001
76285,2007060.08
76286,5168724.5
76287,6123627.25
76288,1457362.82
76289,4941039.57
76290,4413493.63
76291,6742843.24
76292,854920.11
76293,1044769.56
76294,2908089.97
76295,9750350.26
76296,14036486.32
76297,1378683.17
76298,2824515.16
76299,1883784.24
76300,2486469.81
76301,824957.0499999999
76302,15559395.799999999
76303,4555803.77
76304,2302980.68
76305,254868549.48000002
76306,1117101.19
76307,7344294.62
76308,1520879.68
76309,1571626.92
76310,1131557.24
76311,3505329.38
76312,64526620.46
76313,3603633.6300000004
76314,2877093.4499999997
76315,7968830.61
76316,2152382.16
76317,1598180.29
76318,3612799.11
76319,80521561.08
76320,1350485.45
76321,16267055.799999999
76322,237972604.22
76323,872385.38
76324,6059623.57
76325,2787175.81
76326,1115939.17
76327,1359874.1500000001
76328,1936362.4000000001
76329,27973061.46
76330,3246342.16
76331,4633650.99
76332,3387556.54
76333,4481899.6899999995
76334,2335285.6
76335,734017.2
76336,2368617.7199999997
76337,1659877.38
76338,1301274.8199999998
76339,1942752.24
76340,3201879.68
76341,64993185.39
76342,4307768.51
76343,1794582.5199999998
76344,2457187.67
76345,2331240.69
76346,2488619.1100000003
76347,1475702.94
76348,3202827.06
76349,20954185.259999998
76350,2412052.02
76351,1540574743.51
76352,828405.6900000001
76353,1395928.14
76354,7624034.34
76355,6658592.52
76356,1212262.05
76357,1635660.15
76358,1860307.99
76359,760617.34
76360,1668228.68
76361,4598846.5200000005
76362,1713497.43
76363,2791600.04
76364,1699810.0499999998
76365,1277931.5
76366,30576269.56
76367,12328362.62
76368,1629085.5999999999
76369,3461978.71
76370,1315827.7
76371,929491.0800000001
76372,1682939.8800000001
76373,1640656.19
76374,8823673.69
76375,3093930.37
76376,592825.76
76377,15834458.3
76378,10101780.15
76379,1293155.06
76380,1853278.17
76381,1255336.69
76382,5594182.6
76383,786796.0399999999
76384,104587638.83
76385,4846741.35
76386,1901947.74
76387,1729825.32
76388,3180584.0100000002
76389,975083.95
76390,5791077.22
76391,16239149.52
76392,8981281.11
76393,532663.06
76394,5198862.47
76395,3491733.8
76396,1414256.51
76397,8613161.55
76398,3851660.59
76399,1507122.93
76400,15008786.85
76401,9033720.360000001
76402,28164634.93
76403,2187500.68
76404,10731675.14
76405,521408.77
76406,3639345.64
76407,1863866.84
76408,4146619.06
76409,4593340.0
76410,85405900.01
76411,1268757.48
76412,3588195.7199999997
76413,3962685.23
76414,16043403.46
76415,1901907.7999999998
76416,831627.35
76417,1483500.72
76418,4834973.2299999995
76419,1145432.36
76420,2720500.03
76421,4086625.65
76422,1495639.24
76423,1374505.8699999999
76424,994743.38
76425,2110356.0
76426,764279.51
76427,7388955.64
76428,509860.29
76429,42699250.33
76430,733439.76
76431,694735.1799999999
76432,1362956.2
76433,2949918.85
76434,2681604.21
76435,2864711.2399999998
76436,3400675.02
76437,4019374.78
76438,998165.96
76439,1192638.72
76440,800920.5800000001
76441,2703836.12
76442,2045202.68
76443,3092297.49
76444,1074934.67
76445,2761122.3299999996
76446,6904325.97
76447,117592684.78
76448,9019115.89
76449,1318465.23
76450,1703655.07
76451,93983447.2
76452,29083763.09
76453,2576880.09
76454,883798.28
76455,1341030.3499999999
76456,7080996.24
76457,7186787.42
76458,690314.24
76459,2243145.2399999998
76460,1730268.5999999999
76461,1531000.58
76462,49140154.28
76463,4752626.17
76464,17341966.63
76465,3367088.45
76467,10226112.07
76468,5738271.51
76469,2276727.41
76470,3471498.7399999998
76471,6136169.21
76472,2075331.31
76473,3324418.0
76474,31482799.73
76475,39908337.56
76476,186895969.29000002
76477,2829858.9
76478,819575.89
76479,1838863.8399999999
76480,5420810.99
76481,36676715.31
76482,28614907.06
76483,1317347.1
76484,82190814.09
76485,1561899.31
76486,8789734.46
76487,1895017.51
76488,5783542.43
76489,7469508.11
76490,7469590.15
76491,2182747.45
76492,4373039.39
76493,43013601.51
76494,1925898.3499999999
76495,42220472.64
76496,4478977.44
76497,84417118.82000001
76498,147615911.3
76499,7276409.21
76500,2468865.96
76501,1024490.2399999999
76502,1942104.6099999999
76503,6291678.46
76504,1590763.34
76505,680357.61
76506,1003667.94
76507,5211574.5200000005
76508,1672177.44
76509,10816784.09
76510,1210717.8599999999
76511,1229725.0599999998
76512,432113.54
76513,2194497.98
76514,6071497.17
76515,8591595.42
76516,1517142.51
76517,14935851.29
76518,3424951.56
76519,1058878.03
76520,2457756.79
76521,651995.68
76522,5363145.5
76523,1251777.8
76524,624212.71
76525,2344411.02
76526,615105.96
76527,2304924.64
76528,4215001.89
76529,1331475.45
76530,1995132.87
76531,2676246.11
76532,2616793.77
76533,18832996.23
76534,8598607.75
76535,1886500.97
76536,8643227.51
76537,1297897.4100000001
76538,1276390.34
76540,949988890.08
76541,8911800.7
76542,928685.02
76543,2906576.62
76544,2153142.3000000003
76545,27576242.04
76546,868146.13
76547,1753555.54
76548,4714115.58
76549,833678.65
76550,6379322.35
76551,5223703.21
76552,47070455.41
76553,1262180.59
76554,1531466.4
76555,2603263.05
76556,4820442.03
76557,11232242.68
76558,4811920.48
76559,2064284.34
76560,9732910.07
76561,92649971.74
76562,5014961.1
76563,8580331.57
76564,3544982.8699999996
76565,8792036.129999999
76566,3700299.83
76567,1991535.69
76568,2362309.14
76569,1918315.9800000002
76570,1004695.79
76571,3513039.1999999997
76572,870351.18
76573,2559143.79
76574,1511744.01
76575,224033308.72
76576,4404499.52
76577,2700422.39
76578,1104863.27
76580,3158570.81
76581,798853.74
76582,1442628.7599999998
76583,1061402.73
76584,1464381.66
76585,3200567.45
76586,4131364.67
76587,3198697.08
76588,2475256.02
76589,1518746.03
76590,1437040.5
76591,22928770.76
76592,5688941.88
76593,5222245.4399999995
76594,6968267.3
76595,18002770.11
76596,7293391.3
76597,3563502.87
76598,2311377.81
76599,21191230.98
76600,9590579.82
76602,1195762.6
76603,2393008.9899999998
76604,852314.17
76605,5600089.84
76606,1065028.78
76607,1607088.51
76608,8456230.77
76609,1871205.76
76610,12850766.8
76611,3182712.0
76612,905410.1599999999
76613,5732197.8
76614,9118651.26
76615,2087492.18
76616,10399288.43
76617,12071907.83
76618,29784948.93
76619,1789526.69
76620,1657917.1400000001
76621,4645979.82
76622,1648003.6600000001
76623,884850.72
76624,31626908.29
76625,3488838.44
76626,1882758.32
76627,6301770.32
76628,3677614.0300000003
76629,1181852.84
76630,2082182.8699999999
76631,7578776.34
76632,3398971.29
76634,3551357.14
76635,783549.17
76636,16659816.83
76637,4129795.67
76638,5077365.18
76639,1022049.48
76640,43548131.77
76641,1869559.3499999999
76642,1676928.21
76643,816961.85
76644,2741012.84
76645,1305493.38
76646,7103572.91
76647,40924701.68
76648,16014773.91
76649,4960577.53
76650,5666573.8
76651,1841702.31
76652,3249803.41
76653,1838345.1600000001
76654,933699.83
76655,74531320.19
76656,2235151.05
76657,12167351.48
76658,3609111.37
76659,12613130.5
76660,14394487.299999999
76662,739264.81
76663,7973056.03
76664,3653342.5100000002
76665,2477238.8499999996
76666,1537158.04
76667,1598046.91
76668,1502927.7000000002
76669,2958759.93
76670,3494056.63
76671,1105862.44
76672,5003942.609999999
76673,3079520.4499999997
76674,1152095.7
76675,5791773.55
76676,4969084.73
76677,2379042.48
76678,2484500.13
76679,764078.11
76680,474853.70999999996
76681,129838034.72
76682,5424662.98
76683,3825735.0000000005
76684,7386872.54
76685,2446660.12
76686,2069880.49
76688,2075178.42
76689,2563000.7399999998
76690,2808422.62
76691,1236233.9300000002
76692,1283926.91
76693,4865201.14
76694,941579.1799999999
76695,2502577.74
76696,1290011.6500000001
76697,4287454.89
76698,2599405.52
76699,1597757.12
76700,11162676.16
76701,2988696.81
76702,4229366.0
76703,1943743.0899999999
76704,2370947.36
76705,36589272.66
76706,4056567.0
76707,6447236.71
76708,5689399.68
76709,55361659.65
76710,953448.4
76711,83821554.50999999
76712,3630813.46
76713,3286859.92
76714,3433938.3300000005
76715,3097641.25
76716,13108611.6
76717,6628697.63
76718,5383725.23
76719,5641527.08
76720,10486090.27
76721,2916759.95
76723,1268328.37
76724,956237.8099999999
76725,2156313.48
76726,3094594.8
76727,6241007.54
76728,10585285.37
76729,3962959.08
76730,1376104.36
76731,1022859.1
76732,3039597.45
76733,1052171.63
76734,2081698.73
76735,18293667.09
76736,9969667.91
76737,3257465.37
76738,3423493.5300000003
76739,2798264.82
76740,2675924.37
76741,1478052.4700000002
76742,8291168.319999999
76743,18821830.05
76744,763082.43
76745,922400.68
76746,1461895.1700000002
76747,1391322.76
76748,7940970.47
76749,1564969.31
76750,12310799.95
76751,5743680.2299999995
76752,26755446.96
76753,7203610.16
76754,12550515.68
76755,4211955.78
76756,3169785.87
76757,3887911.3000000003
76758,71760263.62
76759,5268403.51
77001,4966831.54
77002,3709391.1
77003,3190146.29
77004,1693204.55
77005,35131309.339999996
77006,7418829.68
77007,1610882.1400000001
77008,4830736.89
77009,956987.29
77010,5593553.86
77011,2730814.77
77012,1510532.1300000001
77013,2102478.77
77014,67312354.15
77015,723203.88
77016,17066503.36
77018,11431040.91
77019,2459294.12
77020,4323983.13
77021,1243978.4100000001
77022,14557175.07
77023,1335952.32
77024,3695446.96
77025,8059762.87
77026,2112411.04
77027,7403112.8
77028,3689574.14
77029,1589426.8900000001
77030,2944725.4
77031,3700675.74
77032,4549848.58
77033,1473953.79
77034,5764156.38
77035,3066588.92
77036,1100289.95
77037,28782897.39
77038,3698273.22
77039,12522063.16
77040,23071927.6
77041,1969046.11
77042,11345999.200000001
77043,1188059.77
77044,6875836.02
77045,3609813.53
77046,2060107.04
77047,7148109.25
77048,22364700.169999998
77049,3726367.28
77050,2777529.34
77051,21352251.93
77052,1576034.35
77053,118406965.6
77054,3623548.69
77055,12701964.1
77056,1710714.1400000001
77057,2854808.51
77058,158198535.63
77059,6203757.600000001
77060,4768818.99
77061,14005183.17
77062,1561766.69
77063,7607013.180000001
77065,6055398.21
77066,2053301.2599999998
77067,53643340.17
77068,1187833.17
77069,8029147.91
77070,8425273.45
77071,3911631.6
77072,4168090.16
77073,2523761.75
77075,7894567.61
77076,4989961.79
77077,7016789.65
77078,7470529.76
77079,40595160.93
77080,1096904.73
77081,2751653.01
77082,5752321.6
77083,141336647.65
77084,3377459.4299999997
77085,15780111.38
77086,8295101.49
77087,1108783.4300000002
77088,20033865.06
77089,5092520.57
77090,1099985.3
77091,2504058.12
77093,2632541.2
77094,2562303.38
77095,14894469.469999999
77096,16173690.84
77097,2084206.92
77098,1265489.84
77099,20888994.86
77100,29052075.36
77101,4609327.46
77102,1194648.3599999999
77103,999165.5800000001
77104,5845369.18
77106,2950143.6
77107,24212577.1
77108,282686316.35
77109,9401352.44
77110,1663777.62
77111,74813861.94
77112,701167.6499999999
77113,5687720.090000001
77114,26756407.330000002
77115,2463195.24
77116,6171979.62
77117,3109908.4
77118,64805030.43
77119,988776.5599999999
77120,2927559.44
77121,31779381.419999998
77122,111380501.07
77123,31378663.58
77124,8318132.36
77125,6339344.54
77126,9795487.459999999
77127,9639229.33
77128,11808050.34
77129,10933419.63
77130,1553312.4300000002
77131,105989084.69
77132,50195796.12
77133,1857672.81
77134,1420678.2
77135,5224937.07
77136,1187373.14
77137,2148145.81
77138,4254507.93
77139,36595438.44
77140,1811893.3599999999
77141,4433207.87
77142,33712279.11
77143,22528184.44
77144,2712513.98
77145,3857064.14
77146,35539146.96
77147,2760651.46
77148,10634778.75
77149,1226999.56
77150,3492696.75
77151,1915309.91
77152,182227583.8
77153,53076527.95
77154,5073183.83
77155,16883543.25
77156,5255213.29
77157,2918981.7600000002
77158,1752008.32
77159,14541565.78
77161,4106023.79
77162,5701767.24
77163,1814066.5200000003
77164,3991286.5300000003
77165,4105249.03
77166,15931405.05
77167,2677749.65
77168,13731976.81
77169,54360256.69
77170,4470080.43
77171,43418540.06
77172,3951744.03
77173,2565816.31
77174,2879656.78
77175,24035312.53
77176,14582146.540000001
77177,4156225.42
77178,4141094.94
77179,3258833.2
77180,8112244.13
77181,16663829.76
77182,29434409.04
77183,65185484.16
77184,3202456.03
77185,5277642.43
77186,117203943.55
77187,2650156.3
77188,4326469.42
77190,1221708.83
77191,4090049.13
77192,38571075.15
77193,2276849.28
77194,4947271.99
77195,4004494.43
77196,15323250.02
77197,1293578.4
77198,1596446.19
77199,3847180.2
77200,1149537.13
77201,2812613.4899999998
77202,2410339.9699999997
77203,8950378.33
77204,4080611.4
77205,1266816.41
77206,700349.41
77207,1203976.67
77208,8123059.0200000005
77209,6244455.62
77210,20893955.64
77211,12127073.98
77212,1697124.28
77214,8204060.86
77215,53112133.85
77216,8101795.18
77217,15106164.28
77218,1370890.47
77219,15311779.67
77220,2428751.21
77221,4737758.65
77222,13236312.87
77223,5270830.89
77224,2387048.29
77225,2029116.6300000001
77226,16929477.57
77227,2784308.97
77228,892605.0599999999
77229,8320425.58
77230,1267438.67
77231,4198492.87
77232,4437521.3100000005
77233,3031553.0
77234,3461555.61
77235,1511428.5
77236,1815190.0
77237,2806481.79
77238,23385745.43
77239,6698035.43
77240,7990836.53
77241,8946828.71
77242,2205179.6
77243,136719879.0
77244,5053918.59
77245,1702065.2
77246,1652352.48
77247,2345003.8600000003
77248,3771230.61
77249,32239822.5
77250,1602248.69
77251,80332476.29
77252,4131226.43
77253,1588243.27
77254,5319796.45
77255,11559563.42
77256,909710.21
77257,18776060.63
77258,110469467.17
77259,14251065.26
77260,12994472.63
77261,6315706.64
77262,2011025.61
77263,922096.33
77264,6222011.79
77265,4757277.5
77266,6643870.489999999
77267,1530716.4200000002
77268,11574271.18
77269,10095202.33
77270,3981183.3400000003
77271,619657.39
77272,2907355.39
77273,4433936.71
77274,2821133.68
77275,730705.28
77276,17781951.23
77277,8005821.71
77278,2736367.9699999997
77279,11558573.54
77280,8528365.93
77281,3462288.1799999997
77282,29896176.15
77283,3924119.88
77284,412477317.94
77285,88221325.19
77286,1021851.64
77287,2268276.09
77288,304242082.92
77289,1644883.68
77290,3188660.24
77291,50464898.66
77292,5714152.29
77293,4214931.38
77294,158768171.56
77295,5931855.3
77296,115517642.1
77297,1657545.3299999998
77298,1737019.01
77299,2123134.2
77300,3208930.31
77301,2591692.5100000002
77302,12950197.65
77303,3273816.33
77304,753063.09
77305,162792646.01
77306,13285787.09
77307,78092677.08
77308,4688595.17
77309,21795101.95
77310,1419598.2
77311,6427334.66
77312,18604929.02
77313,1166665.88
77314,1770957.96
77315,15425308.5
77316,30874398.490000002
77317,26181271.169999998
77318,5545910.03
77319,1338888.55
77320,35032665.13
77321,2162237.5300000003
77322,35755149.449999996
77323,12481611.73
77325,1766332.54
77326,44503850.449999996
77327,59812541.489999995
77328,2326233.28
77329,3187076.11
77330,27874845.91
77331,2088594.68
77332,2897855.17
77333,68836807.28
77335,10479423.22
77336,4129992.44
77337,89267105.09
77338,2087147.42
77339,9003955.58
77340,2903844.56
77341,1461400.7
77342,1196116.31
77343,2941238.12
77344,9957195.91
77345,2520870.22
77347,4770802.96
77348,1446218.8
77349,43484033.04
77350,126033645.02000001
77352,7251540.94
77353,2375288.25
77354,6000602.95
77355,1534344.58
77356,1115926.5999999999
77357,7058251.85
77358,5306929.57
77359,9989566.3
77360,2991388.7399999998
77361,1558517.87
77363,16316895.13
77364,1215837.84
77365,2775710.83
77366,1756494.6900000002
77367,3138664.4
77368,8644941.81
77369,8066033.67
77370,4307001.88
77371,15172263.91
77372,16448519.11
77373,237862972.18
77374,12743930.459999999
77376,4300985.84
77377,9960720.049999999
77378,19054625.72
77379,136820505.91
77380,1776079.77
77381,4554907.3100000005
77382,22073820.31
77383,4545626.79
77384,8588578.67
77385,15684444.54
77386,7207107.71
77387,1288556.02
77388,3083684.45
77389,30358320.759999998
77390,127728110.12
77391,2117291.2600000002
77392,3099979.4899999998
77393,16140475.81
77394,10181327.28
77395,1233595.25
77396,689095.85
77397,9501623.44
77398,3494215.55
77399,1193256.4
77400,7575779.62
77401,3085080.94
77402,3165459.96
77403,5175764.25
77404,8249194.1
77405,8255552.43
77406,4662461.98
77407,81779068.89999999
77408,1747596.47
77409,13914307.9
77410,3582186.58
77411,2716579.0
77412,2610501.5100000002
77413,13331121.95
77414,1760799.93
77415,8661577.71
77416,1164131.99
77417,1250313.68
77418,4174793.8
77419,19769536.29
77420,27654617.7
77421,1240824.71
77423,3252045.27
77424,1586292.2
77425,4552359.44
77426,6240418.100000001
77427,4600006.16
77428,3777052.5900000003
77429,1923914.32
77430,24107712.68
77431,42205885.06
77432,4172746.94
77433,7844119.34
77434,1532275.47
77435,7688788.54
77436,3938492.37
77437,49048609.79
77438,49735695.17
77439,4148291.88
77440,3910345.61
77441,16383894.37
77442,22547324.05
77443,2615965.34
77444,1414245.56
77445,83978626.46000001
77446,2729833.39
77447,12287002.09
77448,4388761.4
77449,21039640.47
77450,29330766.68
77451,3871982.5900000003
77452,669742.59
77453,5728263.24
77454,1525391.5999999999
77455,14826963.33
77456,2724751.4699999997
77457,6154693.609999999
77458,39889801.25
77459,11118443.040000001
77460,4231013.36
77461,1270515.02
77462,7631346.61
77463,20839071.47
77464,58254231.07
77465,3231292.4
77466,5015600.13
77467,1883093.84
77468,122578111.55
77469,3393942.81
77470,37197712.04
77471,2037820.61
77472,2424421.22
77473,2033905.04
77474,3736347.52
77475,22329406.88
77476,2281139.11
77477,7172051.899999999
77478,4828154.43
77479,81317178.9
77480,5325630.97
77481,1370229.71
77482,41001411.69
77483,6299565.640000001
77484,937544.7599999999
77485,4213263.79
77486,5675380.32
77487,71355307.33
77489,1338198.01
77490,3410050.76
77491,28178102.97
77492,5234487.46
77493,17985558.17
77494,34496358.22
77495,48962476.160000004
77496,1005684.44
77498,2196761.16
77500,1964627.59
77501,5066400.38
77504,2961785.28
77505,2035359.6199999999
77506,4354949.0
77507,1819676.6300000001
77508,8949130.38
77509,2398173.99
77510,6494469.2299999995
77511,4842453.41
77512,5274419.23
77513,16466168.07
77514,133433704.28
77515,3407758.54
77516,4952343.33
77517,15006091.16
77518,6550720.35
77519,4652079.1
77520,3422321.15
77521,7404927.4399999995
77522,1760185.24
77523,1441648.39
77524,4207724.04
77525,3120441.9
77526,1825865.5
77527,2736307.73
77528,5085032.2
77529,5649950.63
77530,2985546.31
77531,8830649.48
77532,906722.31
77533,19443459.95
77534,3978852.07
78003,33053471.61
78005,135939139.59
78006,4109270.2199999997
78007,6815744.859999999
78009,3328499.85
78010,11489277.5
78013,4418886.67
78015,66594025.36
78020,9148169.28
78029,88113128.09
78030,19312886.48
78031,5408667.99
78033,11596779.95
78034,7136954.7700000005
78036,4922264.6899999995
78043,28053136.49
78048,9765850.28
78049,12272872.32
78050,4452416.63
78053,4529161.81
78057,11676760.83
78062,45162748.49
78068,9360557.73
78070,5412661.7
78071,6566748.43
78072,3320009.64
78073,88052167.61
78076,3022871.86
78077,6167186.67
78082,5349695.99
78084,4281441.75
78087,9490405.12
78089,33363898.02
78090,14567386.690000001
78092,54060415.599999994
78096,4040759.87
78104,5028448.06
78107,10890421.65
78108,7922444.45
78113,8409940.72
78117,74592783.2
78118,28465270.44
78120,13035629.68
78123,93794538.77
78124,84173294.48
78125,7227508.680000001
78126,142508984.14
78128,10747884.53
78133,73384921.37
78138,82618708.49
78140,7774079.96
78143,13724193.5
78146,176642487.74
78147,3325799.1300000004
78152,17490063.13
78158,199295466.04
78160,43347946.96
78162,6788508.17
78163,2927659.22
78164,8761333.43
78165,125170299.3
78168,61635008.92
78171,5828289.9
78172,198699279.1
78185,3512994.63
78188,5435905.12
78189,11285549.08
78190,74625251.1
78192,6595559.13
78193,9139239.02
78194,2308702.34
78196,2504335.19
78202,6627467.54
78206,46808336.12
78208,75617629.45
78209,7751905.01
78217,55394460.7
78220,46475213.14
78224,36327485.09
78227,5860856.43
78230,5786062.350000001
78231,1385272.76
78233,25239248.91
78234,3074049.5100000002
78236,4467544.01
78237,936358.09
78238,34636863.29
78239,22907683.92
78242,98509118.02
78245,4114622.29
78246,7829474.359999999
78251,33963818.76
78255,23087474.43
78261,7300498.79
78262,8357252.470000001
78263,12006954.24
78264,1211683.3
78265,16033779.99
78267,78427897.61
78269,11015645.35
78276,6669793.24
78278,3878447.1799999997
78281,5975841.34
78283,2149350.84
78285,3504210.23
78289,8024222.470000001
78290,8423434.93
78291,26226260.45
78296,13862726.25
78297,96565088.95
78299,27162816.79
78300,4079003.2100000004
78302,3413619.72
78305,2873133.91
78307,6480898.64
78310,30290745.62
78311,176938218.34
78314,31844897.57
78317,6941891.34
78320,4755478.92
78321,36143616.79
78322,70309972.37
78324,6484518.88
78325,4641335.1
78327,27914314.27
78329,5315214.48
78334,12970082.14
78335,149429774.51
78337,13101611.43
78343,13350276.62
78344,3926127.89
78346,9979117.76
78349,4201972.07
78350,65886004.59
78354,40374662.57
78356,45811272.64
78358,197684438.85
78361,434380087.73
78362,135161733.83
78364,5937568.21
78366,3020740.16
78367,21209870.71
78368,13938880.639999999
78372,147396413.42
78380,38012161.44
78381,9706073.27
78382,31599886.67
78383,138295356.48
78384,7583936.56
78385,2251380.47
78389,19070288.64
78391,4218644.66
78396,45533430.49
78397,40621598.12
78398,6485850.41
78401,43386175.19
78402,35019270.0
78403,14084008.45
78404,1433195.6099999999
78406,3759934.13
78407,3570919.38
78410,9771680.41
78413,3296204.75
78415,6394179.31
78416,3190884.8699999996
78417,2931615.6
78418,89118980.02000001
78420,42020363.27
78423,143420197.44
78431,20243860.1
78437,6626380.07
78439,1244937.6
78440,295129363.05
78442,24978901.24
78443,4139004.6599999997
78444,4661023.92
78451,8065472.79
78455,55840960.21
78460,7654393.48
78464,6514439.91
78465,16284166.21
78466,50189336.05
78470,9472208.91
78472,3078409.11
78474,4228013.07
78475,2332006.7399999998
78478,2296337.03
78481,93597578.91
78484,5444489.85
78486,53047402.73
78490,217758139.29
78497,8548025.07
78498,372386200.96999997
78499,6710871.859999999
78501,51019267.03
78502,37317813.2
78503,1491414.0899999999
78505,3617836.32
78506,9219279.92
78513,11716198.34
78516,9945345.01
78517,160115499.25
78518,1370811.64
78520,7789052.8
78522,6258089.21
78524,23096960.01
78528,5750047.7
78530,2902193.5
78531,45563276.06
78536,3268572.51
78537,33187779.470000003
78545,92344522.69
78548,6198944.87
78550,12409743.6
78551,358035027.88
78557,5115396.86
78558,4691121.640000001
78559,2555948.9
78561,7637519.37
78562,12913934.53
78564,5229395.85
78565,3195140.46
78567,15684224.87
78569,5008959.29
78571,43860916.21
78575,39555981.14
78576,9802246.05
78586,296015830.23
78588,3997974.13
78590,4145702.71
78591,14281757.42
78597,5794196.37
78601,11481267.42
78605,6402394.2
78606,972658.6900000001
78608,2383887.07
78609,7156791.54
78615,14817316.82
78616,16095735.1
78618,3286756.38
78620,14415652.51
78621,231700589.2
78623,7555676.25
78624,60208934.08
78638,24935836.66
78640,269005525.48
78642,76504451.9
78643,58592722.78
78644,45053690.91
78646,587991066.32
78647,9525352.74
78650,146805454.3
78653,4835550.05
78655,5403485.59
78668,4514137.49
78672,37887509.98
78674,58768401.54
78677,3868919.86
78681,5723708.84
78683,18306009.93
78686,140293758.97
78688,58039075.11
79001,10284581.25
79002,1048698.89
79003,38053704.12
79004,3454064.01
79005,39921019.989999995
79006,1873226.91
79007,2851923.7
79008,7582428.649999999
79009,2363790.8899999997
79010,3630868.61
79011,981561.98
79012,6935844.970000001
79013,12666472.440000001
79014,6792888.68
79015,1047041.52
79016,9299703.18
79018,2234694.12
79019,1304674.7
79020,4595895.130000001
79022,1551950.1400000001
79023,874961.1399999999
79024,9334277.22
79025,6440454.74
79027,570412.73
79029,3505499.27
79030,6158133.7299999995
79031,11367832.06
79032,3230887.68
79033,1630984.3399999999
79034,8982343.040000001
79035,2767367.3400000003
79038,8053183.59
79039,698078.94
79040,1917870.7300000002
79042,1626669.2
79043,7898748.45
79044,2829879.93
79045,1329188.72
79046,2168990.6
79047,2261714.37
79048,32614458.330000002
79049,139551287.05
79050,3114506.6
79051,3115760.6100000003
79053,1402715.28
79054,1510184.85
79055,668375.8099999999
79056,4967954.96
79057,10620523.14
79058,3877903.75
79059,5336469.89
79060,1688746.87
79061,31337847.839999996
79062,55731087.93
79063,5174323.859999999
79064,2905297.53
79066,8987233.959999999
79068,1783506.61
79069,4804559.22
79070,2731653.46
79071,1910270.49
79072,1918768.3
79074,1128990.9300000002
79075,3359021.67
79076,14121997.82
79077,3288891.94
79078,5520898.0
79079,45683639.8
79080,15936601.670000002
79081,74860895.43
79083,13847877.53
79084,2981390.86
79085,1062346.2
79086,7709555.890000001
79087,3684676.58
79088,11389602.540000001
79089,1316446.92
79090,4565187.15
79091,6241467.699999999
79092,2078643.94
79094,6488254.58
79095,4614189.2
79096,8160694.32
79098,2382417.82
79099,601498.35
79100,17627649.09
79101,15215151.700000001
79102,3309462.05
79103,14126885.45
79104,2373894.67
79105,1503649.56
79106,2251764.48
79107,636584.79
79108,3000987.85
79109,22041633.650000002
79111,1208701.02
79112,5895653.8100000005
79113,1739707.1199999999
79114,8810800.95
79115,3892291.98
79116,6624474.04
79117,3538839.5
79118,1767433.94
79119,5152901.3
79120,5839663.67
79121,2196753.64
79122,4981807.359999999
79123,18985253.64
79124,2088869.9200000002
79125,7639917.93
79126,1563296.73
79127,6664891.83
79128,4490469.38
79129,6676007.62
79130,15828128.11
79131,2196879.34
79132,2253624.17
79133,6220643.22
79134,4099981.09
79135,7135678.1
79136,5855283.7
79137,10419264.66
79139,638168.21
79140,1283678.72
79141,2114880.75
79142,755202.29
79144,1193732.16
79145,1898438.95
79147,9601516.18
79148,18051162.31
79149,1783848.31
79150,5688780.09
79152,1870681.38
79153,1456045.26
79154,2372303.63
79156,4352865.8
79157,13047434.66
79158,692522.1499999999
79159,3919947.4699999997
79160,1020080.06
79161,2594309.6700000004
79162,17199080.58
79163,3639179.9
79164,3155208.81
79165,1351254.47
79166,8575877.37
79167,1642324.52
79168,3319056.9299999997
79170,18857644.8
79171,14134843.46
79172,6590550.76
79173,1976355.2999999998
79174,44779604.809999995
79175,3574832.45
79176,7315800.72
79177,2035236.9000000001
79178,4534144.85
79179,31480930.26
79180,2210825.12
79183,2281085.12
79184,16511504.64
79185,10349150.39
79187,3282028.1799999997
79188,4788447.13
79189,9358603.209999999
79190,2795252.9899999998
79191,684951115.97
79195,41843674.42
79196,8157178.52
79197,1119050.98
79198,1487659.21
79199,3675518.3
79200,1839880.71
79201,15228741.76
79202,86938220.98
79203,3005045.04
79204,6144321.08
79205,689003.74
79207,4325689.3
79208,9331116.89
79209,2199268.48
79210,9796394.74
79211,2368897.0
79212,2644449.08
79213,11466698.129999999
79214,2946658.79
79215,2206231.1799999997
79216,15676232.25
79217,4915499.72
79218,1602966.3800000001
79219,888883.0599999999
79220,2897079.29
79222,1905139.0299999998
79223,610498.5
79225,2068259.78
79226,1706008.06
79229,2308537.33
79230,5607103.77
79231,4328748.28
79235,8606961.75
79236,4439273.76
79238,3163908.98
79239,13711685.07
79240,3732516.37
79241,3477687.19
79242,7141908.63
79243,1431246.4000000001
79244,2114326.2800000003
79246,5038677.199999999
79247,1366110.28
79249,11325193.98
79250,1581734.35
79251,1909739.02
79252,2131744.2199999997
79253,3408621.63
79254,2175726.31
79255,2396856.75
79256,1876917.89
79257,10435793.040000001
79258,2407557.48
79259,9161409.66
79260,4105883.77
79261,1608438.87
79263,3399121.55
79264,12085136.8
79265,5143369.48
79267,2256829.75
79268,8537500.16
79269,1951475.21
79270,54267979.839999996
79271,3480168.93
79273,3114348.84
79274,1846684.1
79276,7843681.53
79277,8565608.46
79278,1860441.56
79279,7036009.46
79280,4199953.2
79281,7067257.46
79282,1105776.8900000001
79283,6796778.32
79284,3268400.98
79285,7776791.49
79286,3914601.07
79289,9325675.58
79290,4844061.35
79292,10689197.15
79293,5752945.35
79294,1023527.2899999999
79295,4099652.98
79297,2677958.76
79298,10094418.2
79299,17801421.36
79300,9080783.26
79301,4121866.39
79302,7366680.37
79303,1908085.91
79304,5864279.37
79306,1286209.68
79307,15283118.22
79308,3528178.04
79309,3283756.53
79310,2926038.37
79311,15354472.99
79312,731619.13
79313,3457766.65
79314,2193897.18
79316,3958700.17
79318,981938.78
79319,3223520.87
79320,2610175.38
79321,4582224.18
79322,11031622.8
79325,1988247.74
79326,9789826.59
79327,6769635.9
79328,757365.58
79329,83915295.34
79330,2000878.08
79331,1329217.3
79332,814940.0399999999
79333,484592.20999999996
79334,4164364.04
79335,3594527.8600000003
79336,1562397.1500000001
79337,5439844.22
79338,1723569.6300000001
79339,15655290.46
79340,3037117.21
79341,854867.32
79342,5639177.5
79343,2567845.44
79345,5650981.31
79346,902057.16
79347,4595605.43
79348,1042938.89
79349,948289.2
79350,945416.4700000001
79351,8712142.14
79352,1346984.15
79354,1653803.99
79355,21705427.11
79357,1283876.04
80001,170840697.58
80002,2454884.32
80003,1976823.83
80004,2192955.39
80005,548496.31
80006,1295660.02
80008,3728072.42
80009,3465769.58
80010,15952638.94
80011,15758115.71
80013,10534779.18
80014,233038.47
80015,357783.43
80016,68291329.86
80017,1220480.25
80018,745791.0
80019,3418408.58
80020,3445222.6399999997
80021,990335994.9599999
80022,1129805.33
80023,938798.88
80024,6387231.48
80025,1882566.74
80026,239370.81
80027,140843.25999999998
80028,1138701.74
80029,1762132.26
80030,1194981.0
80031,3756581.64
80032,525161.34
80033,1615016.2
80034,1772585.99
80035,229331.31
80036,5492120.23
80037,487820.34
80038,534627.66
80039,22465533.330000002
80040,672049.9500000001
80041,636286.64
80042,755296.4099999999
80043,2833670.42
80044,1501291.18
80045,811795.24
80046,337602.77
80047,1746634.6700000002
80048,691147.39
80049,803919.77
80050,1764648.5
80051,894152.49
80052,752313.25
80053,476991.74
80054,923294.66
80055,1046094.48
80056,318028.93
80057,333619.68
80058,1092069.27
80059,678357.8400000001
80060,910457.48
80061,847285.2200000001
80062,9328725.27
80063,7351542.4799999995
80064,1008501.37
80065,565601.72
80066,1007171.88
80067,491980.87
80068,1640170.6500000001
80069,1070591.67
80070,9421035.54
80071,9587760.26
80073,752634.69
80074,419486.08
80076,2143441.64
80077,1123119.3900000001
80078,3422847.2800000003
80079,1241648.57
80080,932556.4500000001
80081,202538.04
80082,3926999.46
80083,740028.7
80084,925228.7999999999
80085,280912.06
80086,10919800.06
80087,734472.7899999999
80088,967548.63
80089,1093342.26
80090,897211.72
80092,2881179.08
80093,8633828.309999999
80094,1819136.42
80095,793185.11
80096,7476917.76
80097,490362.23
80098,627488.48
80099,2468613.7
80100,2870319.91
80101,4521453.66
80102,1026362.6599999999
80103,419357.58
80104,514458.18999999994
80105,1058132.7200000002
80106,821175.49
80107,4382718.24
80108,421963.42
80109,1581526.72
80110,3185976.06
80112,1345730.35
80113,1807559.1300000001
80114,2209963.3
80115,1069170.33
80116,825615.6900000001
80117,909924.56
80118,541824.79
80119,2103991.11
80120,3914970.04
80121,627037.22
80122,2600904.82
80123,1114320.3
80124,4788984.3100000005
80125,292574.47000000003
80126,5245071.890000001
80127,6791564.64
80128,425988.64999999997
80129,4903393.13
80130,1328680.95
80131,16847889.38
80132,664532.67
80133,1695881.51
80134,325678.10000000003
80135,957392.82
80136,9461979.09
80137,2561848.83
80138,621491.62
80139,371564.89
80140,348509.67
80141,1076263.55
80142,868795.9199999999
80143,659680.53
80144,4511484.86
80145,453250.4
80146,526684.51
80147,922647.26
80148,1892965.44
80149,1941712.28
80150,650417.34
80151,1649469.87
80152,516886.80000000005
80153,925000.3599999999
80154,477228.08
80155,1280598.8499999999
80156,1847202.38
80157,706539.46
80158,204503.73
80159,1541273.36
80160,5920060.32
80161,880106.45
80162,2478860.01
80163,2127762.66
80164,29981774.08
80165,1217509.98
80166,3863563.45
80167,1518603.32
80168,6606417.1
80169,404068.76
80170,550948.18
80171,2877461.45
80172,2854381.38
80173,1976705.98
80174,328345.44999999995
80175,454010.77
80176,1445570.62
80177,2372487.43
80179,1088836.67
80180,290260.11
80181,634089.98
80182,29541533.81
80183,1105479.73
80184,2098357.77
80185,824803.08
80186,15195190.7
80187,3506215.68
80188,2899575.29
80189,185127.17
80190,7874868.09
80191,643670.63
80192,1947239.17
80193,677697.71
80194,589075.42
80195,778603.05
80196,1019772.0199999999
80197,184084.11
80198,1003314.37
80199,2678135.56
80200,1627951.25
80201,327631.79
80202,2138485.85
80203,390881.35
80204,4279348.8100000005
80205,3243715.06
80206,797938.6900000001
80207,2019659.4
80208,354942.01999999996
80209,3078987.54
80210,494255.61
80211,11387621.48
80212,39341658.84
80213,1768865.75
80214,1122387.53
80215,600677.14
80216,852430.58
80217,378373.48000000004
80218,1257556.52
80219,225807.06
80220,810655.0800000001
80221,942130.5
80222,8186042.109999999
80223,588978.4299999999
80224,889900.5599999999
80225,908744.89
80226,1390350.93
80227,1666297.31
80228,32332267.58
80229,1074061.6199999999
80230,1492831.01
80231,1449369.49
80232,1589279.1300000001
80233,750893.24
80234,7685265.149999999
80235,5524023.24
80236,2047141.01
80237,1698509.0799999998
80238,2287149.7800000003
80239,228569.41999999998
80240,3166805.31
80241,6373973.18
80242,1731375.22
80243,317450.69999999995
80244,1063939.83
80245,912880.57
80246,1294057.11
80247,2481095.1100000003
80248,1702732.89
80249,974679.93
80250,1376924.48
80251,1279935.38
80252,977708.13
80253,49819598.26
80256,7243020.45
80258,385416.83
80259,526534.82
80260,3496088.92
80261,13903563.280000001
80262,3948246.22
80263,584283.5599999999
80264,938029.63
80265,2689936.9899999998
80266,1367235.15
80267,904862.93
80268,3429050.61
80269,472568.17
80270,20816.52
80271,6373338.1899999995
80272,765518.84
80273,1322490.3900000001
80274,9345732.9
80275,1250164.26
80276,1394793.3900000001
80278,639258.3300000001
80279,3893616.88
80280,865732.12
80281,537029.72
80282,2406684.9
80283,866604.04
80284,5368479.5
80285,1006676.79
80287,2709855.94
80288,2805585.27
80290,2189789.29
80291,1467660.1400000001
80292,716713.7999999999
80293,2679175.89
80294,518717.55
80295,2246597.99
80296,3847442.26
80297,403173.31
80298,2455493.58
80299,1117751.1099999999
80300,852096.64
80301,638334.6799999999
80302,2365586.44
80303,1998126.4200000002
80304,440921.07
80305,1735918.75
80306,784595.09
80307,1415501.21
80308,19761556.25
80310,3334791.13
80311,990263.93
80312,1377991.5
80313,1941868.3800000001
80314,963467.72
80315,1276540.13
80316,14871785.82
80317,847343.8400000001
80318,21530379.91
80319,1398006.7
80320,1909091.9400000002
80321,472138.57
80322,533300.7
80324,987889.92
80325,187376.56
80326,906504.24
80327,564104.11
80328,1844119.3199999998
80329,1145468.42
80330,838394.28
80331,1696263.46
80332,1589994.72
80333,24235595.9
80334,561525.65
80335,740454.51
80336,267964.03
80337,488751.69
80338,8464704.950000001
80339,596806.45
80340,720306.29
80341,975166.06
80342,1638295.19
80343,560478.99
80344,493763.55
80345,1405727.0
80346,832694.05
80347,470389.87
80348,843282.36
80349,683887.2100000001
80350,2087868.24
80351,1318345.5699999998
80352,516777.48000000004
80353,1761466.52
80354,704313.66
80355,432714.49
80356,372352.75
80357,2125727.59
80358,767950.85
80359,950187.4400000001
80360,12654503.82
80361,313142.77999999997
80362,878251.65
80364,2300365.74
80365,777399.52
80366,2524014.92
80367,1682467.35
80368,30337949.98
80369,943845.86
80371,508715.54
80372,632975.21
80373,24041288.58
80374,900074.5800000001
80375,2999297.83
80376,3135503.69
80377,1516111.8800000001
80378,1027520.4500000001
80379,9394942.74
80380,571529.66
80381,334198.57
80383,492454.91
80384,1292114.44
80385,2029868.15
80386,530969.07
80387,1074409.5699999998
80388,1034526.3
80389,128900.35
80390,2670837.33
80391,328759.64
80392,3634711.25
80393,1525272.22
80395,1372260.58
80396,2150710.52
80397,749868.77
80399,1070345.66
80400,1087471.1400000001
80401,681245.4
80402,771728.84
80403,892610.67
80404,887042.35
80405,2104062.96
80406,12249135.17
80407,413234.87
80408,2044586.25
80409,719265.36
80410,31664506.36
80411,2782310.28
80412,1815267.13
80413,420797.63
80414,760102.9600000001
80415,5463208.75
80416,3127602.87
80417,6255858.1899999995
80418,569677.07
80419,2297064.69
80420,736047.8400000001
80421,1076958.63
80422,2901868.68
80423,2471791.66
80424,2721409.02
80425,489303.4
80426,2212625.77
80427,1754597.42
80428,925395.08
80429,1126119.97
80430,611876.59
80431,2776674.24
80432,1242369.11
80433,169769.74
80434,813126.89
80435,336797.48
80436,2834534.1
80437,699595.6900000001
80438,1570869.42
80439,1225931.09
80440,874392.23
80442,4617027.78
80443,10472851.540000001
80444,2103232.81
80445,1357632.6
80446,2808900.27
80447,442243.77
80449,553464.76
80450,362000.94
80451,1095099.18
80452,3827665.5999999996
80453,800593.53
80455,296702.92
80456,1570839.44
80458,1694640.03
80459,292365.91000000003
80460,546212.99
80461,1770580.7999999998
80462,940224.0900000001
80463,3533232.95
80464,4964545.7700000005
80465,940876.72
80466,835882.3200000001
80467,1393082.05
80468,482024.5
80469,911790.31
80470,657739.03
80472,1414573.11
80473,983530.7200000001
80474,2015264.6800000002
80475,658862.61
80476,952009.7999999999
80477,679171.38
80478,1037919.8399999999
80479,1858350.09
80480,477877.22
80481,2539663.26
80482,1538341.89
80484,3036629.59
80485,5881017.510000001
80486,3155972.7199999997
80487,584093.0
80488,8536356.66
80489,32141634.990000002
80490,1799884.25
80491,368173.81
80493,1709859.25
80494,721795.7
80495,3749832.44
80496,796503.04
80497,526615.86
80498,4962838.04
80499,660143.42
80500,1782917.48
80501,1264438.64
80502,433178.81
80503,679814.49
80504,396325.75999999995
80505,1013748.16
80507,4564133.16
80508,246363.69
80509,1347724.56
80511,330679.15
80512,4658492.01
80513,939805.9199999999
80514,498883.8
80515,362450.25
80516,798196.73
80517,929594.53
80518,1260132.26
80519,1204158.6199999999
80520,828939.49
80521,1285264.58
80522,499320.32000000007
80523,7330397.87
80524,1284944.2
80525,970820.72
80526,988162.1100000001
80527,1640383.59
80528,206959.35
80529,798807.7000000001
80530,3736824.08
80531,532988.21
80532,1246079.45
80533,32082295.61
80535,704585.94
80536,813649.85
80537,461376.24
80538,428406.32
80540,843584.45
80541,712005.2899999999
80542,4665571.12
80543,668110.44
80544,1390328.54
80545,2113339.75
80546,2548312.69
80547,1459209.99
80548,1299619.48
80549,4672302.66
80550,363210.9
80551,358419.32
80552,4726923.649999999
80553,1275245.49
80554,4494317.61
80555,4200345.48
80556,2828937.96
80557,3459995.06
80558,1098073.02
80559,528031.76
80560,994235.74
80561,50809450.02
80562,998327.7699999999
80563,553893.5700000001
80565,1280943.43
80566,2113894.68
80568,1284714.23
80569,1485587.56
80570,37810288.06
80571,2475714.68
80572,3013990.4
80573,2566612.33
80574,206647.72
80575,242260.65000000002
80576,1195452.35
80577,737298.95
80578,2451820.28
80579,3101777.3
80580,1690913.53
80582,2797565.88
80583,801081.77
80584,5863809.87
80585,14750374.15
80586,684733.72
80587,179133.38999999998
80588,1171634.0999999999
80589,827204.73
80590,1682988.72
80591,391814.1
80592,2238952.82
80593,929923.9600000001
80594,551510.68
80595,1076575.33
80596,1014062.08
80597,5816427.56
80598,8835372.77
80599,1247312.7
80600,5506414.28
80601,2115742.96
80602,895551.99
80603,1683054.3
80604,621571.0
80605,1204681.01
80606,6122403.06
80607,991395.4700000001
80608,1387700.94
80609,2050521.3499999999
80611,4763893.29
80613,4665312.03
80614,794846.32
80615,1799384.51
80616,719372.42
80617,637507.37
80618,3186251.95
80619,3659981.95
80620,51688599.9
80621,3465958.46
80622,7717145.0
80623,2225445.78
80624,735013.84
80625,3642926.97
80626,1394134.4500000002
80627,3578923.29
80628,2307151.4699999997
80629,316252.05
80630,29800129.939999998
80631,1302159.48
80632,9475069.91
80633,2506359.2800000003
80634,3848053.6399999997
80635,6981855.66
80637,1348755.07
80638,310873.67
80639,8899577.58
80640,783592.59
80642,1377149.1400000001
80643,2024008.28
80644,2772287.38
80645,2674884.96
80646,445185.8
80647,835553.64
80648,595441.5199999999
80649,13211046.8
80650,4233895.47
80651,1411812.66
80652,3319661.6999999997
80654,1953713.0899999999
80655,3012165.14
80656,5913547.8
80657,1225218.97
80658,622593.04
80659,1772246.79
80661,3932056.92
80662,1519673.76
80663,1404165.5
80664,779946.74
80665,1253510.99
80666,251834.5
80667,869266.6900000001
80668,643085.34
80669,990991.88
80670,1961587.2
80671,896178.87
80672,4433760.55
80673,1079139.63
80674,17165542.87
80675,839430.75
80676,1017529.17
80677,9477540.45
80678,4440892.67
80679,3159892.84
80680,16232505.73
80681,1329364.8099999998
80682,671030.35
80683,643132.97
80684,1059892.91
80685,52292721.58
80686,5013962.54
80687,598952.23
80688,16460639.219999999
80690,2341016.2399999998
80691,1140527.32
80692,4111255.7
80693,1212785.31
80694,1818884.76
80695,4900784.43
80696,7972682.79
80697,282238.29000000004
80698,908279.22
80699,527328.94
80700,2689129.47
80701,2166703.42
80702,6655468.13
80703,718106.48
80704,1218900.84
80705,534008.61
80706,13575928.459999999
80707,90837.03
80708,727125.9
80709,1234946.94
80710,2262021.57
80711,11801751.930000002
80713,3253318.54
80714,4777715.7299999995
80716,9634018.2
80717,5042944.0
80718,6558821.76
80719,480033.93
80721,36745549.06
80722,3161577.01
80723,1272954.8800000001
80724,13708877.889999999
80725,25884461.78
80726,1338710.19
80728,245990.53
80729,1095113.99
80730,2096652.0599999998
80732,2949613.91
80733,2012475.32
80734,1121336.89
80735,600481.0
80736,586024.1
80737,626312.77
80738,976984.23
80740,890538.76
80741,1897675.22
80742,658783.45
80743,2465505.54
80744,287809.22
80746,6332783.83
80747,808160.4400000001
80748,551854.39
80749,2051741.4200000002
80750,1009910.72
80751,1580471.58
80752,2765135.66
80753,489808.7
80754,1722776.88
80755,708132.9
80756,257114.88
80757,824378.41
80758,450202.38
80759,1680131.28
80760,969547.3099999999
80761,594415.63
80762,2460947.99
80763,1249096.01
80764,1805590.4400000002
80765,2196253.1
80766,2164510.41
80767,677266.46
80769,1421351.94
80770,1642100.9
80771,185819.55
80773,368937.13
80774,1057044.19
80775,2963729.57
80776,1251070.42
80777,480785.08
80778,664172.47
80779,3463841.33
80780,1300372.94
80781,2381146.31
80782,2463290.69
80783,539881.9700000001
80784,1890610.0499999998
80785,5220781.22
80786,640138.4199999999
80787,221654.54
80788,1001413.5700000001
80789,735870.29
80790,926108.1000000001
80791,4269767.4799999995
80792,452273.76
80793,14350293.32
80794,252057.54
80795,4441788.94
80796,456398.69
80797,429475.95999999996
80798,11029188.91
80799,28724572.02
80800,536188.35
80801,887628.33
80802,2760054.06
80803,1160535.07
80804,486387.72
80805,924258.39
80806,1961094.0199999998
80807,1092386.77
80808,1413108.18
80809,2879008.75
80810,967771.6699999999
80811,3158145.25
80812,502567.83
80813,707896.22
80814,877203.62
80815,3766408.8000000003
80819,607247.52
80820,3516037.0
80821,620885.57
80822,439470.64
80823,419965.6
80824,1016592.52
80825,335089.12
80826,5778235.369999999
80827,11970673.709999999
80828,242046.85
80829,287971.14
80830,625759.38
80832,1198207.71
80833,745016.24
80834,1938949.97
80835,918136.28
80836,781127.64
81001,2029808.6300000001
81002,13483388.55
81003,7879729.859999999
81004,447205454.5
81005,4936377.0200000005
81006,1357617.7
81007,1339338.25
81008,1885208.88
81009,1223806.52
81010,6236129.01
81011,5347251.55
81012,1430857.23
81013,2331506.75
81014,12641372.26
81015,1012771.8999999999
81016,3281369.8499999996
81017,2260014.53
81018,15457731.45
81019,2330629.34
81020,1488110.06
81021,41435466.89
81022,1506262.58
81023,2647736.4699999997
81024,1293551.09
81025,1781951.76
81026,1952248.9500000002
81027,1645390.95
81028,1350280.04
81029,1649356.79
81030,884763.55
81031,8132402.88
81032,5430251.67
81033,22022018.21
81034,5337441.22
81035,2246975.53
81036,7453744.28
81037,14747851.18
81038,10174891.879999999
81039,12249600.39
81040,2000186.01
81041,845366.46
81042,14980913.2
81043,2858291.6
81044,1479278.6600000001
81045,3204640.47
81046,8578586.04
81047,2152184.5
81048,16635384.41
81049,1567336.88
81050,2151997.94
81051,7384677.96
81052,10372750.95
81053,3443427.28
81054,8826538.7
81055,2809628.6599999997
81056,985559.0399999999
81058,1726345.9000000001
81059,3665303.66
81060,115397132.95
81061,1626721.68
81062,10724819.76
81063,8938761.72
81064,11363457.69
81065,316586418.7
81066,2050583.51
81067,3205721.61
81068,1054721.8599999999
81069,13885171.19
81070,13141735.49
81071,1495317.1400000001
81072,1123127.25
81073,1092120.74
81074,9651732.67
81075,2691018.29
81076,5253874.38
81077,7049956.819999999
81078,5697233.02
81079,4000094.76
81080,944874.35
81081,6431451.91
81082,1814961.69
81083,1954656.34
81084,2517656.87
81085,1171293.28
81086,2212382.6399999997
81087,2170738.14
81088,2402464.77
81089,1370302.38
81090,2221444.25
81091,1575082.43
81092,6293806.08
81093,4112645.0300000003
81094,1771048.16
81095,840917.42
81096,4268122.04
81097,8630922.68
81098,3334777.1599999997
81099,108189607.75999999
81100,1682785.6300000001
81101,10135258.49
81102,2046128.6099999999
81103,1844835.69
81104,9076205.55
81105,89299406.27000001
81106,3263269.17
81108,1337947.77
81109,3130151.12
81110,1504554.93
81111,1174496.89
81112,8076613.5600000005
81113,2215505.96
81114,2962507.12
81115,16771292.469999999
81116,4348959.57
81117,5124604.26
81118,1235140.97
81119,2913276.4899999998
81120,38133458.89
81121,3556261.16
81122,929336.32
81123,1124741.11
81124,38109042.49
81125,5535432.37
81126,833034.9299999999
81127,909169.23
81128,10753918.23
81129,2101944.6
81130,12433293.5
81131,13537390.94
81132,4890453.22
81133,1857263.24
81134,2412891.44
81135,1566698.9200000002
81136,1389765.34
81137,994508.85
81138,3289944.02
81139,13354435.81
81140,68381609.59
81141,1097844.07
81142,3350055.4800000004
81143,2487512.56
81144,24086642.92
81145,29732532.6
81146,2030288.94
81147,6524276.8
81148,716268.37
81149,2858310.7199999997
81150,1915385.95
81151,1178167.96
81152,1916507.57
81153,2547352.9
81154,717720.15
81155,1192935.11
81156,19047173.99
81157,1605881.0
81158,5341000.109999999
81159,2027637.35
81160,2264861.39
81161,2065725.3800000001
81162,2027544.0599999998
81163,88689013.12
81164,2070726.29
81165,1691445.49
81166,1611635.55
81167,2386085.2
81168,6527803.27
81169,1508155.6099999999
81170,7722663.42
81171,9209689.42
81172,447872.19999999995
81173,1376862.15
81174,3319697.68
81175,2280635.11
81176,541422.72
81177,1602515.65
81178,2653906.74
81179,1687506.86
81180,3067234.08
81181,1450527.14
81182,12602879.559999999
81183,4216453.33
81184,426964.75
81185,1474409.81
81186,2099006.27
81187,1262143.52
81188,2686455.63
81189,1157121.26
81190,2854267.62
81191,2489929.81
81192,8203985.84
81193,5494497.1
81195,4692655.46
81196,3760816.27
81197,1474314.26
81198,2349894.9899999998
81199,1712321.49
81200,2075765.46
81201,6963490.1
81202,5317430.38
81203,7801938.29
81204,13251310.66
81205,1309864.28
81206,4914689.66
81207,1001764.2
81208,3121544.45
81209,20788311.14
81210,1231039.99
81211,1868456.3199999998
81212,1022456.42
81213,887384.3400000001
81214,969446.2000000001
81215,3388983.45
81216,1542983.01
81217,4223660.49
81218,24833752.23
81219,24002124.82
81220,34050357.79
81221,5040693.14
81222,19469030.73
81223,1471879.23
81224,864480.8999999999
81225,5311096.46
81226,1474470.0599999998
81227,11170666.11
81228,2351245.3
81229,1187149.48
81230,4932861.88
81231,5993428.62
81232,3102902.28
81233,2201184.0999999996
81234,651124.0
81235,2779520.53
81236,2213084.85
81237,1829333.1400000001
81238,16892883.04
81239,8458954.93
81240,1789649.82
81241,4251168.72
81242,1821445.8
81243,1371362.4000000001
81244,15819628.3
81245,1805621.5100000002
81246,1409044.21
81247,2192148.15
81248,4466916.86
81249,3098057.41
81250,1602345.3800000001
81251,5323208.16
81252,1322002.74
81253,2509332.1999999997
81254,2514581.4899999998
81255,1537906.81
81256,620967.4
81257,41446056.699999996
81258,2283807.65
81259,1619276.9300000002
81260,2248846.51
81261,3836583.02
81262,2275219.0300000003
81263,5596803.07
81264,1112587.31
81265,1150595.75
81266,8530001.11
81267,5567936.73
81268,1384703.83
81269,6454249.21
81270,1101313.03
81271,54903309.46
81272,1084349.69
81273,16520004.5
81274,8594502.75
81275,1816068.39
81276,6899717.87
81277,3096731.43
81278,2122390.32
81279,1710908.9
81280,2982744.54
81281,7751594.630000001
81282,686027.7
81283,5691648.32
81284,14425315.58
81285,4647963.28
81286,2633734.45
81287,1291549.74
81288,18163295.68
81289,13701317.77
81290,1067482.29
81291,1065793.28
81292,3462642.91
81293,1555779.5899999999
81294,6286259.53
81295,3942379.9699999997
81296,2396345.06
81297,8616507.68
81298,3068083.9899999998
81299,2414759.87
81300,1094173.25
81301,1327515.42
81302,417403.45
81303,3302237.63
81304,1710174.6099999999
81305,7218790.4
81306,6470200.58
81307,4318875.37
81308,12974898.05
81309,2754758.61
81310,1197847.55
81311,5460345.4799999995
81312,3740703.52
81313,2460505.19
81314,5937376.96
81315,7139338.8
81316,1722622.72
81317,7815297.9
81318,1194460.67
81319,2871784.48
81320,1394267.4
81321,1080192.56
81322,2309314.93
81323,1280110.72
81324,2404787.62
81325,7978034.46
81326,2642167.01
82001,2333486.24
82002,13889469.26
82003,2125871.05
82004,2167103.43
82005,6304281.57
82006,814987.05
82007,1878530.62
82008,11509427.0
82009,470401.02999999997
82010,5059884.52
82011,3983297.7600000002
82012,2761057.5300000003
82013,29725161.95
82014,1870445.45
82015,1007011.97
82016,1973868.3199999998
82017,4195716.649999999
82018,6378763.1899999995
82019,3405309.48
82020,3720819.6999999997
82021,1483852.77
82022,3189273.85
82023,4553194.07
82024,2500367.38
82025,20778579.86
82026,5912142.39
82027,6190379.36
82028,3803868.78
82029,2612462.76
82030,3616417.48
82031,6607485.1
82032,6659966.75
82033,67589180.68
82034,2341276.33
82035,2568206.84
82036,2004823.1
82037,49530036.22
82038,14611720.32
82039,1389488.19
82040,3682841.9099999997
82041,2282652.09
82042,10898623.59
82043,3373543.12
82044,7511979.85
82045,2643767.43
82046,1873719.53
82047,1125803.93
82048,7148475.26
82049,14658274.040000001
82050,10059651.17
82051,7650169.85
82052,8936310.51
82053,2283254.31
82054,5589573.03
82055,1432829.64
82056,1956662.14
82057,2657630.65
82058,1292059.08
82059,3330588.4699999997
82060,1885772.29
82061,3266232.21
82062,7368909.47
82063,4318520.21
82064,884814.9299999999
82065,4518362.32
82066,3493399.8200000003
82067,1436990.96
82068,1847653.17
82069,2290033.36
82070,399006.74
82071,633080.17
82072,46985906.27
82073,5633433.88
82074,1884484.99
82075,26129894.76
82076,9320460.42
82077,3865395.06
82078,1523353.02
82079,19564619.669999998
82080,6076868.78
82081,1399891.29
82082,2482910.86
82083,1120931.01
82084,3027079.19
82085,5428488.39
82086,2073533.88
82087,17966707.240000002
82088,10343672.92
82089,11390793.9
82090,4067505.15
82091,1172356.33
82092,2290836.5100000002
82093,3575655.97
82094,11874856.350000001
82095,2477607.7600000002
82096,12874844.1
82097,11011591.77
82098,4410233.350000001
82099,4427914.17
82100,1750778.09
82101,7746920.54
82102,2105792.0
82103,832279.64
82104,1807386.75
82105,6302812.850000001
82106,2552200.49
82107,419066.37000000005
82108,3494185.09
82109,2667141.07
82110,7279592.6
82111,2978346.83
82112,95190874.31
82113,10886092.55
82114,2189292.65
82115,17528314.95
82116,1591908.6800000002
82117,10180603.85
82118,1315799.34
82119,8261121.4799999995
82120,1969298.5899999999
82121,378050579.99
82122,1680698.48
82123,10463264.59
82124,12127394.09
82125,37659915.43
82126,7015019.609999999
82127,5617962.44
82128,1606285.03
82129,932590.87
82130,5071872.09
82131,15926873.8
82132,7056242.05
82133,824367.12
82134,41325258.76
82135,4026401.19
82136,6692819.51
82137,6597344.890000001
82138,2676597.35
82139,1665442.81
82140,2364248.65
82141,5760375.49
82142,7563899.54
82143,839819.7
82144,5788594.56
82145,2524259.17
82146,755609.8
82147,3937573.7
82148,5221265.6
82149,10503861.33
82150,4562817.29
82151,4469060.32
82152,2620876.5
82153,1247719.17
82154,3335758.89
82155,20276052.8
82156,1790864.6099999999
82157,1201877.97
82158,3306274.3000000003
82159,3460111.5799999996
82160,2567129.27
82161,18470448.87
82162,1676690.3499999999
82163,956209.88
82164,1305674.0
82165,4968826.53
82166,3264420.1999999997
82167,6283546.319999999
82168,2514320.86
82169,14404740.36
82170,4068063.58
82171,5959137.41
82172,2603990.4899999998
82173,7785711.39
82174,3680307.51
82175,2885328.18
82176,5046383.34
82177,1105769.08
82178,5046043.87
82179,12493233.84
82180,6274112.5200000005
82181,3060895.33
82182,2434081.39
82183,2148232.89
82184,4216194.79
82185,2183495.35
82186,57483594.97
82187,6351368.4
82188,4351319.28
82189,7123697.98
82190,22634307.12
82191,2761304.96
82192,3592573.99
82193,1264537.98
82194,6057219.82
82195,5355787.17
83001,23811441.78
83002,9985477.32
83003,8720433.5
83004,41700561.39
83005,9200719.41
83006,2875199.51
83007,17693311.98
83008,20582494.76
83009,103184011.16
83010,4608525.350000001
83011,11883645.69
83012,25790527.39
83013,4451555.9399999995
83014,9076664.7
83015,6314577.54
83016,48624174.47
83017,14007771.49
83018,16455916.31
83019,82012918.26
83020,4588713.84
83021,15839916.9
83022,3080463.06
83023,161116348.72
83025,9765141.06
83026,14788844.32
83027,29153677.39
83028,14873283.32
83029,21730120.58
83030,10999838.06
83031,36117614.6
83032,28872530.49
83033,15537772.899999999
83034,66852854.06
83035,27731145.95
83036,93538521.34
83037,10315398.58
83038,7402390.890000001
83039,3881047.36
83040,3656555.02
83041,8044714.84
83042,91480348.92
83043,18939619.38
83044,13577109.08
83045,12129102.76
83046,21893985.85
83047,100579853.67999999
83048,56706670.43
83049,62707802.71
83050,199360963.92000002
83051,10053805.76
83052,3750368.2199999997
83053,13336393.57
83054,63565921.01
83055,42481216.8
83056,21461417.400000002
83057,25478332.92
83058,23956082.96
83059,11442981.64
83060,6222176.46
83061,482695198.35999995
83062,246995950.53
83063,17879596.78
83064,28828052.86
83065,38071642.61
83066,10608337.809999999
83067,16804328.64
83068,82880664.33
83069,425496394.73
83070,91229105.96
83071,81596559.65
83072,64835602.92
83073,63115342.410000004
83074,6424161.8
83075,5008833.74
83076,5648904.28
83077,12010276.17
83078,7683954.62
83079,17392445.330000002
83080,7325708.15
83081,39836520.38
83082,9483230.43
83083,11634188.75
83084,9482779.04
83085,19025580.4
83086,66158574.160000004
83087,26203544.2
83088,14140430.92
83089,4368774.04
83090,122323200.52
83091,48521291.54
83092,17390008.91
83093,16851622.31
83094,21322886.52
83095,9650611.99
83096,8545043.93
83097,26043752.44
83098,81728339.23
83099,96403083.88
83100,21023781.62
83101,66390134.690000005
83102,19041442.47
83103,24843209.27
83104,25297531.8
83105,2518241.93
83106,15144172.06
83107,206784062.12
83108,11465582.08
83109,9012790.67
83110,12685352.209999999
83111,9614010.74
83112,105123838.04
83113,18312810.83
83114,4481276.73
83115,159516970.63
83116,75075412.62
83117,10682374.53
83118,401395549.89
83119,206359281.6
83120,30722593.07
83121,40341745.14
83122,9729570.69
83123,157522451.56
83124,32694699.72
83125,14613808.879999999
83126,539968294.6899999
83127,30294933.44
83128,7417372.66
83129,267553321.69
83130,60637906.019999996
83131,32276763.21
83132,13520625.67
83133,20953268.26
83134,11595990.9
83135,11401504.09
83136,14071326.639999999
83137,1153148688.48
83138,27658753.74
83139,8640280.82
83140,21921173.36
83141,33017624.73
83142,7391796.58
83143,22822747.17
83144,174648564.8
83145,8410036.9
83146,8759067.53
83147,597863.17
83148,64051402.28
83149,14293201.0
83150,28343686.74
83151,11619716.49
83152,19647479.29
83153,44029440.42
83154,6306256.28
84001,11511200.05
84002,11259850.07
84003,105570568.10000001
84004,18958658.06
84005,3096411.69
84006,2106490.13
84007,913066350.6899999
84008,6339342.99
84009,8318224.67
84010,5799664.62
84011,2845657.9099999997
84012,21455982.43
84013,3809004.92
84014,10240914.9
84015,4298411.85
84016,31097706.98
84017,24984564.37
84018,3269442.1
84019,134029985.09
84020,13700856.12
84021,1925193.07
84022,3734872.63
84023,3632847.61
84024,4606945.96
84025,12159362.56
84026,31287851.19
84027,23051954.87
84028,8255652.49
84029,37185171.769999996
84030,20146988.78
84031,292613909.07
84032,4959938.26
84033,2231351.55
84034,28487856.32
84035,179953649.62
84036,27783334.37
84037,20300479.42
84038,25442871.45
84039,32332628.16
84040,3835978.15
84041,7058016.92
84042,11616191.12
84043,53498971.24
84044,8594437.63
84045,5484507.2
84046,3438858.9899999998
84047,28085222.14
84048,2269867.0
84049,10366042.16
84050,33902640.510000005
84051,11606495.41
84052,6596442.84
84053,13221554.76
84054,135840728.4
84055,7944281.93
84056,18334716.96
84057,4870207.3
84058,3032766.83
84059,3164149.9899999998
84060,3182377.78
84061,3925103.45
84062,8661962.65
84063,5203639.9799999995
84064,20391612.18
84065,19660877.14
84066,3112817.4
84067,14341877.88
84068,12761283.01
84069,19525878.61
84070,9160286.2
84071,12477315.17
84072,35416968.95
84073,13911542.78
84074,11909807.91
84075,3547694.2199999997
84076,8611516.41
84077,3090034.2199999997
84078,31884076.7
84079,4454572.75
84080,66119641.629999995
84081,43008914.02
84082,16804612.27
84083,15710376.69
84084,5344559.32
84085,4830782.7700000005
84086,12562855.65
84087,285502188.01
84088,57405596.56
84089,100374594.36
84090,5177892.79
84091,28437870.43
84092,137182264.51999998
84093,5109974.64
84094,5305295.16
84095,6281918.38
84096,7289904.94
84097,5667870.6899999995
84098,4557446.13
84099,22520125.75
84100,2102019.1799999997
84101,4423913.18
84102,14878536.23
84103,8462837.49
84104,7624330.93
84105,10299933.540000001
84106,24992747.65
84107,12630127.860000001
84108,12502372.88
84109,1998588.61
84110,1316981.0
84111,2386694.97
84112,7547787.86
84113,4460422.45
84114,1762692.54
84115,4049480.15
84116,7399289.76
84117,4171562.85
84118,23072123.65
84119,26984696.97
84120,2435464.37
84121,963743.3400000001
84122,32730336.74
84123,15931291.06
84124,7011148.399999999
84125,1755564.0699999998
84126,6980317.46
84127,18577497.76
84128,1610956.88
84129,150275742.14
84130,1748868.62
84131,11655051.71
84132,38827740.42
84133,23386993.18
84134,4646255.38
84135,12566233.77
84136,9186129.57
84137,80624805.35
84138,69303542.05
84139,5414985.51
84140,6126713.34
84141,78881542.58
84142,13893276.11
84143,9461434.76
84144,6009743.36
84145,7444199.6899999995
84146,5910614.12
84147,19738745.04
84148,8796409.03
84149,9824129.12
84150,18279980.32
84151,2981822.3800000004
85001,20577199.75
85002,11171147.29
85003,58194089.349999994
85004,15304068.61
85005,7749611.0
85006,10695649.83
85008,22942830.72
85009,3809468.38
85010,11570655.93
85011,16734227.94
85012,23013491.740000002
85013,5841913.3
85014,8626242.1
85015,8177528.89
85016,17899407.09
85017,10277872.24
85018,25098148.25
85019,23266920.11
85020,24963876.2
85021,9111756.85
85022,8988856.16
85023,3010249.37
85024,6573515.82
85025,13080794.280000001
85026,9605377.120000001
85027,22024702.3
85028,3423450.5
85029,17087803.61
85030,4169808.8200000003
85031,16240644.58
85033,5150506.8
85034,20722790.46
85035,66207246.16
85036,3520959.4
85037,3361930.61
85038,13699679.52
85039,34525530.46
85040,5906069.2299999995
85041,2169939.33
85042,12821147.63
85043,7380792.91
85044,3612870.8000000003
85045,5912722.3
85046,24339178.74
85047,149371013.05
85048,8780566.41
85049,11264435.620000001
85050,10963906.44
85051,56342881.68
85052,9990665.64
85053,2651767.47
85054,7840024.11
85055,4670545.4
85056,2402312.05
85058,5373253.13
85059,24455425.73
85060,106659638.33
85061,8755554.66
85062,4886731.42
85063,7961096.72
85064,12250063.3
85065,18880444.83
85066,5828784.92
85067,7591398.91
85069,17919201.77
85070,18407868.57
85071,15721685.18
85072,7968459.79
85073,4401218.49
85074,1080978.96
85076,23085645.27
85077,4802980.68
85078,5518868.49
85080,4354085.11
85081,26524098.11
85082,21422744.29
85083,16991667.490000002
85084,35208454.47
85086,9973997.99
85087,2679944.63
85088,22273240.409999996
85089,31884138.81
85090,17097499.29
85091,4954011.399999999
85092,125785295.05
85093,8256221.33
85094,9654238.16
85095,10825607.43
85096,27735005.42
85097,21600293.43
85098,10757303.03
85099,7504076.779999999
85100,11798355.98
85101,1983171.07
85102,5661600.74
85103,10567355.99
85104,5956368.58
85105,3095191.2600000002
85106,16885674.78
85107,15657867.68
85108,22851132.34
85109,116989925.89
85110,5480755.55
85111,11369797.8
85112,12046938.17
85113,68573609.87
85114,31726105.71
85115,4825986.02
85116,2205021.66
85117,2772379.04
85118,15199477.21
85119,11411001.19
85120,8080722.91
85121,6294663.64
85123,1406766.35
85125,2522949.7399999998
85126,8275954.850000001
85127,21614283.7
85128,62889380.96
85129,23486348.02
85130,9898909.17
85131,6386106.69
85132,5824433.96
85133,7903423.21
85134,3264695.31
85135,18067339.88
85136,702707.12
85137,3659997.19
85138,7701975.32
85139,3555163.31
85140,12612792.360000001
85141,4860344.34
85142,5629883.24
85143,6372026.97
85144,8956577.38
85145,6231367.68
85146,34818611.57
85147,8837880.46
85148,3972085.9000000004
85149,2652201.63
85150,4989414.21
85151,65915331.22
85152,26475470.66
85153,20657077.68
85154,16142353.86
85155,44920829.92
85156,13499032.77
85157,3363029.51
85158,7568036.73
85159,12051450.600000001
85160,20758709.0
85161,17802147.16
85162,8713818.54
85163,71930330.47
85164,37337471.55
85165,7912989.220000001
85166,93481427.8
85167,5576911.99
85168,4854205.21
85169,7834156.76
85171,2774592.09
85172,14505064.93
85174,3423218.76
85175,5020979.92
85176,6254540.95
85177,4958828.52
85178,55513033.0
85179,5742604.31
85180,6894744.74
85181,4625708.04
85182,48150684.93
85184,2022462.78
85185,3748441.37
85186,6611912.88
85187,4506625.47
85188,7800836.5
85189,8783090.299999999
85190,19634013.08
85191,486708693.01
85192,5231410.470000001
85193,2707220.55
85194,249458244.28
85196,7536421.7
85197,6575905.28
85198,8655561.889999999
85199,4775682.24
85200,5751878.75
85201,3113776.9899999998
85202,7055186.75
85204,11855273.48
85205,6142629.890000001
85206,2134996.2600000002
85207,3821300.29
85208,13957843.78
85209,3479165.36
85210,12268777.7
85211,17856529.43
85212,15166498.17
85213,16433489.56
85214,13938242.92
85215,30553343.25
85216,12950893.73
85217,38735493.7
85218,8464133.64
85219,1917614.41
85220,8514641.77
85221,11224489.07
85222,90653499.49
85223,20662673.080000002
85224,26764413.450000003
85226,118378264.22
85227,11573688.71
85229,6114211.35
85231,4297194.52
85232,8937701.16
85233,3536131.77
85234,145278105.82999998
85235,3586697.2800000003
85236,13658201.9
85237,2406822.2800000003
85238,35996505.25
85239,5397673.39
85240,10092159.18
85242,5613198.3
85243,16704235.77
85244,7209460.1
85245,2567026.73
85246,13878567.93
85247,5154673.82
85248,4259135.180000001
85250,12050125.24
85251,4962287.06
85252,4854295.300000001
85254,8897084.54
85255,14919091.15
85256,7123998.3
85257,13488202.040000001
85259,6051317.5
85260,4616778.38
85261,2786954.1999999997
85262,17889780.59
85264,9568475.649999999
85265,7077103.59
85266,10899028.29
85267,4065547.61
85268,6130713.33
85269,2456390.35
85271,2270234.63
85272,5858733.05
85273,6126775.630000001
85274,2389369.65
85276,3507211.87
85277,8075283.13
85278,15135199.59
85279,11307929.47
85280,17301964.16
85281,6503897.37
85282,4264832.99
85284,19224246.32
85285,4647733.88
85286,2923782.82
85287,3593372.0200000005
85288,62704531.98
85289,8478402.6
85290,3026357.78
85291,7984527.12
85292,4795122.61
85293,11844598.92
85294,67458516.51
85295,17633621.47
85296,8849953.75
85297,7119739.470000001
85298,15331591.709999999
85299,3292087.7399999998
85300,28426968.970000003
85301,7710469.3
85302,28143246.009999998
85303,10549793.04
85304,5382756.2299999995
85305,6766138.489999999
85306,4027390.67
85307,25156293.72
86001,5044308.640000001
86002,2258518.57
86003,1386737.28
86004,4293580.8
86005,3880896.2
86006,2742805.5100000002
86007,5810788.03
86008,2688999.1100000003
86009,6564046.85
86010,3107796.72
86011,1895475.99
86012,2620340.4800000004
86013,766984.26
86014,9861980.86
86015,14337206.96
86016,8527099.19
86017,7723880.06
86018,2021432.79
86019,11928783.5
86020,1551781.96
86021,6192206.33
86022,2296650.4
86023,1720187.8
86024,8544451.04
86025,3054392.57
86026,4662261.99
86027,13866102.38
86028,4245816.09
86029,6113242.11
86030,1872928.47
86031,6470982.01
86032,15922081.79
86034,6392853.3100000005
86035,1311890.01
86036,5333647.74
86037,3956440.85
86038,1834114.67
86039,4551663.13
86040,8038115.78
86041,35838868.57
86042,7300021.0200000005
86043,1768340.62
86044,3751367.71
86045,8162854.38
86046,18173136.93
86047,1698566.54
86048,4226277.3
86049,2583171.3200000003
86050,6290411.7
86051,2199985.34
86052,5670294.97
86053,6976395.489999999
86054,2228783.64
86055,3377820.77
86056,5526659.5
86058,1716970.3
86059,5987715.649999999
86060,2419865.47
86061,9986821.32
86062,33723808.14
86063,2718334.2199999997
86064,4449974.83
86065,3605820.3
86066,225348883.76
86067,1334370.25
86068,12193042.51
86069,1540012.66
86070,53044022.260000005
86071,1408647.64
86072,2270416.65
86073,3610438.67
86074,6938615.12
86075,3720970.58
86076,16477648.58
86077,33805600.96
86078,20145173.93
86079,4892879.69
86080,2497184.0
86081,5872271.7700000005
86082,9797110.66
86083,8175432.08
86084,3998538.8200000003
86085,3015321.09
86086,5550847.23
86087,1714445.73
86088,5886988.2
86089,2999737.8
86090,2009778.34
86091,2502633.03
86092,21242026.87
86093,1196673.9100000001
86094,2736451.83
86095,18053035.72
86096,3822299.2600000002
86097,2584796.03
86098,1440272.94
86099,4812496.97
86100,21179418.44
86102,2024598.16
86103,17245357.85
86104,3141081.39
86105,2150340.52
86106,1189748.18
86107,4761187.5200000005
86108,2493950.72
86109,1358650.79
86110,1827678.16
86111,46566312.29
86112,13384673.83
86113,15653063.06
86114,5734777.47
86115,43168016.6
86116,6512419.6
86117,2153037.02
86118,3252959.49
86119,2338262.87
86120,6843955.36
86121,9161980.97
86122,1217114.5
86123,5766485.42
86124,3241658.7
86125,3703428.53
86126,4570857.48
86127,3190828.71
86128,20502037.84
86129,3881832.54
86130,1869489.6700000002
86131,8595618.47
86132,2747132.58
86133,20055242.87
86134,1934405.13
86135,2235568.13
86136,2494133.09
86137,76216535.46
86138,2627382.36
86139,22652412.93
86140,26067922.22
86141,2526275.32
86142,3543996.66
86143,1689128.4700000002
86144,2649982.99
86145,6544029.1899999995
86146,6202622.22
86147,2727866.8
86148,2728787.14
86149,2770570.12
86150,2458592.65
86151,1938314.06
86152,6074274.85
86153,6687636.8
86154,2306572.4
86156,1955112.37
86157,19122571.06
86158,34537162.46
86159,5718942.71
86160,19559248.58
86161,10568434.120000001
86162,1462142.95
86163,14565124.33
86164,5308018.220000001
86165,48922587.82
86166,3493388.35
86167,9477749.89
86169,2051481.36
86170,3833892.82
86171,3523538.26
86172,3616432.77
86173,4166615.3099999996
86174,32219786.24
86175,2338990.81
86176,1539811.25
86177,38170870.53
86178,12745244.18
86180,16667401.69
86181,1789954.8
86182,1769908.57
86183,12935483.59
86184,4728899.33
86186,7081455.16
86187,2920725.46
86188,4477758.54
86189,3362175.71
86190,8880141.280000001
86191,2389121.52
86192,2438223.49
86193,9414023.08
86194,578833484.68
86195,4746266.16
86196,2085103.03
86197,2403431.27
86198,3732871.56
86200,6662777.69
86201,3250324.87
86202,3163555.53
86203,3593786.3
86204,11038823.29
86205,1824615.87
86206,1172287.2
86207,27973217.71
86208,5035213.34
86209,8663244.68
86210,4701768.8
86211,6130098.68
86213,17114442.0
86214,33569271.18
86217,1407954.41
86218,1148870.26
86219,4245728.7
86220,1970913.68
86221,6813627.77
86222,16984989.03
86223,7186680.8
86224,10537342.83
86225,8485131.57
86226,12608660.620000001
86227,1761833.66
86228,2260777.82
86229,3088520.89
86230,2050993.04
86231,3220598.65
86233,25150405.349999998
86234,3018626.5100000002
86235,7439278.46
86236,7932766.18
86237,5398916.48
86239,1464497.5
86241,2969586.3899999997
86242,2734586.91
86244,11267702.95
86245,9973807.24
86246,14875828.92
86247,3095594.85
86248,5058747.33
86249,1588437.16
86250,1989001.55
86252,4549320.28
86253,4265831.22
86254,6459121.9799999995
86255,5098802.46
86256,4490281.76
86257,3137417.1999999997
86258,14483343.5
86259,5022285.82
86260,2276352.7
86261,9457709.81
86262,4700575.42
86263,14192358.059999999
86264,6092280.36
86265,2315872.35
86266,1782054.46
86268,4911088.33
86269,1748639.1500000001
86270,2186459.6799999997
86271,3417233.89
86272,14234537.99
86273,10428671.75
86274,9882045.19
86275,3867147.55
86276,11384277.59
86277,2668338.23
86278,4555853.86
86279,2540180.17
86280,2223577.58
86281,17412015.87
86284,3399417.98
86285,10833476.59
86286,2232193.49
86287,3220512.9
86288,4884291.21
86289,9207260.66
86290,7168190.7
86291,1398132.55
86292,2871763.25
86293,22399755.06
86294,22707722.89
86295,2019248.6400000001
86296,2630977.29
86297,29280508.24
86298,17363765.23
86299,4051604.65
86300,1172842.16
87001,60747931.47
87002,41744557.43
87003,6662696.44
87004,994908.78
87005,4757537.96
87006,1776141.03
87007,1915187.58
87008,1100348.09
87009,3453105.83
87011,40336536.339999996
87012,3073977.15
87013,5786212.4
87014,29857129.12
87015,1779761.56
87016,2637581.68
87017,2823272.14
87018,7269166.52
87019,19513415.92
87020,8299338.64
87021,15890031.370000001
87022,1140367.89
87023,1375673.11
87024,8244984.39
87025,1850145.98
87026,2744699.02
87027,9219731.15
87028,7742696.119999999
87029,9466546.11
87030,5973815.569999999
87031,2364623.53
87032,16253995.31
87033,6454971.43
87034,5301141.53
87035,2339274.47
87036,5800808.21
87037,2544098.44
87038,8589316.49
87039,5617972.9799999995
87040,16315190.38
87041,16628680.3
87042,2443280.18
87043,1927812.35
87044,1967861.66
87045,5523569.9
87046,5797119.14
87047,10482378.7
87048,31465028.79
87049,6507547.71
87050,60341218.07
87051,6135432.12
87052,1469328.1700000002
87053,1743821.6400000001
87054,12046597.97
87055,3391599.63
87056,2132803.75
87057,4006660.37
87058,2338040.14
87059,11021334.06
87060,5935592.16
87061,3068052.12
87062,1695293.82
87063,6648258.71
87064,25248355.990000002
87065,66978779.68
87066,7338246.51
87067,3728134.79
87068,2447701.2
87069,1702945.9
87070,3345548.4
87071,5280333.38
87072,3106385.82
87073,2685884.23
87074,1533187.17
87075,54431639.22
87076,2338256.88
87077,2573211.57
87078,3165900.66
87079,5556102.71
87080,4646537.73
87081,3739339.22
87082,7360931.91
87083,4988320.37
87084,974093.22
87085,1234003540.22
87086,6647183.54
87087,3917428.15
87088,6262651.05
87089,14884464.24
87090,2149159.97
87091,4764080.18
87092,4855880.2
87093,2437418.4
87094,1585252.7899999998
87095,5647034.17
87096,4845082.1899999995
87097,8019686.78
87099,3987558.12
87100,3367933.66
87101,2530351.63
87103,16311348.78
87104,7993879.449999999
87105,5619059.3
87106,16924391.77
87107,9082082.86
87108,4068792.31
87109,3573308.8
87110,15755040.32
87111,11897703.55
87112,3560793.23
87113,46097266.76
87114,68181678.73
87115,1773554.89
87116,4734153.41
87117,16807419.13
87118,4407154.4
87119,11915079.26
87120,3795093.75
87121,3877902.57
87122,6397650.28
87123,2375636.86
87124,2268465.53
87125,21947416.099999998
87126,27703220.07
87127,3381198.08
87128,3604532.4
87129,4271453.38
87130,1187701.61
87131,16782665.69
87132,1473279.7
87133,3856344.6399999997
87134,1618366.1099999999
87135,6366945.359999999
87136,3724401.17
87137,1427997.73
87138,4775689.23
87139,2739559.01
87140,7993880.390000001
87141,5370258.2
87142,3551710.37
87143,9117659.79
87144,3384394.48
87145,1562192.4
87146,11238905.18
87147,1080405.97
87148,4022230.58
87149,2952262.69
87150,5658886.12
87151,3663764.81
87152,9846144.41
87153,5421087.97
87154,103868225.58
87155,1689509.43
87156,19332393.18
87157,7108791.17
87158,14707347.98
87159,3767950.03
87160,3755041.06
87161,35268255.84
87162,1857010.9500000002
87163,2118268.55
87164,3228851.06
87165,1014357.61
87166,5153759.96
87167,8428695.25
87168,12529550.05
87169,3554786.41
87170,2971037.1
87172,2566820.66
87173,3549133.79
87174,6331496.1899999995
87176,4609219.7
87177,8187036.94
87178,13157269.77
87179,2134463.19
87180,7252012.81
87181,8887464.03
87182,14021979.440000001
87183,4351836.36
87184,1526407.78
87185,7587409.3100000005
87186,2159436.78
87187,82916543.12
87188,1289936.95
87189,3253339.3400000003
87190,9249574.64
87191,8271247.53
87192,11220041.66
87193,913839.2100000001
87194,4491355.27
87195,1420134.59
87196,1864548.75
87197,2061451.85
87198,2590665.2600000002
87199,5787544.87
87200,1384388.42
87201,23523553.41
87202,8879913.49
87203,7054049.859999999
87204,2225049.87
87205,11287625.39
87206,1859682.01
88001,825863.96
88002,1652578.29
88003,885815.38
88004,1230090.31
88005,2799802.58
88006,2615925.34
88007,829502.78
88008,1864679.5999999999
88009,22364328.48
88010,2726277.3
88011,19856831.1
88012,6669781.85
88013,910136.1399999999
88014,2148309.1500000004
88015,3816894.68
88016,3257804.4600000004
88017,1899714.07
88018,2505025.22
88019,1898740.98
88020,655475.47
88021,1236489.67
88022,1230469.19
88023,1810459.5899999999
88024,960064.74
88025,1390984.84
88026,4380768.57
88027,1579644.46
88028,3152349.0100000002
88029,11354281.97
88030,1565927.57
88031,1993171.04
88032,9861039.08
88033,4973218.99
88035,1073882.6099999999
88036,1016111.61
88037,4412006.38
88038,162248.25
88039,2456684.08
88040,1749445.25
88041,2024099.47
88042,984500.3600000001
88043,1754332.4500000002
88044,6939363.28
88045,1956343.57
88046,1205360.33
88047,1062466.38
88048,7275572.72
88049,1447847.36
88050,1431170.17
88051,1669047.59
88052,687305.43
88053,1401702.32
88054,1934820.6
88055,1583948.14
88056,1062135.02
88057,767588.16
88058,1316191.75
88059,2645750.32
88060,373803.65
88061,3901498.37
88062,787756.88
88063,1536482.88
88064,802195.46
88065,3367130.9899999998
88066,585893.6
88068,2923676.89
88069,3977657.12
88070,2042443.01
88071,1085095.5
88073,1271593.3
88074,956460.27
88075,71813924.98
88076,3377662.01
88077,3627975.31
88078,20142510.85
88079,25351520.38
88080,3083035.02
88081,12211036.08
88082,7010572.86
88083,3222412.46
88084,4102073.81
88085,1411600.95
88086,2770709.0
88087,16741505.44
88088,10529459.3
88089,4697844.350000001
88090,32894985.810000002
88091,1936135.01
88092,5335197.15
88093,1137814.96
88094,16487124.790000001
88095,26111938.17
88096,1178282.07
88097,240775.25
88098,4869499.37
88099,19798461.080000002
88100,732742.5
88101,11176430.31
88102,1001765.0700000001
88103,1943757.6099999999
88104,2805556.3000000003
88105,2399442.42
88106,5299039.8100000005
88107,781370.73
88108,3690602.5200000005
88109,3875270.33
88110,2246434.3
88111,2408700.5100000002
88112,4634686.609999999
88113,1547125.85
88114,51614330.35
88115,18873084.62
88116,31706373.13
88117,812521.86
88118,7543207.42
88119,1749019.84
88120,4420932.71
88121,2205537.68
88122,3927145.9
88123,2449203.28
88124,9484059.28
88125,817566.35
88126,6346933.55
88127,726190.34
88128,1336289.09
88129,1641339.58
88130,1424937.69
88131,2044485.54
88132,10881952.35
88133,1786254.56
88134,4848426.87
88135,11919999.0
88136,14927066.55
88137,955835.13
88138,1525888.77
88139,957258.17
88140,4205903.3
88141,3161028.44
88142,3624598.27
88143,4200978.66
88144,817640.96
88145,1198414.6
88146,2230330.42
88147,2884696.36
88148,10713981.67
88149,703687.5
88150,5245842.59
88151,11959526.84
88152,3104940.1
88153,4021760.8099999996
88154,2975389.89
88155,1953213.0899999999
88156,1742318.3499999999
88157,3570318.38
88158,31790663.64
88159,3733435.02
88160,310875728.33
88161,5503457.31
88162,2403382.1500000004
88163,4328378.71
88164,1577973.8599999999
88165,19915066.56
88166,2057285.5699999998
88167,1539161.7
88168,931478.96
88169,1471420.8599999999
88170,4846256.72
88171,767950.29
88172,1836152.21
88173,3909760.65
88174,1931054.91
88175,3438393.86
88176,7231164.4799999995
88177,3605340.9299999997
88178,11435620.85
88179,722085.4800000001
88180,1935748.87
88181,20830143.32
88182,2058076.35
88183,2007068.0999999999
88184,5175671.91
88185,936371.75
88186,542752.43
88187,874510.8200000001
88188,10242740.7
88189,1752929.62
88190,2380781.47
88192,1150305.33
88193,2194415.2
88194,1928434.63
88195,1645744.48
88196,103044113.62
88197,3239383.45
88198,4199726.97
88199,986833.51
88200,1095360.54
88201,6884594.08
88202,1212023.65
88203,2791601.32
88204,5366331.66
88205,3364396.29
88206,14455635.24
88208,1613946.64
88209,90031058.29
88210,2512328.6
88212,4671704.01
88213,2046645.05
88214,1321652.8699999999
88215,1071352.32
88216,3526596.19
88218,12702416.92
88219,1415890.18
88220,541464.72
88221,3062657.98
88222,1677602.93
88223,2419056.6599999997
88224,2764320.0900000003
88225,15339180.59
88226,2115274.9699999997
88227,1378508.8800000001
88228,1631933.46
88229,1590270.56
88230,497470.21
88231,7153344.8
88232,2450229.4499999997
88233,6978091.49
88234,2811601.8699999996
88235,1785284.22
88236,2478695.81
88237,2736404.71
88238,4532217.07
88239,1183024.17
88240,1467951.0899999999
88241,4248323.17
88242,849751.18
88243,2167079.92
88244,5184825.57
88245,1653606.61
88246,4990960.22
88247,6639862.65
88248,2902691.61
88249,964805.93
88250,1499549.66
88251,10641091.3
88252,2735463.62
88253,10964974.42
88254,1178629.99
88255,1010646.19
88256,1901215.43
88257,2010497.04
88258,7698777.67
88259,2616090.74
88260,2419274.48
88261,4973559.45
88262,3312024.56
88263,1860075.49
88264,764009.34
88265,487981.76
88266,8458834.16
88267,6040058.28
88268,929056.04
88269,2040470.95
88270,11245030.639999999
88271,3660979.76
88272,1535642.27
88273,3446679.58
88274,976682.81
88275,2157949.5700000003
88276,7183858.79
88277,954510.94
88278,862447.27
88279,1204093.0899999999
88280,1436212.4
88281,1795445.33
88283,890432.41
88284,2583262.9699999997
88285,4688895.75
88286,629495.62
88287,885144.1
88288,658696.88
88289,7147207.100000001
88290,1433169.05
88291,1333058.78
88292,9861690.42
88293,3029186.5100000002
88294,4194572.37
88295,2547184.35
88296,1048008.34
88297,865431.72
88298,3009032.86
88299,952380.91
88300,1525383.52
88301,2362388.48
88302,9603994.77
88303,2534804.78
88304,40511108.32
88305,1243065.68
88306,390074.9
88307,1307304.95
88308,2809600.05
88309,2061564.9
88310,8731306.6
88311,566637.65
88312,4087253.29
88313,2644340.31
88314,1675470.26
88315,1611434.81
88316,661352.62
88317,6480743.61
88318,3787684.54
88319,24388451.69
88320,4279166.99
88321,54048008.66
88322,3382434.77
88324,4696206.36
88325,2353115.65
88326,2044176.8699999999
88327,14814518.44
88328,5602585.5
88330,2949311.85
88331,580107.6000000001
88332,2951494.2
88333,908566.81
88334,2774119.98
88335,1592374.99
88336,1158011.85
88337,1347503.72
88338,926986.1499999999
88340,3709775.83
88341,3018009.61
88342,2895884.97
88343,2426680.45
88344,3215506.52
88345,1253067.25
88346,5187984.16
88347,1943635.79
88348,1529362.96
88349,13168558.02
88350,971084.31
88351,18211876.69
88352,2251322.79
88353,1714156.38
88354,873778.28
88355,10287240.85
88356,1309093.4
88357,12267096.39
88358,13816897.08
88359,411990.05
88360,2024360.9100000001
88361,5532904.34
88362,847577.37
88363,1970476.7999999998
88364,1568795.94
88365,2489358.46
88366,2198887.75
88367,44441530.58
88368,1243670.06
88369,17206748.73
88370,1239134.45
88371,9253119.83
88372,56417270.78
88373,1420044.5899999999
88374,343812.82
88375,1750605.54
88376,4662713.46
88377,2191479.75
88378,2332906.89
88379,2494956.5
88380,1883054.3800000001
88381,3700176.61
88382,721175.98
88383,130839368.78999999
88385,6556722.96
88386,2865477.3600000003
88387,2660466.55
88388,702801.7
88389,885624.83
88390,1623150.76
88391,5378560.21
88392,688126.04
88393,2746840.44
88394,871328.66
88395,2949088.2399999998
88398,1418915.76
88399,1674829.47
88400,3536205.25
88401,6787371.3100000005
88402,3103632.02
88403,3476430.97
88404,892013.16
88406,2112795.12
88407,1632833.46
88408,27489632.78
88409,10760222.12
88410,2186801.7
88411,1346460.24
88412,3665423.0
88413,182993213.29
88415,26251705.35
88416,1743047.72
88417,3536938.6
88418,3520169.53
88419,1749302.23
88421,1587976.05
88423,8988374.629999999
88424,19480833.23
88425,1605964.28
88426,11291914.71
88427,1378806.79
88428,14947519.09
88429,38568807.33
88430,4189996.49
88431,1830932.64
88432,1353154.49
88433,1141916.32
88434,2921979.8
88435,2798275.65
88436,1208461.93
88437,1110401.93
88438,2221102.41
88439,4145828.2199999997
88440,2248098.37
88441,2207969.06
88442,4242946.55
88443,1598588.7
88444,1495512.17
88445,8815659.46
88446,3531740.75
88447,36281637.97
88448,1416940.31
88449,1108675.82
88450,1879521.51
88451,21531151.37
88452,1854305.06
88453,1650287.08
88454,2443918.53
88455,1242241.01
88456,1108841.19
88457,1373177.32
88458,3106955.8400000003
88459,670833.9600000001
88460,5527939.93
88461,3000924.5
88462,10532691.14
88463,7357920.93
88464,5967391.25
88465,78816192.81
88466,1950880.42
88467,3566149.21
88468,24540873.16
88469,1038696.3
88470,16026304.899999999
88471,1805922.52
88472,1548561.81
88473,1252515.29
88474,963220.25
88475,1787470.6300000001
88476,776133.91
88477,1874364.98
88478,1695206.01
88479,2540698.9
88480,1442121.3499999999
88481,10731090.87
88482,1417730.04
88483,9889396.09
88484,7390779.2
88485,1246422.72
88486,18815806.81
88487,22144968.34
88488,2244676.17
88489,3936597.45
88490,1708420.54
88491,1486915.1
88492,4274941.7299999995
88493,587738.0900000001
88494,1360307.56
88495,1420750.8599999999
88496,1394445.06
88497,4128510.62
88498,5209365.42
88499,2126445.86
88500,10194107.83
88501,1036692.04
88502,844621.7100000001
88503,1536732.66
88504,2745399.65
88505,1461971.85
88506,684836.06
88507,2395222.8000000003
88508,7669073.35
88509,1101796.84
88510,2333271.46
88511,1017962.61
88512,1212523.45
88513,12411981.76
88514,2624299.15
88515,1199514.29
88516,103904416.44
88517,2005460.04
88518,686402.9500000001
88519,2440554.0500000003
88520,3587576.88
88521,2027876.89
88522,474558.79999999993
88523,2055681.66
88524,2837337.38
88525,1451488.02
88526,4054950.68
88527,2837664.31
88528,1747510.28
88529,689778.85
88530,23701180.98
88531,13864901.61
88532,928019.6599999999
89001,3096554.71
89002,1633485.01
89003,14276283.379999999
89004,2616373.21
89005,4971912.01
89006,1266586.82
89007,3619174.68
89008,1524876.56
89009,2536955.35
89010,1455657.62
89011,2180912.4299999997
89012,1417656.31
89013,21658301.37
89014,3293818.52
89015,2755571.88
89016,529959.26
89017,2605598.56
89018,2051986.59
89019,1703145.46
89020,1423139.54
89021,2657036.22
89022,1295735.63
89023,4510544.08
89024,420616505.59
89025,64168622.64
89027,2315583.98
89028,567722.64
89029,5106969.49
89030,2746916.52
89031,2216066.8200000003
89032,1012710.78
89033,1270015.35
89034,6198642.09
89035,1864489.49
89036,838633.63
89037,1543391.07
89038,1222864.48
89039,423718.48000000004
89040,1512857.97
89041,1337131.87
89042,2368911.75
89043,1280118.38
89044,712905.97
89045,2627125.58
89046,14747836.26
89048,1671567.39
89049,355647.43
89050,4366426.32
89051,2599746.16
89053,2165393.39
89054,2002812.69
89055,19457029.73
89056,3114920.57
89057,2474939.7399999998
89058,1960084.3699999999
89059,7566923.97
89060,1620981.21
89061,1674144.55
89062,4633518.92
89063,3494348.86
89064,568634.1900000001
89065,492504.51999999996
89066,8388885.01
89067,4465470.76
89068,22531459.19
89069,8292173.27
89070,737221.1
89071,975098.27
89072,3804721.05
89073,8113018.16
89074,8990637.72
89075,2629315.02
89076,4019177.2
89077,8752968.5
89078,2062370.02
89079,1833103.1400000001
89080,3583496.58
89081,1275644.4
89083,9955834.450000001
89084,2140365.01
89085,4955215.27
89086,16819773.6
89087,2534256.68
89088,1891053.0899999999
89089,1402744.0999999999
89091,7349539.59
89092,1761298.8299999998
89093,2821862.8
89094,2460149.02
89095,1352599.28
89096,6686243.8100000005
89097,1547375.04
89098,631298.1799999999
89099,11897625.23
89100,7263243.81
89101,4119595.73
89102,16006689.37
89103,1444630.95
89104,2389369.56
89105,1604797.81
89107,1019639.07
89108,4151082.28
89109,649468.84
89111,1216949.24
89112,1816839.5
89113,1530684.87
89115,687782.43
89116,1514322.5799999998
89117,1920426.8800000001
89118,6650244.83
89119,8231272.33
89120,1316695.46
89122,2426785.14
89123,1893079.63
89124,6711255.2
89125,7048253.54
89126,199409.15
89127,4871408.45
89128,2227333.44
89129,3138785.04
89130,8119086.390000001
89131,4038351.71
89132,1418438.44
89133,1933096.6
89134,2666456.72
89136,4415179.83
89137,1096873.96
89138,1788485.0299999998
89139,7203276.319999999
89141,1706016.52
89142,2815401.7399999998
89143,1780178.6500000001
89144,3837932.78
89145,3364486.83
89146,1504308.9
89147,1975339.37
89148,3551651.8000000003
89149,1720830.8199999998
89150,1648453.27
89151,6377718.16
89152,1972444.77
89153,4398762.86
89154,6298361.01
89155,3621280.7399999998
89156,1880646.97
89158,5080040.91
89159,5542288.74
89160,3831384.4499999997
89161,1544372.0
89162,1621049.87
89163,6882283.85
89164,418280.32
89165,1080803.99
89167,6501462.1
89168,1001442.2100000001
89169,12148215.09
89170,1376170.57
89171,934611.3300000001
89172,3290111.85
89173,2771346.11
89174,1199409.23
89175,2323299.68
89176,1419795.93
89177,780884.3800000001
89178,1244142.68
89179,2704876.5500000003
89180,1572804.08
89181,920910.29
89182,1181494.7
89183,956533.1799999999
89184,949174.23
89186,5852423.89
89187,955077.5399999999
89188,1622843.08
89189,1936226.24
89190,1832883.62
89191,888503.72
89192,2230931.75
89194,1282996.03
89195,18545043.26
89196,3016645.66
89197,3187338.86
89198,10467186.84
89199,2779234.13
89200,1776373.42
89201,15482960.16
89202,3797396.51
89203,1973388.98
89204,7529734.33
89205,4405702.71
89206,89932997.8
89207,746925.9700000001
89208,10245865.74
89209,2677015.59
89210,1869302.2299999997
89211,361134.66
89212,2529547.94
89213,1388251.58
89214,1848874.47
89215,1536396.23
89216,3735684.79
89217,1660810.06
89218,5468691.97
89219,1264568.63
89220,4386024.78
89221,2489477.36
89222,3129274.04
89223,8318588.26
89224,851425.4199999999
89225,922367.2100000001
89226,3078614.4400000004
89227,10035070.18
89228,5231631.76
89229,1670162.12
89230,2401275.22
89232,3610541.23
89233,1589087.48
89234,1278288.8
89235,6151366.97
89236,5438581.82
89237,3500231.11
89238,3337439.52
89239,8999902.56
89240,1938441.53
89241,1014843.13
89242,6898400.18
89243,795242.71
89244,921999.9500000001
89245,2669679.29
89246,2606393.25
89247,1771029.01
89248,614744.21
89249,565002.99
89250,1674623.91
89251,2093782.1199999999
89252,1914642.12
89253,1738117.75
89254,7094808.58
89255,4362461.71
89256,3498022.1900000004
89257,55799428.78
89259,1883461.67
89260,2679027.64
89261,1291830.01
89262,2507445.4
89263,40543978.160000004
89264,3393107.76
89265,5624471.88
89266,1808932.78
89267,2977820.26
89268,4010846.45
89270,948866.5399999999
89271,1740948.02
89272,1955110.01
89273,3071820.0
89274,5707261.399999999
89275,2690572.34
89276,5979825.08
89277,4223367.5600000005
89278,2392855.17
89279,7276074.99
89280,2733163.05
89281,1381147.19
89282,2972847.39
89283,6106150.97
89284,1919693.8499999999
89285,1002017.18
89286,5202265.35
89287,26237921.0
89288,2010984.98
89289,1047709.1
89290,1161649.29
89291,1395283.55
89292,1426877.04
89294,3026761.55
89295,12565453.53
89296,2826314.58
89297,1167009.53
89298,3499911.7
89299,631997.09
89300,580116.63
89302,912112.88
89303,2410063.11
89304,3209664.67
89306,1343452.31
89307,5773307.5200000005
89308,1511155.34
89309,18688537.2
89310,881760.15
89311,9789758.37
89312,5333931.49
89313,2520151.08
89314,2497445.96
89315,958866.63
89316,1268508.94
89317,1921842.92
89318,6667002.13
89319,1539964.55
89320,669500.62
89321,5929269.12
89323,1193724.2
89324,4845705.17
89325,923986.95
89326,1426988.1199999999
89327,1986184.36
89328,1905438.83
89329,1601935.45
89330,2458255.97
89331,4259239.0
89332,4214173.25
89333,1812078.42
89334,3176660.35
89335,1125515.76
89336,2877574.4899999998
89337,7987344.7
89338,16656088.31
89339,1956255.24
89340,2908587.3
89341,3790854.03
89342,5580313.34
89343,1008777.48
89344,16289326.23
89345,41457190.8
89346,20052722.14
89347,4422025.36
89348,25222796.900000002
89349,4412060.69
89350,1528797.3
89351,4372882.75
89352,2889882.0700000003
89353,1681959.3800000001
89354,7227358.76
89355,817139.65
89356,288640.56
89358,2389860.37
89359,2609123.41
89360,2352736.92
89361,905933.94
89362,1409271.84
89363,361354.83999999997
89364,3543244.9499999997
89365,5490485.74
89366,785187.43
89367,6035119.32
89368,10257558.38
89369,1749637.59
89370,10826326.98
89371,1584728.53
89373,4078262.1
89374,1007601.42
89375,957894.73
89376,2704406.47
89377,502300.19
89378,10766845.7
89379,1531166.75
89380,2430601.05
89381,1825342.95
89382,9254316.85
89383,1700281.85
89384,4094185.02
89385,944267.9199999999
89386,985080.38
89387,191490361.61
89388,2164301.59
89390,2452554.29
89391,10311890.51
89392,1431456.1
89393,1140734.53
89394,413532.96
89395,4074634.0900000003
89397,1699318.24
89398,5330872.4399999995
89399,7003149.12
89400,3022015.88
89402,815648.97
89403,1820517.85
89404,2427897.95
89405,2474901.43
89406,1173374.87
89407,11828880.51
89408,2518756.06
89409,734407.22
89410,997917.56
89411,3326835.66
89412,1555489.8900000001
89413,1057857.18
89414,7010898.63
89415,2293203.54
89416,3360098.75
89417,994410.54
89418,47081913.83
89419,20398836.72
89420,10055673.46
89421,614535.37
89422,739106.01
89423,834953.05
89424,830882.48
89425,3937495.63
89426,3059083.71
89427,4457380.12
89428,4881840.62
89429,976025.2
89430,3040747.59
89431,567645.44
89432,2751259.2600000002
89433,3051173.1
89434,2437036.19
89436,6665648.78
89437,2081006.48
89438,11191653.85
89439,9758245.26
89440,1464085.84
89441,10057076.96
89442,1236233.82
89443,9487458.88
89445,1100154.4
89446,10246053.12
89447,1277407.1199999999
89448,1048837.85
89449,5706460.4
89450,1795967.48
89451,1975499.84
89452,1399557.55
89453,6274707.65
89454,4149798.04
89456,3633365.15
89457,2344603.78
89458,1115323.96
89459,1541953.02
89460,27866667.41
89461,8010860.42
89462,3074434.7199999997
89463,2052754.3
89464,28949560.08
89465,1611125.55
89466,2219950.98
89467,2962403.3200000003
89468,2531787.14
89469,4917331.65
89470,2936012.04
89471,1943015.8
89472,7285271.62
89473,2743791.44
89474,2101650.37
89475,1593889.53
89477,1517776.2
89478,7310444.319999999
89479,1627541.53
89480,6892075.71
89481,757292.4099999999
89482,933024.74
89483,2339054.92
89484,1892764.31
89485,820337.63
89486,2259295.91
90001,8254155.09
90002,2162452.14
90003,4293831.4
90004,7767761.93
90005,3013914.15
90006,1936841.29
90007,2114746.12
90008,30551712.96
90009,36819393.86
90010,529668829.34999996
90011,1940627.38
90012,11397248.14
90013,1652831.08
90014,3412537.9299999997
90015,2363124.84
90016,654853.12
90017,16743238.26
90018,1479838.3
90019,1213387.5
90020,2014876.0999999999
90021,2416207.5100000002
90022,21807138.8
90023,5218895.45
90024,1282954.0999999999
90025,2068484.0
90026,10078235.03
90027,1999936.86
90028,2761875.75
90029,12450978.94
90030,1232738.03
90031,1166165.6800000002
90032,22000153.580000002
90033,61563408.59
90034,3938077.28
90035,3905832.0
90036,1112977.19
90037,3473258.8899999997
90039,15171305.879999999
90041,9206975.54
90042,10322737.719999999
90043,4706800.72
90044,1239029.27
90045,6040712.96
90046,2633908.7399999998
90047,3118619.5100000002
90048,637910.2
90049,6766257.56
90050,1221275.99
90051,3198222.31
90052,16715708.229999999
90053,26756254.63
90054,3526876.11
90055,2077457.3699999999
90056,8971507.21
90057,3615995.12
90058,3070228.27
90059,1396458.41
90060,661939.72
90061,590227.02
90062,2261296.02
90063,3030732.42
90064,1579604.33
90065,5597252.41
90066,561971.76
90067,2933061.94
90068,5208513.9
90069,9438661.3
90070,3992424.16
90071,6861073.58
90072,12357839.82
90073,1626009.38
90074,1480153.33
90075,36412680.22
90076,4514668.94
90077,1336892.94
90078,1183417.33
90079,1714228.49
90080,1706157.71
90081,5503796.97
90082,1188414.24
90083,418529.55
90084,1658235.97
90085,473264.51
90086,1192954.48
90087,5065698.65
90088,4801828.63
90089,9450473.65
90090,3472762.01
90091,3637990.15
90093,4985195.21
90094,2144471.4699999997
90095,3301385.36
90096,1462224.82
90097,8014538.0
90098,1205276.66
90099,33827678.3
90100,2209301.53
90101,1640152.28
90102,2692776.25
90103,3654840.55
90104,5776510.2700000005
90105,877669.0499999999
91001,1553218.9300000002
91016,29128968.19
91017,9037137.799999999
91021,71940424.77
91022,1244791.6199999999
91027,160305969.32
91035,2250890.83
91037,2959802.51
91038,6203871.93
91041,17609875.5
91044,38231615.269999996
91045,43339679.14
91047,10026489.36
91064,67111248.28
91067,1468708.94
91069,5610476.03
91075,399274.28
91079,4651164.16
91080,6733221.87
91081,2967393.29
91085,20927299.81
91086,39703651.1
91093,5834989.86
91095,11889890.23
91097,38569445.269999996
91098,2545927.07
91099,24958843.66
91100,3970973.8400000003
91103,169522551.56
91105,57678886.01
91106,7155271.31
91109,11450031.370000001
91111,27635141.150000002
91112,1344609.16
91114,158290519.2
91115,24187956.29
91121,3762614.5599999996
91122,49690577.57
91129,19467029.74
91130,6876939.42
91131,3855255.09
91132,5457247.88
91135,17364824.99
91136,28427090.41
91137,1430531.86
91145,787303.12
91148,902386.23
91156,10695768.74
91159,9962543.59
91161,107120084.43
91174,490589686.24
91175,10929667.49
91179,33337800.2
91180,2912266.3
91182,114814444.49000001
91184,3350385.39
91186,5609675.93
91191,72515064.42999999
91195,4071963.79
91198,7891071.98
91200,96912644.77
91201,169606497.45000002
91204,4631007.29
91207,32392887.03
91215,110790352.86
91216,64196394.09
91222,1661763.18
91223,203805210.81
91225,16979334.98
91226,40052135.9
91228,205960731.8
91232,21303774.73
91235,81426522.71
91240,840302.54
91243,13201237.4
91244,7725815.67
91247,3001954.67
91248,2180309.19
91249,27223151.580000002
91272,188076032.87
91273,4489954.37
91274,11691970.28
91275,15452537.56
91284,4786418.71
91286,148027525.67
91292,5106177.16
91293,4072047.94
91294,8873626.8
91312,60923539.45
91315,45114759.86
91318,10905623.35
91319,8068947.0600000005
91326,107960981.53999999
91330,53123212.86
91332,7835594.91
91333,20823483.2
91338,50768516.879999995
91339,55609669.53
91340,36997409.24
91345,114799096.53
91347,43315523.43
91359,16572595.16
91363,66777213.699999996
91374,1640233.01
91376,30525732.0
91377,466421073.98
91378,4154698.84
91386,80136573.61
91390,26005142.91
91393,2988764.86
91399,1149792.0999999999
91405,40826015.870000005
91408,11522503.03
91411,10285824.72
91412,3493907.54
91414,2345051.0500000003
91421,169857987.43
91425,55768858.269999996
91432,101641712.06
91433,22365816.16
91434,118983482.15
91435,5921653.97
91441,3345897.1599999997
91457,24187769.41
91458,40219703.87
91461,34403878.0
91463,7882361.57
91468,20911284.02
91469,6340495.99
91471,148118506.37
91473,2460320.51
91477,170064172.37
91479,86092841.89
91482,6455643.11
91494,33330594.130000003
91495,1978503.2299999997
91507,3414825.34
91508,2686726.81
91511,12697289.47
91514,50054515.690000005
91519,2925657.66
91521,150175054.91
91525,8232256.48
91526,982651.43
91533,13338495.1
91534,45923014.589999996
91538,17687184.73
91540,27180637.22
91544,3413388.67
91546,4481274.1899999995
91547,4927431.71
91549,259621599.12
91552,62983932.88
91553,35239403.05
91556,3523616.6
91560,3506737.86
91568,8282196.68
91570,136583439.35
91573,14512474.18
91577,28625219.419999998
91578,4581535.44
91579,16989721.76
91581,4827386.1899999995
91587,35157531.65
91589,213250184.53
91593,9159211.17
91599,5258217.65
91600,28897693.830000002
91602,2688318.17
91613,2281109.33
91617,6115309.41
91619,1729942.53
91629,4034831.23
91630,12141663.35
91631,25630945.27
91634,7471072.930000001
91635,18211083.25
91639,4719649.49
91645,139054600.63
91648,28152116.06
91649,27296111.349999998
91654,3471145.78
91657,147617190.36
91659,54645227.65
91661,188197689.26
91662,5080256.08
91665,57435226.650000006
91666,55274178.43
91667,42223725.79
91671,4036681.85
91679,27758676.189999998
91685,25060025.66
91687,239880439.38000003
91689,71298036.7
91691,192615360.60999998
91692,299159184.57
92002,536336390.71000004
92004,531965724.15
92007,270805483.3
92009,163825201.56
92012,953557382.94
92014,172166403.6
92019,228284683.7
92020,203603931.36
92022,142558553.34
92023,445761492.65
92024,478665233.15
92025,647485814.5799999
92026,865399301.2
92032,161988209.78
92033,96725088.89
92035,200128272.07
92036,714571705.04
92040,572808771.4200001
92044,1437772364.74
92046,262007290.4
92047,14375054.49
92048,298260653.02
92049,349592297.86
92050,889659001.22
92051,514928835.42
92060,300038735.01
92062,1056212160.02
92063,836500469.5300001
92064,190781322.43
92071,215542091.24
92072,176275370.14000002
92073,587319681.97
92075,161297172.6
92076,83397070.26
92077,68720850.9
92078,196783879.20000002
93001,496521627.90000004
93005,664930402.0699999
93006,320713523.09999996
93007,600217057.9
93008,455394030.76
93010,299779353.72
93013,87304769.36
93014,197321812.75
93015,28381815.79
93027,329420008.04
93029,468622999.23
93030,57922513.14
93031,284615776.84
93032,260919853.84
93033,38862614.87
93039,45732815.75
93045,152282232.37
93046,201987814.16
93047,203155656.73
93048,748152034.97
93049,84702716.95
93050,247968000.95000002
93051,672184740.8199999
93053,255073522.0
93055,468290281.86
93057,137295338.52
93059,143063886.67999998
93061,88939950.76
93062,75894944.97
93063,285757516.82
93064,274876640.25
93066,714410544.13
93070,580414982.01
93071,320450094.93
93072,175499631.99
93073,428871790.46
93074,59980025.74
93077,195926957.64
93078,250850303.9
93079,81967849.09
94001,25505109.37
94002,292933052.4
94003,172494647.53
94004,86581368.72
94011,155927388.86
94015,143493346.25
94016,204223686.22
94017,523043619.69000006
94018,290735583.46999997
94019,65010970.45
94021,145041308.10999998
94022,232560220.78
94028,621714840.99
94033,392878274.01
94034,168478160.93
94037,133035611.13000001
94038,141305250.17000002
94041,535974952.85
94042,125877530.16000001
94043,147362827.14
94044,125552303.73
94046,245330483.35999998
94047,29983609.17
94048,36156187.949999996
94052,221470095.5
94053,26435676.84
94054,246786553.37
94055,74971875.67
94056,16022310.19
94058,225639701.55
94059,140885855.04
94060,73444720.47
94065,151698760.94
94067,144625425.56
94068,579545610.64
94069,121373001.47
94070,26831290.62
94071,159931054.08
94073,214901248.57
94074,121640722.26
94075,59648547.22
94076,335442447.56
94077,168773110.57
94078,161805075.14
94079,192184083.79000002
94080,360955613.37
94081,766241711.61
95002,5017799.56
95008,5171298.11
95011,2298566.07
95012,2619768.23
95014,19300095.919999998
95018,883528498.0
95019,89180382.68
95023,6028682.34
95024,2555187.3000000003
95026,19005501.67
95028,12749690.46
95039,33936589.75
95040,5927599.86
95042,14521380.7
95046,1647355.82
95051,74452800.41
95052,67959025.46
95054,1677543.9
95055,3138331.9299999997
95056,14767876.07
95058,17496941.9
95059,3076035.75
95060,37147648.9
95061,2832507.65
95063,152981719.41
95074,8237201.01
95078,19796881.33
95088,13848515.81
95091,32641008.87
95094,2888688.6999999997
95101,8266721.39
95102,4360907.15
95110,3605201.63
95116,27411857.13
95119,3299107.4
95120,12538779.209999999
95127,329794781.23
95134,31683829.85
95139,2672303.33
95141,390958.46
95142,11695179.790000001
95144,2422333.75
95149,21472007.98
95150,4619797.649999999
95151,1330933.15
95154,5576990.21
95157,2791998.11
95166,3082792.36
95169,4029461.9299999997
95170,2826894.25
95176,122158644.69
95177,13985903.19
95181,2972823.08
95183,34992375.03
95197,112134199.16
95199,85231219.80000001
95203,182350551.31
95205,52251882.31
95210,259724901.18
95211,21311133.79
95212,4771922.87
95213,5509529.75
95214,724907.27
95218,96707446.52
95219,175180356.22
95229,39938728.7
95241,13932943.49
95250,61183037.660000004
95252,196056093.73999998
95253,4023778.81
95254,3093528.92
95256,24312394.36
95257,29899646.21
95258,2249863.12
95259,1219294.4000000001
95268,354527886.66999996
95270,3287167.4899999998
95271,9791839.61
95277,227624105.53
95280,205280763.44
95282,1316897.9
95287,5227677.29
95288,52580438.64
95295,2397399.12
95298,4623804.04
95301,2055753.75
95303,1231065.33
95304,2523486.83
95306,225680372.71
95308,5124950.09
95309,1983662.48
95313,113531193.46
95316,3390679.3400000003
95323,103370705.47
95328,3861470.09
95331,1107458.87
95341,4532675.09
95348,3891766.62
95351,59323663.1
95352,24367205.24
95353,8482373.76
95355,42574367.06
95365,4486166.52
95369,17079508.400000002
95370,40308755.269999996
95371,39815204.64
95379,2811335.0
95387,1134529.13
95388,29315569.060000002
95392,28224240.98
95394,60712101.95
95395,8039594.949999999
95409,7518651.63
95422,4416207.68
95424,115037645.85
95426,20413993.89
95427,83953711.44999999
95428,172232870.43
95429,3905247.3899999997
95430,29792747.66
95436,13666711.04
95438,1415984.23
95445,3956048.4400000004
95446,13339592.08
95447,1814796.2499999998
95450,15208914.21
95452,4332166.62
95456,4519582.06
95459,5265491.22
95462,2989882.98
95476,104203426.57000001
95480,26218283.99
95483,2746348.74
95487,105635621.56
95488,50269938.019999996
95489,7464774.33
95491,46790717.51
95492,4086150.04
95493,1881510.6300000001
95500,196877469.44
95504,23028373.68
95509,16327853.870000001
95510,3583402.98
95523,5870501.41
95527,74536692.58
95529,6853779.35
95535,7584272.84
95539,101711639.68
95541,9888809.190000001
95543,2321843.33
95554,3017182.6
95555,178005833.16
95563,85541377.23
95566,21483563.55
95572,148334949.8
95574,55022203.730000004
95580,18123761.46
95582,151687525.24
95584,3966335.75
95585,383565589.43
95592,10183250.52
95594,6523654.38
95598,105764240.97
95604,23034293.13
95607,167681911.22
95610,3025911.7600000002
95611,1715846.58
95612,44686655.44
95625,5657822.01
95627,5715006.45
95628,8376309.6
95633,2230019.53
95637,106619484.3
95641,18092147.43
95651,7476667.39
95652,35049832.0
95656,2301580.75
95658,8139419.25
95660,6546135.47
95675,5069202.82
95676,4293124.24
95678,7494248.32
95680,178091451.38
95682,2367696.9
95690,4626877.01
971101,287120539.59
971102,33978935.12
971103,337507631.82
971104,45309474.45
971105,85212082.98
971106,49906793.370000005
971107,142724253.55
971108,30864266.84
971109,52860118.75
971110,20426806.96
971111,29656715.560000002
971112,44347487.69
971113,234717774.86
971114,36950089.93
971115,102878595.89
971116,66708713.66
971117,154804725.07
971118,96988608.64999999
971119,60307839.37
971120,267237494.37
971121,51185353.05
971122,58828236.13
971124,67104233.160000004
971125,162258896.04
971126,25285757.39
971128,142855107.35
971129,80219462.53999999
971130,19553897.56
971131,41098741.45
971132,50010084.98
971133,17672201.740000002
971134,50189529.43
972201,11916634.03
972202,48872051.29
972203,32811778.03
972204,29170420.87
972205,43732920.28
972206,33214996.8
972207,99042299.28
972208,8298347.470000001
972209,853077227.48
972210,125164166.41
972211,18261221.26
972212,49856344.129999995
972213,326205732.19
972214,48270273.66
972215,10593752.6
972216,35316540.52
972217,65801898.980000004
972218,55384396.629999995
972219,25476385.6
972220,79642453.78999999
972221,105336723.66
972222,138937854.12
972223,51605923.25
972224,79007120.15
972225,33369677.55
972226,51382066.36
972227,51098811.87
972228,117273174.0
972229,140135456.85999998
972230,91363519.25999999
972231,55850173.92
972232,54332175.92
972233,19332256.55
972234,22777962.529999997
973301,27603161.51
973302,231542620.17999998
973303,21489562.6
973304,182471989.28
973305,59579094.12
973306,41302533.54
973307,156602518.21
973308,38834698.79
973309,102978602.74
973310,23106472.49
973311,123425306.68
973312,79572898.15
973313,21906239.07
973314,6858950.94
973352,6381789.359999999
973353,42203210.05
973356,17660776.22
973357,26872352.96
973358,4076204.32
973360,32843965.7
973361,11547561.87
973362,21348916.68
974401,81594639.52
974402,125861676.42
974403,88972702.45
974404,131979327.71
974405,105472689.17
974406,87114504.78
974407,425898456.39
974408,200209206.87
974409,337043233.64
974410,303594298.57
974411,1106936857.41
974412,276880387.33
974413,219728609.38
974414,293335684.97
974415,645149795.24
974416,699389574.3
974417,54107703.0
974418,248103405.58
974419,81181279.77
974420,148493262.57999998
974421,69779333.99
974422,598372603.01
974423,81952556.01
974424,64149110.82
976601,15715467.64
976602,39424133.0
976603,31029126.36
976604,26848445.13
976605,23860460.529999997
976606,35634766.72
976607,41667717.73
976608,25209512.93
976609,30134687.720000003
976610,28863400.03
976611,127334883.84
976612,21933423.150000002
976613,42782720.18
976614,27786516.419999998
976615,22967647.68
976616,27297175.099999998
976617,37363735.66
