code_insee,seats_real_2020
01001,15
01002,11
01004,33
01005,18
01006,11
01007,23
01008,15
01009,11
01010,15
01011,11
01012,11
01013,11
01014,23
01015,19
01016,11
01017,11
01019,6
01021,15
01022,14
01023,7
01024,23
01025,29
01026,15
01027,23
01028,15
01029,15
01030,15
01031,27
01032,23
01033,35
01034,29
01035,11
01036,19
01037,11
01038,15
01039,11
01040,11
01041,15
01042,11
01043,27
01044,15
01045,10
01046,15
01047,15
01049,23
01050,11
01051,7
01052,11
01053,43
01054,15
01056,11
01057,15
01058,15
01060,15
01061,15
01062,15
01063,15
01064,15
01065,19
01066,7
01067,11
01068,15
01069,19
01071,27
01072,23
01073,14
01074,19
01075,15
01076,11
01077,11
01078,14
01079,13
01080,19
01081,15
01082,15
01083,15
01084,15
01085,11
01087,10
01088,15
01089,19
01090,11
01092,19
01093,27
01094,15
01095,19
01096,15
01098,19
01099,19
01100,11
01101,11
01102,15
01103,16
01104,11
01105,19
01106,10
01107,11
01108,15
01109,19
01110,9
01111,11
01112,11
01113,15
01114,15
01115,15
01116,10
01117,11
01118,15
01121,11
01123,15
01124,15
01125,15
01127,15
01128,11
01129,11
01130,23
01133,11
01134,17
01135,18
01136,15
01138,23
01139,11
01140,15
01141,11
01142,27
01143,29
01145,15
01146,11
01147,11
01148,19
01149,15
01150,10
01151,15
01152,15
01153,19
01155,11
01156,15
01157,19
01158,14
01159,22
01160,29
01162,7
01163,19
01165,19
01166,19
01167,15
01169,15
01170,15
01171,15
01173,33
01174,11
01175,15
01177,11
01179,19
01180,15
01181,15
01183,15
01184,15
01185,29
01187,19
01188,15
01189,15
01190,7
01191,11
01192,19
01193,11
01194,29
01195,19
01196,15
01197,11
01198,11
01199,19
01200,11
01202,29
01203,15
01204,19
01206,11
01207,11
01208,11
01209,15
01210,11
01211,15
01212,15
01213,15
01214,11
01215,14
01216,14
01219,11
01224,23
01225,11
01227,19
01228,15
01229,15
01230,11
01231,19
01232,19
01233,11
01234,11
01235,15
01236,15
01237,19
01238,23
01239,15
01240,15
01241,15
01242,11
01243,15
01244,29
01245,15
01246,19
01247,11
01248,19
01249,29
01250,19
01252,15
01254,19
01255,15
01257,11
01258,15
01259,15
01260,11
01261,15
01262,29
01263,27
01264,15
01265,23
01266,19
01267,15
01268,11
01269,23
01272,19
01273,19
01274,15
01275,23
01276,18
01277,11
01279,7
01280,11
01281,27
01282,11
01283,35
01284,15
01285,15
01286,19
01288,23
01289,28
01290,15
01291,15
01293,11
01294,14
01295,15
01296,11
01297,15
01298,11
01299,15
01301,23
01302,11
01303,19
01304,23
01305,19
01306,19
01307,15
01308,15
01309,7
01310,11
01311,7
01313,29
01314,19
01317,11
01318,15
01319,11
01320,27
01321,15
01322,27
01323,14
01325,14
01328,15
01329,11
01330,11
01331,11
01332,15
01333,23
01334,15
01335,11
01336,15
01337,15
01338,19
01339,15
01342,15
01343,19
01344,29
01345,19
01346,14
01347,19
01348,23
01349,11
01350,19
01351,19
01352,15
01353,19
01354,33
01355,11
01356,11
01357,15
01358,11
01359,11
01360,19
01361,15
01362,15
01363,19
01364,15
01365,15
01366,15
01367,15
01368,14
01369,15
01370,19
01371,15
01372,11
01373,15
01374,19
01375,15
01376,27
01378,23
01379,15
01380,15
01381,15
01382,11
01383,15
01384,19
01385,14
01386,15
01387,11
01388,15
01389,19
01390,15
01391,11
01392,15
01393,13
01396,14
01397,15
01398,15
01399,18
01400,11
01401,19
01402,15
01403,15
01404,11
01405,15
01406,11
01407,15
01408,15
01410,11
01411,11
01412,15
01415,11
01416,15
01418,15
01419,27
01420,18
01421,15
01422,15
01423,15
01424,19
01425,11
01426,27
01427,29
01428,11
01429,15
01430,15
01431,15
01432,11
01433,11
01434,11
01435,19
01436,11
01437,10
01439,7
01441,15
01443,27
01444,15
01445,15
01446,18
01447,15
01448,11
01449,15
01450,27
01451,29
01452,13
01453,19
01454,15
01456,7
01457,23
02001,11
02002,15
02003,15
02004,11
02005,11
02006,11
02007,11
02008,11
02009,15
02010,11
02011,15
02012,7
02013,11
02014,15
02015,7
02016,11
02017,10
02018,27
02019,11
02020,11
02021,7
02022,11
02023,11
02024,7
02025,11
02027,11
02028,23
02029,11
02030,11
02031,15
02032,11
02033,11
02034,11
02035,11
02036,7
02037,15
02038,7
02039,11
02040,11
02041,14
02042,8
02043,7
02044,7
02046,15
02047,11
02048,10
02049,15
02050,11
02051,10
02052,11
02053,19
02054,11
02055,7
02056,11
02057,15
02058,15
02059,23
02060,11
02061,11
02062,11
02063,11
02064,27
02065,15
02066,11
02067,11
02068,11
02069,11
02070,10
02071,15
02072,11
02073,15
02074,15
02075,11
02076,11
02077,11
02078,11
02079,11
02080,11
02081,11
02082,11
02083,15
02084,11
02085,15
02086,15
02087,7
02088,7
02089,15
02090,11
02091,11
02093,15
02094,11
02095,29
02096,11
02097,11
02098,11
02099,11
02100,11
02101,11
02102,11
02103,15
02104,11
02105,11
02106,15
02107,11
02108,11
02109,11
02110,19
02111,15
02112,15
02114,19
02115,11
02116,11
02117,7
02118,11
02119,11
02120,11
02121,11
02122,7
02123,11
02124,15
02125,11
02126,11
02127,11
02128,19
02129,7
02130,11
02131,19
02132,11
02133,11
02134,15
02135,15
02136,11
02137,9
02138,11
02139,11
02140,11
02141,19
02142,11
02143,10
02144,11
02145,15
02146,7
02148,11
02149,7
02150,7
02151,11
02152,7
02153,19
02154,11
02155,11
02156,11
02157,14
02158,11
02159,11
02160,15
02162,11
02163,23
02164,11
02165,19
02166,11
02167,15
02168,33
02169,6
02170,11
02171,7
02172,11
02173,33
02174,15
02175,11
02176,10
02177,11
02178,10
02179,11
02180,15
02181,7
02182,11
02183,11
02184,11
02185,11
02186,15
02187,15
02188,11
02189,10
02190,14
02191,15
02192,11
02193,7
02194,11
02195,14
02196,10
02197,15
02198,11
02199,15
02200,11
02201,11
02203,15
02204,7
02205,11
02206,7
02207,11
02208,11
02209,15
02210,11
02211,11
02212,15
02213,10
02214,7
02215,15
02216,11
02217,15
02218,15
02219,11
02220,11
02221,11
02222,7
02223,10
02224,11
02225,7
02226,19
02227,11
02228,11
02229,7
02230,11
02231,14
02232,11
02233,11
02234,7
02235,11
02236,11
02237,15
02238,19
02239,14
02240,11
02241,11
02242,15
02243,23
02244,7
02245,19
02246,15
02248,11
02249,11
02250,7
02251,6
02252,7
02253,11
02254,11
02255,10
02256,11
02257,11
02258,10
02259,11
02260,15
02261,10
02262,11
02263,11
02264,15
02265,7
02266,7
02267,11
02268,15
02269,11
02270,11
02271,11
02272,7
02273,11
02274,11
02275,11
02276,11
02277,11
02278,7
02279,15
02280,11
02281,10
02282,11
02283,11
02284,7
02286,15
02287,15
02288,11
02289,10
02290,23
02291,11
02292,15
02293,15
02294,11
02295,13
02296,15
02297,11
02298,15
02299,14
02302,11
02303,15
02304,23
02305,23
02306,15
02307,19
02308,11
02309,15
02310,11
02311,11
02312,15
02313,11
02315,19
02316,11
02317,11
02318,15
02319,11
02320,11
02321,15
02322,11
02323,11
02324,11
02326,11
02327,11
02328,15
02329,11
02330,11
02331,11
02332,11
02333,11
02334,23
02335,11
02336,15
02337,11
02338,11
02339,15
02340,29
02341,11
02342,11
02343,7
02345,7
02346,15
02347,11
02349,7
02350,11
02351,11
02352,15
02353,11
02354,7
02355,15
02356,11
02357,7
02358,11
02359,15
02360,27
02361,27
02362,11
02363,11
02364,11
02366,10
02367,11
02368,15
02369,11
02370,15
02371,18
02372,11
02373,11
02374,15
02375,11
02376,11
02377,11
02378,11
02379,11
02380,7
02381,29
02382,15
02383,15
02384,7
02385,11
02386,11
02387,15
02388,11
02389,14
02390,11
02391,11
02392,11
02393,10
02395,11
02396,7
02397,15
02398,11
02399,15
02400,11
02401,11
02402,7
02403,11
02404,11
02405,15
02406,11
02407,11
02408,35
02409,11
02410,11
02411,11
02412,7
02413,11
02414,11
02415,10
02416,11
02417,11
02418,11
02419,11
02420,15
02421,11
02422,11
02423,11
02424,11
02425,11
02426,15
02427,11
02428,7
02429,11
02430,15
02431,11
02432,11
02433,11
02435,7
02438,10
02439,23
02440,11
02441,11
02442,7
02443,11
02444,11
02445,11
02446,11
02447,11
02448,11
02449,7
02450,11
02451,11
02452,11
02453,11
02454,11
02455,11
02456,11
02457,11
02458,19
02459,11
02460,11
02461,11
02462,10
02463,7
02464,11
02465,11
02466,11
02467,7
02468,19
02469,11
02470,11
02471,11
02472,11
02473,9
02474,11
02476,15
02477,15
02478,11
02480,11
02481,11
02482,7
02483,15
02484,15
02485,7
02486,11
02487,15
02488,11
02489,11
02490,10
02491,11
02492,11
02493,11
02494,11
02495,15
02496,11
02497,15
02498,9
02499,7
02500,15
02501,6
02502,15
02503,14
02504,19
02505,11
02506,11
02507,7
02508,11
02509,11
02510,11
02511,11
02512,11
02513,11
02514,15
02515,7
02516,7
02517,11
02518,11
02519,11
02520,15
02521,15
02522,7
02523,7
02524,15
02525,15
02526,7
02527,11
02528,11
02529,11
02530,7
02531,10
02532,15
02533,11
02534,7
02535,11
02536,11
02537,11
02538,7
02539,15
02540,15
02541,11
02542,7
02543,19
02544,15
02545,11
02546,11
02547,7
02548,11
02549,14
02550,11
02551,11
02552,11
02553,10
02554,15
02555,19
02556,6
02557,11
02558,23
02559,11
02560,11
02561,11
02562,11
02563,11
02564,15
02565,11
02566,15
02567,11
02568,11
02569,11
02570,11
02571,15
02572,15
02573,7
02574,14
02575,19
02576,11
02577,7
02578,6
02579,11
02580,15
02581,11
02582,7
02583,7
02584,11
02585,11
02586,11
02587,11
02588,7
02589,11
02590,10
02591,10
02592,11
02593,15
02594,11
02595,11
02596,14
02598,15
02599,11
02600,11
02601,11
02602,19
02604,7
02605,11
02606,7
02607,7
02608,11
02609,7
02610,15
02612,11
02613,15
02614,11
02615,11
02616,11
02617,15
02618,15
02619,15
02620,11
02621,11
02622,7
02623,11
02624,8
02625,11
02626,11
02627,11
02628,11
02629,11
02631,11
02632,7
02633,7
02634,7
02635,11
02636,11
02637,11
02638,11
02639,11
02640,11
02641,11
02642,11
02643,15
02644,11
02645,11
02647,7
02648,19
02649,11
02650,11
02651,11
02652,10
02653,15
02654,7
02655,11
02656,11
02657,11
02658,11
02659,15
02660,7
02661,11
02662,11
02663,11
02664,11
02665,11
02666,15
02667,11
02668,15
02670,11
02671,11
02672,11
02673,11
02674,7
02675,11
02676,19
02677,11
02678,7
02679,11
02680,19
02681,11
02682,11
02683,11
02684,23
02685,11
02686,11
02687,11
02688,7
02689,7
02690,7
02691,45
02693,11
02694,15
02695,7
02696,7
02697,11
02698,11
02699,9
02701,9
02702,15
02703,15
02704,11
02705,11
02706,15
02707,11
02708,11
02709,11
02710,15
02711,11
02712,11
02713,11
02714,11
02715,7
02716,11
02717,15
02718,11
02719,19
02720,19
02721,11
02722,35
02723,11
02724,7
02725,11
02726,11
02727,11
02728,11
02729,7
02730,11
02731,10
02732,11
02734,11
02735,7
02736,11
02737,15
02738,33
02739,10
02740,11
02741,15
02742,11
02743,11
02744,7
02745,10
02746,15
02747,7
02748,15
02749,11
02750,15
02751,11
02752,11
02753,11
02754,11
02755,15
02756,15
02757,15
02758,19
02759,11
02760,9
02761,11
02762,10
02763,10
02764,7
02765,11
02766,11
02767,11
02768,15
02769,15
02770,15
02772,11
02773,7
02774,11
02775,15
02776,15
02777,11
02778,11
02779,11
02780,15
02781,10
02782,11
02783,11
02784,11
02785,14
02786,11
02787,11
02788,11
02789,23
02790,11
02791,11
02792,11
02793,11
02794,11
02795,19
02796,7
02797,11
02798,15
02799,11
02800,10
02801,11
02802,10
02803,11
02804,11
02805,19
02806,11
02807,15
02808,11
02809,7
02810,33
02812,11
02813,11
02814,11
02815,11
02816,15
02817,6
02818,15
02819,11
02820,19
02821,15
02822,11
02823,7
02824,11
02826,11
02827,11
02828,7
02829,7
02830,15
02831,11
02832,11
02833,11
02834,11
03001,23
03002,11
03003,15
03004,11
03005,11
03006,15
03007,11
03008,11
03009,11
03010,11
03011,11
03012,11
03013,27
03014,11
03015,11
03016,11
03017,9
03018,15
03019,19
03020,11
03021,11
03022,15
03023,29
03024,11
03025,15
03026,15
03027,15
03028,11
03029,15
03030,15
03031,11
03032,11
03033,9
03034,15
03035,11
03036,22
03037,11
03038,15
03039,11
03040,15
03041,11
03042,15
03043,15
03044,15
03045,15
03046,14
03047,11
03048,15
03049,11
03050,10
03051,11
03052,15
03053,15
03054,11
03055,15
03056,11
03057,9
03058,11
03059,11
03060,15
03061,11
03062,11
03063,15
03064,11
03065,15
03066,11
03067,11
03068,11
03069,11
03070,11
03071,11
03072,11
03073,15
03074,15
03075,11
03076,11
03077,11
03078,11
03079,11
03080,15
03081,11
03082,29
03083,15
03084,19
03085,15
03086,11
03087,15
03088,11
03089,11
03090,11
03091,10
03092,15
03093,15
03094,23
03095,33
03096,7
03097,11
03098,27
03099,11
03100,15
03101,29
03102,23
03103,15
03104,15
03105,11
03106,15
03107,15
03108,11
03109,15
03110,15
03111,15
03112,15
03113,15
03114,11
03115,11
03116,11
03117,11
03118,29
03119,11
03120,15
03121,15
03122,11
03124,11
03125,11
03126,15
03127,15
03128,23
03129,11
03130,11
03131,15
03132,15
03133,15
03134,11
03135,11
03136,11
03137,11
03138,23
03139,11
03140,15
03141,11
03142,11
03143,11
03144,11
03145,15
03146,11
03147,11
03148,11
03149,10
03150,11
03151,11
03152,11
03154,11
03155,19
03156,19
03157,15
03158,19
03159,15
03160,11
03161,15
03162,11
03163,14
03164,11
03165,15
03166,11
03167,11
03168,19
03169,11
03170,11
03171,11
03172,11
03173,15
03174,15
03175,11
03176,15
03177,11
03178,11
03179,11
03180,15
03181,9
03182,11
03183,11
03184,13
03185,37
03186,19
03187,14
03188,11
03189,15
03190,30
03191,11
03192,11
03193,11
03194,11
03195,21
03196,10
03197,15
03198,11
03200,17
03201,11
03202,14
03203,11
03204,15
03205,11
03206,11
03207,15
03208,11
03209,11
03210,11
03211,19
03212,15
03213,11
03214,11
03215,15
03216,11
03217,15
03218,11
03219,11
03220,14
03221,15
03222,7
03223,11
03224,11
03225,11
03226,11
03227,11
03228,7
03229,15
03230,15
03231,11
03232,11
03233,11
03234,11
03235,15
03236,27
03237,11
03238,14
03239,11
03240,15
03241,11
03242,15
03243,11
03244,11
03245,11
03246,15
03247,15
03248,11
03249,11
03250,11
03251,10
03252,15
03253,11
03254,29
03255,11
03256,11
03257,15
03258,18
03259,11
03260,11
03261,10
03262,19
03263,11
03264,23
03265,15
03266,11
03267,15
03268,11
03269,7
03270,11
03271,15
03272,10
03273,15
03274,11
03275,19
03276,11
03277,11
03278,11
03279,15
03280,11
03281,11
03282,11
03283,15
03284,11
03285,11
03286,15
03287,11
03288,11
03289,15
03290,19
03291,11
03292,15
03293,11
03294,11
03295,7
03296,11
03297,19
03298,27
03299,11
03300,15
03301,15
03302,7
03303,11
03304,19
03305,15
03306,19
03307,11
03308,11
03309,10
03310,34
03311,11
03312,11
03313,10
03314,15
03315,15
03316,15
03317,11
03319,11
03320,15
03321,33
04001,15
04004,15
04005,11
04006,15
04007,7
04008,15
04009,7
04012,7
04013,15
04016,7
04017,7
04018,15
04019,22
04020,11
04021,11
04022,10
04023,11
04024,11
04025,11
04026,11
04027,11
04028,11
04030,7
04031,15
04032,11
04033,19
04034,15
04035,11
04036,15
04037,7
04039,19
04040,7
04041,11
04042,11
04043,7
04045,15
04046,15
04047,15
04049,28
04050,7
04051,7
04053,14
04054,7
04055,11
04057,11
04058,11
04059,10
04061,11
04062,11
04063,15
04065,15
04066,14
04067,7
04068,15
04069,11
04070,33
04072,11
04073,11
04074,11
04075,11
04076,15
04077,11
04079,15
04081,11
04084,11
04085,7
04086,11
04087,11
04088,29
04090,11
04091,7
04092,7
04093,7
04094,23
04095,7
04096,15
04097,11
04099,7
04101,11
04102,11
04104,11
04106,11
04107,7
04108,19
04109,11
04110,15
04111,15
04112,33
04113,11
04115,11
04116,27
04118,11
04120,15
04121,14
04122,15
04123,15
04124,11
04126,11
04127,11
04128,11
04129,7
04130,11
04132,11
04133,11
04134,14
04135,15
04136,11
04137,7
04138,11
04139,15
04140,11
04141,11
04142,7
04143,29
04144,11
04145,15
04148,11
04149,23
04150,11
04151,11
04152,26
04154,7
04155,10
04156,10
04157,15
04158,11
04159,7
04160,19
04161,11
04162,11
04163,15
04164,7
04166,19
04167,10
04169,11
04170,7
04171,11
04172,14
04173,15
04174,11
04175,7
04176,10
04177,7
04178,15
04179,6
04180,7
04181,7
04182,11
04183,11
04184,10
04186,7
04187,7
04188,15
04189,15
04190,10
04191,7
04192,15
04193,11
04194,7
04195,15
04197,23
04199,11
04200,15
04201,10
04202,11
04203,11
04204,11
04205,15
04206,11
04207,11
04208,15
04209,29
04210,11
04211,11
04214,11
04216,11
04217,15
04218,11
04219,11
04220,11
04222,11
04224,7
04226,15
04227,11
04228,7
04229,11
04230,23
04231,11
04233,11
04234,11
04235,7
04236,10
04237,11
04240,11
04241,11
04242,27
04244,19
04245,23
05001,15
05003,11
05004,15
05006,19
05007,11
05008,11
05009,10
05010,15
05011,11
05012,15
05013,11
05014,11
05016,10
05017,23
05018,11
05019,11
05021,11
05022,11
05023,33
05024,15
05025,11
05026,11
05027,11
05028,11
05029,15
05031,11
05032,11
05033,7
05035,7
05036,15
05037,11
05038,11
05039,18
05040,23
05044,11
05045,15
05046,27
05047,11
05048,11
05049,7
05050,15
05051,7
05052,15
05053,19
05054,9
05055,11
05056,11
05057,11
05058,11
05059,12
05060,11
05061,41
05062,10
05063,11
05064,11
05065,19
05066,7
05068,11
05070,27
05071,11
05072,11
05073,11
05074,11
05075,10
05076,7
05077,11
05078,11
05079,15
05080,7
05081,7
05082,11
05084,11
05085,11
05086,11
05087,15
05089,7
05090,10
05091,7
05092,15
05093,11
05094,7
05095,10
05096,15
05097,11
05098,15
05099,11
05100,15
05101,19
05102,6
05103,14
05104,11
05106,11
05107,11
05108,11
05109,15
05110,11
05111,11
05112,7
05113,11
05114,11
05115,10
05116,11
05117,11
05118,19
05119,15
05121,11
05122,15
05123,19
05124,11
05126,11
05127,11
05128,15
05129,11
05130,11
05131,7
05132,19
05133,19
05134,11
05135,7
05136,15
05139,15
05140,11
05142,11
05144,11
05145,15
05146,11
05147,11
05148,15
05149,11
05151,15
05152,11
05153,11
05154,11
05155,7
05156,11
05157,10
05158,10
05159,7
05160,7
05161,15
05162,19
05163,11
05164,15
05165,11
05166,15
05167,7
05168,15
05169,7
05170,18
05171,11
05172,11
05173,11
05174,15
05176,11
05177,15
05178,15
05179,22
05180,15
05181,11
05182,7
05183,15
05184,11
06001,7
06002,7
06003,15
06004,49
06005,11
06006,19
06007,23
06008,7
06009,11
06010,23
06011,27
06012,33
06013,15
06014,15
06015,15
06016,13
06017,11
06018,29
06019,19
06020,15
06021,15
06022,14
06023,19
06024,11
06025,15
06026,15
06027,45
06028,11
06029,49
06030,43
06031,15
06032,27
06033,33
06034,19
06035,15
06036,11
06037,11
06038,27
06039,15
06040,7
06041,10
06042,15
06043,15
06044,29
06045,7
06046,23
06047,7
06048,29
06049,11
06050,14
06051,7
06052,10
06053,11
06054,27
06055,11
06056,11
06057,23
06058,15
06059,19
06060,19
06061,11
06062,11
06063,7
06064,27
06065,29
06066,19
06067,19
06068,11
06069,45
06070,15
06071,15
06072,11
06073,15
06074,15
06075,27
06076,7
06077,15
06078,11
06079,35
06080,11
06081,9
06082,11
06083,35
06084,29
06085,33
06086,11
06087,7
06088,69
06089,19
06090,29
06091,19
06092,15
06093,11
06094,15
06095,29
06096,11
06097,11
06098,11
06099,19
06100,11
06101,10
06102,7
06103,19
06104,33
06105,29
06106,15
06107,7
06108,29
06109,15
06110,10
06111,11
06112,27
06113,15
06114,29
06115,7
06116,11
06117,15
06118,27
06119,11
06120,19
06121,19
06122,27
06123,35
06124,7
06125,11
06126,23
06127,15
06128,23
06129,10
06130,27
06131,7
06132,10
06133,7
06134,15
06135,11
06136,27
06137,15
06138,15
06139,11
06140,23
06141,11
06142,11
06143,15
06144,15
06145,11
06146,11
06147,27
06148,27
06149,33
06150,23
06151,15
06152,33
06153,14
06154,11
06155,35
06156,11
06157,33
06158,15
06159,29
06160,7
06161,33
06162,15
06163,19
07001,11
07002,15
07003,11
07004,7
07005,15
07006,10
07007,13
07008,15
07009,15
07010,33
07011,19
07012,11
07013,15
07014,10
07015,15
07017,15
07018,7
07019,33
07020,11
07022,15
07023,11
07024,15
07025,11
07026,11
07027,19
07028,11
07029,11
07030,11
07031,15
07032,11
07033,11
07034,11
07035,15
07036,11
07037,11
07038,7
07039,11
07040,9
07041,19
07042,29
07044,11
07045,11
07047,7
07048,11
07049,7
07050,15
07051,15
07052,15
07053,15
07054,11
07055,23
07056,15
07058,15
07059,11
07060,11
07061,11
07062,11
07063,11
07064,23
07065,11
07066,22
07067,11
07068,15
07069,15
07070,19
07071,15
07072,19
07073,15
07074,11
07075,11
07076,23
07077,11
07078,23
07079,15
07080,11
07081,7
07082,10
07083,11
07084,15
07085,15
07086,15
07087,11
07088,11
07089,19
07090,15
07091,11
07092,7
07093,11
07094,11
07095,11
07096,11
07097,15
07098,7
07099,15
07100,10
07101,15
07102,33
07103,15
07104,7
07105,11
07106,11
07107,15
07108,11
07109,11
07110,19
07111,11
07112,11
07113,11
07114,11
07115,15
07116,15
07117,19
07118,11
07119,11
07120,7
07121,11
07122,19
07123,11
07124,7
07126,15
07127,15
07128,9
07129,19
07130,11
07131,11
07132,19
07133,11
07134,15
07136,11
07137,7
07138,19
07139,11
07140,15
07141,11
07142,11
07143,15
07144,7
07145,15
07146,15
07147,11
07148,11
07149,10
07150,15
07151,11
07152,15
07153,11
07154,11
07155,15
07156,15
07157,15
07158,7
07159,14
07160,7
07161,15
07162,15
07163,7
07165,19
07166,11
07167,15
07168,15
07169,11
07170,11
07171,15
07172,19
07173,7
07174,11
07175,7
07176,11
07177,15
07178,15
07179,11
07181,23
07182,15
07183,11
07184,10
07185,15
07186,29
07187,11
07188,19
07189,11
07190,11
07191,19
07192,11
07193,11
07194,11
07195,7
07196,10
07197,23
07198,15
07199,15
07200,7
07201,19
07202,11
07203,11
07204,19
07205,15
07206,7
07207,15
07208,11
07209,7
07210,15
07211,11
07212,11
07213,11
07214,11
07215,11
07216,15
07217,15
07218,11
07219,11
07220,11
07221,11
07222,11
07223,11
07224,11
07225,15
07226,7
07227,15
07228,15
07229,15
07230,11
07231,23
07232,11
07233,10
07234,11
07235,11
07236,15
07237,14
07238,11
07239,11
07240,19
07241,15
07242,11
07243,11
07244,11
07245,18
07247,15
07248,11
07249,11
07250,11
07251,11
07253,11
07254,15
07255,16
07257,10
07258,11
07259,19
07260,15
07261,18
07262,15
07263,11
07264,19
07265,15
07266,11
07267,11
07268,15
07269,15
07270,11
07272,11
07273,11
07274,10
07275,11
07276,11
07277,9
07278,11
07279,19
07280,15
07281,28
07282,11
07283,7
07284,11
07285,11
07286,15
07287,11
07288,15
07289,19
07290,11
07291,15
07292,15
07293,15
07294,15
07295,15
07296,19
07297,15
07298,14
07299,11
07300,11
07301,15
07302,14
07303,11
07304,15
07305,11
07306,11
07307,11
07308,19
07309,19
07310,15
07311,11
07312,15
07313,15
07314,11
07315,7
07316,19
07317,15
07318,11
07319,29
07321,11
07322,15
07323,19
07324,32
07325,19
07326,11
07327,11
07328,13
07329,11
07330,17
07331,27
07332,11
07333,15
07334,23
07335,11
07336,11
07337,23
07338,19
07339,19
07340,19
07341,23
07342,15
07343,15
07344,11
07345,15
07346,27
07347,15
07348,15
07349,27
08001,11
08003,19
08004,11
08005,10
08006,11
08008,15
08010,11
08011,11
08013,11
08014,11
08015,5
08016,11
08017,11
08018,7
08019,7
08020,7
08021,11
08022,11
08023,7
08024,15
08025,15
08026,11
08027,11
08028,15
08029,7
08030,7
08031,5
08032,11
08033,7
08034,11
08035,7
08036,11
08037,15
08038,11
08039,11
08040,15
08041,11
08043,19
08044,11
08045,11
08046,11
08047,11
08048,11
08049,11
08052,6
08053,23
08055,11
08056,7
08057,11
08058,11
08059,7
08060,11
08061,7
08062,11
08063,11
08064,11
08065,7
08066,7
08067,15
08069,11
08070,11
08071,11
08073,11
08074,7
08075,11
08076,14
08077,7
08078,15
08080,11
08081,29
08082,7
08083,11
08084,11
08085,11
08086,7
08087,11
08088,11
08089,11
08090,22
08092,11
08094,7
08095,11
08096,15
08097,10
08098,7
08099,11
08100,7
08101,11
08102,10
08103,11
08104,7
08105,43
08106,7
08107,15
08109,11
08110,11
08111,15
08113,11
08115,19
08116,19
08117,11
08119,11
08120,7
08121,11
08122,15
08123,7
08124,11
08125,11
08126,11
08128,7
08130,7
08131,7
08132,11
08133,15
08134,7
08135,11
08136,11
08137,11
08138,11
08139,15
08140,15
08141,11
08142,19
08143,7
08144,11
08145,23
08146,11
08147,6
08148,11
08149,11
08150,11
08151,11
08153,11
08154,7
08155,11
08156,15
08158,11
08159,11
08160,11
08161,7
08162,11
08163,11
08164,11
08165,7
08166,11
08167,7
08168,11
08169,11
08170,11
08171,7
08172,11
08173,23
08174,19
08175,11
08176,7
08178,11
08179,15
08180,19
08182,7
08183,15
08184,7
08185,23
08186,7
08187,11
08188,14
08189,11
08190,29
08191,15
08192,7
08193,11
08194,15
08195,11
08196,7
08197,7
08198,19
08199,15
08200,11
08201,7
08202,15
08203,11
08204,7
08205,7
08206,11
08207,11
08208,11
08209,11
08210,11
08211,14
08212,15
08214,11
08215,7
08216,11
08217,7
08218,17
08219,11
08220,11
08222,19
08223,11
08225,11
08226,11
08228,11
08229,10
08230,11
08232,11
08233,7
08234,7
08235,11
08236,11
08237,15
08238,7
08239,15
08240,11
08242,9
08243,11
08244,7
08245,7
08246,7
08247,11
08248,15
08249,11
08250,11
08251,7
08252,11
08254,15
08255,11
08256,6
08257,11
08259,7
08260,15
08262,15
08263,15
08264,15
08268,7
08269,7
08271,11
08272,7
08273,7
08274,11
08275,11
08276,15
08277,11
08278,7
08279,7
08280,7
08281,11
08282,15
08283,11
08284,15
08286,11
08287,11
08288,7
08289,15
08291,11
08293,10
08294,11
08295,11
08296,11
08297,11
08298,21
08300,7
08301,7
08302,19
08303,11
08304,7
08305,11
08306,7
08307,7
08308,7
08309,6
08310,7
08311,23
08312,11
08313,11
08314,15
08315,7
08316,15
08317,11
08318,11
08319,11
08320,15
08321,11
08322,11
08323,11
08324,11
08325,7
08326,11
08327,19
08328,29
08329,11
08330,15
08331,15
08332,6
08333,11
08334,7
08335,6
08336,11
08338,11
08339,10
08340,11
08341,15
08342,11
08343,15
08344,11
08346,15
08347,11
08348,11
08349,15
08350,11
08351,7
08352,11
08353,15
08354,15
08355,11
08356,11
08357,14
08358,11
08360,11
08361,19
08362,29
08363,29
08364,10
08365,15
08366,15
08367,19
08368,11
08369,11
08370,15
08372,7
08373,11
08374,11
08375,11
08376,11
08377,11
08378,11
08379,11
08380,11
08381,15
08382,11
08383,11
08384,11
08385,15
08386,11
08387,11
08388,11
08389,11
08390,6
08391,15
08392,11
08393,7
08394,7
08395,11
08396,11
08397,7
08398,7
08399,11
08400,15
08401,11
08402,15
08403,19
08404,11
08405,11
08406,10
08407,7
08408,15
08409,33
08410,9
08411,7
08412,11
08413,11
08415,11
08416,11
08417,11
08418,11
08419,15
08420,16
08421,7
08422,11
08424,11
08425,7
08426,7
08427,11
08428,11
08429,15
08430,7
08431,11
08432,11
08433,7
08434,7
08435,15
08436,11
08437,11
08438,11
08439,11
08440,11
08444,11
08445,11
08446,7
08448,15
08449,15
08450,11
08451,11
08452,11
08453,11
08454,7
08455,7
08456,11
08457,15
08458,11
08459,11
08460,11
08461,10
08462,11
08463,7
08464,7
08465,7
08466,7
08467,11
08468,11
08469,11
08470,7
08471,7
08472,11
08473,11
08476,11
08477,11
08478,11
08479,11
08480,27
08481,11
08482,11
08483,15
08484,7
08485,11
08486,15
08487,19
08488,23
08489,10
08490,28
08491,29
08492,11
08494,11
08496,11
08497,15
08498,11
08499,11
08500,7
08501,7
08502,11
08503,11
09001,7
09002,15
09003,7
09004,11
09005,11
09006,7
09007,7
09008,10
09009,11
09011,7
09012,7
09013,7
09014,11
09015,15
09016,11
09017,11
09018,7
09019,15
09020,7
09021,11
09022,11
09023,11
09024,11
09025,7
09026,11
09027,7
09029,11
09030,11
09031,7
09032,15
09033,7
09034,7
09035,11
09037,6
09038,11
09039,11
09040,11
09041,10
09042,15
09043,15
09044,11
09045,11
09046,7
09047,12
09048,7
09049,11
09050,14
09051,11
09052,11
09053,7
09054,11
09055,7
09056,11
09057,11
09058,11
09059,11
09060,15
09061,15
09062,15
09063,7
09064,7
09065,11
09066,15
09067,11
09068,7
09069,7
09070,11
09071,11
09072,7
09073,11
09074,10
09075,11
09076,11
09077,11
09078,7
09079,15
09080,11
09081,11
09082,11
09083,7
09084,6
09085,11
09086,11
09087,7
09088,7
09089,7
09090,7
09091,11
09092,7
09093,11
09094,11
09095,10
09096,7
09097,10
09098,7
09099,11
09100,7
09101,11
09102,11
09103,15
09104,15
09105,14
09106,11
09107,15
09108,11
09109,11
09110,7
09111,11
09113,15
09114,11
09115,11
09116,11
09117,11
09118,11
09119,15
09120,11
09121,15
09122,29
09123,11
09124,15
09125,11
09126,7
09127,11
09128,11
09129,11
09130,15
09131,11
09132,11
09133,7
09134,7
09136,7
09137,11
09138,11
09139,7
09140,11
09141,6
09142,11
09143,7
09145,11
09146,7
09147,11
09148,11
09149,11
09150,11
09151,7
09152,7
09153,11
09154,7
09155,6
09156,6
09157,18
09158,11
09159,7
09160,29
09161,15
09162,7
09163,7
09164,11
09165,11
09166,7
09167,19
09168,11
09169,11
09170,11
09171,7
09172,7
09173,11
09174,11
09175,7
09176,15
09177,11
09178,7
09179,7
09180,11
09181,15
09182,15
09183,10
09184,7
09185,27
09186,11
09187,11
09188,15
09189,11
09190,11
09192,11
09193,7
09194,23
09195,7
09196,7
09197,7
09198,11
09199,15
09200,11
09201,7
09202,11
09203,9
09204,11
09205,7
09206,11
09207,15
09208,11
09209,15
09210,11
09211,11
09212,7
09213,11
09214,15
09215,11
09216,7
09217,11
09218,7
09219,11
09220,11
09221,11
09222,7
09223,15
09224,11
09225,33
09226,7
09227,11
09228,11
09229,11
09230,7
09231,11
09232,7
09233,7
09234,11
09235,15
09236,11
09237,7
09238,14
09239,11
09240,11
09241,11
09242,7
09243,7
09244,15
09245,15
09246,15
09247,11
09249,11
09250,7
09251,11
09252,7
09253,11
09254,11
09255,7
09256,7
09257,15
09258,11
09259,10
09260,7
09261,29
09262,11
09263,7
09264,15
09265,23
09266,6
09267,11
09268,15
09269,11
09270,11
09271,7
09272,15
09273,15
09274,11
09275,11
09276,11
09277,15
09279,7
09280,15
09281,11
09282,27
09283,10
09284,11
09285,15
09287,6
09289,15
09290,11
09291,11
09292,6
09293,15
09294,7
09295,7
09296,15
09297,7
09298,7
09299,11
09300,11
09301,11
09303,11
09304,7
09305,11
09306,23
09307,11
09308,11
09309,11
09310,7
09311,7
09312,23
09313,11
09314,11
09315,11
09316,7
09318,10
09319,10
09320,7
09321,11
09322,11
09323,7
09324,23
09325,7
09326,11
09327,11
09328,11
09329,15
09330,7
09331,15
09332,19
09334,19
09335,7
09336,15
09338,11
09339,14
09340,11
09341,11
09342,11
10002,11
10003,29
10004,11
10005,11
10006,23
10007,9
10008,11
10009,7
10010,7
10011,11
10012,10
10013,11
10014,11
10015,11
10017,11
10018,15
10019,11
10020,15
10021,11
10022,11
10023,11
10024,11
10025,11
10026,7
10027,6
10028,11
10029,9
10030,15
10031,11
10032,11
10033,27
10034,23
10035,15
10037,11
10038,11
10039,11
10040,11
10041,5
10042,11
10043,11
10044,5
10045,11
10046,8
10047,7
10048,11
10049,10
10050,11
10051,15
10052,11
10053,14
10054,11
10055,11
10056,11
10057,7
10058,11
10059,11
10060,23
10061,15
10062,11
10063,11
10064,23
10065,7
10066,11
10067,19
10068,11
10069,11
10070,15
10071,7
10072,7
10073,11
10074,15
10075,11
10076,11
10077,11
10078,7
10079,10
10080,15
10081,33
10082,11
10083,11
10084,15
10085,7
10086,11
10087,7
10089,15
10090,11
10091,11
10092,11
10093,11
10094,15
10095,11
10096,11
10097,11
10098,11
10099,15
10100,15
10101,11
10102,11
10103,11
10104,11
10105,7
10106,10
10107,11
10108,7
10109,11
10110,14
10111,11
10112,10
10113,10
10114,15
10115,19
10116,11
10117,10
10118,7
10119,11
10120,11
10121,11
10122,11
10123,15
10124,11
10125,10
10126,11
10127,6
10128,7
10129,11
10130,11
10131,11
10132,10
10133,11
10134,7
10135,11
10136,11
10137,7
10138,11
10139,11
10140,15
10141,14
10142,19
10143,11
10144,11
10145,11
10146,7
10147,11
10148,11
10149,11
10150,11
10151,14
10153,15
10154,7
10155,11
10156,15
10157,11
10158,15
10159,7
10160,7
10161,7
10162,10
10163,7
10164,15
10165,11
10166,11
10167,7
10168,7
10169,11
10170,11
10171,11
10172,11
10173,10
10174,11
10175,11
10176,11
10177,10
10178,11
10179,11
10180,7
10181,11
10182,10
10183,7
10184,11
10185,11
10186,14
10187,11
10188,11
10189,6
10190,15
10191,15
10192,11
10193,11
10194,7
10195,11
10196,10
10197,11
10198,11
10199,11
10200,7
10201,6
10202,11
10203,11
10204,11
10205,7
10206,11
10207,11
10208,11
10209,19
10210,11
10211,15
10212,10
10213,10
10214,7
10215,10
10216,19
10217,6
10218,11
10219,7
10220,15
10221,11
10222,11
10223,15
10224,19
10225,11
10226,11
10227,10
10228,11
10229,11
10230,15
10231,15
10232,11
10233,19
10234,11
10235,7
10236,7
10237,15
10238,11
10239,15
10240,11
10241,7
10242,11
10243,10
10245,15
10246,11
10247,11
10248,11
10249,11
10250,11
10251,11
10252,6
10253,11
10254,11
10255,11
10256,11
10257,7
10258,11
10259,11
10260,14
10261,15
10262,11
10263,11
10264,9
10265,23
10266,7
10267,11
10268,29
10269,10
10270,11
10271,15
10272,11
10273,7
10274,11
10275,15
10276,11
10278,11
10279,7
10280,15
10281,11
10282,15
10283,11
10284,11
10285,6
10286,11
10287,15
10288,11
10289,15
10290,11
10291,11
10293,11
10294,7
10295,11
10296,11
10297,29
10298,15
10299,15
10300,11
10301,11
10302,7
10303,7
10304,11
10305,7
10306,11
10307,11
10308,11
10309,6
10310,11
10312,11
10313,11
10314,11
10315,7
10316,11
10317,15
10318,11
10319,11
10320,11
10321,23
10323,33
10324,11
10325,27
10326,11
10327,11
10328,11
10329,15
10330,11
10331,14
10332,9
10333,33
10334,15
10335,11
10336,11
10337,7
10338,10
10339,11
10340,19
10341,11
10342,11
10343,29
10344,15
10345,11
10346,7
10347,11
10348,10
10349,23
10350,15
10351,11
10352,19
10353,15
10354,11
10355,7
10356,10
10357,22
10358,15
10359,15
10360,15
10361,11
10362,33
10363,15
10364,7
10365,11
10366,7
10367,15
10368,15
10369,11
10370,11
10371,11
10372,11
10373,11
10374,11
10375,11
10376,11
10377,11
10378,7
10379,11
10380,7
10381,15
10382,15
10383,11
10384,11
10386,11
10387,49
10388,7
10389,11
10390,11
10391,11
10392,11
10393,11
10394,11
10395,11
10396,14
10397,11
10398,7
10399,14
10400,11
10401,19
10402,11
10403,7
10404,11
10405,7
10406,19
10408,10
10409,15
10410,11
10411,7
10412,15
10414,11
10416,11
10417,11
10418,11
10419,15
10420,23
10421,11
10422,11
10423,11
10424,7
10425,10
10426,15
10427,11
10428,11
10429,11
10430,7
10431,7
10432,7
10433,11
10434,7
10435,11
10436,11
10437,15
10438,11
10439,11
10440,11
10441,11
10442,15
10443,7
10444,11
10445,7
11001,15
11002,11
11003,11
11004,11
11005,15
11006,7
11007,11
11008,11
11009,19
11010,7
11011,11
11012,19
11013,11
11014,19
11015,11
11016,7
11017,7
11018,15
11019,7
11020,6
11021,15
11022,15
11023,15
11024,14
11025,11
11026,11
11027,15
11028,11
11029,7
11030,11
11031,7
11032,10
11033,15
11034,15
11035,10
11036,11
11037,15
11038,7
11039,7
11040,19
11041,15
11042,11
11043,11
11044,11
11045,11
11046,7
11047,7
11048,15
11049,23
11051,10
11052,10
11053,11
11054,11
11055,11
11056,11
11057,7
11058,11
11059,11
11060,7
11061,11
11062,6
11063,15
11064,11
11065,7
11066,7
11067,19
11068,15
11069,43
11070,11
11071,11
11072,11
11073,7
11074,11
11075,11
11076,33
11077,11
11078,11
11079,11
11080,15
11081,19
11082,7
11083,7
11084,14
11085,15
11086,15
11087,7
11088,19
11089,11
11090,15
11091,15
11092,6
11093,7
11094,7
11095,11
11096,7
11098,15
11099,22
11100,6
11101,7
11102,15
11103,15
11104,7
11105,15
11106,29
11107,7
11108,7
11109,7
11110,11
11111,15
11112,7
11113,11
11114,7
11115,14
11116,27
11117,11
11118,6
11119,11
11120,15
11121,11
11122,15
11123,10
11124,15
11125,11
11126,11
11127,7
11128,11
11129,19
11130,11
11131,19
11132,15
11133,7
11134,7
11135,7
11136,15
11137,11
11138,15
11139,7
11140,15
11141,11
11142,11
11143,11
11144,15
11145,27
11146,11
11147,6
11148,15
11149,7
11150,11
11151,11
11152,10
11153,11
11154,7
11155,7
11156,11
11157,11
11158,11
11159,11
11160,7
11161,11
11162,7
11163,7
11164,15
11165,11
11166,7
11167,11
11168,7
11169,7
11170,29
11172,15
11173,11
11174,7
11175,11
11176,7
11177,7
11178,15
11179,7
11180,7
11181,11
11182,11
11183,11
11184,7
11185,15
11186,7
11187,7
11188,19
11189,7
11190,15
11191,11
11192,15
11193,11
11194,11
11195,11
11196,11
11197,15
11198,15
11199,15
11200,11
11201,13
11202,27
11203,33
11204,7
11205,11
11206,32
11207,11
11208,7
11209,11
11210,15
11211,15
11212,15
11213,5
11214,11
11215,15
11216,9
11217,15
11218,7
11219,7
11220,15
11221,11
11222,10
11223,7
11224,7
11225,15
11226,7
11227,7
11228,11
11229,7
11230,6
11231,7
11232,7
11233,15
11234,11
11235,7
11236,11
11238,11
11239,7
11240,15
11241,11
11242,11
11243,15
11244,7
11245,7
11246,7
11247,7
11248,7
11249,7
11250,7
11251,19
11252,11
11253,15
11254,19
11255,15
11256,15
11257,11
11258,19
11259,15
11260,11
11261,15
11262,45
11263,11
11264,15
11265,7
11266,29
11267,15
11268,11
11269,19
11270,11
11271,7
11272,19
11273,15
11274,11
11275,11
11276,15
11277,7
11278,7
11279,23
11280,15
11281,15
11282,7
11283,7
11284,11
11285,15
11286,15
11287,7
11288,19
11289,15
11290,11
11291,11
11292,11
11293,15
11294,7
11295,15
11296,15
11297,11
11299,15
11300,11
11301,15
11302,11
11303,11
11304,28
11305,7
11306,7
11307,11
11308,11
11309,7
11310,11
11311,11
11312,9
11313,11
11314,7
11315,19
11316,11
11317,10
11318,11
11319,7
11320,11
11321,7
11322,15
11323,15
11324,15
11325,11
11326,6
11327,11
11328,11
11330,15
11331,7
11332,15
11333,11
11334,11
11335,7
11336,11
11337,11
11338,7
11339,15
11340,15
11341,11
11342,11
11343,11
11344,15
11345,11
11346,11
11347,11
11348,7
11350,7
11351,15
11352,7
11353,19
11354,7
11355,11
11356,15
11357,11
11358,6
11359,11
11360,19
11361,15
11362,11
11363,11
11364,11
11365,7
11366,15
11367,15
11368,11
11369,23
11370,23
11371,15
11372,11
11373,7
11374,7
11375,6
11376,7
11377,7
11378,11
11379,29
11380,11
11381,11
11382,11
11383,11
11384,10
11385,11
11386,11
11387,11
11388,7
11389,7
11390,15
11391,7
11392,9
11393,11
11394,11
11395,7
11396,15
11397,27
11398,11
11399,11
11400,11
11401,15
11402,7
11404,15
11405,15
11406,7
11407,10
11408,11
11409,11
11410,15
11411,11
11412,7
11413,11
11414,7
11415,11
11416,11
11417,10
11418,15
11419,7
11420,11
11421,15
11422,11
11423,11
11424,7
11425,19
11426,15
11427,11
11428,11
11429,27
11430,15
11431,11
11432,11
11433,15
11434,15
11435,11
11436,11
11437,15
11438,11
11439,11
11440,7
11441,23
12001,15
12002,15
12003,11
12004,11
12006,11
12007,11
12008,15
12009,6
12010,11
12011,15
12012,15
12013,27
12015,11
12016,14
12017,11
12018,11
12019,7
12021,23
12022,11
12023,11
12024,11
12025,15
12026,15
12027,11
12028,15
12029,11
12030,11
12031,11
12032,15
12033,23
12034,11
12035,11
12036,15
12037,15
12038,11
12039,11
12041,11
12042,11
12043,19
12044,15
12045,11
12046,15
12047,11
12048,11
12049,11
12050,11
12051,11
12052,27
12053,11
12054,11
12055,7
12056,23
12057,15
12058,10
12059,15
12060,11
12061,15
12062,11
12063,15
12064,10
12065,11
12066,15
12067,7
12068,15
12069,11
12070,15
12071,11
12072,11
12073,15
12074,11
12075,11
12076,23
12077,15
12078,11
12079,11
12080,11
12082,11
12083,19
12084,19
12085,11
12086,11
12088,11
12089,29
12090,27
12091,10
12092,15
12093,10
12094,15
12095,11
12096,27
12097,11
12098,11
12099,11
12100,19
12101,15
12102,19
12103,11
12104,11
12105,15
12106,15
12107,11
12108,11
12109,11
12110,11
12111,15
12113,11
12115,11
12116,10
12118,15
12119,15
12120,23
12121,15
12122,11
12124,11
12125,11
12127,15
12128,11
12129,11
12130,15
12131,15
12133,29
12134,11
12135,11
12136,15
12137,15
12138,19
12139,11
12140,15
12141,11
12142,15
12143,7
12144,11
12145,35
12146,19
12147,11
12148,15
12149,9
12150,15
12151,11
12152,10
12153,11
12154,15
12155,11
12156,15
12157,19
12158,11
12159,15
12160,11
12161,15
12162,15
12163,11
12164,15
12165,11
12166,11
12167,15
12168,15
12169,19
12170,11
12171,15
12172,15
12174,23
12175,11
12176,33
12177,19
12178,11
12179,5
12180,7
12181,11
12182,11
12183,11
12184,11
12185,19
12186,11
12187,11
12188,11
12189,11
12190,11
12191,11
12192,11
12193,11
12194,14
12195,11
12197,19
12198,19
12199,19
12200,15
12201,15
12202,35
12203,15
12204,11
12205,15
12206,15
12207,11
12208,29
12209,15
12210,11
12211,11
12212,7
12213,15
12214,15
12215,15
12216,15
12217,15
12219,11
12220,11
12221,11
12222,11
12223,23
12224,23
12225,18
12226,11
12227,11
12228,11
12229,11
12230,11
12231,15
12232,11
12233,11
12234,14
12235,10
12236,11
12237,15
12238,11
12239,11
12240,11
12241,19
12242,10
12243,15
12244,15
12246,15
12247,11
12248,15
12249,11
12250,11
12251,11
12252,11
12253,15
12254,19
12255,15
12256,11
12257,15
12258,14
12259,15
12260,11
12261,11
12262,15
12263,15
12264,23
12265,15
12266,14
12267,15
12268,11
12269,11
12270,29
12272,15
12273,10
12274,11
12275,7
12276,11
12277,15
12278,10
12280,11
12281,14
12282,11
12283,15
12284,11
12286,15
12287,15
12288,19
12289,11
12290,11
12291,11
12292,11
12293,11
12294,15
12295,7
12296,15
12297,15
12298,11
12299,15
12300,33
12301,19
12303,11
12305,15
12307,11
13001,55
13002,35
13003,23
13004,45
13005,43
13006,19
13007,33
13008,15
13009,14
13010,27
13011,11
13012,15
13013,19
13014,33
13015,33
13016,29
13017,19
13018,24
13019,29
13020,19
13021,29
13022,29
13023,27
13024,23
13025,19
13026,31
13027,33
13028,38
13029,15
13030,29
13031,27
13032,29
13033,29
13034,19
13035,29
13036,27
13037,29
13038,26
13039,33
13040,33
13041,35
13042,29
13043,29
13044,29
13045,27
13046,27
13047,43
13048,27
13049,19
13050,29
13051,29
13052,23
13053,29
13054,39
13055,101
13056,43
13057,15
13058,19
13059,27
13060,29
13061,11
13062,27
13063,35
13064,23
13065,23
13066,29
13067,23
13068,19
13069,33
13070,29
13071,35
13072,23
13073,29
13074,29
13075,33
13076,23
13077,33
13078,29
13079,19
13080,29
13081,32
13082,27
13083,27
13084,29
13085,29
13086,29
13087,27
13088,29
13089,23
13090,11
13091,29
13092,29
13093,11
13094,19
13095,15
13096,19
13097,33
13098,29
13099,15
13100,29
13101,23
13102,29
13103,43
13104,29
13105,29
13106,33
13107,29
13108,33
13109,19
13110,33
13111,15
13112,29
13113,29
13114,29
13115,19
13116,15
13117,39
13118,27
13119,29
14001,15
14003,11
14005,23
14006,15
14007,11
14009,15
14011,23
14012,10
14014,19
14015,15
14016,11
14019,11
14020,27
14021,11
14022,15
14023,7
14024,15
14025,11
14026,15
14027,31
14030,19
14032,11
14033,11
14034,15
14035,18
14036,11
14037,19
14038,15
14039,15
14040,11
14041,11
14042,15
14043,7
14044,15
14045,11
14046,19
14047,32
14049,11
14050,11
14053,10
14054,11
14055,11
14057,15
14059,10
14060,19
14061,69
14062,10
14063,11
14064,11
14066,19
14068,23
14069,14
14070,11
14076,29
14077,15
14078,11
14079,19
14080,9
14082,9
14083,15
14084,11
14085,15
14086,11
14087,11
14088,11
14089,11
14090,15
14091,11
14092,19
14093,11
14096,11
14097,11
14098,33
14100,19
14101,27
14102,15
14103,11
14104,11
14106,15
14107,11
14110,11
14111,11
14116,11
14117,27
14118,55
14119,19
14120,15
14121,11
14122,11
14123,19
14124,15
14125,19
14126,19
14127,15
14130,11
14131,11
14132,11
14134,11
14135,10
14136,9
14137,23
14138,11
14140,11
14141,11
14143,23
14145,15
14146,11
14147,11
14149,11
14150,19
14159,11
14160,11
14161,11
14162,15
14163,11
14165,11
14166,19
14167,29
14168,11
14169,11
14171,9
14172,11
14173,11
14174,29
14175,11
14177,15
14179,10
14180,11
14181,27
14182,11
14183,7
14184,11
14190,11
14191,27
14193,15
14194,15
14195,11
14196,11
14197,15
14198,11
14200,23
14202,11
14203,11
14204,11
14205,11
14206,11
14207,15
14209,15
14211,11
14214,11
14215,19
14216,11
14218,11
14220,27
14221,23
14223,7
14224,7
14225,29
14226,11
14227,11
14228,29
14229,19
14230,11
14231,11
14232,11
14236,15
14237,14
14238,11
14239,11
14240,15
14241,15
14242,19
14243,15
14244,11
14245,11
14246,15
14248,11
14249,15
14250,11
14251,15
14252,11
14254,19
14256,11
14257,19
14258,29
14260,10
14261,11
14266,15
14269,11
14270,11
14271,27
14272,7
14273,11
14274,19
14275,11
14276,11
14277,19
14278,15
14280,11
14281,19
14282,11
14283,11
14284,11
14285,7
14286,11
14287,19
14288,15
14289,15
14290,15
14291,11
14293,11
14297,15
14298,10
14299,15
14300,7
14301,27
14302,11
14303,15
14304,15
14305,15
14306,11
14308,11
14309,15
14310,15
14311,15
14312,16
14316,11
14318,15
14319,15
14320,11
14322,11
14325,23
14326,15
14327,35
14328,15
14329,7
14332,14
14333,29
14334,11
14335,11
14336,11
14337,11
14338,19
14341,33
14342,27
14342CD01,1
14343,7
14344,11
14345,11
14346,15
14347,19
14348,7
14349,23
14352,15
14353,11
14354,19
14355,19
14357,19
14358,7
14360,11
14362,11
14364,11
14365,17
14366,35
14367,11
14368,11
14369,11
14370,23
14371,69
14374,11
14375,11
14377,15
14378,11
14379,11
14380,11
14381,7
14383,23
14384,23
14385,11
14389,11
14390,11
14391,11
14393,11
14394,11
14396,15
14397,11
14398,15
14399,11
14400,11
14401,11
14402,11
14403,15
14404,11
14405,11
14406,15
14407,19
14408,19
14409,18
14410,19
14411,11
14412,7
14419,11
14421,13
14424,11
14425,11
14426,10
14427,11
14430,11
14431,59
14435,11
14436,15
14437,29
14438,15
14439,7
14445,11
14446,7
14448,7
14449,11
14452,15
14453,11
14454,19
14455,11
14456,23
14457,11
14458,13
14460,15
14461,11
14465,11
14466,11
14467,11
14468,11
14469,7
14473,11
14474,15
14475,23
14476,11
14478,19
14480,15
14482,11
14483,11
14484,11
14486,15
14487,15
14488,29
14491,11
14492,11
14494,11
14495,15
14496,7
14497,11
14498,11
14499,15
14500,11
14501,11
14502,7
14504,15
14506,11
14509,11
14510,7
14511,7
14512,7
14514,29
14515,19
14516,19
14519,11
14520,15
14522,11
14524,11
14527,19
14528,11
14529,11
14530,19
14531,7
14533,7
14534,11
14535,15
14536,23
14538,23
14540,11
14541,11
14542,15
14543,22
14546,11
14547,11
14550,11
14552,14
14554,23
14555,11
14556,19
14557,15
14558,15
14559,11
14562,19
14563,11
14565,11
14566,23
14569,11
14570,27
14571,11
14572,15
14574,19
14575,11
14576,19
14578,14
14579,19
14582,15
14586,11
14587,19
14588,10
14589,15
14590,10
14591,18
14592,15
14593,15
14595,11
14598,11
14601,11
14602,11
14603,15
14605,11
14606,11
14607,11
14609,15
14610,19
14613,11
14614,15
14619,10
14620,11
14621,11
14622,11
14623,23
14625,15
14626,14
14627,11
14630,15
14635,10
14637,11
14639,11
14640,11
14643,15
14644,15
14645,11
14646,11
14648,11
14649,11
14650,11
14651,11
14652,7
14654,57
14656,15
14657,11
14658,41
14659,15
14660,7
14661,11
14663,19
14664,11
14665,11
14666,19
14667,11
14668,11
14669,11
14672,19
14674,9
14675,19
14676,14
14677,11
14678,14
14679,15
14680,11
14681,11
14682,11
14684,11
14685,19
14687,11
14689,29
14692,19
14694,15
14698,10
14699,27
14700,15
14701,14
14705,11
14706,11
14707,15
14708,11
14709,10
14710,10
14711,15
14712,27
14713,19
14714,15
14715,26
14716,10
14719,15
14720,15
14721,15
14723,11
14724,15
14726,57
14728,11
14731,11
14732,11
14733,11
14734,11
14735,14
14737,10
14738,27
14739,19
14740,19
14741,11
14742,7
14743,11
14744,11
14745,11
14747,13
14748,7
14751,11
14752,23
14753,15
14754,23
14755,15
14756,11
14758,15
14759,11
14760,15
14761,15
14762,47
14764,14
15001,15
15002,11
15003,15
15004,11
15005,11
15006,15
15007,11
15008,11
15009,11
15010,11
15011,11
15012,29
15013,10
15014,35
15015,10
15016,15
15017,10
15018,11
15019,11
15020,6
15021,13
15022,11
15024,7
15025,11
15026,11
15027,19
15028,11
15029,15
15030,11
15032,7
15033,11
15034,11
15036,11
15037,15
15038,15
15040,7
15041,10
15042,11
15043,7
15045,15
15046,11
15048,7
15049,11
15050,11
15051,11
15052,11
15053,11
15054,15
15055,11
15056,15
15057,11
15058,11
15059,11
15060,7
15061,10
15063,11
15064,7
15065,7
15066,11
15067,7
15069,11
15070,11
15072,11
15073,11
15074,15
15075,7
15076,11
15077,7
15078,11
15079,11
15080,11
15081,11
15082,11
15083,19
15084,11
15085,15
15086,7
15087,11
15088,14
15089,11
15090,15
15091,7
15092,15
15093,11
15094,15
15095,11
15096,11
15097,11
15098,7
15100,10
15101,15
15102,11
15103,11
15104,11
15105,7
15106,11
15107,11
15108,19
15110,11
15111,11
15112,7
15113,11
15114,15
15116,11
15117,15
15118,15
15119,19
15120,27
15121,11
15122,19
15123,11
15124,15
15125,11
15126,7
15127,11
15128,11
15129,11
15130,11
15131,11
15132,7
15133,11
15134,15
15135,11
15137,11
15138,23
15139,7
15140,19
15141,23
15142,23
15143,11
15144,11
15146,11
15147,11
15148,11
15149,11
15151,11
15152,15
15153,15
15154,15
15155,7
15156,15
15157,11
15158,11
15159,11
15160,15
15161,11
15162,23
15163,15
15164,15
15165,11
15166,11
15167,11
15168,15
15169,15
15170,11
15172,11
15173,11
15174,11
15175,15
15176,11
15178,11
15179,11
15180,7
15181,19
15182,11
15183,10
15184,15
15185,11
15186,11
15187,29
15188,15
15189,10
15190,11
15191,15
15192,10
15194,11
15196,19
15198,10
15199,7
15200,11
15201,11
15202,15
15203,11
15204,19
15205,11
15206,11
15207,11
15208,11
15209,11
15211,11
15212,11
15213,11
15214,11
15215,15
15216,11
15217,11
15218,7
15219,11
15220,11
15221,15
15222,11
15223,11
15224,11
15225,11
15226,11
15228,11
15229,7
15230,11
15231,14
15232,11
15233,11
15234,11
15235,15
15236,15
15237,11
15238,11
15240,11
15241,7
15242,11
15243,15
15244,11
15245,11
15246,11
15247,7
15248,14
15249,7
15250,14
15251,11
15252,11
15253,7
15254,11
15255,15
15256,7
15257,11
15258,19
15259,11
15260,11
15261,15
15262,15
15263,7
15264,11
15265,19
15266,15
15267,27
15268,19
15269,11
16001,11
16002,10
16003,15
16005,22
16007,11
16008,11
16009,10
16010,6
16011,15
16012,14
16013,11
16014,10
16015,43
16016,15
16018,14
16019,15
16020,11
16023,19
16024,15
16025,15
16026,15
16027,11
16028,27
16029,11
16030,15
16031,11
16032,14
16034,11
16035,11
16036,11
16037,10
16038,11
16039,11
16040,11
16041,10
16042,11
16044,11
16045,11
16046,17
16047,11
16048,11
16049,11
16050,11
16052,11
16053,11
16054,11
16055,15
16056,15
16057,11
16058,15
16059,11
16060,11
16061,27
16062,11
16063,11
16064,15
16065,15
16066,11
16067,11
16068,15
16069,11
16070,19
16071,15
16072,15
16073,19
16074,11
16075,11
16076,15
16077,15
16078,29
16079,11
16081,10
16082,19
16083,11
16084,10
16085,23
16086,15
16087,10
16088,14
16089,27
16090,27
16091,11
16093,19
16095,10
16096,11
16097,19
16098,11
16099,11
16100,15
16101,15
16102,33
16103,11
16104,11
16105,15
16106,27
16107,14
16108,11
16109,15
16110,19
16111,11
16112,7
16113,28
16114,11
16116,11
16117,11
16118,11
16119,15
16120,17
16121,11
16122,11
16123,11
16124,15
16125,11
16127,11
16128,11
16130,10
16131,11
16132,15
16133,11
16134,15
16135,11
16136,15
16137,11
16138,27
16139,10
16140,11
16141,10
16142,11
16143,15
16144,11
16145,15
16146,19
16147,11
16148,19
16150,19
16151,15
16152,15
16153,19
16154,26
16155,11
16157,11
16158,11
16160,11
16161,11
16162,11
16163,15
16164,11
16165,11
16166,27
16167,27
16168,15
16169,15
16170,11
16171,15
16173,11
16174,15
16175,19
16176,11
16177,11
16178,11
16180,11
16181,15
16182,11
16183,11
16184,7
16185,11
16186,15
16187,19
16188,11
16189,10
16190,11
16191,11
16192,29
16193,15
16194,7
16195,11
16196,15
16197,9
16198,11
16199,23
16200,11
16203,11
16204,19
16205,15
16206,19
16207,15
16208,11
16209,15
16210,15
16211,15
16212,11
16213,11
16215,10
16216,15
16217,14
16218,11
16220,15
16221,11
16222,11
16223,19
16224,19
16225,15
16226,15
16227,11
16229,11
16230,27
16231,11
16232,19
16233,11
16234,15
16236,19
16237,11
16238,8
16239,11
16240,11
16241,10
16242,15
16243,15
16244,15
16245,15
16246,10
16248,11
16249,11
16250,11
16251,11
16252,6
16253,11
16254,11
16255,11
16256,11
16258,11
16260,11
16261,11
16263,11
16264,11
16267,7
16268,10
16269,15
16270,11
16271,19
16272,15
16273,8
16275,11
16276,15
16277,15
16279,11
16280,19
16281,29
16282,15
16283,15
16284,11
16285,11
16286,26
16287,27
16289,9
16290,11
16291,29
16292,23
16293,11
16295,14
16297,11
16298,11
16300,19
16301,11
16302,11
16303,11
16304,15
16306,11
16307,11
16308,15
16310,11
16312,15
16315,11
16316,11
16317,11
16318,11
16320,15
16321,7
16323,11
16325,10
16326,11
16329,13
16330,15
16331,7
16334,11
16335,11
16336,11
16337,15
16338,11
16339,19
16340,15
16341,23
16342,11
16343,11
16345,11
16346,11
16347,15
16348,15
16349,15
16350,15
16351,15
16352,11
16353,15
16354,10
16355,14
16356,6
16357,11
16358,29
16359,15
16360,11
16361,11
16362,10
16363,15
16364,7
16365,9
16366,18
16368,15
16369,15
16370,15
16372,10
16373,11
16374,29
16375,11
16377,10
16378,15
16379,19
16380,11
16381,11
16382,15
16383,15
16384,15
16385,15
16387,11
16388,15
16389,7
16390,11
16392,11
16393,19
16394,7
16395,10
16396,11
16397,11
16398,7
16399,11
16400,15
16401,11
16402,11
16403,11
16404,11
16405,11
16406,18
16408,15
16409,15
16412,11
16413,11
16414,11
16415,15
16416,15
16418,19
16419,11
16420,11
16421,11
16422,15
16423,11
16424,15
16425,15
17002,11
17003,27
17004,11
17005,11
17006,11
17007,11
17008,19
17009,14
17010,27
17011,11
17012,11
17013,11
17015,15
17016,15
17017,15
17018,14
17019,15
17020,11
17021,23
17022,15
17023,11
17024,15
17025,15
17026,11
17027,11
17028,29
17029,11
17030,14
17031,11
17032,15
17033,11
17034,11
17035,11
17036,15
17037,15
17038,15
17039,11
17041,19
17042,11
17043,15
17044,15
17045,14
17046,11
17047,11
17048,11
17049,7
17050,15
17051,19
17052,15
17053,15
17054,11
17055,11
17056,14
17057,15
17058,23
17059,15
17060,11
17061,11
17062,11
17063,11
17064,23
17065,19
17066,11
17067,11
17068,10
17069,11
17070,15
17071,15
17072,15
17073,15
17074,15
17075,15
17076,11
17077,15
17078,11
17079,19
17080,15
17081,9
17082,15
17083,15
17084,14
17085,10
17086,27
17087,11
17089,15
17091,19
17092,11
17093,27
17094,29
17095,11
17096,7
17097,15
17098,15
17099,14
17100,15
17101,11
17102,15
17104,15
17105,11
17106,11
17107,14
17108,11
17109,15
17110,15
17111,15
17112,15
17113,15
17114,11
17115,11
17116,11
17117,11
17118,11
17119,15
17120,19
17121,15
17122,11
17124,11
17125,11
17126,11
17127,19
17128,15
17129,11
17130,11
17131,19
17132,15
17133,15
17134,11
17135,11
17136,15
17137,11
17138,11
17139,11
17140,23
17141,11
17142,29
17143,15
17145,11
17146,27
17147,15
17148,11
17149,7
17150,15
17151,15
17152,15
17153,18
17154,15
17155,19
17156,11
17157,11
17158,14
17159,11
17160,15
17161,23
17162,11
17163,15
17164,19
17165,11
17166,14
17167,15
17168,27
17171,15
17172,23
17173,11
17174,15
17175,14
17176,11
17177,11
17178,7
17179,19
17180,7
17181,11
17182,13
17183,15
17184,15
17185,19
17186,14
17187,14
17188,11
17190,23
17191,11
17192,15
17193,19
17194,22
17195,11
17196,14
17197,23
17198,11
17199,11
17200,29
17201,11
17202,15
17203,15
17204,10
17205,11
17206,11
17207,15
17208,15
17209,10
17210,11
17211,15
17212,11
17213,11
17214,15
17215,7
17216,15
17217,11
17218,24
17219,33
17220,11
17221,15
17222,23
17223,11
17224,18
17225,19
17226,15
17227,11
17228,21
17229,11
17230,23
17231,11
17232,15
17233,10
17234,11
17235,15
17236,15
17237,15
17239,11
17240,23
17241,19
17242,15
17243,15
17244,15
17245,15
17246,15
17247,13
17248,15
17249,11
17250,11
17252,11
17253,15
17254,11
17255,15
17256,11
17257,14
17258,11
17259,11
17260,11
17261,10
17262,15
17263,15
17264,29
17265,14
17266,15
17267,15
17268,11
17269,15
17270,14
17271,11
17273,15
17274,29
17275,15
17276,7
17277,19
17278,15
17279,15
17280,15
17281,11
17282,11
17283,27
17284,19
17285,15
17286,15
17287,10
17288,11
17289,11
17290,11
17291,29
17292,11
17293,15
17294,11
17295,19
17296,15
17297,19
17298,15
17299,35
17300,49
17301,6
17302,15
17303,15
17304,11
17305,11
17306,33
17307,15
17308,23
17309,19
17310,15
17311,13
17312,15
17313,11
17314,14
17315,15
17316,11
17317,15
17318,15
17319,11
17320,11
17321,11
17322,15
17323,15
17324,10
17325,15
17326,11
17327,8
17328,14
17329,11
17330,15
17331,15
17332,11
17333,29
17334,11
17335,11
17336,23
17337,27
17338,18
17339,15
17340,23
17341,10
17342,10
17343,11
17344,19
17345,11
17346,15
17347,29
17348,15
17349,18
17350,14
17351,19
17353,19
17354,15
17355,14
17356,11
17357,15
17358,11
17359,15
17360,23
17361,9
17362,11
17363,15
17364,11
17365,11
17366,11
17367,11
17369,18
17372,7
17373,19
17374,11
17375,15
17376,19
17377,11
17378,11
17379,11
17380,27
17381,11
17382,15
17383,11
17384,11
17385,29
17386,11
17387,19
17388,11
17389,15
17390,9
17391,19
17393,19
17394,15
17395,10
17396,19
17397,19
17398,11
17400,15
17401,7
17402,11
17403,15
17404,15
17405,11
17406,8
17407,27
17408,15
17409,23
17410,15
17411,15
17412,15
17413,15
17414,27
17415,35
17416,7
17417,11
17418,15
17420,19
17421,29
17422,7
17423,7
17424,11
17425,19
17426,11
17427,11
17428,15
17429,23
17430,9
17431,15
17432,11
17433,11
17434,29
17435,11
17436,15
17437,11
17438,11
17439,15
17440,11
17441,15
17442,11
17443,19
17444,19
17445,11
17446,11
17447,19
17448,15
17449,29
17450,11
17451,15
17452,27
17453,15
17454,11
17455,15
17457,19
17458,11
17459,15
17460,15
17461,27
17462,15
17463,15
17464,11
17465,15
17466,19
17467,11
17468,11
17469,15
17470,11
17471,11
17472,19
17473,7
17474,15
17476,10
17477,11
17478,7
17479,11
17480,15
17481,11
17482,15
17483,15
17484,19
17485,15
17486,15
18001,11
18002,11
18003,19
18004,14
18005,15
18006,11
18007,7
18008,15
18009,11
18010,11
18011,19
18012,11
18013,11
18014,11
18015,28
18016,11
18017,11
18018,23
18019,11
18020,15
18021,11
18022,11
18023,22
18024,7
18025,15
18026,15
18027,15
18028,15
18029,11
18030,15
18031,15
18032,15
18033,49
18034,11
18035,15
18036,15
18037,15
18038,14
18039,11
18040,11
18041,11
18042,11
18043,11
18044,11
18045,10
18046,11
18047,15
18048,11
18049,11
18050,27
18051,11
18052,15
18053,11
18054,11
18055,15
18056,10
18057,19
18058,15
18059,15
18060,7
18061,7
18062,11
18063,11
18064,11
18065,15
18066,14
18067,15
18068,7
18069,11
18070,11
18071,7
18072,11
18073,14
18074,11
18075,15
18076,11
18077,11
18078,7
18079,11
18080,11
18081,11
18082,15
18083,15
18084,11
18085,11
18086,15
18087,26
18088,11
18089,11
18090,11
18091,11
18092,15
18093,11
18094,11
18095,11
18096,19
18097,18
18098,11
18099,11
18100,15
18101,11
18102,10
18103,15
18104,11
18105,11
18106,11
18107,11
18108,20
18109,19
18110,15
18111,11
18112,10
18113,11
18114,11
18115,15
18116,11
18117,15
18118,15
18119,11
18120,15
18121,7
18122,11
18124,11
18125,15
18126,15
18127,15
18128,11
18129,11
18130,11
18131,7
18132,11
18133,19
18134,15
18135,11
18136,11
18137,15
18138,19
18139,15
18140,15
18141,29
18142,15
18143,11
18144,11
18145,19
18146,11
18147,11
18148,23
18149,15
18150,15
18151,11
18152,11
18153,11
18154,9
18155,11
18156,10
18157,15
18158,14
18159,15
18160,15
18161,11
18162,11
18163,11
18164,11
18165,15
18166,15
18167,11
18168,11
18169,11
18170,15
18171,11
18172,17
18173,11
18174,11
18175,15
18176,11
18177,7
18178,11
18179,15
18180,19
18181,15
18182,11
18183,11
18184,11
18185,11
18186,11
18187,15
18188,11
18189,11
18190,15
18191,11
18192,9
18193,11
18194,15
18195,11
18196,7
18197,29
18198,11
18199,11
18200,11
18201,13
18202,7
18203,11
18204,11
18205,29
18206,19
18207,29
18208,11
18209,11
18210,15
18211,14
18212,15
18213,29
18214,14
18215,11
18216,11
18217,11
18218,15
18219,15
18220,11
18221,11
18223,19
18224,11
18225,11
18226,11
18227,10
18228,11
18229,15
18230,11
18231,15
18232,11
18233,14
18234,11
18235,15
18236,11
18237,11
18238,11
18240,15
18241,15
18242,23
18243,11
18244,7
18245,11
18246,15
18247,14
18248,11
18249,11
18250,7
18251,7
18252,11
18253,11
18254,14
18255,15
18256,11
18257,15
18258,15
18259,11
18260,7
18261,11
18262,11
18263,14
18264,7
18265,15
18266,11
18267,27
18268,11
18269,15
18270,14
18271,15
18272,14
18273,14
18274,11
18275,11
18276,11
18277,7
18278,15
18279,35
18280,15
18281,19
18282,15
18283,7
18284,11
18285,11
18286,11
18287,11
18288,10
18289,15
18290,15
19001,11
19002,11
19003,11
19004,15
19005,27
19006,7
19007,14
19008,11
19009,11
19010,25
19011,15
19012,11
19013,15
19014,11
19015,15
19016,11
19017,7
19018,11
19019,19
19020,11
19021,7
19022,11
19023,15
19024,15
19025,11
19026,11
19027,11
19028,23
19029,11
19030,15
19031,43
19033,15
19034,11
19035,15
19036,15
19037,15
19038,19
19039,11
19040,11
19041,11
19042,15
19043,11
19044,11
19045,11
19046,11
19047,11
19048,11
19049,15
19050,11
19051,11
19052,6
19053,11
19054,11
19055,11
19056,11
19057,11
19058,11
19059,11
19060,15
19061,15
19062,15
19063,23
19064,7
19065,7
19066,19
19067,11
19068,15
19069,11
19070,11
19071,10
19072,23
19073,26
19074,7
19075,10
19076,11
19077,10
19078,11
19079,11
19080,15
19081,15
19082,15
19083,11
19084,11
19085,15
19086,11
19087,11
19088,7
19089,11
19090,7
19091,11
19092,7
19093,15
19094,15
19095,11
19096,11
19097,11
19098,19
19099,11
19100,15
19101,23
19102,11
19103,7
19104,11
19105,15
19106,11
19107,19
19108,7
19109,11
19110,11
19111,7
19112,11
19113,15
19114,11
19115,11
19116,11
19117,15
19118,15
19119,11
19120,11
19121,19
19122,11
19123,33
19124,15
19125,15
19126,11
19128,11
19129,15
19130,11
19131,15
19132,11
19133,11
19134,15
19135,11
19136,19
19137,7
19138,15
19139,7
19140,15
19141,11
19142,11
19143,15
19144,11
19145,11
19146,19
19147,15
19148,19
19149,11
19150,11
19151,15
19152,11
19153,26
19154,11
19155,11
19156,11
19157,11
19158,11
19159,7
19160,11
19161,11
19162,12
19163,11
19164,15
19165,11
19166,7
19167,7
19168,7
19169,11
19170,11
19171,11
19172,10
19173,11
19174,11
19175,7
19176,15
19177,11
19178,15
19179,11
19180,15
19181,11
19182,15
19184,11
19186,11
19187,11
19188,11
19189,7
19190,11
19191,15
19192,11
19193,11
19194,15
19195,11
19196,15
19198,11
19199,11
19200,7
19201,15
19202,19
19203,19
19204,11
19205,7
19206,7
19207,15
19208,11
19209,11
19210,7
19211,15
19212,9
19213,15
19214,11
19215,11
19216,11
19217,11
19219,7
19220,11
19221,7
19222,11
19223,11
19225,11
19226,11
19227,15
19228,7
19229,27
19230,11
19231,11
19232,7
19233,11
19234,11
19235,11
19236,11
19237,15
19238,11
19239,11
19240,11
19241,11
19242,11
19243,15
19244,6
19245,11
19246,19
19247,11
19248,15
19249,11
19250,15
19251,11
19252,19
19253,11
19254,10
19255,19
19256,11
19257,11
19258,15
19259,7
19260,11
19261,14
19262,11
19263,11
19264,15
19265,11
19266,7
19268,7
19269,15
19270,15
19271,11
19272,33
19273,15
19274,27
19275,29
19276,23
19277,11
19278,19
19279,11
19280,11
19281,7
19283,7
19284,7
19285,15
19286,14
19287,11
19288,15
19289,15
21001,11
21002,11
21003,15
21004,11
21005,14
21006,11
21007,11
21008,15
21009,11
21010,11
21011,7
21012,11
21013,11
21014,7
21015,10
21016,15
21017,14
21018,6
21020,11
21021,23
21022,15
21023,15
21024,11
21025,7
21026,11
21027,15
21028,15
21029,5
21030,7
21031,15
21032,11
21033,10
21034,11
21035,11
21036,7
21037,11
21038,29
21039,7
21040,7
21041,11
21042,11
21043,11
21044,7
21045,11
21046,7
21047,7
21048,15
21049,6
21050,11
21051,7
21052,7
21053,11
21054,35
21055,7
21056,15
21057,11
21058,11
21059,15
21060,19
21061,7
21062,11
21063,7
21064,11
21065,9
21066,7
21067,15
21068,11
21069,10
21070,11
21071,15
21072,11
21074,11
21075,7
21076,15
21077,11
21078,7
21079,11
21080,15
21081,11
21082,7
21083,11
21084,7
21085,10
21086,14
21087,15
21088,10
21089,10
21090,7
21091,7
21092,11
21093,11
21094,11
21095,7
21096,11
21097,7
21098,11
21099,11
21100,7
21101,10
21102,11
21103,19
21104,7
21105,14
21106,15
21107,15
21108,10
21109,11
21110,15
21111,11
21112,11
21113,10
21114,11
21115,11
21116,11
21117,7
21118,7
21119,7
21120,11
21121,6
21122,11
21123,7
21124,11
21125,11
21126,15
21127,15
21128,10
21129,7
21130,11
21131,11
21132,11
21133,11
21134,11
21135,11
21136,7
21137,7
21138,15
21139,11
21140,6
21141,7
21142,11
21143,7
21144,7
21145,6
21146,11
21147,6
21148,11
21149,11
21150,11
21151,6
21152,7
21153,11
21154,29
21155,7
21156,7
21157,7
21158,11
21159,11
21160,7
21161,7
21162,11
21163,11
21164,10
21165,7
21166,33
21167,11
21168,7
21169,11
21170,11
21171,32
21172,11
21173,15
21175,11
21176,11
21177,11
21178,15
21179,15
21180,11
21181,11
21182,7
21183,19
21184,7
21185,15
21186,15
21187,11
21189,11
21190,11
21191,15
21192,14
21193,11
21194,15
21195,15
21196,15
21197,6
21198,11
21199,11
21200,15
21201,10
21202,10
21203,11
21204,7
21205,11
21207,7
21208,11
21209,19
21210,15
21211,11
21212,11
21214,10
21215,11
21216,7
21217,11
21218,10
21219,11
21220,11
21221,7
21222,11
21223,15
21224,7
21225,11
21226,11
21227,11
21228,11
21229,7
21230,11
21231,59
21232,11
21233,11
21234,7
21235,7
21236,11
21237,7
21238,11
21239,15
21240,11
21241,10
21242,11
21243,7
21244,7
21245,11
21246,11
21247,15
21248,7
21249,15
21250,7
21251,11
21252,6
21253,11
21254,11
21255,11
21256,11
21257,7
21258,11
21259,11
21260,11
21261,15
21262,7
21263,18
21264,7
21265,15
21266,11
21267,11
21268,11
21269,11
21270,11
21271,11
21272,15
21273,15
21274,11
21275,10
21276,11
21277,15
21278,29
21279,6
21280,11
21281,11
21282,11
21283,6
21284,11
21285,11
21286,7
21287,11
21288,11
21289,11
21290,15
21291,11
21292,28
21293,11
21294,11
21295,23
21296,11
21297,15
21298,11
21299,7
21300,11
21301,11
21302,11
21303,7
21304,11
21305,11
21306,11
21307,11
21308,11
21309,7
21310,9
21311,7
21312,7
21313,7
21314,7
21315,15
21316,11
21317,26
21319,15
21320,15
21321,7
21322,11
21323,11
21324,7
21325,11
21326,7
21327,15
21328,6
21329,7
21330,11
21331,11
21332,15
21333,11
21334,15
21335,11
21336,15
21337,15
21338,11
21339,15
21340,11
21341,11
21342,11
21343,7
21344,10
21345,11
21346,11
21347,11
21348,11
21349,15
21350,7
21351,15
21352,18
21353,14
21354,7
21355,29
21356,19
21357,11
21358,11
21359,7
21360,11
21361,15
21362,11
21363,11
21364,7
21365,7
21366,11
21367,11
21368,10
21369,10
21370,15
21371,15
21372,7
21373,15
21374,9
21375,11
21376,11
21377,7
21378,6
21379,11
21380,7
21381,7
21382,11
21383,19
21384,7
21385,11
21386,11
21387,10
21388,15
21389,10
21390,29
21391,15
21392,5
21393,11
21394,11
21395,7
21396,7
21397,11
21398,11
21399,11
21400,7
21401,11
21402,7
21403,7
21404,11
21405,15
21406,11
21407,11
21408,19
21409,11
21410,7
21411,15
21412,15
21413,10
21414,11
21415,11
21416,19
21417,11
21418,7
21419,11
21420,11
21421,11
21422,11
21423,14
21424,11
21425,29
21426,11
21427,11
21428,10
21429,11
21430,6
21431,10
21432,11
21433,11
21434,11
21435,11
21436,11
21437,11
21438,7
21439,7
21440,11
21441,8
21442,15
21444,5
21445,11
21446,11
21447,7
21448,7
21449,11
21450,11
21451,7
21452,27
21454,11
21455,11
21456,9
21457,7
21458,15
21459,11
21460,7
21461,15
21462,15
21463,7
21464,29
21465,7
21466,7
21467,11
21468,7
21469,10
21470,7
21471,6
21472,11
21473,19
21474,11
21475,15
21476,11
21477,7
21478,11
21479,11
21480,11
21481,19
21482,15
21483,11
21484,5
21485,23
21487,11
21488,11
21489,7
21490,11
21491,7
21492,15
21493,15
21494,7
21495,11
21496,15
21497,11
21498,7
21499,11
21500,15
21501,15
21502,15
21503,11
21504,7
21505,15
21506,11
21508,11
21510,11
21511,11
21512,10
21514,7
21515,29
21516,7
21517,15
21518,11
21519,11
21520,11
21521,15
21522,11
21523,11
21524,7
21525,14
21526,7
21527,11
21528,11
21529,7
21530,11
21531,11
21532,15
21533,7
21534,15
21535,15
21536,11
21537,11
21538,11
21539,7
21540,29
21541,11
21542,11
21543,11
21544,7
21545,15
21546,10
21547,11
21548,11
21549,6
21550,10
21552,6
21553,11
21554,15
21555,14
21556,11
21557,11
21558,15
21559,15
21560,11
21561,11
21562,11
21563,11
21564,11
21565,11
21566,9
21567,11
21568,15
21569,11
21570,11
21571,11
21572,11
21573,11
21574,11
21575,10
21576,11
21577,15
21578,11
21579,11
21580,11
21581,11
21582,15
21583,6
21584,19
21585,15
21586,15
21587,11
21588,7
21589,9
21590,15
21591,15
21592,11
21593,7
21594,11
21595,10
21596,11
21597,6
21598,8
21599,17
21600,11
21601,7
21602,7
21603,27
21604,11
21605,19
21606,18
21607,19
21608,11
21609,11
21610,11
21611,15
21612,7
21613,11
21614,11
21615,11
21616,11
21617,33
21618,15
21619,11
21620,11
21622,11
21623,23
21624,11
21625,7
21626,7
21627,11
21628,6
21629,11
21630,11
21631,7
21632,15
21633,11
21634,11
21635,11
21636,11
21637,11
21638,15
21639,15
21640,11
21641,11
21642,11
21643,11
21644,11
21645,15
21646,11
21647,10
21648,11
21649,7
21650,11
21651,11
21652,11
21653,7
21655,10
21656,15
21657,19
21659,11
21660,7
21661,19
21662,7
21663,23
21664,7
21665,11
21666,7
21667,11
21669,7
21670,11
21671,7
21672,6
21673,11
21674,11
21675,7
21676,11
21677,11
21678,10
21679,11
21680,11
21681,7
21682,11
21683,11
21684,15
21685,11
21686,9
21687,11
21688,10
21689,11
21690,7
21691,11
21692,11
21693,6
21694,7
21695,7
21696,7
21698,11
21699,15
21700,7
21701,9
21702,11
21703,7
21704,7
21705,7
21706,11
21707,11
21708,11
21709,11
21710,15
21711,11
21712,11
21713,11
21714,11
21715,11
21716,11
21717,11
22001,15
22002,15
22003,15
22004,27
22005,15
22006,11
22008,15
22009,11
22011,15
22012,15
22013,19
22014,15
22015,19
22016,11
22018,11
22019,11
22020,23
22021,15
22023,11
22024,11
22025,19
22026,15
22027,11
22028,15
22029,11
22030,15
22031,15
22032,19
22033,11
22034,19
22035,15
22036,11
22037,11
22039,15
22040,15
22041,11
22042,11
22043,11
22044,19
22045,11
22046,35
22047,15
22048,19
22049,19
22050,35
22052,11
22053,15
22054,26
22055,32
22056,19
22057,11
22059,15
22060,15
22061,15
22062,15
22063,15
22064,15
22065,19
22067,23
22068,11
22069,11
22070,29
22071,15
22072,11
22073,11
22074,15
22075,15
22076,15
22077,15
22079,18
22081,27
22082,15
22083,15
22084,23
22085,11
22086,15
22087,14
22088,11
22090,15
22091,11
22092,11
22093,35
22094,19
22095,11
22096,11
22097,15
22098,15
22099,15
22101,15
22103,15
22104,14
22105,15
22106,29
22107,19
22108,10
22109,11
22110,15
22111,11
22112,11
22113,33
22114,15
22115,11
22116,15
22117,19
22118,27
22119,15
22121,19
22122,15
22124,11
22126,11
22127,15
22128,11
22129,7
22131,15
22132,11
22133,15
22134,23
22135,19
22136,29
22137,15
22138,11
22139,7
22140,15
22141,11
22143,19
22144,15
22145,15
22146,11
22147,23
22148,11
22149,11
22150,15
22152,15
22153,15
22155,19
22156,15
22157,15
22158,23
22160,15
22161,23
22162,28
22163,15
22164,19
22165,15
22166,23
22168,29
22169,11
22170,19
22171,27
22172,23
22174,15
22175,15
22176,29
22177,15
22178,15
22179,19
22180,19
22181,15
22182,23
22183,29
22184,19
22185,19
22186,27
22187,33
22188,15
22189,15
22190,27
22193,19
22194,27
22195,19
22196,15
22197,23
22198,27
22199,15
22200,15
22201,14
22202,15
22203,29
22204,15
22205,11
22206,29
22207,19
22208,19
22209,29
22210,23
22211,27
22212,15
22213,27
22214,23
22215,33
22216,15
22217,11
22218,15
22219,23
22220,19
22221,19
22222,27
22223,19
22224,19
22225,29
22226,19
22227,14
22228,15
22229,15
22231,11
22232,19
22233,19
22234,15
22235,11
22236,15
22237,19
22238,15
22239,15
22240,15
22241,15
22242,19
22243,14
22244,11
22245,15
22246,19
22248,19
22249,15
22250,15
22251,33
22254,15
22255,15
22256,15
22257,10
22258,27
22259,27
22260,15
22261,10
22262,23
22263,11
22264,27
22265,19
22266,23
22267,11
22268,15
22269,11
22271,11
22272,19
22273,19
22274,11
22275,15
22276,10
22277,19
22278,43
22279,15
22280,13
22281,19
22282,23
22283,15
22284,11
22285,10
22286,11
22287,15
22288,11
22289,11
22291,11
22293,11
22294,11
22295,11
22296,15
22299,15
22300,11
22302,15
22304,15
22305,11
22306,13
22307,19
22308,15
22309,11
22310,11
22311,15
22312,11
22313,11
22314,11
22315,11
22316,11
22317,11
22318,11
22319,11
22320,11
22321,19
22322,11
22323,15
22324,15
22325,23
22326,15
22327,18
22328,11
22330,8
22331,11
22332,15
22333,15
22334,10
22335,11
22337,15
22338,14
22339,17
22340,15
22341,15
22342,11
22343,27
22344,15
22345,15
22346,15
22347,15
22348,11
22349,15
22350,10
22351,15
22352,11
22353,19
22354,15
22356,15
22358,15
22359,11
22360,29
22361,15
22362,19
22363,15
22364,23
22365,11
22366,11
22368,14
22369,15
22370,7
22371,15
22372,19
22373,11
22375,15
22376,19
22377,14
22378,11
22379,15
22380,15
22381,11
22383,11
22384,15
22385,15
22386,15
22387,15
22388,15
22389,29
22390,15
22391,15
23001,15
23002,15
23003,11
23004,15
23005,11
23006,11
23007,11
23008,23
23009,7
23010,11
23011,11
23012,11
23013,15
23014,11
23015,15
23016,11
23017,11
23018,10
23019,7
23020,11
23021,15
23022,11
23023,7
23024,15
23025,15
23026,11
23027,11
23028,11
23029,11
23030,23
23031,15
23032,15
23033,11
23034,7
23035,15
23036,15
23037,7
23038,11
23039,15
23040,11
23041,11
23042,11
23043,11
23044,7
23045,14
23046,7
23047,11
23048,11
23049,11
23050,6
23051,7
23052,10
23053,11
23054,11
23055,7
23056,10
23057,15
23058,11
23059,11
23060,11
23061,15
23062,15
23063,11
23064,15
23065,11
23066,11
23067,15
23068,15
23069,11
23070,11
23071,11
23072,11
23073,11
23074,11
23075,15
23076,15
23077,11
23078,11
23079,19
23080,7
23081,11
23082,11
23083,11
23084,11
23086,11
23087,11
23088,11
23089,15
23090,11
23091,11
23092,15
23093,19
23095,14
23096,33
23097,11
23098,7
23099,11
23100,11
23101,11
23102,11
23103,11
23104,11
23105,15
23106,10
23107,8
23108,11
23109,15
23110,7
23111,11
23112,15
23113,11
23114,11
23115,11
23116,15
23117,10
23118,11
23119,7
23120,11
23122,7
23123,11
23124,15
23125,7
23127,11
23128,11
23129,7
23130,15
23131,15
23132,10
23133,11
23134,11
23136,11
23137,15
23138,11
23139,15
23140,11
23141,14
23142,11
23143,11
23144,11
23145,11
23146,10
23147,7
23148,11
23149,19
23150,11
23151,10
23152,7
23154,14
23155,11
23156,7
23157,7
23158,10
23159,11
23160,11
23162,11
23164,11
23165,14
23166,11
23167,11
23168,15
23169,15
23170,11
23171,11
23172,11
23173,11
23174,15
23175,11
23176,29
23177,15
23178,11
23179,11
23180,11
23181,10
23182,11
23183,7
23184,11
23185,11
23186,11
23187,11
23188,11
23189,16
23190,11
23191,11
23192,23
23193,19
23194,11
23195,15
23196,10
23197,10
23198,11
23199,11
23200,11
23201,11
23202,11
23203,11
23204,10
23205,11
23206,15
23207,11
23208,11
23209,11
23210,11
23211,11
23212,11
23213,11
23214,11
23215,11
23216,11
23217,11
23218,11
23219,14
23220,15
23221,11
23222,11
23223,11
23224,7
23225,7
23226,11
23227,10
23228,11
23229,11
23230,11
23232,11
23233,11
23234,11
23235,15
23236,11
23237,7
23238,11
23239,15
23240,11
23241,11
23242,11
23243,11
23244,14
23245,19
23246,11
23247,19
23248,10
23249,11
23250,11
23251,10
23252,11
23253,11
23254,11
23255,11
23257,15
23258,11
23259,11
23260,11
23261,11
23262,11
23263,10
23264,7
23265,7
23266,11
24001,13
24002,19
24004,11
24005,11
24006,11
24007,15
24008,15
24009,11
24010,13
24011,15
24012,11
24014,15
24015,11
24016,15
24018,11
24019,11
24020,15
24021,11
24022,11
24023,10
24024,7
24025,10
24026,29
24027,11
24028,23
24029,11
24030,15
24031,11
24032,11
24034,11
24035,19
24036,11
24037,35
24038,10
24039,11
24040,15
24042,15
24043,11
24045,11
24046,11
24048,11
24050,11
24051,11
24052,11
24053,35
24054,15
24055,15
24056,11
24057,7
24058,11
24059,11
24060,7
24061,11
24062,10
24063,11
24064,31
24066,11
24067,22
24068,18
24069,11
24070,15
24071,11
24073,11
24074,15
24075,11
24076,10
24077,11
24080,15
24081,15
24082,19
24083,11
24084,11
24085,11
24086,11
24087,19
24088,11
24089,11
24090,15
24091,15
24094,11
24095,11
24096,15
24097,11
24098,23
24100,11
24101,11
24102,25
24104,15
24105,11
24106,15
24107,11
24108,14
24109,11
24110,7
24111,7
24113,7
24114,7
24115,19
24116,11
24117,19
24119,11
24120,15
24121,7
24122,9
24123,11
24124,11
24126,11
24128,9
24129,11
24130,15
24131,7
24132,11
24133,15
24134,15
24135,15
24136,11
24137,15
24138,29
24139,19
24140,19
24141,11
24142,19
24143,15
24144,7
24145,19
24146,11
24147,18
24148,11
24150,15
24151,10
24152,15
24153,11
24154,11
24155,11
24156,15
24157,15
24158,11
24159,11
24160,15
24161,11
24162,11
24163,11
24164,15
24165,11
24167,23
24168,11
24171,15
24172,19
24174,11
24175,11
24176,7
24177,15
24179,15
24180,11
24182,15
24183,11
24184,11
24186,10
24188,15
24189,11
24190,11
24191,11
24192,7
24193,11
24194,19
24195,11
24196,8
24197,15
24199,11
24200,15
24202,11
24205,15
24206,11
24207,15
24208,11
24209,11
24210,15
24211,11
24212,15
24213,10
24214,15
24215,11
24216,15
24217,11
24218,15
24220,15
24221,11
24222,23
24223,21
24224,15
24225,23
24226,15
24227,15
24228,11
24229,19
24230,11
24231,7
24232,7
24234,11
24236,15
24237,15
24238,11
24240,11
24241,11
24242,11
24243,15
24244,11
24245,11
24246,11
24247,11
24248,11
24251,15
24252,15
24253,33
24254,11
24255,15
24256,23
24257,11
24259,23
24260,15
24261,11
24262,11
24263,11
24264,19
24266,19
24267,11
24268,15
24269,15
24271,15
24272,11
24273,11
24274,15
24276,11
24277,11
24278,7
24279,7
24280,11
24281,11
24282,11
24284,11
24285,11
24286,15
24287,11
24288,11
24289,15
24290,11
24291,23
24292,11
24293,11
24294,29
24295,15
24296,15
24297,15
24299,23
24300,11
24301,11
24302,11
24303,11
24304,15
24305,11
24306,11
24307,10
24308,15
24309,26
24311,23
24312,29
24313,7
24314,11
24316,19
24317,11
24318,11
24319,10
24320,15
24321,15
24322,35
24323,11
24324,15
24325,11
24326,11
24327,11
24328,14
24329,15
24330,15
24331,15
24334,11
24335,19
24336,15
24337,11
24338,11
24339,11
24340,26
24341,15
24345,11
24346,11
24347,11
24348,11
24349,11
24350,16
24351,11
24352,27
24353,11
24354,22
24355,11
24356,19
24357,10
24359,11
24360,11
24361,10
24362,23
24364,19
24365,11
24366,15
24367,11
24370,19
24371,11
24372,29
24373,11
24374,11
24375,11
24376,19
24377,11
24378,7
24379,11
24380,15
24381,11
24382,15
24383,11
24384,7
24385,11
24386,11
24388,15
24390,11
24392,14
24393,7
24394,11
24395,11
24396,18
24397,11
24398,15
24399,11
24401,11
24403,7
24404,11
24405,11
24406,10
24407,11
24408,11
24409,13
24410,15
24411,11
24412,15
24413,11
24414,11
24415,11
24416,11
24417,11
24418,15
24419,15
24420,11
24421,11
24422,11
24423,14
24424,11
24425,11
24426,11
24428,15
24429,11
24432,15
24434,11
24436,13
24437,15
24438,11
24441,11
24442,19
24443,11
24444,11
24445,11
24446,7
24448,11
24449,15
24450,15
24451,15
24452,11
24453,11
24454,9
24455,15
24456,11
24457,11
24458,11
24459,11
24460,11
24461,15
24462,19
24463,15
24464,11
24465,11
24466,11
24468,11
24470,11
24471,15
24472,15
24473,11
24474,11
24476,11
24477,11
24478,11
24479,15
24480,11
24481,15
24482,11
24483,11
24484,15
24485,11
24486,11
24487,19
24488,11
24489,11
24490,17
24491,15
24492,7
24493,7
24494,15
24495,11
24496,11
24498,15
24499,15
24500,11
24501,11
24502,11
24504,11
24505,11
24507,8
24508,11
24509,15
24510,11
24511,11
24512,11
24513,11
24514,11
24515,15
24516,13
24517,7
24518,11
24519,11
24520,29
24521,13
24522,11
24523,11
24524,11
24525,11
24526,15
24527,15
24528,11
24529,11
24531,11
24532,11
24533,7
24534,19
24535,11
24536,11
24537,11
24538,15
24540,23
24541,7
24542,7
24543,15
24544,11
24545,10
24546,7
24547,29
24548,11
24549,11
24550,15
24551,23
24552,11
24553,17
24554,18
24555,15
24557,29
24558,15
24559,11
24560,11
24562,11
24563,11
24564,15
24565,11
24566,11
24567,11
24568,15
24569,11
24570,7
24571,19
24572,11
24573,15
24574,11
24575,11
24576,11
24577,14
24580,11
24581,15
24582,11
24584,15
24585,15
24586,15
24587,15
25001,11
25002,11
25003,11
25004,15
25005,7
25006,6
25007,11
25008,11
25009,11
25011,15
25012,11
25013,11
25014,15
25015,15
25016,11
25017,7
25018,15
25019,11
25020,15
25021,19
25022,15
25024,15
25025,15
25026,11
25029,10
25030,11
25031,33
25032,11
25033,15
25035,27
25036,19
25038,11
25039,15
25040,14
25041,11
25042,11
25043,19
25044,7
25045,7
25046,7
25047,29
25048,27
25049,11
25050,11
25051,15
25052,7
25053,11
25054,11
25055,11
25056,52
25057,29
25058,15
25059,10
25060,15
25061,11
25062,11
25063,15
25065,6
25066,7
25067,11
25070,11
25071,11
25072,7
25073,15
25074,15
25075,11
25077,7
25078,18
25079,11
25082,15
25083,11
25084,15
25085,11
25086,11
25087,10
25088,7
25089,7
25090,7
25091,11
25092,7
25093,7
25094,11
25095,11
25096,11
25097,11
25098,10
25099,8
25100,11
25101,15
25102,7
25103,14
25104,7
25105,15
25106,7
25107,10
25108,11
25109,11
25110,15
25111,11
25112,15
25113,11
25114,11
25115,11
25116,11
25117,7
25119,11
25120,11
25121,11
25122,14
25124,11
25125,11
25126,11
25127,23
25129,11
25130,7
25131,11
25132,11
25133,19
25134,5
25136,15
25138,11
25139,15
25141,10
25142,11
25143,11
25145,9
25147,22
25148,11
25149,15
25150,11
25151,11
25152,11
25153,11
25154,11
25155,11
25156,19
25157,15
25159,15
25160,15
25161,7
25162,9
25163,11
25164,11
25166,7
25170,15
25171,11
25172,11
25173,11
25174,11
25175,7
25176,11
25177,11
25178,11
25179,7
25180,11
25181,11
25182,7
25183,7
25184,11
25185,7
25186,13
25187,11
25188,15
25189,11
25190,19
25191,11
25192,11
25193,19
25194,11
25195,15
25196,15
25197,15
25198,15
25199,11
25200,15
25201,15
25202,11
25203,11
25204,23
25207,15
25208,11
25209,11
25210,11
25211,7
25212,23
25213,15
25214,15
25215,7
25216,11
25217,14
25218,11
25219,15
25220,15
25221,7
25222,23
25223,10
25224,15
25225,11
25226,11
25227,11
25228,27
25229,11
25230,23
25231,11
25232,11
25233,11
25234,11
25235,11
25236,11
25237,19
25238,11
25239,11
25240,24
25241,11
25242,11
25243,15
25244,7
25245,19
25246,11
25247,7
25248,15
25249,7
25251,11
25252,11
25253,11
25254,15
25255,11
25256,15
25257,11
25258,19
25259,19
25261,7
25262,11
25263,11
25264,7
25265,13
25266,10
25267,15
25268,11
25269,7
25270,11
25271,19
25273,11
25274,11
25275,11
25276,11
25277,7
25278,15
25279,11
25280,11
25281,11
25282,15
25283,7
25284,29
25285,15
25286,11
25287,19
25288,15
25289,7
25290,6
25293,15
25295,11
25296,13
25297,11
25298,9
25299,8
25300,11
25301,15
25303,11
25304,27
25305,15
25306,11
25307,15
25308,11
25309,14
25310,7
25311,11
25312,7
25313,11
25314,11
25315,23
25316,10
25317,11
25318,19
25320,15
25321,27
25322,11
25323,11
25324,11
25325,11
25326,15
25327,7
25328,15
25329,7
25330,11
25331,11
25332,15
25333,11
25334,23
25335,11
25336,15
25338,7
25339,11
25340,11
25341,11
25342,6
25343,11
25344,7
25345,15
25346,11
25347,15
25348,15
25349,15
25350,15
25351,9
25354,10
25355,7
25356,27
25357,15
25359,10
25360,11
25361,14
25362,11
25364,19
25365,11
25366,11
25367,28
25368,19
25369,11
25370,19
25371,11
25372,11
25373,7
25374,15
25375,11
25376,11
25377,11
25378,11
25379,7
25380,15
25381,23
25382,15
25383,11
25384,7
25385,11
25386,11
25387,11
25388,35
25389,11
25390,11
25391,10
25392,11
25393,15
25394,19
25395,19
25397,19
25398,11
25400,11
25401,7
25402,7
25403,19
25404,6
25405,15
25406,15
25408,7
25410,15
25411,29
25413,15
25414,11
25415,11
25416,11
25417,15
25418,15
25419,11
25420,11
25421,7
25422,11
25424,23
25425,11
25426,11
25427,11
25428,16
25429,19
25430,7
25431,11
25432,19
25433,7
25434,26
25435,10
25436,7
25437,10
25438,19
25439,11
25440,11
25441,7
25442,15
25443,7
25444,11
25445,11
25446,11
25447,11
25448,19
25449,10
25450,7
25451,11
25452,11
25453,15
25454,15
25455,11
25456,11
25457,9
25458,10
25459,11
25460,15
25461,10
25462,33
25463,27
25464,11
25465,11
25466,15
25467,19
25468,15
25469,11
25470,10
25471,11
25472,6
25473,15
25474,9
25475,15
25476,11
25477,11
25478,11
25479,11
25481,11
25482,15
25483,7
25485,11
25486,11
25487,7
25488,11
25489,11
25490,11
25491,11
25492,7
25493,15
25494,14
25495,19
25496,11
25497,15
25498,5
25499,11
25500,7
25501,7
25502,15
25503,11
25504,7
25505,15
25506,7
25507,7
25508,14
25510,11
25511,11
25512,18
25513,7
25514,11
25515,11
25516,11
25517,11
25518,11
25519,15
25520,11
25521,11
25522,11
25523,15
25524,15
25525,9
25526,19
25527,26
25528,7
25529,19
25532,21
25533,7
25534,11
25535,9
25536,11
25537,11
25538,9
25539,29
25540,11
25541,11
25542,19
25544,11
25545,10
25546,7
25547,27
25548,11
25549,14
25550,11
25551,11
25552,11
25553,11
25554,11
25555,15
25556,7
25557,11
25558,19
25559,11
25560,23
25561,11
25562,11
25563,11
25564,15
25565,11
25566,11
25567,11
25569,15
25570,7
25571,11
25572,11
25573,7
25574,11
25575,19
25578,25
25579,11
25580,33
25582,11
25583,11
25584,11
25586,15
25588,11
25589,7
25590,7
25591,11
25592,15
25594,11
25595,7
25596,7
25597,11
25598,15
25599,11
25600,11
25601,19
25602,11
25604,11
25605,11
25607,7
25608,11
25609,11
25611,11
25612,15
25613,7
25614,23
25615,11
25616,11
25617,11
25618,11
25619,11
25620,11
25621,11
25622,11
25623,11
25624,11
25625,6
25626,11
25627,10
25628,11
25629,11
25630,7
25631,15
25632,23
25633,15
25634,15
25635,10
26001,15
26002,19
26003,7
26004,23
26005,19
26006,23
26007,11
26008,15
26009,15
26010,27
26011,23
26012,7
26013,7
26014,15
26015,7
26016,11
26017,7
26018,7
26019,11
26020,11
26021,11
26022,7
26023,15
26024,10
26025,11
26026,7
26027,11
26028,10
26030,7
26031,15
26032,11
26033,15
26034,15
26035,11
26036,11
26037,26
26038,15
26039,15
26040,7
26041,15
26042,19
26043,11
26045,19
26046,7
26047,7
26048,7
26049,15
26050,7
26051,7
26052,11
26054,19
26055,11
26056,15
26057,33
26058,33
26059,11
26060,10
26061,14
26062,7
26063,19
26064,29
26065,15
26066,7
26067,7
26068,11
26069,11
26070,15
26071,15
26072,15
26073,11
26074,15
26075,7
26076,7
26077,15
26078,15
26079,15
26080,7
26081,15
26082,7
26083,19
26084,27
26085,23
26086,19
26087,15
26088,29
26089,7
26090,7
26091,7
26092,15
26093,15
26094,15
26095,15
26096,19
26097,15
26098,11
26099,15
26100,11
26101,11
26102,11
26103,11
26104,7
26105,7
26106,15
26107,15
26108,29
26110,15
26111,11
26112,11
26113,27
26114,22
26115,15
26116,29
26117,6
26118,19
26119,15
26121,15
26122,11
26123,7
26124,29
26125,15
26126,7
26127,11
26128,6
26129,14
26130,7
26131,11
26133,11
26134,7
26135,11
26136,7
26137,11
26138,15
26139,19
26140,15
26141,11
26142,11
26143,15
26144,19
26145,15
26146,19
26147,7
26148,19
26149,15
26150,7
26152,7
26153,11
26154,11
26155,15
26156,15
26157,15
26159,10
26160,15
26161,5
26162,15
26163,7
26164,7
26165,29
26166,29
26167,15
26168,15
26169,19
26170,23
26171,11
26172,15
26173,15
26174,15
26175,11
26176,15
26177,13
26178,15
26179,27
26180,11
26181,11
26182,19
26183,15
26185,15
26186,7
26188,14
26189,11
26190,7
26191,19
26192,10
26193,11
26194,15
26195,11
26196,19
26197,27
26198,39
26199,7
26200,7
26201,7
26202,11
26203,11
26204,11
26205,7
26206,23
26207,15
26208,19
26209,7
26210,19
26211,15
26212,15
26213,15
26214,7
26215,11
26216,15
26217,11
26218,23
26219,11
26220,29
26221,7
26222,7
26223,15
26224,11
26225,14
26226,11
26227,7
26228,7
26229,7
26231,23
26232,15
26233,11
26234,15
26235,33
26236,11
26238,10
26239,11
26240,11
26241,11
26242,7
26243,15
26244,11
26245,7
26246,11
26247,15
26248,11
26249,15
26250,27
26251,11
26252,33
26253,7
26254,7
26255,7
26256,11
26257,8
26258,15
26259,11
26261,11
26262,11
26263,11
26264,11
26266,7
26267,7
26268,11
26269,7
26270,11
26271,23
26272,11
26273,15
26274,7
26275,19
26276,10
26277,11
26278,11
26279,7
26281,39
26282,11
26283,7
26284,11
26285,11
26286,7
26287,11
26288,11
26289,14
26290,11
26291,7
26292,10
26293,11
26294,15
26295,19
26296,7
26298,11
26299,11
26300,7
26301,27
26302,15
26303,7
26304,11
26305,15
26306,11
26307,23
26308,11
26309,11
26310,11
26311,14
26312,15
26313,29
26314,11
26315,10
26316,11
26317,15
26318,7
26319,15
26320,15
26321,11
26322,11
26323,19
26324,29
26325,29
26326,15
26327,11
26328,7
26329,11
26330,19
26331,15
26332,19
26333,27
26334,11
26335,11
26336,15
26337,19
26338,19
26339,15
26340,11
26341,15
26342,10
26343,7
26344,11
26345,19
26346,9
26347,29
26348,19
26349,11
26350,7
26351,7
26352,11
26353,15
26355,15
26356,11
26357,19
26358,19
26359,7
26360,15
26361,11
26362,49
26363,7
26364,11
26365,15
26367,15
26368,11
26369,7
26370,11
26371,7
26372,7
26373,11
26374,6
26375,7
26376,11
26377,15
26378,7
26379,14
26380,15
26381,15
26382,15
27001,11
27002,11
27003,19
27004,11
27005,15
27006,11
27008,19
27009,15
27010,8
27011,19
27012,10
27013,11
27014,15
27015,15
27016,29
27017,15
27018,15
27019,11
27020,19
27021,8
27022,33
27023,15
27025,15
27026,11
27027,11
27028,11
27031,15
27032,19
27033,11
27034,15
27035,11
27036,15
27037,15
27038,11
27039,15
27040,11
27042,7
27043,15
27044,15
27045,14
27046,11
27047,10
27048,11
27049,62
27050,15
27051,23
27052,11
27053,11
27054,15
27055,11
27056,33
27057,11
27059,11
27061,11
27062,23
27063,11
27064,14
27065,27
27066,11
27067,20
27068,11
27069,14
27070,23
27071,11
27072,15
27073,14
27074,11
27075,10
27076,11
27077,15
27078,11
27079,11
27081,11
27082,19
27083,11
27085,19
27089,17
27090,29
27091,15
27094,9
27095,15
27096,10
27097,15
27098,7
27099,15
27100,15
27101,14
27102,15
27103,27
27104,15
27105,29
27106,11
27107,19
27108,15
27109,10
27110,15
27111,11
27112,29
27113,11
27114,15
27115,11
27116,27
27117,15
27118,15
27119,19
27120,11
27123,11
27124,11
27125,14
27126,14
27127,15
27129,15
27130,11
27132,15
27133,15
27134,11
27135,11
27136,11
27137,11
27138,11
27139,11
27140,10
27141,7
27142,11
27144,9
27146,11
27147,14
27148,11
27149,11
27151,19
27152,15
27153,11
27154,15
27155,11
27156,15
27157,19
27158,15
27161,15
27162,11
27163,11
27164,15
27165,29
27167,15
27168,11
27169,15
27170,15
27171,11
27173,11
27174,15
27176,11
27177,15
27179,15
27180,19
27181,15
27182,11
27183,19
27184,11
27185,14
27187,10
27188,15
27189,10
27190,11
27191,27
27192,15
27193,15
27194,8
27196,15
27198,41
27199,15
27200,11
27201,11
27202,11
27203,15
27204,11
27205,11
27206,11
27207,15
27208,11
27209,15
27210,11
27212,11
27213,55
27214,15
27215,11
27216,15
27217,15
27218,19
27219,14
27220,11
27222,11
27224,11
27226,27
27227,15
27228,11
27229,43
27230,27
27231,11
27232,11
27233,15
27234,11
27235,10
27237,10
27238,15
27239,11
27240,11
27241,11
27242,15
27243,15
27245,11
27246,19
27247,11
27248,9
27249,15
27251,15
27252,10
27254,15
27256,15
27258,15
27259,7
27260,14
27261,11
27263,19
27266,11
27267,11
27269,11
27271,11
27273,11
27275,29
27276,11
27277,19
27278,18
27279,23
27280,15
27281,11
27282,15
27284,33
27285,11
27286,11
27287,15
27288,15
27289,10
27290,19
27291,11
27294,19
27295,11
27298,11
27299,27
27300,15
27301,14
27302,18
27304,11
27306,23
27307,11
27309,15
27310,11
27311,15
27312,11
27313,15
27315,11
27316,14
27317,11
27318,11
27319,11
27320,11
27321,11
27322,14
27323,11
27324,15
27325,11
27326,11
27327,11
27329,15
27330,11
27331,11
27332,15
27333,15
27334,11
27335,15
27336,11
27337,11
27338,15
27339,15
27340,15
27341,7
27342,11
27343,15
27345,11
27346,11
27347,15
27348,19
27349,15
27350,15
27351,15
27353,11
27354,11
27355,21
27358,15
27359,11
27360,11
27361,10
27363,11
27364,11
27365,18
27366,11
27367,15
27368,11
27369,7
27370,11
27371,10
27372,15
27373,11
27374,14
27375,33
27376,11
27377,15
27378,15
27379,11
27380,10
27381,11
27382,11
27383,10
27384,15
27385,18
27386,14
27388,15
27389,11
27390,15
27391,19
27392,11
27393,10
27394,15
27395,5
27396,11
27397,19
27398,15
27399,7
27400,11
27401,11
27403,11
27404,7
27405,11
27406,14
27407,11
27408,15
27410,15
27411,11
27412,19
27413,15
27414,15
27415,11
27417,15
27418,11
27419,15
27420,11
27421,13
27422,15
27423,15
27424,11
27425,22
27426,15
27427,11
27428,27
27429,11
27430,11
27431,15
27432,15
27433,10
27434,7
27435,11
27436,11
27437,11
27438,19
27439,15
27440,15
27441,7
27442,9
27444,10
27445,9
27446,11
27447,18
27448,33
27451,11
27453,19
27454,11
27455,11
27456,15
27457,15
27458,23
27459,7
27460,11
27462,11
27463,15
27464,15
27465,11
27466,11
27467,35
27468,15
27469,26
27470,14
27471,15
27472,11
27473,15
27474,15
27475,11
27476,11
27477,15
27478,13
27480,15
27481,11
27482,11
27483,10
27485,15
27486,15
27487,15
27488,11
27489,15
27490,11
27492,11
27493,22
27495,11
27496,15
27497,15
27498,11
27500,19
27501,11
27502,19
27504,15
27505,11
27507,27
27508,11
27511,15
27512,11
27514,11
27516,19
27517,19
27518,14
27520,11
27521,11
27522,11
27524,15
27525,11
27527,10
27528,27
27529,11
27530,7
27531,11
27533,11
27534,15
27535,11
27536,15
27537,15
27538,15
27539,11
27540,15
27541,15
27542,15
27543,15
27544,11
27545,11
27546,11
27547,15
27548,14
27550,11
27552,11
27553,11
27554,27
27555,11
27556,7
27557,11
27558,11
27560,11
27561,14
27562,27
27563,15
27564,11
27565,19
27567,11
27568,15
27569,11
27570,7
27571,11
27572,11
27576,15
27577,11
27578,19
27579,7
27580,17
27582,19
27584,11
27586,11
27587,15
27589,15
27590,11
27591,15
27592,8
27593,19
27594,11
27595,15
27597,15
27598,15
27599,15
27601,11
27602,29
27603,11
27604,11
27605,11
27606,11
27608,11
27609,11
27610,6
27611,11
27612,11
27613,11
27614,10
27615,11
27616,18
27617,15
27618,11
27620,11
27621,11
27622,18
27623,11
27624,15
27625,11
27627,11
27629,19
27630,10
27631,11
27632,15
27633,11
27635,11
27638,29
27640,11
27641,11
27643,15
27644,15
27645,11
27646,11
27649,11
27650,11
27652,11
27654,15
27655,15
27656,15
27658,11
27659,11
27660,11
27661,11
27662,10
27663,11
27664,15
27665,15
27666,15
27667,11
27668,15
27669,11
27670,15
27671,10
27672,11
27673,11
27674,11
27676,23
27677,11
27678,15
27679,33
27680,11
27681,35
27682,15
27683,11
27684,15
27685,18
27686,7
27689,10
27690,11
27691,15
27692,11
27693,19
27694,11
27695,11
27696,15
27697,11
27698,15
27699,11
27700,15
27701,33
28001,19
28003,11
28004,11
28005,15
28006,19
28007,23
28008,11
28009,5
28010,11
28012,29
28013,15
28014,15
28015,33
28016,11
28018,23
28019,11
28021,19
28022,15
28023,15
28024,19
28025,11
28026,11
28027,15
28028,11
28029,11
28030,11
28031,11
28032,11
28033,15
28034,15
28035,15
28036,15
28037,11
28038,11
28039,19
28040,11
28041,11
28045,11
28046,11
28047,15
28048,15
28049,11
28050,11
28051,29
28052,15
28053,11
28054,11
28055,15
28056,19
28057,15
28058,10
28059,19
28060,11
28061,23
28062,15
28064,19
28065,8
28067,7
28068,11
28070,27
28071,15
28072,11
28073,10
28074,9
28075,15
28076,11
28077,11
28078,11
28079,11
28080,10
28081,11
28082,15
28084,14
28085,39
28086,11
28087,11
28088,33
28089,23
28090,7
28091,11
28092,11
28094,19
28095,11
28096,15
28098,19
28099,15
28100,11
28102,15
28103,37
28104,15
28105,15
28106,11
28107,11
28108,11
28109,11
28110,27
28111,11
28113,15
28114,11
28116,23
28117,11
28118,11
28119,11
28120,11
28121,10
28122,18
28123,11
28124,15
28126,11
28127,19
28128,10
28129,15
28130,15
28132,14
28134,39
28135,14
28136,11
28137,15
28139,11
28140,29
28141,11
28142,11
28143,11
28144,11
28146,15
28147,15
28148,11
28149,13
28151,11
28153,8
28154,19
28155,11
28156,15
28157,11
28158,15
28159,11
28160,15
28161,15
28162,11
28163,11
28164,15
28166,11
28167,11
28168,27
28169,11
28170,11
28171,15
28172,15
28173,15
28175,11
28176,15
28177,15
28178,11
28180,15
28182,11
28183,19
28184,11
28185,19
28187,14
28188,14
28189,11
28190,11
28191,23
28192,11
28193,10
28194,11
28195,15
28196,23
28197,11
28198,13
28199,27
28200,11
28201,19
28202,11
28203,15
28206,14
28207,10
28208,11
28209,29
28210,11
28211,15
28212,11
28213,15
28214,22
28215,10
28216,11
28217,11
28218,33
28219,11
28220,29
28221,10
28222,11
28223,19
28225,15
28226,15
28227,26
28229,33
28230,10
28231,10
28232,15
28233,15
28234,11
28235,11
28236,23
28237,11
28239,15
28240,15
28242,11
28243,10
28245,11
28246,14
28247,15
28248,11
28249,15
28251,15
28252,11
28253,15
28254,19
28255,11
28256,11
28257,7
28259,11
28260,7
28261,15
28263,11
28264,11
28265,10
28267,14
28268,7
28269,19
28270,11
28271,11
28272,11
28273,11
28274,11
28275,15
28276,11
28277,11
28278,14
28279,27
28280,29
28281,10
28282,11
28283,10
28284,11
28285,11
28286,15
28287,15
28289,11
28290,11
28291,15
28292,15
28293,14
28294,15
28296,11
28298,23
28299,11
28300,11
28301,11
28302,15
28303,11
28304,11
28305,11
28306,11
28308,11
28309,15
28310,11
28312,11
28313,11
28314,9
28315,7
28316,11
28317,14
28319,11
28321,15
28322,15
28323,10
28324,15
28325,15
28326,11
28327,9
28329,10
28330,19
28331,19
28332,15
28333,11
28334,23
28335,15
28336,11
28337,23
28339,11
28341,11
28342,11
28343,11
28344,11
28346,7
28347,14
28348,27
28349,11
28350,14
28351,11
28352,19
28353,11
28354,11
28355,11
28357,15
28358,19
28359,27
28360,15
28362,15
28363,15
28364,15
28365,11
28366,11
28367,11
28368,11
28369,14
28370,11
28371,15
28372,15
28373,23
28374,14
28375,10
28377,19
28378,15
28379,11
28380,19
28382,15
28383,19
28385,11
28386,15
28387,14
28388,15
28389,11
28390,10
28391,23
28392,11
28393,19
28394,15
28395,11
28396,11
28397,10
28398,15
28400,11
28401,11
28403,15
28404,33
28405,15
28406,19
28407,11
28408,9
28409,11
28410,11
28411,11
28414,6
28415,19
28417,15
28418,11
28419,11
28421,11
28422,29
28423,15
28424,19
28425,15
28426,11
29001,15
29002,15
29003,29
29004,29
29005,15
29006,27
29007,14
29008,14
29010,19
29011,23
29012,11
29013,11
29014,11
29015,27
29016,15
29017,15
29018,11
29019,55
29020,29
29021,23
29022,23
29023,23
29024,29
29025,19
29026,29
29027,27
29028,15
29029,15
29030,27
29031,27
29032,19
29033,15
29034,15
29035,15
29036,15
29037,27
29038,15
29039,33
29040,23
29041,19
29042,29
29043,19
29044,19
29045,19
29046,33
29047,19
29048,19
29049,23
29051,29
29053,19
29054,15
29055,23
29056,19
29057,23
29058,29
29059,15
29060,23
29061,29
29062,15
29063,11
29064,11
29065,15
29066,19
29067,15
29068,19
29069,29
29070,7
29071,15
29072,23
29073,15
29074,15
29075,33
29076,29
29077,19
29078,19
29079,15
29080,19
29081,14
29082,11
29083,11
29084,10
29085,15
29086,15
29087,15
29089,15
29090,15
29091,19
29093,15
29094,15
29095,15
29097,19
29098,19
29099,15
29100,11
29101,27
29102,15
29103,33
29104,11
29105,29
29106,19
29107,15
29108,15
29109,15
29110,15
29111,15
29112,14
29113,19
29114,11
29115,10
29116,11
29117,29
29119,15
29120,19
29122,15
29123,15
29124,29
29125,15
29126,11
29128,11
29130,29
29131,11
29132,15
29133,15
29134,15
29135,27
29136,15
29137,19
29139,15
29140,27
29141,10
29142,10
29143,15
29144,15
29145,15
29146,23
29147,23
29148,15
29150,29
29151,33
29152,15
29153,23
29155,15
29156,19
29158,29
29159,15
29160,29
29161,22
29162,27
29163,23
29165,23
29166,15
29167,19
29168,15
29169,23
29170,27
29171,27
29172,19
29173,19
29174,28
29175,19
29176,19
29177,27
29178,29
29179,27
29180,15
29181,22
29182,15
29183,15
29184,23
29185,23
29186,19
29187,15
29188,23
29189,33
29190,27
29191,23
29192,19
29193,15
29195,28
29196,19
29197,27
29198,19
29199,33
29201,19
29202,15
29204,19
29205,15
29206,19
29207,27
29208,15
29209,27
29210,23
29211,15
29212,33
29213,19
29214,15
29215,23
29216,27
29217,23
29218,19
29220,29
29221,19
29222,11
29224,15
29225,19
29226,19
29227,23
29228,15
29229,15
29230,19
29232,49
29233,33
29234,23
29235,33
29236,27
29237,19
29238,15
29239,23
29240,14
29241,29
29243,11
29244,15
29245,19
29246,11
29247,27
29248,15
29249,15
29250,15
29251,15
29252,15
29254,27
29255,15
29256,15
29257,18
29259,29
29260,28
29261,11
29262,15
29263,15
29264,15
29265,15
29266,27
29267,14
29268,19
29269,15
29270,19
29271,15
29272,23
29273,19
29274,29
29275,15
29276,15
29277,19
29278,19
29279,23
29280,19
29281,15
29282,11
29284,19
29285,15
29286,10
29287,15
29288,15
29289,10
29290,15
29291,15
29292,11
29293,29
29294,14
29295,15
29296,15
29297,19
29298,15
29299,11
29300,19
29301,11
29302,27
2A001,23
2A004,48
2A006,23
2A008,19
2A011,7
2A014,7
2A017,19
2A018,11
2A019,7
2A021,7
2A022,7
2A024,11
2A026,11
2A027,7
2A028,11
2A031,15
2A032,27
2A035,7
2A038,7
2A040,11
2A041,23
2A048,15
2A056,11
2A060,7
2A061,10
2A062,11
2A064,6
2A065,15
2A066,7
2A070,11
2A071,11
2A085,14
2A089,11
2A090,15
2A091,11
2A092,15
2A094,7
2A098,15
2A099,11
2A100,7
2A103,19
2A104,15
2A108,11
2A114,15
2A115,11
2A117,7
2A118,11
2A119,11
2A127,7
2A128,7
2A129,7
2A130,23
2A131,11
2A132,11
2A133,9
2A139,19
2A141,11
2A142,15
2A144,10
2A146,7
2A154,11
2A158,7
2A160,11
2A163,15
2A174,7
2A181,15
2A186,11
2A189,15
2A191,11
2A196,7
2A197,7
2A198,15
2A200,11
2A203,11
2A204,7
2A209,19
2A211,15
2A212,10
2A215,15
2A228,19
2A232,11
2A240,11
2A247,33
2A249,27
2A253,7
2A254,11
2A258,7
2A259,7
2A262,7
2A266,7
2A268,7
2A269,15
2A270,11
2A271,23
2A272,23
2A276,11
2A278,7
2A279,11
2A282,11
2A284,11
2A285,7
2A288,15
2A295,11
2A300,15
2A308,10
2A310,11
2A312,11
2A322,11
2A323,11
2A324,11
2A326,11
2A330,14
2A331,7
2A336,11
2A345,15
2A348,15
2A349,15
2A351,11
2A357,7
2A358,7
2A359,10
2A360,11
2A362,23
2A363,7
2B002,11
2B003,7
2B005,7
2B007,11
2B009,19
2B010,11
2B012,7
2B013,7
2B015,7
2B016,15
2B020,15
2B023,11
2B025,7
2B029,11
2B030,11
2B033,43
2B034,15
2B036,7
2B037,29
2B039,11
2B042,29
2B043,19
2B045,7
2B046,11
2B047,11
2B049,19
2B050,29
2B051,7
2B052,7
2B053,7
2B054,11
2B055,11
2B057,11
2B058,11
2B059,11
2B063,7
2B067,7
2B068,7
2B069,7
2B072,7
2B073,11
2B074,11
2B075,7
2B077,15
2B078,7
2B079,11
2B080,11
2B081,7
2B082,7
2B083,11
2B084,11
2B086,11
2B087,19
2B088,11
2B093,14
2B095,11
2B096,29
2B097,7
2B101,7
2B102,7
2B105,11
2B106,7
2B107,10
2B109,11
2B110,7
2B111,7
2B112,11
2B113,7
2B116,7
2B120,29
2B121,11
2B122,7
2B123,27
2B124,11
2B125,7
2B126,7
2B134,23
2B135,11
2B136,11
2B137,7
2B138,11
2B140,11
2B143,15
2B145,11
2B147,11
2B148,29
2B149,7
2B150,14
2B152,15
2B153,11
2B155,7
2B156,7
2B157,7
2B159,7
2B161,7
2B162,15
2B164,7
2B165,11
2B166,15
2B167,11
2B168,19
2B169,14
2B170,11
2B171,7
2B172,15
2B173,11
2B175,11
2B176,7
2B177,7
2B178,6
2B179,7
2B180,7
2B182,11
2B183,7
2B184,7
2B185,19
2B187,11
2B188,11
2B190,11
2B192,11
2B193,15
2B194,7
2B195,11
2B199,11
2B201,11
2B202,7
2B205,15
2B206,7
2B207,23
2B208,11
2B210,11
2B213,7
2B214,7
2B216,7
2B217,7
2B218,7
2B219,11
2B220,11
2B221,7
2B222,7
2B223,15
2B224,15
2B225,9
2B226,7
2B227,7
2B229,11
2B230,11
2B231,7
2B233,11
2B234,7
2B235,7
2B236,10
2B238,11
2B239,11
2B241,7
2B242,15
2B243,7
2B244,7
2B245,7
2B246,11
2B248,7
2B250,11
2B251,27
2B252,11
2B255,7
2B256,7
2B257,11
2B260,11
2B261,15
2B263,7
2B264,7
2B265,11
2B267,7
2B273,7
2B274,11
2B275,7
2B277,11
2B280,11
2B281,15
2B283,15
2B286,14
2B287,11
2B289,11
2B290,11
2B291,7
2B292,7
2B293,11
2B296,11
2B297,7
2B298,18
2B299,11
2B301,7
2B302,7
2B303,14
2B304,11
2B305,23
2B306,10
2B307,15
2B309,19
2B311,15
2B313,19
2B314,11
2B315,11
2B316,15
2B317,7
2B318,15
2B319,15
2B320,11
2B321,7
2B327,11
2B328,7
2B329,11
2B332,11
2B333,11
2B334,11
2B335,11
2B337,11
2B338,7
2B339,7
2B340,11
2B341,15
2B342,19
2B343,19
2B344,7
2B346,23
2B347,11
2B350,11
2B352,11
2B353,23
2B354,11
2B355,11
2B356,11
2B361,11
2B364,7
2B365,11
2B366,11
30001,15
30002,15
30003,29
30004,23
30005,11
30006,29
30007,43
30008,15
30009,11
30010,23
30011,29
30012,27
30013,11
30014,15
30015,10
30016,11
30017,11
30018,15
30019,23
30020,19
30021,11
30022,11
30023,15
30024,11
30025,11
30026,15
30027,23
30028,33
30029,19
30030,11
30031,11
30032,33
30033,27
30034,29
30035,10
30036,23
30037,23
30038,11
30039,19
30040,10
30041,15
30042,23
30043,15
30044,6
30045,11
30046,15
30047,29
30048,11
30049,11
30050,11
30051,15
30052,19
30053,15
30054,11
30055,15
30056,11
30057,19
30058,11
30059,19
30060,27
30061,19
30062,29
30064,7
30065,11
30066,15
30067,11
30068,15
30069,11
30070,15
30071,11
30072,11
30073,19
30074,7
30075,27
30076,15
30077,19
30079,11
30080,15
30081,13
30082,27
30083,19
30084,15
30085,15
30086,15
30087,11
30088,15
30089,19
30090,11
30091,19
30092,19
30093,7
30094,10
30095,15
30096,14
30097,11
30098,11
30099,11
30100,15
30101,15
30102,14
30103,15
30104,15
30105,11
30106,15
30107,15
30108,11
30109,11
30110,11
30111,11
30112,19
30113,11
30114,15
30115,11
30116,15
30117,23
30119,11
30120,15
30121,11
30122,14
30123,27
30124,10
30125,27
30126,15
30127,15
30128,27
30129,15
30130,15
30131,15
30132,29
30133,29
30134,11
30135,27
30136,15
30137,11
30138,19
30139,11
30140,15
30141,29
30142,15
30143,11
30144,11
30145,19
30146,15
30147,19
30148,11
30149,15
30150,11
30151,11
30152,19
30153,11
30154,11
30155,29
30156,29
30158,11
30159,15
30160,11
30161,11
30162,15
30163,11
30164,15
30165,15
30166,19
30167,15
30168,13
30169,29
30170,15
30171,15
30172,15
30173,19
30174,15
30175,11
30176,11
30177,15
30178,14
30179,23
30180,15
30181,11
30182,15
30183,14
30184,15
30185,15
30186,19
30187,11
30188,15
30189,59
30191,15
30192,11
30193,15
30194,11
30195,7
30196,11
30197,11
30198,11
30199,7
30200,14
30201,11
30202,33
30203,11
30204,11
30205,11
30206,27
30207,15
30208,7
30209,27
30210,23
30211,27
30212,19
30213,7
30214,19
30215,11
30216,15
30217,29
30218,11
30219,10
30220,11
30221,29
30222,11
30223,27
30224,15
30225,19
30226,15
30227,23
30228,19
30229,15
30230,12
30231,10
30232,11
30233,14
30234,11
30235,15
30236,11
30237,15
30238,7
30239,15
30240,11
30241,19
30242,11
30243,29
30244,11
30245,15
30246,11
30247,11
30248,11
30249,15
30250,7
30251,15
30252,10
30253,15
30254,19
30255,23
30256,15
30257,19
30258,33
30259,27
30260,15
30261,11
30262,11
30263,27
30264,10
30265,11
30266,15
30267,14
30268,14
30269,19
30270,19
30271,15
30272,11
30273,15
30274,23
30275,11
30276,23
30277,11
30278,23
30279,15
30280,11
30281,19
30282,15
30283,11
30284,27
30285,15
30286,14
30287,15
30288,15
30289,7
30290,19
30291,11
30292,11
30293,11
30294,29
30295,23
30296,11
30297,11
30298,14
30299,15
30300,15
30301,11
30302,19
30303,15
30304,9
30305,23
30306,15
30307,23
30308,15
30309,11
30310,11
30311,19
30312,19
30313,14
30314,11
30315,19
30316,11
30317,19
30318,11
30319,15
30320,11
30321,27
30322,5
30323,11
30324,15
30325,19
30326,19
30327,7
30328,15
30329,11
30330,15
30331,19
30332,11
30333,27
30334,29
30335,11
30336,15
30337,11
30338,11
30339,19
30340,15
30341,33
30342,15
30343,15
30344,29
30345,11
30346,19
30347,15
30348,19
30349,14
30350,27
30351,33
30352,19
30353,7
30354,11
30355,15
30356,23
31001,11
31002,11
31003,15
31004,23
31005,10
31006,11
31007,7
31008,11
31009,11
31010,11
31011,11
31012,11
31013,11
31014,7
31015,7
31017,11
31018,11
31019,7
31020,15
31021,11
31022,29
31023,11
31024,11
31025,15
31026,15
31027,11
31028,15
31029,11
31030,7
31031,15
31032,29
31033,28
31034,11
31035,27
31036,19
31037,19
31038,15
31039,7
31040,7
31041,11
31042,19
31043,11
31044,33
31045,11
31046,6
31047,7
31048,23
31049,15
31050,15
31051,11
31052,19
31053,15
31054,11
31055,11
31056,29
31057,19
31058,11
31059,11
31060,11
31061,11
31062,11
31063,11
31064,7
31065,23
31066,27
31067,7
31068,7
31069,35
31070,15
31071,10
31072,7
31073,15
31074,10
31075,15
31076,11
31077,14
31078,11
31079,27
31080,19
31081,7
31082,15
31083,11
31084,15
31085,11
31086,7
31087,11
31088,23
31089,15
31090,11
31091,29
31092,11
31093,15
31094,23
31095,11
31096,11
31097,11
31098,15
31099,11
31100,19
31101,11
31102,11
31103,7
31104,15
31105,11
31106,23
31107,29
31108,11
31109,11
31110,15
31111,11
31112,11
31113,33
31114,11
31115,7
31116,33
31117,27
31118,29
31119,11
31120,15
31121,7
31122,11
31123,7
31124,11
31125,7
31126,10
31127,5
31128,15
31129,7
31130,7
31131,7
31132,7
31133,7
31134,7
31135,27
31136,19
31137,11
31138,11
31139,11
31140,11
31141,11
31142,11
31143,10
31144,15
31145,23
31146,7
31147,15
31148,15
31149,39
31150,29
31151,15
31152,7
31153,11
31155,11
31156,11
31157,33
31158,11
31159,11
31160,19
31161,15
31162,14
31163,23
31164,11
31165,29
31166,11
31167,15
31168,11
31169,29
31170,11
31171,11
31172,7
31173,11
31174,15
31175,15
31176,11
31177,11
31178,11
31179,11
31180,11
31181,19
31182,29
31183,11
31184,18
31185,11
31186,23
31187,33
31188,29
31189,11
31190,11
31191,7
31192,15
31193,19
31194,11
31195,7
31196,11
31197,11
31198,11
31199,11
31200,7
31201,7
31202,29
31203,29
31204,7
31205,23
31206,15
31207,7
31208,11
31209,11
31210,15
31211,15
31212,19
31213,11
31215,11
31216,11
31217,7
31218,11
31219,11
31220,10
31221,7
31222,7
31223,7
31224,15
31225,11
31226,7
31227,15
31228,19
31229,15
31230,27
31231,15
31232,29
31233,15
31234,11
31235,7
31236,7
31237,11
31238,11
31239,19
31240,15
31241,11
31242,7
31243,7
31244,11
31245,11
31246,15
31247,13
31248,29
31249,15
31250,15
31251,11
31252,19
31253,23
31254,27
31255,11
31256,11
31258,11
31259,19
31260,11
31261,15
31262,11
31263,23
31264,14
31265,11
31266,11
31267,7
31268,11
31269,15
31270,15
31271,19
31272,6
31273,23
31274,11
31275,11
31276,10
31277,23
31278,11
31279,7
31280,11
31281,15
31282,29
31283,11
31284,19
31285,15
31286,15
31287,23
31288,11
31289,11
31290,7
31291,29
31292,6
31293,23
31294,11
31295,7
31296,11
31297,19
31299,27
31300,11
31301,11
31302,11
31303,23
31304,11
31305,10
31306,7
31308,7
31309,11
31310,11
31311,15
31312,7
31313,11
31314,11
31315,15
31316,11
31317,11
31318,11
31319,11
31320,15
31321,11
31322,7
31323,11
31324,19
31325,11
31326,7
31327,11
31328,11
31329,11
31330,15
31331,11
31332,11
31333,7
31334,15
31335,7
31336,15
31337,7
31338,15
31339,11
31340,11
31341,29
31342,11
31343,7
31344,15
31345,19
31346,15
31347,11
31348,6
31349,15
31350,7
31351,27
31352,11
31353,7
31354,7
31355,19
31356,19
31357,11
31358,23
31359,7
31360,11
31361,14
31362,11
31363,11
31364,23
31365,11
31366,15
31367,7
31368,11
31369,6
31370,11
31371,11
31372,11
31373,11
31374,15
31375,23
31376,11
31377,15
31378,7
31379,11
31380,11
31381,19
31382,11
31383,15
31384,19
31385,11
31386,11
31387,11
31388,10
31389,27
31390,23
31391,11
31392,7
31393,11
31394,11
31395,35
31396,27
31397,7
31398,7
31399,23
31400,7
31401,11
31402,15
31403,15
31404,7
31405,11
31406,15
31407,15
31408,7
31409,19
31410,27
31411,15
31412,15
31413,15
31414,7
31415,7
31416,15
31417,29
31418,15
31419,10
31420,23
31421,27
31422,7
31423,11
31424,33
31425,11
31426,15
31427,14
31428,7
31429,19
31430,15
31431,7
31432,5
31433,29
31434,7
31435,15
31436,11
31437,7
31439,15
31440,7
31441,11
31442,15
31443,11
31444,11
31445,29
31446,33
31447,7
31448,11
31449,11
31450,15
31451,29
31452,7
31453,11
31454,27
31455,23
31456,7
31457,15
31458,27
31459,15
31460,27
31461,11
31462,19
31463,11
31464,11
31465,7
31466,15
31467,29
31468,11
31469,11
31470,7
31471,15
31472,11
31473,11
31474,11
31475,15
31476,15
31477,7
31478,15
31479,7
31480,19
31481,19
31482,11
31483,33
31484,19
31485,11
31486,15
31487,11
31488,33
31489,11
31490,29
31491,11
31492,15
31493,11
31494,11
31495,15
31496,11
31497,19
31498,7
31499,29
31500,15
31501,11
31502,11
31503,15
31504,11
31505,11
31506,33
31507,19
31508,7
31509,11
31510,11
31511,11
31512,15
31513,10
31514,7
31515,11
31516,19
31517,19
31518,15
31519,11
31520,11
31521,11
31522,7
31523,19
31524,11
31525,15
31526,29
31527,11
31528,11
31529,11
31530,11
31531,7
31532,6
31533,19
31534,11
31535,15
31536,11
31537,11
31538,11
31539,7
31540,10
31541,23
31542,11
31543,11
31544,11
31545,11
31546,10
31547,29
31548,7
31549,7
31550,15
31551,11
31552,10
31553,15
31554,10
31555,69
31556,11
31557,35
31558,11
31559,7
31560,11
31561,33
31562,11
31563,15
31564,11
31565,15
31566,15
31567,11
31568,11
31569,11
31570,11
31571,11
31572,23
31573,27
31574,23
31575,15
31576,11
31577,11
31578,15
31579,15
31580,15
31581,19
31582,27
31583,15
31584,29
31585,19
31586,15
31587,19
31588,29
31589,15
31590,7
31591,7
31592,19
31593,7
32001,15
32002,7
32003,7
32004,11
32005,11
32007,11
32008,7
32009,7
32010,11
32012,15
32013,35
32014,11
32015,7
32016,15
32017,11
32018,11
32019,15
32020,11
32021,7
32022,11
32023,11
32024,11
32025,11
32026,11
32027,15
32028,11
32029,15
32030,11
32031,11
32032,11
32033,11
32034,7
32035,11
32036,15
32037,11
32038,11
32039,11
32040,11
32041,11
32042,11
32043,11
32044,11
32045,10
32046,11
32047,11
32048,6
32049,7
32050,7
32051,11
32052,11
32053,11
32054,11
32055,11
32056,6
32057,11
32058,7
32059,11
32060,10
32061,11
32062,11
32063,11
32064,11
32065,11
32066,11
32067,7
32068,11
32069,7
32070,11
32071,11
32072,6
32073,11
32075,11
32076,15
32077,7
32078,11
32079,19
32080,11
32081,11
32082,11
32083,15
32084,7
32085,11
32086,7
32087,11
32088,11
32089,11
32090,11
32091,11
32092,7
32093,11
32094,11
32095,15
32096,19
32097,11
32098,11
32099,7
32100,11
32101,11
32102,11
32103,11
32104,10
32105,11
32106,15
32107,28
32108,11
32109,11
32110,11
32111,6
32112,11
32113,7
32114,11
32115,11
32116,11
32117,15
32118,11
32119,27
32120,11
32121,15
32122,11
32123,15
32124,11
32125,11
32126,11
32127,15
32128,11
32129,11
32130,11
32131,11
32132,29
32133,11
32134,11
32135,11
32136,11
32138,11
32139,11
32140,7
32141,11
32142,11
32143,10
32144,7
32145,7
32146,11
32147,23
32148,11
32149,15
32150,11
32151,7
32152,11
32153,11
32154,11
32155,15
32156,11
32157,11
32158,11
32159,15
32160,29
32161,11
32162,15
32163,11
32164,11
32165,11
32166,11
32167,11
32169,11
32170,11
32171,11
32172,11
32173,11
32174,11
32175,11
32176,11
32177,11
32178,7
32180,15
32181,11
32182,11
32183,11
32184,11
32185,11
32186,7
32187,11
32188,7
32189,11
32190,11
32191,9
32192,11
32193,11
32194,11
32195,7
32196,11
32197,11
32198,11
32199,11
32200,11
32201,11
32202,11
32203,11
32204,11
32205,10
32206,11
32207,11
32208,26
32209,10
32210,15
32211,10
32212,11
32213,19
32214,11
32215,11
32216,11
32217,7
32218,7
32219,11
32220,11
32221,11
32222,11
32223,7
32224,11
32225,11
32226,7
32227,15
32228,7
32229,7
32230,7
32231,11
32232,7
32233,14
32234,11
32235,11
32236,7
32237,11
32238,7
32239,11
32240,7
32241,10
32242,19
32243,11
32244,11
32245,11
32246,11
32247,11
32248,11
32249,19
32250,7
32251,7
32252,15
32253,13
32254,11
32255,11
32256,21
32257,7
32258,11
32260,7
32261,11
32262,11
32263,11
32264,11
32265,11
32266,11
32267,11
32268,15
32269,11
32270,7
32271,11
32272,11
32273,11
32274,11
32275,7
32276,7
32277,11
32278,11
32279,15
32280,11
32281,11
32282,15
32283,10
32284,7
32285,15
32286,15
32287,7
32288,11
32289,11
32290,15
32291,11
32292,11
32293,7
32294,7
32295,11
32296,19
32297,11
32298,11
32299,11
32300,11
32301,15
32302,11
32303,7
32304,11
32305,11
32306,15
32307,19
32308,11
32309,11
32310,11
32311,11
32312,15
32313,11
32314,7
32315,11
32316,11
32317,7
32318,11
32319,15
32320,11
32321,11
32322,11
32323,11
32324,7
32325,11
32326,11
32327,7
32328,11
32329,11
32330,11
32331,15
32332,11
32333,11
32334,19
32335,11
32336,11
32337,7
32338,11
32339,11
32340,11
32341,11
32342,7
32343,11
32344,23
32345,15
32346,11
32347,11
32348,15
32349,11
32350,7
32351,11
32352,11
32353,11
32354,11
32355,7
32356,11
32357,11
32358,11
32359,11
32360,11
32361,10
32362,11
32363,11
32364,7
32365,11
32366,7
32367,7
32368,15
32369,11
32370,15
32371,7
32372,11
32373,11
32374,11
32375,11
32376,11
32377,11
32378,15
32379,11
32380,11
32381,11
32382,11
32383,11
32384,11
32385,11
32386,11
32387,7
32388,11
32389,11
32390,11
32391,11
32392,7
32393,11
32394,11
32395,11
32396,11
32397,11
32398,10
32399,7
32400,10
32401,7
32402,11
32403,7
32404,15
32405,11
32406,11
32407,11
32408,11
32409,7
32410,19
32411,7
32412,15
32413,7
32414,11
32415,7
32416,11
32417,11
32418,11
32419,11
32420,7
32421,11
32422,7
32423,7
32424,11
32425,15
32426,15
32427,7
32428,7
32429,11
32430,7
32431,7
32432,11
32433,15
32434,11
32435,11
32436,11
32437,11
32438,7
32439,11
32440,11
32441,7
32442,11
32443,11
32444,11
32445,11
32446,11
32447,7
32448,15
32449,11
32450,11
32451,11
32452,11
32453,11
32454,7
32455,11
32456,7
32457,11
32458,11
32459,15
32460,11
32461,11
32462,23
32463,15
32464,15
32465,11
32466,11
32467,11
32468,7
33001,18
33002,15
33003,32
33004,23
33005,33
33006,15
33007,15
33008,19
33009,33
33010,11
33011,29
33012,27
33013,25
33014,15
33015,19
33016,11
33017,11
33018,29
33019,28
33020,11
33021,15
33022,23
33023,15
33024,11
33025,11
33026,15
33027,11
33028,15
33029,28
33030,19
33031,11
33032,28
33033,15
33034,11
33035,15
33036,27
33037,19
33038,15
33039,35
33040,15
33042,29
33043,11
33044,11
33045,11
33046,15
33047,15
33048,11
33049,19
33050,15
33051,33
33052,15
33053,11
33054,11
33055,15
33056,33
33057,15
33058,27
33059,11
33060,11
33061,15
33062,15
33063,65
33064,7
33065,27
33066,7
33067,19
33068,7
33069,34
33070,15
33071,15
33072,11
33073,19
33074,11
33075,33
33076,15
33077,19
33078,15
33079,11
33080,29
33081,23
33082,15
33083,15
33084,19
33085,23
33086,11
33087,11
33088,15
33089,11
33090,29
33093,15
33094,11
33095,15
33096,28
33097,19
33098,11
33099,27
33100,15
33101,15
33102,11
33103,7
33104,27
33105,11
33106,19
33108,23
33109,18
33111,14
33112,11
33113,11
33114,19
33115,11
33116,11
33117,11
33118,19
33119,34
33120,19
33121,11
33122,33
33123,23
33124,15
33125,19
33126,15
33127,11
33128,15
33129,11
33130,15
33131,11
33132,15
33133,7
33134,11
33135,11
33136,11
33137,11
33138,29
33139,7
33140,27
33141,15
33142,15
33143,19
33144,15
33145,15
33146,19
33147,11
33148,7
33149,11
33150,11
33151,15
33152,11
33153,11
33154,18
33155,11
33156,11
33157,15
33158,11
33159,15
33160,15
33161,15
33162,35
33163,11
33164,19
33165,23
33166,15
33167,33
33168,13
33169,11
33170,15
33171,11
33172,11
33173,11
33174,15
33175,15
33176,11
33177,19
33178,11
33179,23
33180,11
33181,11
33182,15
33183,15
33184,15
33185,19
33186,15
33187,15
33188,10
33189,11
33190,7
33191,15
33192,35
33193,15
33194,15
33195,15
33196,11
33197,11
33198,19
33199,34
33200,33
33201,15
33202,15
33203,26
33204,15
33205,15
33206,15
33207,28
33208,15
33209,11
33210,11
33211,15
33212,10
33213,27
33214,27
33215,11
33216,11
33218,17
33219,19
33220,15
33221,15
33222,15
33223,11
33224,7
33225,19
33226,17
33227,28
33228,15
33229,29
33230,11
33231,11
33232,7
33233,23
33234,23
33235,11
33236,29
33237,15
33238,33
33239,11
33240,29
33241,15
33242,15
33243,35
33244,11
33245,15
33246,11
33247,11
33248,23
33249,35
33250,11
33251,15
33252,15
33253,15
33254,11
33255,11
33256,27
33257,10
33258,11
33259,12
33260,15
33261,13
33262,27
33263,11
33264,13
33266,15
33268,29
33269,11
33270,11
33271,10
33272,15
33273,29
33274,23
33275,11
33276,11
33277,11
33278,11
33279,15
33280,15
33281,49
33282,11
33283,11
33284,29
33285,11
33287,15
33288,11
33289,19
33290,19
33291,10
33292,11
33293,23
33294,15
33295,7
33296,15
33297,18
33298,15
33299,11
33300,15
33301,15
33302,11
33303,15
33304,11
33305,15
33306,10
33307,19
33308,11
33309,15
33310,11
33311,12
33312,29
33314,27
33315,19
33316,15
33317,15
33318,49
33319,11
33320,15
33321,19
33322,28
33323,15
33324,27
33325,15
33326,11
33327,23
33328,15
33329,11
33330,22
33331,11
33332,15
33333,23
33334,22
33335,15
33336,15
33337,19
33339,15
33341,19
33342,15
33343,15
33344,15
33345,10
33346,11
33347,11
33348,15
33349,19
33350,15
33351,19
33352,27
33353,11
33354,11
33355,19
33356,11
33357,19
33358,11
33359,11
33360,11
33361,15
33362,15
33363,27
33364,11
33365,11
33366,33
33367,11
33369,15
33370,15
33372,7
33373,15
33374,13
33375,11
33376,29
33377,7
33378,15
33379,11
33380,23
33381,22
33382,19
33383,11
33384,11
33385,15
33386,11
33387,15
33388,15
33389,23
33390,11
33391,11
33392,15
33393,29
33394,19
33395,19
33396,11
33397,27
33398,11
33399,11
33400,11
33401,11
33402,23
33403,11
33404,11
33405,11
33406,11
33407,15
33408,11
33409,7
33411,11
33412,15
33413,19
33414,11
33415,19
33416,15
33417,23
33418,11
33419,7
33420,11
33421,11
33422,29
33423,15
33424,27
33425,15
33426,11
33427,11
33428,7
33429,11
33431,10
33432,11
33433,29
33434,19
33435,19
33436,15
33437,19
33438,19
33439,19
33440,11
33441,15
33442,15
33443,11
33444,15
33445,14
33446,11
33447,19
33448,23
33449,39
33450,11
33451,15
33452,14
33453,11
33454,19
33456,15
33457,15
33458,15
33459,11
33460,15
33461,11
33462,11
33463,15
33464,11
33465,14
33466,19
33467,11
33468,11
33470,15
33471,15
33472,11
33473,23
33474,23
33475,11
33476,15
33477,15
33478,22
33479,11
33480,15
33481,11
33482,11
33483,27
33484,19
33485,19
33486,11
33487,15
33488,11
33489,11
33490,19
33491,11
33492,19
33493,10
33494,15
33496,19
33498,29
33499,11
33500,11
33501,22
33502,11
33503,15
33504,15
33505,15
33506,19
33507,11
33508,15
33509,15
33510,11
33511,11
33512,11
33513,11
33514,23
33515,11
33516,11
33517,19
33518,15
33519,32
33520,11
33521,15
33522,42
33523,19
33524,11
33525,15
33526,11
33527,29
33528,15
33529,35
33530,15
33531,11
33532,11
33533,22
33534,15
33535,27
33536,11
33537,11
33538,15
33539,27
33540,19
33541,15
33542,15
33543,15
33544,15
33545,15
33546,11
33547,15
33548,15
33549,11
33550,39
33551,11
33552,15
33553,15
33554,23
33555,25
34001,19
34002,15
34003,35
34004,11
34005,11
34006,11
34007,11
34008,15
34009,19
34010,23
34011,10
34012,13
34013,19
34014,19
34015,11
34016,14
34017,11
34018,15
34019,10
34020,11
34021,11
34022,29
34023,29
34024,23
34025,18
34026,11
34027,19
34028,29
34029,15
34030,11
34031,28
34032,49
34033,19
34034,7
34035,15
34036,15
34037,23
34038,19
34039,19
34040,7
34041,15
34042,15
34043,11
34044,11
34045,11
34046,7
34047,14
34048,11
34049,11
34050,19
34051,27
34052,23
34053,11
34054,7
34055,11
34056,15
34057,35
34058,29
34059,11
34060,11
34061,15
34062,11
34063,23
34064,11
34065,15
34066,11
34067,19
34068,10
34069,27
34070,15
34071,11
34072,6
34073,23
34074,19
34075,11
34076,15
34077,29
34078,19
34079,29
34080,11
34081,19
34082,15
34083,11
34084,19
34085,11
34086,15
34087,23
34088,29
34089,15
34090,29
34091,7
34092,15
34093,11
34094,15
34095,29
34096,15
34097,11
34098,11
34099,6
34100,7
34101,29
34102,10
34103,15
34104,11
34105,11
34106,11
34107,11
34108,35
34109,15
34110,15
34111,27
34112,11
34113,29
34114,29
34115,11
34116,29
34117,15
34118,15
34119,19
34120,29
34121,11
34122,11
34123,33
34124,11
34125,11
34126,23
34127,23
34128,19
34129,33
34130,19
34131,14
34132,11
34133,7
34134,23
34135,23
34136,19
34137,11
34138,11
34139,15
34140,23
34141,15
34142,29
34143,19
34144,15
34145,35
34146,27
34147,22
34148,27
34149,15
34150,29
34151,28
34152,15
34153,19
34154,33
34155,19
34156,7
34157,33
34158,11
34159,23
34160,15
34161,27
34162,27
34163,27
34164,14
34165,23
34166,23
34167,11
34168,7
34169,27
34170,11
34171,11
34172,65
34173,15
34174,15
34175,11
34176,23
34177,11
34178,23
34179,19
34180,15
34181,15
34182,18
34183,27
34184,14
34185,11
34186,15
34187,14
34188,11
34189,19
34190,11
34191,15
34192,29
34193,11
34194,27
34195,7
34196,11
34197,15
34198,29
34199,29
34200,11
34201,11
34202,29
34203,19
34204,15
34205,11
34206,15
34207,18
34208,11
34209,23
34210,19
34211,15
34212,11
34213,29
34214,14
34215,15
34216,11
34217,29
34218,11
34219,15
34220,11
34221,11
34222,15
34223,15
34224,15
34225,23
34226,19
34227,19
34228,7
34229,15
34230,11
34231,7
34232,15
34233,11
34234,11
34235,11
34236,7
34237,19
34238,6
34239,29
34240,23
34241,15
34242,15
34243,19
34244,21
34245,19
34246,23
34247,27
34248,15
34249,23
34250,9
34251,11
34252,10
34253,7
34254,15
34255,29
34256,19
34257,11
34258,19
34259,29
34260,15
34261,11
34262,11
34263,11
34264,11
34265,13
34266,11
34267,19
34268,15
34269,11
34270,33
34271,11
34272,23
34273,11
34274,23
34276,27
34277,11
34278,7
34279,10
34280,15
34281,19
34282,15
34283,10
34284,19
34285,15
34286,11
34287,11
34288,14
34289,23
34290,15
34291,10
34292,10
34293,15
34294,15
34295,19
34296,15
34297,11
34298,28
34299,29
34300,27
34301,43
34302,15
34303,7
34304,15
34305,11
34306,11
34307,23
34308,11
34309,27
34310,23
34311,19
34312,15
34313,15
34314,11
34315,11
34316,10
34317,11
34318,15
34319,11
34320,23
34321,19
34322,15
34323,7
34324,27
34325,19
34326,7
34327,29
34328,15
34329,23
34331,7
34332,29
34333,23
34334,11
34335,11
34336,27
34337,33
34338,7
34339,11
34340,15
34341,27
34342,11
34343,15
34344,29
35001,29
35002,19
35003,15
35004,29
35005,11
35006,27
35007,11
35008,14
35009,19
35010,19
35012,28
35013,23
35014,19
35015,19
35016,19
35017,13
35018,15
35019,19
35021,15
35022,15
35023,27
35024,33
35025,15
35026,11
35027,19
35028,15
35029,17
35030,15
35031,27
35032,27
35033,23
35034,15
35035,15
35037,29
35038,15
35039,19
35040,27
35041,15
35042,15
35044,11
35045,15
35046,15
35047,33
35049,29
35050,14
35051,33
35052,15
35054,19
35055,33
35056,15
35057,15
35058,15
35059,27
35060,19
35061,15
35062,15
35063,11
35064,14
35065,19
35066,29
35067,19
35068,29
35069,33
35070,19
35071,11
35072,19
35075,15
35076,26
35077,11
35078,15
35079,19
35080,19
35081,15
35082,15
35084,15
35085,29
35086,15
35087,14
35088,23
35089,11
35090,23
35091,15
35092,15
35093,33
35094,19
35095,29
35096,18
35097,19
35098,15
35099,27
35101,14
35102,15
35103,11
35104,15
35105,19
35106,15
35107,17
35108,15
35109,23
35110,15
35111,15
35112,15
35114,11
35115,35
35116,23
35117,19
35118,15
35119,14
35120,29
35121,19
35122,19
35123,27
35124,19
35125,27
35126,29
35127,27
35128,19
35130,19
35131,27
35132,15
35133,27
35134,11
35135,19
35136,29
35137,19
35138,15
35139,29
35140,15
35141,12
35142,15
35143,15
35144,15
35145,14
35146,15
35148,11
35149,19
35150,23
35151,15
35152,29
35153,11
35154,19
35155,15
35156,15
35157,14
35159,11
35160,11
35161,19
35162,23
35163,23
35164,15
35165,15
35166,15
35167,23
35168,29
35169,15
35170,15
35171,19
35172,19
35173,29
35174,15
35175,15
35176,33
35177,27
35178,19
35179,27
35180,15
35181,15
35183,15
35184,33
35185,11
35186,15
35187,15
35188,29
35189,23
35190,11
35191,23
35192,11
35193,19
35194,15
35195,19
35196,29
35197,19
35198,15
35199,11
35200,15
35201,15
35202,15
35203,10
35204,23
35205,11
35206,29
35207,29
35208,26
35210,33
35211,19
35212,15
35214,14
35215,15
35216,19
35217,15
35218,15
35219,27
35220,26
35221,23
35222,19
35223,27
35224,23
35225,15
35226,18
35227,23
35228,29
35229,15
35230,11
35231,15
35232,11
35233,19
35234,15
35235,15
35236,29
35237,15
35238,61
35239,27
35240,29
35241,19
35242,11
35243,19
35244,11
35245,27
35246,15
35247,15
35248,11
35249,15
35250,17
35251,27
35252,15
35253,27
35255,15
35256,19
35257,29
35258,11
35259,15
35260,13
35261,11
35262,11
35263,23
35264,19
35265,23
35266,23
35268,11
35270,11
35271,15
35272,15
35273,19
35274,15
35275,27
35276,15
35277,11
35278,29
35279,15
35280,15
35281,33
35282,27
35283,15
35284,23
35285,15
35286,11
35287,19
35288,43
35289,15
35290,14
35291,11
35292,23
35294,19
35295,13
35296,15
35297,27
35299,27
35300,15
35302,15
35304,15
35305,8
35306,19
35307,15
35308,29
35309,15
35310,19
35311,15
35312,19
35314,15
35315,15
35316,15
35317,15
35318,15
35319,19
35320,14
35321,15
35322,15
35324,14
35325,11
35326,23
35327,27
35328,19
35329,15
35330,15
35331,18
35332,15
35333,19
35334,29
35335,15
35336,11
35337,27
35338,15
35339,15
35340,15
35342,11
35343,14
35345,15
35346,11
35347,23
35350,14
35351,15
35352,29
35353,28
35354,11
35355,15
35356,19
35357,11
35358,15
35359,15
35360,33
35361,15
35362,15
35363,27
36001,15
36002,11
36003,15
36004,6
36005,27
36006,26
36007,15
36008,11
36009,15
36010,15
36011,11
36012,11
36013,11
36014,11
36015,7
36016,15
36017,11
36018,29
36019,11
36020,7
36021,15
36022,11
36023,11
36024,11
36025,15
36026,15
36027,11
36028,11
36029,11
36030,11
36031,27
36032,15
36033,11
36034,23
36035,15
36036,11
36037,11
36038,11
36040,11
36041,11
36042,15
36043,15
36044,43
36045,22
36046,27
36047,15
36048,11
36049,11
36050,11
36051,11
36052,11
36053,15
36054,10
36055,15
36056,15
36057,15
36058,15
36059,11
36060,15
36061,11
36062,11
36063,29
36064,15
36065,11
36066,11
36067,8
36068,11
36069,15
36070,15
36071,15
36073,11
36074,15
36075,7
36076,11
36077,11
36078,10
36079,7
36080,7
36081,11
36082,11
36083,11
36084,11
36085,11
36086,11
36087,11
36088,33
36089,11
36090,11
36091,15
36092,11
36093,27
36094,11
36095,11
36096,11
36097,11
36098,7
36099,11
36100,11
36101,17
36102,7
36103,15
36104,11
36105,11
36106,11
36107,14
36108,11
36109,15
36110,11
36111,11
36112,15
36113,15
36114,11
36115,11
36116,11
36117,11
36118,9
36119,15
36120,15
36121,11
36122,11
36123,15
36124,11
36125,11
36126,11
36127,17
36128,19
36129,15
36130,11
36131,11
36132,7
36133,11
36134,11
36135,11
36136,9
36137,11
36138,11
36139,15
36140,15
36141,19
36142,19
36143,11
36144,11
36145,11
36146,15
36147,11
36148,11
36149,15
36150,15
36152,11
36153,11
36154,19
36155,15
36156,11
36157,11
36158,15
36159,27
36160,11
36161,15
36162,15
36163,15
36164,11
36165,15
36166,11
36167,11
36168,15
36169,15
36170,11
36171,19
36172,15
36173,15
36174,11
36175,10
36176,15
36177,11
36178,11
36179,11
36180,15
36181,11
36182,15
36184,15
36185,11
36186,11
36187,11
36188,11
36189,15
36190,11
36191,15
36192,19
36193,11
36194,15
36195,15
36196,11
36197,11
36198,11
36199,15
36200,19
36202,15
36203,7
36204,11
36205,11
36207,15
36208,15
36209,11
36210,11
36211,6
36212,11
36213,11
36214,11
36215,15
36216,7
36217,11
36218,11
36219,15
36220,14
36221,11
36222,11
36223,11
36224,15
36225,1
36226,11
36227,11
36228,19
36229,16
36230,18
36231,15
36232,15
36233,15
36234,11
36235,11
36236,10
36237,15
36238,11
36239,11
36240,11
36241,23
36242,11
36243,11
36244,19
36246,10
36247,15
36248,11
37001,15
37002,18
37003,33
37004,11
37005,15
37006,23
37007,11
37008,22
37009,11
37010,19
37011,19
37012,15
37013,11
37014,23
37015,23
37016,11
37018,29
37019,11
37020,19
37021,23
37022,23
37023,11
37024,14
37025,15
37026,15
37027,29
37028,15
37029,11
37030,15
37031,26
37032,11
37033,11
37034,11
37035,11
37036,10
37037,11
37038,15
37039,15
37040,8
37041,11
37042,11
37043,15
37044,11
37045,15
37046,10
37047,15
37048,11
37049,15
37050,33
37051,15
37052,15
37053,11
37054,27
37055,15
37056,15
37057,15
37058,15
37059,15
37060,15
37061,15
37062,19
37063,28
37064,11
37065,15
37066,15
37067,19
37068,15
37069,11
37070,11
37071,11
37072,29
37073,15
37074,19
37075,11
37076,11
37077,27
37078,11
37079,19
37080,11
37081,15
37082,11
37083,19
37084,15
37085,15
37086,11
37087,11
37088,11
37089,15
37090,7
37091,19
37092,15
37093,15
37094,15
37095,11
37096,15
37097,14
37098,15
37099,15
37100,11
37101,11
37103,11
37104,29
37105,11
37106,11
37107,11
37108,15
37109,33
37110,15
37111,18
37112,11
37113,15
37114,11
37115,23
37116,15
37117,15
37118,15
37119,19
37121,11
37122,39
37123,29
37124,19
37125,15
37126,11
37127,11
37128,15
37129,15
37130,19
37131,15
37132,29
37133,15
37134,15
37136,15
37137,11
37138,15
37139,28
37140,10
37141,15
37142,14
37143,15
37144,15
37145,11
37146,11
37147,15
37148,15
37149,11
37150,15
37151,23
37152,19
37153,27
37154,27
37155,15
37156,33
37157,11
37158,15
37159,29
37160,11
37161,15
37162,11
37163,27
37165,11
37166,14
37167,19
37168,11
37169,14
37170,15
37171,15
37172,27
37173,15
37174,14
37175,15
37176,15
37177,15
37178,15
37179,19
37180,15
37181,11
37182,15
37183,15
37184,11
37185,19
37186,15
37187,11
37188,15
37189,15
37190,11
37191,11
37192,15
37193,15
37194,19
37195,33
37196,19
37197,15
37198,11
37199,11
37200,15
37201,15
37202,15
37203,23
37204,15
37205,15
37206,19
37207,11
37208,33
37210,15
37211,23
37212,15
37213,15
37214,33
37216,19
37217,19
37218,15
37219,15
37220,11
37221,15
37222,15
37223,11
37224,15
37225,23
37226,27
37228,15
37229,11
37230,15
37231,19
37232,23
37233,33
37234,15
37236,15
37237,15
37238,15
37240,15
37241,13
37242,19
37243,23
37244,11
37245,19
37246,11
37247,15
37248,11
37249,15
37250,23
37251,15
37252,11
37253,10
37254,23
37255,11
37256,11
37257,19
37258,11
37259,11
37260,15
37261,55
37262,11
37263,19
37264,15
37265,11
37266,29
37267,27
37268,11
37269,11
37270,23
37271,15
37272,15
37273,29
37274,11
37275,11
37276,15
37277,15
37278,15
37279,15
37280,11
37281,23
37282,15
38001,33
38002,15
38003,14
38004,15
38005,14
38006,27
38008,7
38009,15
38010,15
38011,15
38012,23
38013,23
38015,19
38017,15
38018,11
38019,15
38020,11
38022,33
38023,11
38026,15
38027,19
38029,19
38030,19
38031,6
38032,15
38033,15
38034,27
38035,15
38036,5
38037,15
38038,15
38039,23
38040,11
38041,11
38042,15
38043,19
38044,15
38045,19
38046,15
38047,11
38048,15
38049,11
38050,15
38051,15
38052,23
38053,35
38054,19
38055,15
38056,7
38057,15
38058,19
38059,23
38060,11
38061,23
38062,14
38063,11
38064,23
38065,19
38066,11
38067,19
38068,15
38069,15
38070,15
38071,23
38072,23
38073,15
38074,11
38075,23
38076,19
38077,15
38078,15
38080,14
38081,19
38082,19
38083,11
38084,15
38085,29
38086,11
38087,29
38089,11
38090,11
38091,15
38092,6
38093,11
38094,19
38095,23
38097,27
38098,15
38099,15
38100,23
38101,15
38102,15
38103,10
38104,15
38105,19
38106,11
38107,19
38108,11
38109,15
38110,19
38111,29
38112,11
38113,15
38114,15
38115,15
38116,7
38117,15
38118,19
38120,15
38124,19
38126,27
38127,11
38128,11
38129,11
38130,27
38131,19
38132,7
38133,27
38134,15
38135,15
38136,15
38137,10
38138,23
38139,19
38140,29
38141,15
38144,23
38146,15
38147,15
38148,23
38149,19
38150,29
38151,39
38152,19
38153,11
38154,11
38155,19
38156,14
38157,23
38158,33
38159,15
38160,19
38161,15
38162,15
38163,15
38166,11
38167,15
38169,35
38170,23
38171,11
38172,15
38173,11
38174,15
38175,23
38176,19
38177,6
38179,29
38180,15
38181,19
38182,23
38183,15
38184,19
38185,59
38186,10
38187,19
38188,15
38189,27
38190,15
38191,15
38192,11
38193,33
38194,19
38195,15
38197,19
38198,15
38199,19
38200,27
38203,11
38204,9
38205,23
38206,15
38207,11
38208,11
38209,11
38210,15
38211,11
38212,15
38213,15
38214,19
38215,19
38216,7
38217,7
38218,15
38219,15
38221,11
38222,15
38223,19
38224,7
38225,27
38226,15
38228,11
38229,33
38230,14
38231,15
38232,15
38235,10
38236,19
38237,11
38238,19
38239,29
38240,15
38241,7
38242,15
38243,11
38244,15
38245,11
38246,15
38247,23
38248,15
38249,29
38250,15
38252,11
38253,23
38254,11
38255,11
38256,19
38257,11
38258,7
38259,15
38260,14
38261,27
38263,11
38264,11
38265,19
38266,11
38267,15
38268,10
38269,27
38270,19
38271,15
38272,11
38273,11
38275,11
38276,23
38277,15
38278,11
38279,15
38280,15
38281,19
38282,15
38283,11
38284,19
38285,11
38286,7
38287,15
38288,19
38289,11
38290,15
38291,15
38292,19
38294,15
38295,15
38296,15
38297,23
38298,28
38299,11
38300,11
38301,11
38303,15
38304,15
38307,15
38308,11
38309,19
38310,15
38311,15
38313,11
38314,29
38315,27
38316,29
38317,33
38318,29
38319,15
38320,19
38321,11
38322,7
38323,15
38324,15
38325,15
38326,11
38328,15
38329,7
38330,11
38331,15
38332,27
38333,11
38334,15
38335,15
38336,19
38337,29
38338,15
38339,19
38340,19
38341,15
38342,11
38343,19
38344,29
38345,15
38346,11
38347,15
38348,27
38349,19
38350,15
38351,15
38352,19
38353,15
38354,10
38355,11
38356,11
38357,23
38358,15
38359,19
38360,11
38361,7
38362,15
38363,15
38364,11
38365,15
38366,11
38368,14
38369,15
38370,15
38372,15
38373,15
38374,27
38375,11
38376,15
38377,23
38378,27
38379,11
38380,11
38381,19
38382,33
38383,23
38384,23
38386,19
38387,15
38388,19
38389,23
38390,14
38391,11
38392,15
38393,19
38394,19
38395,23
38396,15
38397,29
38398,15
38399,27
38400,27
38401,19
38402,15
38403,11
38404,11
38405,15
38406,11
38407,19
38408,23
38409,13
38410,14
38412,27
38413,11
38414,7
38415,15
38416,29
38417,11
38418,9
38419,11
38420,11
38421,39
38422,29
38423,29
38424,11
38425,29
38426,15
38427,11
38428,7
38429,11
38430,11
38431,22
38432,15
38433,15
38434,15
38436,19
38437,11
38438,11
38439,27
38440,15
38442,14
38443,11
38444,11
38445,15
38446,15
38448,15
38449,29
38450,15
38451,23
38452,11
38453,19
38454,19
38455,27
38456,15
38457,22
38458,15
38459,15
38460,11
38462,15
38463,19
38464,19
38465,15
38466,19
38467,15
38468,27
38469,7
38470,11
38471,15
38472,9
38473,14
38474,33
38475,19
38476,15
38478,15
38479,23
38480,19
38481,15
38483,19
38484,19
38485,33
38486,29
38487,18
38488,15
38489,11
38490,19
38492,15
38494,14
38495,15
38496,15
38497,11
38498,15
38499,15
38500,15
38501,19
38503,23
38504,19
38505,15
38507,29
38508,15
38509,29
38511,23
38512,14
38513,11
38514,11
38515,19
38516,29
38517,29
38518,11
38519,23
38520,15
38521,7
38522,11
38523,15
38524,28
38525,11
38526,11
38527,11
38528,15
38529,27
38530,23
38531,15
38532,15
38533,15
38535,11
38536,15
38537,29
38538,27
38539,15
38540,15
38542,10
38543,19
38544,35
38545,29
38546,15
38547,29
38548,27
38549,7
38550,7
38551,6
38552,11
38553,33
38554,19
38555,15
38556,15
38557,27
38558,19
38559,27
38560,23
38561,19
38562,29
38563,35
38564,11
38565,29
38566,19
38567,11
39001,15
39002,7
39003,7
39004,7
39006,11
39007,11
39008,11
39009,15
39010,7
39011,11
39013,22
39014,11
39015,11
39016,19
39017,19
39018,19
39019,11
39020,11
39021,19
39022,15
39024,11
39025,10
39026,10
39027,11
39028,11
39029,11
39030,15
39031,11
39032,10
39034,11
39035,11
39037,11
39038,11
39039,11
39040,11
39041,11
39042,15
39043,19
39045,7
39046,7
39047,15
39048,11
39049,11
39050,11
39051,11
39052,7
39053,11
39054,7
39055,7
39056,15
39057,11
39058,11
39059,19
39060,7
39061,11
39062,7
39063,11
39065,11
39066,11
39068,11
39070,7
39072,11
39073,11
39074,11
39076,11
39077,7
39078,15
39079,11
39080,7
39081,11
39083,10
39084,11
39085,7
39086,11
39088,11
39090,11
39091,7
39092,11
39093,11
39094,11
39095,11
39096,11
39097,29
39099,11
39100,11
39101,15
39102,11
39103,11
39104,15
39105,10
39106,11
39107,11
39108,7
39109,11
39110,7
39111,7
39112,9
39114,11
39116,11
39117,11
39118,7
39119,7
39120,11
39121,11
39122,11
39124,11
39126,11
39127,11
39128,19
39129,11
39130,19
39131,15
39132,7
39133,7
39134,11
39136,7
39137,15
39138,11
39139,7
39140,7
39141,11
39142,11
39143,7
39145,11
39146,14
39147,11
39149,11
39150,15
39151,11
39153,14
39154,15
39155,7
39156,11
39157,7
39159,11
39160,15
39162,11
39163,11
39164,15
39165,7
39166,11
39167,11
39168,7
39169,15
39170,15
39171,15
39172,11
39173,15
39174,7
39175,7
39176,15
39177,19
39178,7
39179,11
39180,11
39182,15
39183,15
39184,11
39185,11
39187,10
39188,11
39189,22
39190,19
39191,6
39192,7
39193,15
39194,11
39196,11
39197,11
39198,35
39199,19
39200,11
39201,11
39202,11
39203,9
39204,7
39205,11
39206,11
39207,7
39208,11
39209,15
39210,15
39211,11
39214,10
39216,11
39217,15
39218,11
39219,15
39220,11
39221,7
39222,7
39223,9
39225,11
39227,11
39228,15
39229,11
39230,7
39232,11
39233,19
39234,7
39235,15
39236,7
39237,7
39238,11
39239,7
39240,11
39241,11
39244,10
39245,11
39246,10
39247,7
39248,7
39249,7
39250,11
39251,11
39252,15
39253,11
39254,9
39255,10
39258,19
39259,7
39261,11
39262,11
39263,11
39265,11
39266,11
39267,7
39268,7
39269,11
39270,15
39271,11
39272,7
39273,14
39274,11
39275,15
39277,6
39278,11
39279,15
39280,11
39281,7
39282,7
39283,15
39284,11
39285,11
39286,22
39288,11
39289,11
39290,15
39291,11
39292,11
39293,11
39295,11
39296,11
39297,15
39298,7
39299,15
39300,33
39301,11
39302,7
39304,11
39305,15
39306,15
39307,11
39308,11
39310,11
39312,11
39313,11
39314,7
39315,11
39317,11
39318,11
39319,11
39320,11
39321,10
39322,4
39323,11
39324,7
39325,15
39326,11
39327,15
39328,11
39329,15
39330,11
39331,19
39333,19
39334,11
39335,15
39336,10
39337,7
39338,15
39339,19
39342,11
39343,6
39344,11
39345,11
39346,11
39348,11
39349,15
39350,11
39351,11
39352,11
39353,11
39354,10
39355,11
39356,11
39359,7
39360,11
39361,11
39362,23
39363,7
39364,11
39365,15
39366,11
39367,17
39368,33
39370,14
39372,7
39373,11
39375,11
39376,7
39377,11
39378,19
39379,15
39380,7
39381,7
39385,15
39386,7
39387,11
39388,11
39389,15
39390,11
39391,11
39392,11
39393,6
39394,7
39396,15
39397,19
39398,11
39399,11
39400,10
39401,11
39402,11
39403,11
39404,11
39405,15
39406,10
39407,11
39408,11
39409,11
39411,19
39412,10
39413,11
39415,15
39418,11
39419,7
39420,11
39421,11
39422,14
39423,11
39424,11
39425,6
39426,11
39427,7
39428,7
39429,11
39430,10
39431,11
39432,11
39434,27
39435,15
39436,11
39437,11
39439,15
39441,15
39443,10
39444,7
39445,11
39446,11
39447,11
39448,15
39449,11
39451,11
39452,15
39453,10
39454,7
39455,7
39456,11
39457,7
39458,11
39460,11
39461,7
39462,15
39463,11
39464,10
39465,11
39466,11
39467,11
39468,11
39469,9
39470,27
39471,15
39472,11
39473,11
39474,11
39475,19
39476,19
39477,11
39478,29
39479,11
39480,11
39481,10
39485,19
39486,11
39487,19
39489,11
39490,11
39491,23
39492,11
39493,11
39494,11
39495,7
39497,7
39498,15
39499,11
39500,23
39501,15
39502,11
39503,11
39504,11
39505,7
39507,7
39508,14
39510,19
39511,7
39512,6
39513,11
39514,11
39517,15
39518,7
39519,11
39520,11
39522,11
39523,11
39525,11
39526,27
39527,11
39528,10
39529,7
39530,18
39531,11
39532,7
39533,11
39534,11
39535,11
39537,15
39538,7
39539,11
39540,11
39543,11
39545,11
39546,11
39547,15
39548,7
39550,11
39551,11
39552,11
39553,11
39554,11
39555,11
39556,7
39557,11
39558,11
39559,11
39560,15
39561,11
39565,7
39567,11
39568,7
39569,15
39570,11
39571,11
39572,11
39573,15
39574,15
39575,7
39576,19
39577,15
39579,15
39581,11
39582,14
39583,15
39584,11
39585,7
39586,7
40001,29
40002,19
40003,11
40004,19
40005,11
40006,15
40007,11
40008,7
40011,11
40012,11
40013,11
40014,11
40015,7
40016,11
40017,11
40018,11
40019,15
40020,15
40021,15
40022,11
40023,10
40024,11
40025,13
40026,11
40027,11
40028,11
40029,10
40030,7
40031,15
40032,11
40033,11
40034,14
40035,15
40036,23
40037,19
40038,7
40039,11
40040,11
40041,11
40042,11
40043,15
40044,15
40046,33
40047,11
40049,10
40050,11
40051,14
40052,11
40053,11
40054,10
40055,19
40056,15
40057,11
40058,11
40059,15
40060,11
40061,15
40062,11
40063,15
40064,11
40065,29
40066,15
40067,15
40068,15
40069,11
40070,11
40071,15
40072,11
40073,11
40074,15
40075,19
40076,11
40077,15
40078,11
40079,11
40080,15
40081,11
40082,11
40083,11
40084,15
40085,11
40086,11
40087,11
40088,35
40089,15
40090,11
40091,15
40092,11
40093,11
40094,15
40095,15
40096,11
40097,11
40098,11
40099,11
40100,11
40101,11
40102,15
40103,15
40104,15
40105,11
40106,11
40108,15
40109,11
40110,15
40111,15
40112,11
40113,15
40114,11
40115,10
40116,11
40117,19
40118,19
40119,27
40120,15
40121,11
40122,15
40123,15
40124,11
40125,15
40126,19
40127,15
40128,15
40129,15
40130,11
40131,15
40132,15
40133,29
40134,23
40135,15
40136,11
40137,11
40138,11
40139,15
40140,11
40141,11
40142,15
40143,11
40144,11
40145,15
40146,11
40147,11
40148,7
40149,11
40150,19
40151,11
40152,15
40153,11
40154,11
40155,15
40156,15
40157,19
40158,11
40159,11
40160,11
40161,11
40162,15
40163,15
40164,8
40165,11
40166,7
40167,15
40168,19
40169,11
40170,11
40171,11
40172,11
40173,11
40174,5
40175,11
40176,7
40177,11
40178,15
40179,19
40180,15
40181,15
40182,15
40183,15
40184,29
40185,11
40186,15
40187,15
40188,11
40189,7
40190,11
40191,15
40192,35
40193,7
40194,15
40195,15
40196,15
40197,33
40198,11
40199,11
40200,15
40201,15
40202,22
40203,11
40204,11
40205,11
40206,11
40207,19
40208,11
40209,29
40210,15
40211,15
40212,15
40213,15
40214,15
40215,11
40216,11
40217,29
40218,15
40219,11
40220,11
40221,11
40222,15
40223,11
40224,27
40225,11
40226,11
40227,15
40228,19
40229,19
40230,23
40231,15
40232,11
40233,23
40234,15
40235,15
40236,14
40237,15
40238,15
40239,11
40240,15
40242,11
40243,27
40244,13
40245,19
40246,15
40247,11
40248,19
40249,15
40250,15
40251,11
40252,15
40253,15
40254,9
40255,11
40256,15
40257,15
40258,11
40259,11
40260,11
40261,23
40262,11
40263,11
40264,17
40265,11
40266,19
40267,15
40268,15
40269,15
40270,11
40271,15
40272,15
40273,29
40274,15
40275,15
40276,11
40277,15
40278,15
40279,33
40280,19
40281,29
40282,27
40283,23
40284,29
40285,15
40286,15
40287,27
40288,15
40289,11
40290,8
40291,15
40292,15
40293,15
40294,19
40295,15
40296,27
40297,11
40298,11
40299,11
40300,15
40301,11
40303,10
40304,27
40305,11
40306,15
40307,15
40308,15
40309,15
40310,29
40311,15
40312,33
40313,23
40314,15
40315,15
40316,13
40317,23
40318,11
40319,11
40320,15
40321,11
40322,11
40323,11
40324,11
40325,11
40326,15
40327,10
40328,18
40329,11
40330,11
40331,19
40332,19
40333,12
40334,11
41001,11
41002,15
41003,15
41004,11
41006,11
41007,15
41008,15
41009,15
41010,15
41012,11
41013,11
41014,11
41016,15
41017,15
41018,43
41019,7
41020,11
41022,11
41024,11
41025,15
41026,11
41027,11
41028,11
41029,15
41030,11
41031,23
41032,23
41034,7
41035,15
41036,11
41037,11
41038,11
41039,15
41040,14
41041,11
41042,15
41043,19
41044,15
41045,15
41046,15
41047,27
41048,11
41049,15
41050,15
41051,15
41052,15
41053,15
41054,11
41055,23
41057,10
41058,11
41059,33
41060,15
41061,19
41062,12
41063,11
41065,13
41066,11
41067,23
41068,15
41069,11
41070,19
41071,14
41072,11
41073,15
41074,15
41075,15
41077,11
41078,15
41079,11
41080,15
41081,11
41083,15
41084,15
41085,15
41086,15
41087,11
41088,11
41089,11
41090,11
41091,15
41093,10
41094,15
41095,15
41096,11
41097,19
41098,11
41099,11
41100,11
41101,15
41102,11
41103,11
41104,19
41105,15
41106,27
41107,11
41108,11
41109,15
41110,14
41112,11
41113,11
41114,10
41115,11
41116,11
41118,11
41119,11
41120,15
41121,7
41122,11
41123,15
41124,11
41125,15
41126,15
41127,11
41128,15
41129,15
41130,15
41131,15
41132,3
41134,14
41135,15
41136,29
41137,15
41138,11
41139,15
41140,15
41141,9
41142,23
41143,14
41144,15
41145,15
41146,15
41147,19
41148,15
41149,27
41150,23
41151,29
41152,15
41153,11
41154,15
41155,15
41156,15
41157,19
41158,19
41159,15
41160,11
41161,17
41163,10
41164,23
41166,11
41167,29
41168,11
41171,23
41172,11
41173,27
41174,11
41175,15
41176,15
41177,11
41178,7
41179,11
41180,19
41181,15
41182,11
41184,13
41185,19
41186,11
41187,11
41188,11
41189,11
41190,11
41191,7
41192,11
41193,11
41194,33
41195,11
41196,7
41198,23
41199,15
41200,11
41201,11
41203,11
41204,19
41205,10
41206,15
41207,15
41208,11
41209,15
41211,23
41212,23
41213,10
41214,15
41215,7
41216,15
41217,15
41218,15
41219,11
41220,27
41221,15
41222,11
41223,15
41224,10
41225,15
41226,23
41228,11
41229,15
41230,19
41231,15
41232,29
41233,14
41234,11
41235,15
41236,11
41237,15
41238,19
41239,15
41241,15
41242,27
41243,14
41245,11
41246,11
41247,19
41248,19
41249,15
41250,11
41251,15
41252,19
41253,11
41254,11
41255,10
41256,15
41258,15
41259,15
41260,11
41261,10
41262,15
41265,11
41266,7
41267,14
41268,11
41269,33
41271,15
41273,11
41274,11
41275,14
41276,19
41277,11
41278,9
41279,11
41280,23
41281,10
41282,11
41283,11
41284,5
41285,11
41286,11
41287,15
41288,15
41289,11
41290,11
41291,11
41292,10
41293,11
41294,15
41295,29
41296,15
41297,15
42001,11
42002,11
42003,19
42005,29
42006,11
42007,11
42008,11
42009,15
42010,19
42011,23
42012,15
42013,19
42014,11
42015,15
42016,11
42017,11
42018,11
42019,22
42020,15
42021,15
42022,27
42023,23
42025,11
42026,19
42027,11
42028,11
42029,19
42030,15
42031,11
42032,19
42033,15
42034,11
42035,11
42036,11
42037,15
42038,15
42039,15
42040,7
42041,15
42042,15
42043,19
42044,33
42045,6
42046,19
42047,11
42048,15
42049,15
42050,11
42051,15
42052,27
42053,19
42054,11
42055,11
42056,23
42058,11
42059,29
42060,15
42061,15
42062,15
42063,11
42064,15
42065,15
42066,15
42067,11
42068,11
42069,23
42070,15
42071,29
42072,6
42073,15
42074,15
42075,15
42076,15
42077,11
42078,11
42079,15
42081,19
42083,15
42084,11
42085,15
42086,15
42087,15
42088,15
42089,15
42090,11
42091,15
42092,23
42093,15
42094,29
42095,33
42096,15
42097,27
42098,15
42099,27
42100,11
42101,11
42102,15
42103,29
42104,15
42105,11
42106,11
42107,10
42108,15
42109,11
42110,27
42112,11
42113,11
42115,15
42116,11
42117,11
42118,15
42119,11
42120,19
42121,11
42122,19
42123,27
42124,11
42125,11
42126,15
42127,29
42128,11
42129,18
42130,15
42131,11
42132,15
42133,15
42134,15
42135,15
42136,15
42137,15
42138,15
42139,15
42140,11
42141,15
42142,11
42143,11
42145,15
42146,7
42147,33
42148,11
42149,29
42150,15
42151,11
42152,15
42153,11
42154,11
42155,15
42156,15
42157,15
42158,11
42159,19
42160,11
42161,15
42162,15
42163,15
42164,7
42165,23
42166,15
42167,11
42168,27
42169,19
42170,19
42171,11
42172,15
42173,11
42174,15
42175,13
42176,19
42177,19
42178,15
42179,15
42180,15
42181,19
42182,23
42183,29
42184,33
42185,15
42186,33
42187,39
42188,11
42189,27
42191,15
42192,11
42193,15
42194,11
42195,15
42196,11
42197,15
42198,15
42199,17
42200,19
42201,15
42202,15
42203,11
42204,19
42205,15
42206,19
42207,39
42208,19
42209,11
42210,11
42211,15
42212,15
42213,11
42214,15
42215,15
42216,15
42217,11
42218,59
42219,14
42220,15
42221,15
42222,29
42223,29
42224,23
42225,27
42226,11
42227,11
42228,15
42229,11
42230,19
42231,15
42232,15
42233,15
42234,27
42235,11
42236,15
42237,29
42238,11
42239,15
42240,15
42241,11
42242,19
42243,11
42245,19
42246,15
42247,11
42248,15
42249,19
42251,15
42252,11
42253,14
42254,15
42255,11
42256,27
42257,15
42259,27
42260,15
42261,15
42262,19
42264,15
42265,15
42266,15
42267,19
42268,19
42269,5
42270,15
42271,27
42272,19
42273,11
42274,11
42275,29
42276,11
42277,11
42278,11
42279,33
42280,11
42281,11
42282,11
42283,15
42284,15
42285,27
42286,15
42287,15
42288,15
42289,19
42290,15
42293,15
42294,15
42295,15
42296,15
42297,15
42298,11
42299,23
42300,15
42301,15
42302,29
42303,11
42304,29
42305,29
42306,11
42307,15
42308,15
42310,11
42311,15
42312,15
42313,15
42314,11
42315,10
42316,29
42317,11
42318,15
42319,15
42320,15
42321,10
42322,14
42323,29
42324,15
42325,11
42326,15
42327,15
42328,13
42329,11
42330,29
42331,15
42332,27
42333,15
42334,15
42335,11
42336,15
42337,11
42338,15
42339,11
43001,11
43002,19
43003,15
43004,10
43005,11
43006,9
43007,15
43008,11
43009,7
43010,15
43011,11
43012,29
43013,11
43014,7
43015,7
43016,14
43017,11
43018,15
43019,7
43020,27
43021,15
43022,11
43023,11
43024,15
43025,23
43026,11
43027,7
43028,10
43029,11
43030,11
43031,11
43032,19
43033,14
43034,11
43035,7
43036,11
43037,11
43038,14
43039,15
43040,29
43041,27
43042,15
43043,11
43044,11
43045,11
43046,23
43047,11
43048,13
43049,11
43050,11
43051,19
43052,11
43053,11
43054,11
43055,11
43056,11
43057,7
43058,15
43059,11
43060,7
43061,15
43062,15
43063,11
43064,7
43065,11
43066,11
43067,11
43068,7
43069,11
43070,10
43071,11
43072,11
43073,11
43074,15
43075,7
43076,11
43077,15
43078,23
43079,11
43080,19
43082,7
43083,11
43084,18
43085,7
43086,11
43087,23
43088,11
43089,27
43090,15
43091,11
43092,10
43093,11
43094,7
43095,11
43096,15
43097,11
43098,11
43099,15
43100,11
43101,7
43102,15
43103,7
43104,11
43105,11
43106,11
43107,7
43108,11
43109,7
43110,15
43111,15
43112,27
43113,19
43114,19
43115,15
43116,7
43117,11
43118,11
43119,15
43120,15
43121,11
43122,11
43123,11
43124,15
43125,7
43126,15
43127,15
43128,11
43129,11
43130,15
43131,11
43132,15
43133,11
43134,10
43135,19
43136,11
43137,29
43138,11
43139,7
43140,15
43141,15
43142,15
43143,11
43144,11
43145,7
43147,15
43148,15
43149,10
43150,11
43151,11
43152,23
43153,19
43154,15
43155,7
43156,11
43157,32
43158,11
43159,15
43160,10
43162,23
43163,15
43164,15
43165,19
43166,11
43167,11
43168,7
43169,7
43170,10
43171,7
43172,11
43173,7
43174,15
43175,11
43177,23
43178,11
43180,11
43181,15
43182,7
43183,11
43184,19
43185,23
43186,11
43187,11
43188,11
43189,15
43190,27
43191,11
43192,10
43193,11
43194,15
43195,11
43196,11
43197,8
43198,11
43199,15
43200,19
43201,11
43202,6
43203,11
43204,11
43205,27
43206,11
43207,11
43208,7
43210,11
43211,23
43212,15
43213,19
43214,11
43215,11
43216,19
43217,15
43218,15
43219,11
43220,11
43221,14
43222,11
43223,15
43224,29
43225,7
43226,11
43227,15
43228,7
43229,15
43230,15
43231,11
43232,11
43233,15
43234,19
43236,15
43237,11
43238,11
43239,15
43240,11
43241,15
43242,7
43244,23
43245,15
43246,11
43247,7
43249,15
43250,7
43251,23
43252,7
43253,11
43254,11
43256,11
43257,15
43258,19
43259,11
43260,7
43261,15
43262,15
43263,7
43264,11
43265,15
43267,15
43268,29
44001,19
44002,27
44003,35
44005,33
44006,19
44007,19
44009,29
44010,23
44012,23
44013,23
44014,27
44015,29
44016,15
44018,29
44019,15
44020,33
44021,29
44022,23
44023,23
44024,23
44025,27
44026,33
44027,19
44028,27
44029,33
44030,27
44031,15
44032,23
44033,23
44035,33
44036,33
44037,23
44038,23
44039,15
44041,29
44043,29
44044,15
44045,27
44046,23
44047,35
44048,23
44049,27
44050,23
44051,23
44052,29
44053,19
44054,23
44055,33
44056,27
44057,19
44058,11
44061,22
44062,19
44063,27
44064,27
44065,15
44066,29
44067,29
44068,23
44069,33
44070,27
44071,29
44072,28
44073,29
44074,27
44075,14
44076,15
44077,19
44078,7
44079,23
44080,15
44081,27
44082,29
44083,19
44084,29
44085,14
44086,15
44087,33
44088,23
44089,23
44090,19
44091,19
44092,15
44094,23
44095,19
44096,27
44097,19
44098,29
44099,19
44100,19
44101,29
44102,23
44103,29
44104,15
44105,11
44106,19
44107,19
44108,23
44109,69
44110,29
44111,19
44112,15
44113,27
44114,35
44115,27
44116,23
44117,22
44118,15
44119,19
44120,29
44121,11
44122,27
44123,15
44124,15
44125,19
44126,27
44127,23
44128,29
44129,33
44130,29
44131,33
44132,33
44133,23
44134,15
44135,27
44136,15
44137,23
44138,15
44139,15
44140,19
44141,15
44142,19
44143,43
44144,19
44145,23
44146,19
44148,15
44149,27
44150,27
44151,29
44152,23
44153,19
44154,33
44155,23
44156,23
44157,19
44158,29
44159,15
44161,27
44162,43
44163,29
44164,19
44165,19
44166,29
44168,27
44169,29
44170,15
44171,19
44172,33
44173,19
44174,19
44175,27
44176,23
44178,23
44179,27
44180,33
44182,27
44183,23
44184,49
44185,23
44186,29
44187,27
44188,29
44189,19
44190,35
44192,23
44193,19
44194,29
44195,29
44196,19
44197,19
44198,29
44199,19
44200,11
44201,29
44202,19
44203,18
44204,33
44205,19
44206,19
44207,15
44208,12
44209,29
44210,29
44211,27
44212,29
44213,33
44214,19
44215,35
44216,27
44217,29
44218,15
44220,19
44221,19
44222,15
44223,27
44224,19
45001,10
45002,11
45004,33
45005,11
45006,15
45008,19
45009,15
45010,15
45011,11
45012,11
45013,11
45014,15
45015,15
45016,15
45017,11
45018,15
45019,15
45020,15
45021,11
45022,11
45023,11
45024,19
45025,19
45026,15
45027,11
45028,29
45029,19
45030,19
45031,19
45032,11
45033,11
45034,19
45035,15
45036,15
45037,11
45038,11
45039,15
45040,19
45041,11
45042,19
45043,15
45044,11
45045,11
45046,15
45047,11
45049,15
45050,15
45051,19
45052,7
45053,29
45054,15
45055,15
45056,11
45058,11
45059,11
45060,15
45061,19
45062,15
45063,15
45064,11
45065,11
45066,15
45067,27
45068,33
45069,14
45070,7
45072,15
45073,11
45074,10
45075,33
45076,11
45077,14
45078,11
45079,11
45080,11
45081,14
45082,29
45083,19
45084,11
45085,19
45086,11
45087,23
45088,11
45089,29
45091,11
45092,15
45093,23
45094,11
45095,19
45096,15
45097,15
45098,23
45099,14
45100,11
45101,11
45102,11
45103,19
45104,23
45105,7
45107,11
45108,19
45109,15
45110,11
45111,11
45112,11
45113,11
45114,11
45115,27
45116,15
45118,11
45119,19
45120,11
45121,11
45122,19
45123,19
45124,11
45125,11
45126,23
45127,23
45129,19
45130,15
45131,11
45132,11
45133,15
45134,15
45135,11
45136,15
45137,15
45138,7
45139,15
45141,11
45142,27
45143,7
45144,15
45145,27
45146,29
45147,35
45148,19
45149,11
45150,11
45151,11
45152,11
45153,15
45154,19
45155,32
45156,15
45157,11
45158,11
45159,11
45160,15
45161,15
45162,15
45164,15
45165,15
45166,11
45167,19
45168,15
45169,29
45170,11
45171,15
45173,27
45174,11
45175,15
45176,11
45177,11
45178,15
45179,23
45180,7
45181,7
45182,15
45183,10
45184,11
45185,11
45186,15
45187,23
45188,19
45189,11
45191,33
45193,19
45194,23
45195,13
45196,15
45197,19
45198,11
45199,15
45200,15
45201,11
45202,14
45203,29
45204,15
45205,11
45206,10
45207,11
45208,33
45209,11
45210,15
45212,15
45213,15
45214,11
45215,11
45216,11
45217,10
45218,11
45219,11
45220,15
45222,14
45223,11
45224,27
45225,11
45226,15
45227,15
45228,15
45229,23
45230,15
45231,11
45232,35
45233,11
45234,55
45235,27
45237,11
45238,14
45239,11
45240,15
45241,15
45242,11
45243,11
45244,23
45245,15
45246,10
45247,27
45248,19
45249,15
45250,11
45251,11
45252,29
45253,18
45254,19
45255,11
45256,11
45257,11
45258,23
45259,15
45260,11
45261,15
45262,11
45263,11
45264,11
45265,11
45266,11
45268,15
45269,23
45270,19
45271,15
45272,22
45273,23
45274,29
45275,11
45276,15
45277,11
45278,15
45279,19
45280,15
45281,15
45282,23
45283,11
45284,35
45285,33
45286,29
45288,11
45289,15
45290,19
45291,15
45292,11
45293,15
45294,11
45296,14
45297,15
45298,29
45299,11
45300,27
45301,11
45302,33
45303,15
45305,11
45306,15
45307,19
45308,23
45309,13
45310,19
45311,15
45312,11
45313,15
45314,10
45315,29
45316,15
45317,15
45320,11
45321,15
45322,11
45323,11
45324,19
45325,11
45326,11
45327,22
45328,11
45329,15
45330,11
45331,12
45332,15
45333,19
45334,15
45335,19
45336,15
45337,11
45338,29
45339,11
45340,15
45341,10
45342,11
45343,11
45344,15
45345,15
45346,19
45347,15
45348,15
46001,15
46002,6
46003,15
46004,11
46005,11
46006,11
46007,15
46008,11
46009,15
46010,11
46011,11
46012,15
46013,11
46015,15
46016,10
46017,11
46018,11
46020,11
46021,15
46022,11
46023,15
46024,11
46026,11
46027,10
46028,15
46029,18
46030,11
46031,10
46032,11
46033,19
46034,11
46035,11
46036,11
46037,7
46038,15
46039,11
46040,11
46041,11
46042,33
46043,11
46044,15
46045,15
46046,11
46047,11
46049,11
46050,11
46051,11
46052,11
46053,11
46054,11
46055,15
46056,11
46057,14
46058,11
46059,11
46060,11
46061,10
46062,11
46063,23
46064,15
46065,11
46066,15
46068,10
46069,11
46070,15
46072,11
46073,10
46074,11
46075,11
46076,11
46078,7
46079,11
46080,15
46081,7
46082,11
46083,19
46084,11
46085,11
46086,15
46087,15
46088,15
46089,15
46090,11
46091,11
46092,11
46093,7
46094,11
46095,15
46096,7
46097,11
46098,11
46100,15
46101,11
46102,29
46103,19
46104,7
46105,15
46106,11
46107,11
46108,11
46109,11
46111,11
46112,11
46113,11
46114,11
46115,11
46116,7
46117,14
46118,15
46119,11
46120,11
46121,11
46122,11
46123,10
46124,11
46125,11
46126,11
46127,27
46128,27
46129,11
46130,11
46131,11
46132,15
46133,9
46134,11
46135,7
46136,11
46137,15
46138,19
46139,11
46140,11
46142,11
46143,15
46144,11
46145,15
46146,7
46147,11
46148,19
46149,15
46151,11
46152,11
46153,15
46154,11
46155,11
46156,19
46157,11
46159,11
46160,11
46161,11
46162,11
46163,11
46164,11
46165,11
46167,7
46168,11
46169,11
46170,12
46171,11
46172,11
46173,13
46174,11
46175,14
46176,15
46177,15
46178,11
46179,11
46180,14
46181,11
46182,19
46183,11
46184,11
46185,19
46186,11
46187,15
46188,11
46189,15
46190,11
46191,15
46192,11
46193,11
46194,11
46195,11
46196,11
46197,15
46198,7
46199,10
46200,11
46201,23
46202,15
46203,11
46204,15
46205,11
46206,11
46207,11
46208,11
46209,11
46210,7
46211,11
46212,7
46213,11
46214,11
46215,15
46216,15
46217,11
46218,11
46219,11
46220,15
46221,15
46222,11
46223,11
46224,23
46225,19
46226,10
46227,11
46228,15
46229,15
46230,7
46231,19
46232,19
46233,11
46234,7
46235,11
46236,11
46237,11
46238,9
46239,11
46240,15
46241,11
46242,11
46243,11
46244,7
46245,7
46246,7
46247,11
46249,11
46250,7
46251,23
46252,15
46253,11
46254,11
46255,11
46256,11
46257,11
46258,11
46259,11
46260,11
46262,19
46263,19
46264,11
46265,11
46266,14
46267,15
46268,19
46269,7
46270,11
46271,11
46272,11
46273,15
46276,11
46277,10
46279,11
46280,10
46281,11
46282,7
46283,11
46284,11
46286,11
46288,11
46289,11
46290,11
46292,11
46293,11
46294,10
46295,11
46296,11
46297,15
46299,11
46301,15
46302,11
46303,11
46304,11
46305,11
46306,7
46307,15
46308,10
46309,23
46310,11
46311,19
46312,11
46313,11
46314,11
46315,11
46316,11
46317,11
46318,11
46319,11
46320,11
46321,11
46322,15
46323,7
46324,11
46328,11
46329,11
46330,15
46332,11
46333,11
46334,19
46335,11
46336,11
46337,10
46338,7
46339,11
46340,11
47001,39
47002,11
47003,11
47004,27
47005,11
47006,15
47007,11
47008,11
47009,11
47010,11
47011,11
47012,11
47013,11
47014,11
47015,19
47016,15
47017,11
47018,11
47019,15
47020,11
47021,19
47022,15
47023,11
47024,19
47025,15
47026,11
47027,23
47028,15
47029,11
47030,11
47031,29
47032,29
47033,11
47034,14
47035,11
47036,11
47037,11
47038,15
47039,6
47040,19
47041,15
47042,11
47043,15
47044,11
47045,10
47046,15
47047,11
47048,15
47049,19
47050,11
47051,19
47052,27
47053,11
47054,19
47055,15
47056,15
47057,15
47058,11
47059,11
47060,15
47061,15
47062,11
47063,11
47064,11
47065,23
47066,15
47067,11
47068,15
47069,23
47070,15
47071,11
47072,11
47073,11
47074,11
47075,15
47076,11
47077,15
47078,15
47079,15
47080,11
47081,15
47082,11
47083,7
47084,11
47085,9
47086,15
47087,11
47088,15
47089,11
47090,11
47091,19
47092,11
47093,11
47094,14
47095,15
47096,8
47097,15
47098,11
47099,15
47100,29
47101,15
47102,15
47103,11
47104,11
47105,11
47106,27
47107,11
47108,11
47109,11
47110,19
47111,15
47112,11
47113,11
47114,11
47115,11
47117,15
47118,11
47119,15
47120,11
47121,11
47122,11
47123,11
47124,11
47125,11
47126,7
47127,15
47128,13
47129,11
47130,11
47131,15
47132,11
47133,15
47134,11
47135,11
47136,11
47137,15
47138,19
47139,7
47140,15
47141,11
47142,15
47143,19
47144,15
47145,27
47146,15
47147,14
47148,11
47150,10
47151,11
47152,11
47154,11
47155,15
47156,14
47157,33
47158,11
47159,15
47160,10
47161,10
47162,11
47163,15
47164,11
47165,15
47167,19
47168,23
47169,15
47170,14
47171,11
47172,14
47173,15
47174,15
47175,19
47176,11
47177,11
47178,11
47179,19
47180,15
47181,11
47182,11
47183,11
47184,10
47185,22
47186,15
47187,11
47188,11
47189,11
47190,15
47191,15
47192,7
47193,10
47194,11
47195,29
47196,10
47197,11
47198,11
47199,11
47200,11
47201,29
47202,11
47203,19
47204,11
47205,11
47206,15
47207,10
47208,11
47209,27
47210,19
47211,9
47212,11
47213,15
47214,15
47215,27
47216,15
47217,15
47218,11
47219,11
47220,11
47221,15
47222,11
47223,11
47224,11
47225,19
47226,14
47227,11
47228,15
47229,11
47230,11
47231,11
47232,15
47233,23
47234,15
47235,11
47236,11
47237,11
47238,19
47239,14
47240,11
47241,15
47242,15
47244,11
47245,7
47246,15
47247,11
47248,15
47249,15
47250,11
47251,11
47252,29
47253,15
47254,11
47255,11
47256,9
47257,15
47258,11
47259,11
47260,10
47262,10
47263,15
47264,15
47265,11
47266,11
47267,11
47269,15
47271,11
47272,11
47273,11
47274,11
47275,11
47276,11
47277,9
47278,11
47279,11
47280,19
47281,11
47282,11
47283,15
47284,11
47285,15
47286,11
47287,11
47288,15
47289,15
47290,15
47291,15
47292,15
47293,11
47294,11
47295,11
47296,11
47297,11
47298,11
47299,9
47300,15
47301,15
47302,13
47303,11
47304,7
47305,11
47306,15
47307,11
47308,11
47309,11
47310,28
47311,11
47312,15
47313,11
47314,11
47315,15
47316,15
47317,15
47318,15
47319,11
47320,11
47321,11
47323,30
47324,15
47325,11
47326,19
47327,11
47328,15
48001,10
48002,15
48003,11
48004,11
48005,11
48007,7
48008,10
48009,25
48010,11
48012,11
48013,15
48015,11
48016,15
48017,19
48018,15
48019,11
48020,7
48021,11
48025,11
48026,11
48027,21
48028,11
48029,11
48030,11
48031,7
48032,11
48034,19
48036,11
48037,11
48038,18
48039,15
48041,7
48042,15
48043,15
48044,7
48045,11
48046,7
48048,7
48050,15
48051,15
48053,11
48054,7
48055,11
48056,11
48058,10
48059,11
48061,23
48063,11
48064,10
48065,7
48067,11
48068,11
48069,7
48070,15
48071,7
48072,11
48073,7
48074,11
48075,15
48077,7
48079,11
48080,23
48081,11
48082,7
48083,11
48085,7
48086,11
48087,15
48088,11
48089,11
48090,15
48091,7
48092,26
48094,19
48095,33
48096,15
48097,11
48098,7
48099,23
48100,11
48103,15
48104,15
48105,15
48106,7
48107,11
48108,7
48110,11
48111,11
48112,11
48115,11
48116,19
48117,11
48119,11
48121,11
48123,11
48124,10
48126,15
48127,19
48128,15
48129,11
48130,10
48131,11
48132,15
48135,11
48136,11
48137,15
48138,7
48139,15
48140,27
48141,11
48144,10
48145,11
48146,19
48147,15
48148,15
48149,7
48150,11
48151,7
48152,15
48153,7
48155,11
48156,15
48157,11
48158,11
48160,11
48161,7
48163,11
48165,11
48166,15
48167,7
48168,11
48169,11
48170,11
48171,11
48173,11
48174,11
48175,11
48176,7
48177,11
48178,11
48179,11
48181,7
48182,7
48185,11
48187,7
48188,11
48190,11
48191,7
48192,7
48193,11
48194,11
48198,14
49002,23
49003,23
49007,59
49008,15
49009,11
49010,11
49011,11
49012,11
49015,33
49017,15
49018,51
49020,29
49021,32
49022,15
49023,63
49026,23
49027,19
49028,11
49029,19
49030,15
49035,29
49036,15
49038,11
49041,19
49045,15
49048,23
49050,53
49053,11
49054,22
49055,19
49056,10
49057,11
49058,15
49060,27
49061,15
49063,29
49064,11
49067,15
49068,19
49069,53
49070,15
49076,15
49080,43
49082,15
49086,29
49089,15
49090,15
49092,67
49099,45
49100,11
49102,11
49107,11
49109,19
49110,19
49112,15
49113,15
49114,11
49120,15
49121,11
49123,19
49125,41
49127,23
49129,27
49130,15
49131,15
49132,19
49135,19
49138,27
49140,19
49155,15
49160,27
49161,11
49163,27
49167,29
49170,14
49171,11
49174,19
49176,29
49178,14
49180,29
49182,13
49183,29
49188,14
49192,23
49193,27
49194,33
49195,15
49200,33
49201,19
49205,15
49209,11
49211,15
49214,29
49215,27
49216,15
49217,15
49218,59
49219,11
49220,29
49221,15
49222,19
49223,29
49224,15
49228,55
49231,15
49235,11
49236,11
49237,11
49240,15
49241,19
49244,64
49246,33
49247,19
49248,47
49253,15
49257,15
49259,19
49260,19
49261,37
49262,15
49266,15
49267,29
49269,23
49271,19
49272,14
49278,23
49283,27
49284,15
49288,11
49291,11
49292,27
49294,23
49298,28
49299,23
49301,67
49302,11
49306,19
49307,45
49308,19
49310,15
49311,15
49321,10
49323,33
49326,15
49328,35
49329,15
49330,15
49331,69
49332,27
49333,23
49334,11
49336,15
49338,15
49339,15
49341,15
49343,23
49344,15
49345,33
49347,27
49352,15
49353,33
49355,23
49358,15
49359,15
49361,19
49362,15
49364,15
49368,19
49369,15
49370,11
49371,19
49373,35
49374,15
49377,33
49378,23
49381,19
50002,27
50003,23
50004,15
50006,11
50008,11
50013,11
50015,15
50016,11
50019,11
50021,7
50022,9
50023,15
50024,11
50025,35
50026,7
50027,15
50028,7
50029,15
50030,15
50031,19
50032,15
50033,11
50034,14
50036,11
50038,10
50039,11
50040,11
50041,69
50042,11
50044,11
50045,15
50046,11
50048,15
50049,15
50050,11
50052,11
50054,11
50055,11
50058,19
50059,11
50060,11
50062,11
50064,11
50066,19
50069,11
50070,7
50072,11
50074,19
50076,23
50077,15
50078,11
50079,11
50081,15
50082,32
50083,15
50084,15
50085,15
50086,11
50087,19
50088,11
50090,19
50092,15
50093,11
50094,11
50095,23
50096,10
50097,10
50098,15
50099,53
50101,11
50102,14
50105,7
50106,11
50108,11
50109,17
50110,15
50111,14
50112,11
50115,15
50117,10
50118,11
50120,11
50121,11
50124,10
50126,11
50129,55
50130,11
50135,11
50137,14
50138,15
50139,29
50142,18
50143,15
50144,15
50145,15
50146,10
50147,29
50148,15
50149,15
50150,11
50151,19
50152,11
50155,11
50156,7
50158,11
50159,15
50161,15
50162,19
50164,15
50165,23
50166,11
50167,14
50168,27
50169,11
50172,11
50174,11
50175,11
50176,11
50177,11
50178,15
50181,11
50182,11
50183,11
50184,19
50185,15
50186,11
50188,15
50190,11
50192,11
50193,11
50194,11
50195,8
50196,11
50197,23
50198,11
50199,11
50200,15
50205,11
50207,11
50208,11
50209,23
50210,11
50214,11
50215,29
50216,14
50217,15
50218,33
50219,15
50221,7
50222,15
50225,11
50227,11
50228,15
50229,7
50230,15
50231,15
50232,11
50233,11
50234,7
50235,11
50236,37
50237,15
50238,11
50239,23
50240,15
50241,11
50243,15
50246,7
50247,11
50251,11
50252,15
50253,11
50256,23
50256SN01,1
50258,11
50259,15
50260,27
50261,11
50262,15
50263,11
50265,11
50266,11
50267,23
50268,11
50269,11
50270,11
50271,7
50272,15
50273,19
50274,13
50275,11
50276,15
50277,15
50278,11
50279,15
50281,15
50282,11
50283,7
50285,11
50288,15
50289,15
50290,11
50291,11
50292,27
50294,15
50295,11
50296,11
50297,15
50298,15
50299,11
50300,11
50302,11
50304,11
50305,14
50310,11
50311,11
50312,10
50315,11
50317,11
50321,15
50324,11
50326,11
50327,11
50328,15
50332,15
50334,11
50335,15
50336,11
50338,11
50340,11
50341,19
50342,15
50345,15
50347,11
50349,15
50350,15
50351,7
50352,11
50353,7
50356,15
50357,5
50359,27
50360,11
50361,11
50362,11
50363,19
50364,15
50365,11
50368,7
50369,15
50370,15
50371,11
50372,11
50373,7
50374,5
50376,11
50378,15
50379,11
50382,15
50384,10
50387,11
50388,19
50389,11
50390,11
50391,27
50393,27
50394,19
50395,11
50397,11
50398,10
50399,11
50400,27
50401,15
50402,23
50403,15
50405,11
50407,15
50408,14
50409,23
50410,28
50411,15
50412,27
50413,15
50417,23
50419,27
50420,15
50421,11
50422,11
50423,11
50425,15
50426,11
50428,15
50429,15
50430,7
50431,19
50433,15
50435,15
50436,19
50437,15
50442,11
50443,15
50444,26
50445,11
50446,15
50447,11
50448,15
50450,11
50451,11
50452,15
50453,12
50454,10
50455,15
50456,15
50457,11
50461,11
50462,11
50463,15
50464,14
50467,11
50468,15
50469,11
50471,11
50472,11
50473,11
50474,15
50475,14
50476,11
50478,11
50479,11
50480,14
50481,15
50482,11
50483,15
50484,33
50486,15
50487,31
50488,15
50489,15
50490,11
50491,11
50492,23
50493,14
50495,7
50496,11
50498,15
50499,11
50500,23
50502,33
50504,11
50505,15
50506,11
50507,11
50509,14
50510,15
50511,11
50512,15
50513,11
50514,11
50517,11
50518,11
50519,15
50521,11
50522,11
50523,27
50525,11
50528,11
50529,7
50531,15
50532,27
50533,11
50535,19
50536,11
50537,10
50538,11
50539,19
50540,15
50541,15
50542,15
50543,15
50546,27
50548,9
50549,11
50550,29
50551,19
50552,11
50553,11
50554,15
50556,15
50562,19
50563,11
50564,19
50565,27
50567,15
50568,11
50569,11
50570,11
50571,7
50572,11
50574,11
50575,15
50576,15
50577,11
50578,7
50579,15
50580,11
50582,25
50582CD01,2
50584,11
50585,15
50587,5
50588,15
50589,11
50590,11
50591,23
50592,23
50593,15
50594,15
50596,11
50597,19
50598,11
50599,19
50601,29
50603,15
50604,15
50606,15
50607,11
50609,11
50610,11
50612,15
50613,11
50615,29
50616,19
50617,11
50618,11
50619,11
50621,7
50624,11
50626,11
50628,11
50629,15
50633,10
50634,7
50637,11
50639,28
50641,15
50643,13
50647,15
50648,15
51001,11
51002,15
51003,11
51004,11
51005,11
51006,11
51007,15
51008,11
51009,15
51010,11
51012,7
51013,11
51014,11
51015,11
51016,11
51017,11
51018,15
51019,11
51020,7
51022,11
51023,11
51025,15
51027,11
51028,15
51029,19
51030,33
51031,11
51032,11
51033,11
51034,7
51035,11
51036,15
51037,11
51038,11
51039,11
51040,11
51041,10
51042,11
51043,19
51044,15
51045,11
51046,15
51047,7
51048,11
51049,15
51050,11
51051,11
51052,15
51053,7
51054,15
51055,29
51056,11
51057,7
51058,19
51059,11
51060,11
51061,11
51062,7
51063,11
51065,15
51066,11
51068,11
51069,11
51070,11
51071,11
51072,11
51073,11
51074,19
51075,19
51076,11
51077,11
51078,15
51079,15
51080,11
51081,11
51082,7
51083,7
51084,7
51085,11
51086,11
51087,11
51088,11
51089,6
51090,11
51091,11
51092,11
51093,11
51094,11
51095,6
51097,10
51098,11
51099,11
51100,11
51101,15
51102,11
51103,11
51104,11
51105,15
51106,11
51107,11
51108,43
51109,11
51110,5
51111,11
51112,11
51113,11
51115,15
51116,11
51117,11
51118,15
51119,15
51120,11
51121,11
51122,10
51124,7
51125,7
51126,7
51127,7
51128,7
51129,11
51130,11
51132,11
51133,7
51134,11
51135,7
51136,15
51137,11
51138,7
51139,11
51140,11
51141,15
51142,11
51143,7
51144,15
51145,11
51146,11
51147,11
51148,11
51149,11
51150,7
51151,11
51152,15
51153,15
51154,11
51155,15
51156,10
51157,7
51158,15
51160,15
51161,15
51162,15
51163,11
51164,11
51165,15
51166,7
51167,10
51168,11
51169,7
51170,11
51171,19
51172,29
51173,11
51174,7
51175,11
51176,11
51177,11
51178,7
51179,11
51181,11
51182,11
51183,15
51184,11
51185,11
51186,7
51187,11
51188,11
51190,7
51191,7
51192,10
51193,19
51194,11
51195,15
51196,15
51197,7
51198,15
51199,11
51200,11
51201,11
51202,15
51203,11
51204,15
51205,11
51206,11
51208,11
51210,19
51211,7
51212,11
51213,7
51214,11
51215,11
51216,11
51217,23
51218,11
51219,10
51220,11
51222,7
51223,7
51224,10
51225,11
51226,6
51227,15
51228,7
51229,11
51230,35
51231,15
51232,11
51233,7
51234,15
51235,11
51236,11
51237,19
51238,11
51239,10
51240,11
51241,6
51242,27
51243,11
51244,11
51245,15
51246,11
51247,11
51248,19
51249,11
51250,28
51251,11
51252,15
51253,11
51254,11
51255,7
51256,11
51258,10
51259,11
51260,7
51262,19
51263,11
51264,15
51265,15
51266,15
51267,11
51268,11
51269,11
51270,11
51272,11
51273,7
51274,11
51275,11
51276,9
51277,11
51278,11
51279,11
51280,7
51281,15
51282,19
51283,11
51284,11
51285,11
51286,11
51287,15
51288,11
51289,11
51290,11
51291,14
51292,11
51293,11
51294,7
51295,10
51296,7
51298,11
51299,15
51300,7
51301,11
51302,5
51303,15
51304,9
51305,11
51306,11
51307,9
51308,19
51309,11
51310,11
51311,11
51312,15
51313,10
51314,11
51315,11
51316,11
51317,7
51318,15
51319,7
51320,11
51321,7
51322,8
51323,9
51324,11
51325,11
51326,15
51327,11
51328,15
51329,13
51333,15
51334,11
51336,7
51337,11
51338,15
51339,15
51340,15
51341,7
51342,9
51343,15
51344,19
51345,11
51346,15
51348,11
51349,11
51350,11
51351,10
51352,15
51353,7
51354,11
51355,7
51356,11
51357,15
51358,14
51359,11
51360,11
51361,11
51362,15
51363,11
51364,7
51365,15
51367,15
51368,7
51369,11
51370,11
51371,7
51372,15
51373,7
51374,7
51375,10
51376,11
51377,7
51378,11
51379,15
51380,27
51381,15
51382,11
51384,11
51386,11
51387,11
51388,29
51389,15
51390,15
51391,17
51392,10
51393,10
51395,11
51396,11
51397,11
51398,10
51399,15
51402,11
51403,15
51404,11
51406,9
51407,11
51409,11
51410,15
51412,7
51413,14
51414,11
51415,11
51416,14
51417,11
51418,11
51419,11
51420,6
51421,7
51422,11
51423,18
51424,11
51425,11
51426,7
51428,11
51429,11
51430,7
51431,14
51432,15
51433,11
51434,15
51435,11
51436,15
51437,7
51438,7
51439,11
51440,19
51441,11
51442,11
51443,11
51444,11
51445,11
51446,11
51447,11
51448,15
51449,15
51450,11
51451,11
51452,7
51453,15
51454,59
51455,11
51456,7
51457,7
51458,7
51459,11
51460,10
51461,15
51463,11
51464,11
51465,11
51466,11
51468,11
51469,11
51470,7
51471,11
51472,15
51473,11
51474,26
51475,5
51476,15
51477,11
51478,11
51479,11
51480,11
51482,15
51483,15
51484,11
51485,11
51486,11
51487,11
51488,11
51489,7
51490,11
51491,7
51492,15
51493,11
51495,7
51496,11
51497,6
51498,6
51499,11
51500,11
51501,11
51502,11
51503,7
51504,15
51505,11
51506,29
51507,27
51508,10
51509,11
51510,11
51511,11
51512,9
51513,15
51514,11
51515,11
51516,7
51517,11
51518,15
51519,7
51520,7
51521,11
51522,11
51523,11
51524,11
51525,19
51526,11
51527,11
51528,11
51529,11
51530,15
51531,19
51532,15
51533,11
51534,11
51535,27
51536,19
51537,10
51538,11
51539,7
51542,10
51543,7
51544,15
51545,15
51546,11
51547,11
51548,10
51549,11
51550,11
51551,11
51552,11
51553,10
51555,11
51556,11
51557,11
51558,11
51559,27
51560,11
51562,19
51563,11
51564,19
51565,7
51566,11
51567,15
51568,11
51569,11
51570,11
51571,15
51572,11
51573,33
51574,11
51576,15
51577,11
51578,7
51579,11
51580,11
51581,11
51582,15
51583,11
51584,11
51585,14
51586,11
51587,11
51588,11
51589,11
51590,11
51591,11
51592,11
51594,7
51595,11
51596,11
51597,11
51598,11
51599,11
51600,7
51601,11
51602,7
51603,11
51604,11
51605,15
51607,11
51608,7
51609,15
51610,11
51611,11
51612,27
51613,15
51614,15
51616,11
51617,15
51618,11
51619,11
51620,11
51621,15
51622,11
51623,11
51624,15
51625,11
51626,11
51627,11
51628,11
51629,15
51630,11
51631,8
51632,11
51633,11
51634,11
51635,10
51636,15
51637,11
51638,11
51639,7
51640,11
51641,11
51642,11
51643,15
51644,10
51645,11
51646,7
51647,15
51648,11
51649,33
51650,7
51652,7
51654,11
51655,11
51656,11
51657,11
51658,11
51659,6
51660,19
51662,29
51663,19
52001,10
52002,7
52003,11
52004,6
52005,7
52006,11
52007,7
52008,15
52009,11
52011,7
52012,7
52013,11
52014,11
52015,6
52016,7
52017,15
52019,7
52021,11
52022,11
52023,11
52025,7
52027,6
52028,7
52029,11
52030,7
52031,11
52033,11
52034,11
52035,11
52037,11
52038,7
52039,7
52040,7
52042,11
52043,7
52044,15
52045,19
52047,11
52050,15
52051,7
52053,7
52055,11
52056,11
52057,9
52058,19
52059,10
52060,19
52061,11
52062,11
52063,11
52064,19
52065,7
52066,7
52067,7
52069,11
52070,8
52072,11
52074,15
52075,11
52076,11
52079,15
52082,11
52083,15
52084,7
52085,7
52087,11
52088,15
52089,7
52090,10
52091,7
52092,11
52093,19
52094,10
52095,11
52097,7
52099,15
52101,7
52102,11
52103,11
52104,15
52105,11
52106,11
52107,11
52108,10
52109,7
52110,9
52113,11
52114,19
52115,11
52116,7
52118,11
52119,11
52120,11
52121,35
52122,11
52123,14
52124,7
52125,15
52126,11
52127,7
52128,10
52129,10
52130,10
52131,7
52132,11
52133,5
52134,11
52135,7
52136,8
52137,7
52138,7
52140,19
52141,10
52142,7
52145,11
52146,11
52147,7
52149,7
52151,11
52155,15
52156,10
52157,7
52158,10
52159,7
52160,7
52161,7
52162,11
52163,11
52164,11
52165,10
52167,11
52168,7
52169,7
52170,11
52171,11
52172,11
52173,7
52174,7
52175,11
52177,15
52178,10
52179,7
52181,7
52182,19
52183,7
52184,7
52185,6
52187,11
52189,11
52190,10
52193,10
52194,19
52195,7
52196,11
52197,15
52198,7
52199,7
52200,7
52201,7
52203,11
52204,6
52205,15
52206,11
52207,7
52208,10
52211,19
52212,11
52213,10
52214,7
52216,7
52217,7
52218,7
52219,7
52220,11
52221,11
52222,7
52223,7
52227,11
52228,7
52229,11
52230,11
52231,5
52232,7
52233,11
52234,7
52235,11
52237,11
52240,11
52242,15
52243,11
52244,15
52245,7
52246,15
52247,11
52248,15
52249,11
52250,23
52251,15
52253,11
52254,7
52256,7
52257,10
52258,11
52260,11
52264,7
52265,15
52266,7
52267,11
52269,29
52271,11
52272,11
52273,10
52274,11
52275,7
52276,9
52277,7
52278,7
52280,11
52282,11
52284,11
52285,7
52286,7
52287,7
52288,10
52289,11
52290,11
52291,7
52292,15
52294,15
52295,7
52297,11
52298,7
52300,9
52301,7
52302,11
52303,7
52304,7
52305,15
52306,11
52307,11
52308,11
52310,7
52311,11
52312,7
52313,11
52315,11
52316,7
52318,11
52319,6
52320,10
52321,11
52322,11
52325,11
52326,7
52327,11
52328,7
52330,7
52331,23
52332,19
52335,11
52336,11
52337,7
52341,11
52342,7
52344,7
52346,11
52347,11
52348,15
52349,11
52350,7
52352,7
52353,27
52354,7
52355,11
52356,11
52357,11
52358,7
52359,10
52360,11
52362,7
52363,7
52364,7
52365,11
52366,7
52367,6
52369,7
52370,11
52371,11
52372,6
52373,7
52374,11
52375,5
52376,6
52377,11
52378,5
52380,11
52383,11
52384,11
52385,7
52386,15
52388,11
52390,7
52391,11
52392,9
52393,7
52394,11
52395,7
52396,11
52397,7
52398,15
52399,11
52400,11
52401,11
52403,7
52405,19
52406,11
52407,11
52411,19
52413,11
52414,12
52415,11
52416,6
52419,11
52420,11
52421,11
52422,11
52423,15
52424,7
52425,11
52426,11
52428,7
52429,15
52431,11
52432,14
52433,9
52436,7
52437,7
52438,10
52439,7
52440,11
52442,10
52443,7
52444,11
52445,7
52446,11
52447,11
52448,35
52449,19
52450,11
52452,11
52453,11
52455,11
52456,15
52457,11
52459,11
52461,11
52463,7
52464,7
52465,11
52467,7
52468,11
52469,15
52470,10
52472,11
52473,7
52474,7
52475,7
52476,7
52479,15
52480,11
52482,7
52483,7
52484,11
52486,7
52487,7
52488,11
52489,7
52490,15
52491,11
52492,14
52493,7
52494,11
52495,7
52497,11
52499,7
52500,15
52502,7
52503,7
52504,11
52505,5
52506,9
52507,7
52510,11
52511,7
52512,15
52513,7
52514,11
52515,11
52516,7
52517,10
52518,11
52519,7
52520,11
52522,11
52523,7
52524,11
52525,7
52526,7
52528,11
52529,19
52534,19
52535,15
52536,7
52538,11
52539,7
52540,7
52541,11
52542,7
52543,15
52544,11
52545,9
52546,7
52547,11
52548,7
52549,7
52550,23
53001,19
53002,15
53003,23
53005,19
53007,23
53008,19
53009,15
53010,11
53011,15
53012,10
53013,15
53015,19
53016,15
53017,19
53018,15
53019,11
53021,15
53022,15
53023,15
53025,15
53026,15
53027,11
53028,15
53029,19
53030,11
53031,11
53033,10
53034,29
53035,14
53036,15
53037,15
53038,11
53039,19
53040,15
53041,11
53042,15
53043,15
53045,15
53046,11
53047,11
53048,15
53049,15
53051,15
53052,11
53053,15
53054,29
53055,15
53056,15
53057,15
53058,11
53059,11
53061,10
53062,35
53063,11
53064,15
53066,15
53067,11
53068,11
53069,11
53071,11
53072,15
53073,15
53074,15
53075,11
53076,11
53077,23
53078,15
53079,11
53080,10
53082,15
53083,15
53084,27
53085,10
53086,15
53087,11
53088,14
53089,15
53090,11
53091,11
53093,11
53094,19
53096,29
53097,33
53098,11
53099,15
53100,15
53101,15
53102,11
53103,19
53104,19
53105,10
53106,15
53107,23
53108,15
53109,15
53110,15
53111,11
53112,11
53113,15
53114,11
53115,11
53116,15
53117,11
53118,11
53119,27
53120,11
53121,15
53122,15
53123,15
53124,19
53125,15
53126,15
53127,19
53128,11
53129,11
53130,43
53131,11
53132,10
53133,13
53134,11
53135,15
53136,19
53137,27
53139,11
53140,27
53141,15
53142,11
53143,15
53144,15
53145,15
53146,19
53147,33
53148,11
53150,15
53151,15
53152,23
53153,15
53154,15
53155,15
53156,11
53157,13
53158,15
53160,11
53161,27
53162,15
53163,15
53164,11
53165,11
53168,15
53169,11
53170,15
53172,11
53173,11
53174,15
53175,15
53176,15
53177,11
53178,11
53179,11
53180,15
53181,13
53182,19
53184,11
53185,23
53186,19
53187,11
53188,23
53189,10
53190,11
53191,10
53192,11
53193,15
53195,9
53196,11
53197,14
53198,11
53199,11
53200,15
53201,29
53202,11
53203,15
53204,11
53206,11
53208,11
53209,15
53210,19
53211,19
53212,11
53213,14
53214,11
53216,15
53218,15
53219,15
53220,11
53221,11
53222,11
53223,11
53224,15
53225,11
53226,12
53228,18
53229,19
53230,11
53232,11
53233,11
53234,11
53235,11
53236,11
53237,11
53238,15
53239,11
53240,11
53242,11
53243,19
53245,15
53246,19
53247,19
53248,11
53249,11
53250,11
53251,11
53253,15
53255,19
53256,11
53257,11
53258,15
53259,10
53260,11
53261,11
53262,15
53263,11
53264,11
53265,15
53266,11
53267,15
53269,15
53270,10
53271,23
53272,11
53273,15
53274,11
53276,15
54001,11
54002,11
54003,11
54004,11
54005,11
54006,11
54007,15
54008,11
54009,11
54010,14
54011,15
54012,11
54013,7
54014,11
54015,11
54016,11
54017,6
54018,11
54019,7
54020,11
54021,11
54022,15
54023,11
54024,11
54025,15
54026,11
54027,15
54028,23
54029,19
54030,7
54031,11
54032,11
54033,10
54034,11
54035,11
54036,15
54037,11
54038,14
54039,26
54040,18
54041,9
54042,10
54043,15
54044,11
54045,11
54046,11
54047,9
54048,11
54049,15
54050,7
54051,15
54052,11
54053,11
54054,16
54055,11
54056,11
54057,5
54058,7
54059,15
54060,15
54061,15
54062,15
54063,11
54064,11
54065,15
54066,11
54067,15
54068,7
54069,11
54070,11
54071,11
54072,11
54073,15
54074,7
54075,11
54076,27
54077,15
54078,7
54079,27
54080,15
54081,11
54082,11
54083,11
54084,15
54085,7
54086,11
54087,11
54088,11
54089,15
54090,27
54091,11
54092,7
54093,11
54094,11
54095,7
54096,11
54097,11
54098,11
54099,33
54100,15
54101,11
54102,15
54103,11
54104,11
54105,15
54106,7
54107,6
54108,11
54109,15
54110,12
54111,22
54112,15
54113,15
54114,11
54115,29
54116,19
54117,11
54118,15
54119,7
54120,11
54121,11
54122,15
54123,19
54124,6
54125,11
54126,11
54127,15
54128,15
54129,19
54130,11
54131,10
54132,7
54133,11
54134,11
54135,15
54136,19
54137,15
54138,23
54139,11
54140,11
54141,10
54142,11
54143,11
54144,11
54145,15
54146,11
54147,4
54148,15
54149,19
54150,23
54151,15
54152,23
54153,7
54154,15
54155,11
54156,15
54157,27
54158,11
54159,29
54160,11
54161,11
54162,15
54163,11
54164,7
54165,14
54166,7
54167,19
54168,11
54169,7
54170,7
54171,15
54172,11
54173,11
54174,27
54175,11
54176,15
54177,11
54178,11
54179,11
54180,7
54181,15
54182,11
54183,7
54184,28
54185,7
54186,15
54187,11
54188,15
54189,15
54190,11
54191,7
54192,11
54193,7
54194,15
54195,11
54196,19
54197,19
54198,11
54199,11
54200,11
54201,11
54202,10
54203,11
54204,7
54205,23
54206,11
54207,11
54208,11
54209,4
54210,11
54211,11
54212,11
54213,11
54214,15
54215,29
54216,11
54217,11
54218,7
54219,7
54220,7
54221,11
54222,15
54223,11
54224,11
54225,11
54226,11
54227,15
54228,7
54229,11
54230,7
54231,11
54232,23
54233,7
54234,23
54235,11
54236,11
54237,7
54238,11
54239,11
54240,6
54241,7
54242,11
54243,11
54244,11
54245,7
54246,7
54247,11
54248,6
54249,11
54250,15
54251,11
54252,14
54253,15
54254,23
54255,7
54256,11
54257,29
54258,11
54259,11
54260,13
54261,27
54262,11
54263,29
54264,11
54265,18
54266,11
54268,11
54269,11
54270,27
54271,11
54272,11
54273,29
54274,29
54275,11
54276,14
54277,11
54278,7
54279,14
54280,29
54281,15
54282,11
54283,11
54284,15
54285,7
54286,19
54287,11
54288,15
54289,9
54290,11
54291,10
54292,11
54293,7
54294,11
54295,15
54296,11
54297,11
54298,10
54299,11
54300,29
54301,11
54302,15
54303,11
54304,32
54305,19
54306,11
54307,11
54308,11
54309,11
54310,7
54311,14
54312,11
54313,11
54314,27
54315,14
54316,11
54317,11
54318,29
54320,10
54321,19
54322,29
54323,33
54324,7
54325,7
54326,11
54327,15
54328,29
54329,33
54330,11
54331,11
54332,19
54333,11
54334,15
54335,11
54336,15
54337,9
54338,15
54339,29
54340,11
54343,11
54344,11
54345,11
54346,11
54348,11
54349,11
54350,15
54351,19
54352,15
54353,15
54354,7
54355,7
54356,7
54357,28
54358,11
54359,11
54360,11
54362,15
54363,11
54364,15
54365,11
54366,19
54367,19
54368,11
54369,15
54370,11
54371,14
54372,15
54373,15
54374,15
54375,15
54376,10
54377,11
54378,11
54379,7
54380,11
54381,7
54382,29
54383,15
54385,15
54386,7
54387,11
54388,7
54389,7
54390,11
54391,19
54392,11
54393,15
54394,11
54395,55
54396,11
54397,24
54398,7
54399,11
54400,15
54401,11
54402,10
54403,15
54404,11
54405,15
54406,11
54407,11
54408,11
54409,11
54410,14
54411,11
54412,7
54413,11
54414,15
54415,27
54416,11
54417,11
54418,11
54419,7
54420,5
54421,9
54422,7
54423,11
54424,6
54425,19
54426,11
54427,7
54428,15
54429,11
54430,27
54431,33
54432,19
54433,11
54434,11
54435,11
54436,11
54437,15
54438,7
54439,26
54440,11
54441,11
54442,7
54443,7
54444,10
54445,11
54446,7
54447,7
54449,15
54450,11
54451,27
54452,7
54453,11
54455,11
54456,15
54457,7
54458,7
54459,19
54460,11
54461,7
54462,23
54463,11
54464,11
54465,15
54466,11
54467,11
54468,11
54469,11
54470,7
54471,4
54472,15
54473,10
54474,11
54475,11
54476,11
54477,11
54478,9
54479,7
54480,7
54481,11
54482,29
54483,29
54484,11
54485,11
54486,11
54487,7
54488,7
54489,11
54490,18
54491,11
54492,11
54493,18
54494,11
54495,27
54496,11
54497,11
54498,27
54499,11
54500,11
54501,11
54502,11
54504,15
54505,15
54507,11
54508,10
54509,15
54510,11
54511,11
54512,11
54513,15
54514,15
54515,11
54516,7
54517,11
54518,15
54519,15
54520,10
54521,19
54522,11
54523,11
54524,7
54525,15
54526,29
54527,15
54528,33
54529,7
54530,7
54531,7
54532,11
54533,21
54534,15
54535,11
54536,19
54537,15
54538,11
54539,11
54540,15
54541,11
54542,19
54543,9
54544,11
54545,11
54546,15
54547,39
54548,15
54549,27
54550,11
54551,7
54552,7
54553,11
54554,7
54555,7
54556,11
54557,23
54558,11
54559,11
54560,7
54561,7
54562,11
54563,15
54564,11
54565,11
54566,11
54567,11
54568,11
54569,10
54570,11
54571,15
54572,14
54573,11
54574,15
54575,19
54576,11
54577,11
54578,33
54579,11
54580,29
54581,11
54582,11
54583,11
54584,15
54585,11
54586,13
54587,11
54588,11
54589,11
54590,15
54591,11
54592,9
54593,11
54594,11
54595,15
54596,15
54597,11
54598,11
54599,10
54600,11
54601,11
54602,10
55001,11
55002,10
55004,7
55005,7
55007,11
55008,11
55009,15
55010,23
55011,11
55012,11
55013,11
55014,11
55015,15
55017,10
55018,3
55021,7
55022,11
55023,10
55024,11
55025,11
55026,9
55027,11
55028,11
55029,33
55031,11
55032,7
55033,6
55034,10
55035,11
55036,7
55037,11
55038,7
55040,11
55041,15
55042,15
55043,23
55044,6
55045,15
55046,11
55047,11
55048,7
55049,11
55051,11
55053,11
55054,7
55055,7
55057,7
55058,11
55059,11
55060,11
55061,11
55062,11
55063,23
55064,11
55065,11
55066,11
55067,7
55068,11
55069,11
55070,11
55071,11
55072,11
55073,15
55075,10
55076,10
55077,11
55078,11
55079,15
55080,7
55081,7
55082,7
55083,11
55084,7
55085,11
55087,7
55088,11
55089,7
55093,11
55094,15
55095,11
55096,11
55097,9
55099,10
55100,7
55101,11
55102,15
55103,7
55104,7
55105,11
55106,11
55107,7
55108,11
55109,11
55110,11
55111,11
55113,11
55114,11
55115,7
55116,7
55117,15
55118,7
55119,11
55120,13
55121,11
55122,28
55123,15
55124,11
55125,15
55127,7
55128,7
55129,7
55132,19
55133,7
55134,11
55137,7
55138,9
55140,7
55141,7
55142,11
55143,11
55144,11
55145,15
55146,10
55148,11
55149,10
55150,19
55153,11
55154,15
55155,11
55156,11
55157,6
55158,15
55159,11
55160,6
55162,7
55163,7
55165,11
55166,15
55167,15
55168,7
55169,15
55170,11
55171,11
55172,7
55173,7
55174,7
55175,11
55177,7
55178,11
55179,11
55180,11
55181,26
55182,11
55183,7
55184,19
55185,9
55186,19
55188,7
55191,11
55192,7
55193,11
55194,7
55195,11
55196,11
55197,11
55198,15
55199,7
55200,11
55201,7
55202,11
55204,11
55206,11
55207,7
55208,7
55210,7
55211,7
55212,7
55214,11
55215,15
55216,7
55217,10
55218,7
55219,11
55220,7
55221,11
55222,7
55224,15
55225,10
55226,11
55228,15
55229,10
55232,10
55236,14
55237,11
55241,7
55242,11
55243,11
55244,11
55245,11
55246,11
55247,7
55248,11
55250,11
55251,7
55252,11
55253,15
55254,11
55255,11
55256,11
55257,7
55258,15
55260,5
55261,11
55262,11
55263,11
55264,11
55265,11
55266,6
55267,11
55268,15
55269,7
55270,7
55271,10
55272,11
55274,11
55275,7
55276,11
55278,11
55279,11
55280,7
55281,7
55282,7
55284,7
55285,11
55286,11
55288,15
55289,7
55290,7
55291,26
55292,11
55293,10
55295,7
55296,11
55297,11
55298,11
55299,11
55300,11
55301,11
55302,15
55303,7
55304,10
55306,11
55310,11
55311,7
55312,10
55313,7
55315,11
55316,11
55317,11
55320,7
55321,11
55322,7
55323,7
55324,15
55325,7
55326,11
55327,10
55328,11
55329,11
55330,7
55331,7
55332,11
55333,7
55334,11
55335,11
55336,11
55338,11
55339,7
55340,11
55341,11
55343,7
55344,7
55345,7
55346,7
55347,11
55348,10
55349,11
55350,7
55351,18
55352,10
55353,7
55355,11
55356,11
55357,11
55358,11
55359,11
55360,11
55361,11
55362,11
55363,11
55364,15
55365,10
55366,15
55367,11
55368,11
55369,15
55370,11
55371,7
55372,11
55373,7
55374,7
55375,7
55376,7
55377,7
55378,11
55379,7
55380,7
55381,11
55382,11
55383,11
55384,11
55385,10
55386,11
55387,11
55388,10
55389,11
55391,11
55394,7
55395,7
55396,11
55397,11
55398,15
55399,11
55400,7
55401,10
55403,7
55404,11
55405,10
55406,11
55407,11
55408,11
55409,7
55410,11
55411,11
55412,11
55414,11
55415,7
55416,11
55419,11
55420,7
55421,7
55422,7
55423,11
55424,7
55425,11
55426,11
55427,23
55428,11
55429,7
55430,7
55431,7
55433,11
55434,7
55435,15
55436,7
55437,11
55438,11
55439,7
55442,11
55443,13
55444,11
55445,11
55446,7
55447,11
55448,7
55449,11
55450,7
55452,7
55453,7
55454,10
55456,6
55457,11
55458,11
55459,11
55460,11
55461,15
55462,11
55463,27
55464,11
55465,11
55466,10
55467,15
55468,7
55469,10
55470,11
55471,7
55472,11
55473,11
55474,6
55475,7
55476,11
55477,11
55479,10
55481,11
55482,7
55484,7
55485,6
55487,11
55488,9
55489,11
55490,10
55492,15
55493,9
55494,10
55495,11
55496,14
55497,11
55498,11
55500,14
55501,11
55502,23
55503,11
55504,11
55505,21
55506,7
55507,11
55508,11
55509,11
55510,11
55511,11
55512,11
55514,15
55515,7
55516,15
55517,14
55518,11
55519,14
55520,11
55521,11
55522,11
55523,11
55525,7
55526,11
55527,15
55528,7
55530,7
55531,11
55532,11
55533,19
55534,7
55535,7
55536,7
55537,11
55540,7
55541,15
55543,15
55544,9
55545,33
55546,11
55547,11
55549,7
55551,19
55552,7
55553,15
55554,11
55555,7
55556,7
55557,11
55559,7
55560,10
55561,7
55562,11
55563,7
55565,7
55566,11
55567,11
55568,11
55569,11
55570,11
55571,11
55572,7
55573,19
55574,7
55575,7
55577,7
55578,11
55579,11
55580,7
55581,10
55582,6
55583,11
55584,11
55586,7
56001,27
56002,19
56003,29
56004,19
56005,19
56006,19
56007,33
56008,26
56009,15
56010,29
56011,15
56012,19
56013,27
56014,19
56015,19
56017,23
56018,15
56019,11
56020,15
56021,15
56022,15
56023,29
56024,19
56025,11
56026,19
56027,15
56028,19
56029,15
56030,15
56031,23
56032,19
56033,27
56034,27
56035,14
56036,29
56039,15
56040,23
56041,23
56042,19
56043,15
56044,15
56045,15
56046,23
56047,19
56048,15
56049,10
56050,15
56051,15
56052,19
56053,29
56054,27
56055,19
56056,11
56057,23
56058,23
56060,15
56061,29
56062,15
56063,23
56065,14
56066,27
56067,29
56068,11
56069,19
56070,19
56071,15
56072,15
56073,15
56074,19
56075,29
56076,15
56077,15
56078,33
56079,15
56080,15
56081,19
56082,11
56083,33
56084,14
56085,6
56086,11
56087,15
56088,11
56089,19
56090,26
56091,19
56092,15
56093,15
56094,29
56096,19
56097,27
56098,35
56099,11
56100,19
56101,29
56102,23
56103,11
56104,15
56105,15
56106,15
56107,29
56108,15
56109,15
56110,15
56111,15
56112,13
56113,15
56114,15
56115,19
56116,19
56117,27
56118,27
56119,23
56120,19
56121,45
56122,19
56123,19
56124,19
56125,19
56126,18
56127,23
56128,19
56129,19
56130,23
56131,15
56132,19
56133,15
56134,15
56135,19
56136,15
56137,23
56139,11
56140,27
56141,19
56143,29
56144,27
56145,15
56146,15
56147,27
56148,19
56149,23
56151,27
56152,23
56153,23
56154,19
56155,19
56156,11
56157,19
56158,29
56159,19
56160,15
56161,23
56162,33
56163,15
56164,29
56165,33
56166,29
56167,19
56168,19
56169,29
56170,13
56171,19
56172,23
56173,29
56174,23
56175,27
56176,29
56177,29
56178,33
56179,27
56180,15
56181,23
56182,15
56184,29
56185,29
56186,27
56188,15
56189,15
56190,19
56191,11
56193,29
56194,23
56195,15
56196,15
56197,27
56198,19
56199,15
56200,15
56201,15
56202,15
56203,15
56204,15
56205,15
56206,33
56207,15
56208,11
56209,11
56210,11
56211,15
56212,19
56213,15
56214,19
56215,15
56216,11
56218,15
56219,15
56220,15
56221,19
56222,23
56223,19
56224,11
56225,11
56226,15
56227,15
56228,15
56229,15
56230,10
56231,27
56232,15
56233,15
56234,19
56236,14
56237,19
56238,11
56239,19
56240,29
56241,15
56242,15
56243,29
56244,23
56245,11
56246,19
56247,27
56248,27
56249,19
56250,15
56251,33
56252,15
56253,13
56254,15
56255,19
56256,11
56257,15
56258,19
56259,19
56260,45
56261,15
56262,19
56263,23
56264,11
57001,11
57002,7
57003,15
57004,7
57006,15
57007,11
57008,11
57009,11
57010,10
57011,15
57012,29
57013,23
57014,11
57015,15
57016,11
57017,19
57018,11
57019,33
57020,11
57021,23
57022,15
57024,11
57025,15
57026,14
57027,10
57028,15
57029,11
57030,15
57031,15
57032,27
57033,15
57034,7
57035,11
57036,11
57037,11
57038,27
57039,17
57040,11
57041,19
57042,14
57043,15
57044,11
57045,11
57046,15
57047,11
57048,7
57049,27
57050,11
57051,11
57052,15
57053,11
57054,11
57055,15
57056,11
57057,14
57058,29
57059,7
57060,15
57061,15
57062,11
57063,11
57064,11
57065,11
57066,15
57067,23
57069,10
57070,11
57071,11
57072,15
57073,15
57074,15
57075,11
57076,15
57077,7
57079,11
57080,7
57081,11
57082,11
57083,15
57084,11
57085,11
57086,10
57087,11
57088,11
57089,29
57090,10
57091,15
57092,14
57093,15
57095,15
57096,18
57097,29
57098,11
57099,11
57100,11
57101,15
57102,23
57103,11
57104,15
57105,11
57106,27
57107,11
57108,11
57109,15
57110,11
57111,15
57112,7
57113,15
57114,11
57115,11
57116,7
57117,15
57118,11
57119,14
57120,11
57121,11
57122,15
57123,23
57124,22
57125,11
57126,11
57127,11
57128,11
57129,15
57130,6
57131,11
57132,19
57133,11
57134,18
57136,15
57137,15
57138,7
57139,11
57140,15
57141,7
57142,11
57143,23
57144,23
57145,11
57146,15
57147,11
57148,19
57149,11
57150,15
57151,11
57152,15
57153,18
57154,15
57155,23
57156,15
57158,11
57159,27
57160,33
57161,10
57162,15
57163,23
57165,15
57166,11
57167,11
57168,15
57169,15
57171,15
57172,11
57173,11
57174,7
57175,11
57176,16
57177,20
57178,11
57179,16
57180,11
57181,7
57182,7
57183,11
57186,15
57187,11
57188,11
57189,11
57190,11
57191,15
57192,14
57193,19
57194,15
57195,15
57196,11
57197,15
57198,11
57199,15
57200,11
57201,15
57202,15
57203,11
57204,15
57205,19
57206,32
57207,29
57208,15
57209,29
57210,15
57211,14
57212,15
57213,15
57214,11
57215,11
57216,11
57217,15
57218,14
57219,15
57220,11
57221,33
57222,13
57224,27
57225,10
57226,23
57227,34
57228,11
57229,11
57230,11
57231,7
57232,15
57233,7
57234,15
57235,14
57236,7
57237,11
57238,11
57239,11
57240,33
57241,11
57242,23
57244,11
57245,15
57246,11
57247,7
57248,7
57249,10
57250,19
57251,11
57252,11
57253,11
57254,15
57255,15
57256,15
57257,10
57258,11
57259,11
57260,23
57261,15
57262,15
57263,15
57264,11
57265,7
57266,10
57267,14
57268,11
57269,29
57270,15
57271,15
57272,7
57273,11
57274,15
57275,15
57276,11
57277,11
57278,7
57280,11
57281,11
57282,9
57283,28
57284,10
57286,11
57287,19
57288,20
57289,23
57290,11
57291,11
57292,7
57293,11
57294,11
57295,11
57296,15
57297,11
57298,11
57299,15
57300,11
57301,11
57302,11
57303,15
57304,11
57305,11
57306,33
57307,11
57308,11
57309,11
57310,11
57311,15
57312,15
57313,11
57314,11
57315,15
57316,15
57317,11
57318,11
57319,15
57320,11
57321,15
57322,11
57323,29
57324,15
57325,15
57326,11
57328,7
57329,11
57330,15
57331,15
57332,29
57333,15
57334,11
57335,11
57336,29
57337,15
57338,15
57339,11
57340,15
57341,15
57342,7
57343,19
57344,15
57345,11
57346,15
57347,11
57348,15
57349,11
57350,15
57351,15
57352,11
57353,7
57354,11
57355,15
57356,15
57357,11
57358,15
57359,11
57360,15
57361,15
57362,11
57364,11
57365,11
57366,11
57367,11
57368,23
57370,17
57371,15
57372,15
57373,15
57374,10
57375,11
57376,15
57377,11
57379,11
57380,11
57381,11
57382,15
57383,11
57384,15
57385,15
57386,11
57387,11
57388,11
57389,11
57390,14
57391,7
57392,14
57393,11
57394,11
57395,11
57396,15
57397,7
57398,11
57399,11
57401,7
57402,11
57403,11
57404,11
57405,7
57406,11
57407,15
57408,15
57409,15
57410,10
57411,11
57412,27
57413,24
57414,14
57415,19
57416,15
57417,7
57418,10
57419,15
57421,11
57422,15
57423,7
57424,11
57425,15
57426,15
57427,15
57428,23
57430,11
57431,11
57433,33
57434,11
57436,11
57437,14
57438,11
57439,19
57440,11
57441,22
57442,11
57443,29
57444,10
57445,15
57446,7
57447,32
57448,11
57449,15
57451,11
57452,15
57453,11
57454,13
57455,11
57456,15
57457,11
57459,11
57460,19
57461,11
57462,11
57463,55
57464,15
57465,19
57466,15
57467,11
57468,15
57469,11
57470,7
57471,11
57472,11
57473,7
57474,29
57475,15
57476,11
57477,19
57478,7
57479,11
57480,35
57481,23
57482,23
57483,22
57484,23
57485,11
57486,11
57487,29
57488,15
57489,11
57490,11
57491,27
57492,11
57493,10
57494,11
57495,11
57496,11
57497,11
57498,19
57499,15
57500,7
57501,7
57502,11
57504,11
57505,15
57506,4
57507,11
57508,27
57509,11
57510,15
57511,15
57512,15
57513,11
57514,15
57515,19
57516,11
57517,10
57518,11
57519,11
57520,7
57521,23
57524,11
57525,7
57526,11
57527,10
57528,7
57529,23
57530,11
57531,14
57532,11
57533,15
57534,19
57535,15
57536,11
57537,29
57538,10
57539,7
57540,26
57541,14
57542,15
57543,19
57544,15
57545,19
57546,15
57547,15
57548,11
57549,14
57550,19
57551,11
57552,15
57553,15
57554,15
57555,11
57556,23
57557,15
57558,7
57559,11
57560,15
57561,15
57562,15
57563,11
57564,15
57565,15
57566,19
57567,11
57568,14
57569,10
57570,11
57571,15
57572,19
57573,11
57574,11
57575,15
57576,15
57577,11
57578,19
57579,11
57580,11
57581,11
57582,19
57583,11
57584,15
57586,10
57587,11
57588,14
57589,18
57590,11
57591,29
57592,11
57593,15
57594,10
57595,7
57596,15
57597,23
57598,19
57599,11
57600,15
57601,15
57602,19
57603,15
57604,15
57605,11
57606,33
57607,15
57609,11
57610,11
57611,11
57612,11
57613,11
57614,15
57615,15
57616,21
57617,11
57618,15
57619,11
57620,26
57621,11
57622,19
57623,15
57624,15
57625,11
57626,14
57627,10
57628,27
57629,15
57630,32
57631,34
57633,15
57634,15
57635,11
57636,10
57637,11
57638,23
57639,15
57640,11
57641,11
57642,21
57643,11
57644,19
57645,15
57647,27
57648,11
57649,11
57650,19
57651,15
57652,11
57653,7
57654,14
57655,14
57656,11
57657,7
57658,15
57659,23
57660,33
57661,11
57662,11
57663,29
57664,7
57665,15
57666,28
57667,15
57668,15
57669,23
57670,11
57671,11
57672,43
57673,7
57674,11
57675,11
57676,7
57677,15
57678,18
57679,15
57680,15
57681,11
57682,7
57683,29
57684,15
57685,10
57686,11
57687,11
57689,11
57690,23
57691,7
57692,7
57693,15
57694,8
57695,15
57696,15
57697,11
57698,11
57700,14
57701,15
57702,11
57703,11
57704,15
57705,11
57706,15
57707,15
57708,19
57709,11
57711,11
57712,14
57713,11
57714,11
57715,11
57716,19
57717,11
57718,11
57719,7
57720,11
57721,10
57723,11
57724,23
57725,11
57726,11
57727,11
57728,11
57730,15
57731,19
57732,15
57733,19
57734,11
57736,15
57737,7
57738,11
57739,9
57740,15
57741,11
57742,19
57743,10
57745,15
57746,17
57747,11
57748,15
57749,11
57750,15
57751,32
57752,23
57753,7
57754,11
57755,7
57756,11
57757,29
57759,7
57760,15
57761,11
57762,15
57763,7
57764,15
57765,15
57767,15
58001,11
58002,15
58003,15
58004,11
58005,11
58006,11
58007,11
58008,11
58009,11
58010,15
58011,11
58012,15
58013,7
58014,7
58015,11
58016,11
58017,11
58018,7
58019,7
58020,11
58021,11
58023,11
58024,11
58025,11
58026,15
58027,11
58028,11
58029,7
58030,11
58031,11
58032,11
58033,11
58034,11
58035,11
58036,11
58037,15
58038,11
58039,11
58040,11
58041,11
58042,10
58043,7
58044,15
58045,11
58046,19
58047,15
58048,7
58049,7
58050,7
58051,17
58052,5
58053,11
58054,7
58055,15
58056,11
58057,15
58058,11
58059,27
58060,15
58061,11
58062,19
58063,15
58064,15
58065,15
58066,7
58067,19
58068,11
58069,11
58070,7
58071,11
58072,15
58073,11
58074,11
58075,11
58076,7
58077,11
58078,7
58079,27
58080,11
58081,11
58082,11
58083,15
58084,7
58085,15
58086,27
58087,15
58088,27
58089,11
58090,11
58092,11
58093,11
58094,9
58095,28
58096,11
58097,7
58098,11
58099,11
58101,11
58102,19
58103,10
58104,15
58105,11
58106,11
58107,11
58108,7
58109,15
58110,11
58111,11
58112,14
58113,11
58114,11
58115,11
58116,11
58117,27
58118,15
58119,7
58120,11
58121,27
58122,11
58123,11
58124,15
58125,7
58126,11
58127,11
58128,7
58129,11
58130,7
58131,23
58132,11
58133,7
58134,23
58135,7
58136,7
58137,7
58138,11
58139,11
58140,11
58141,7
58142,11
58143,11
58144,15
58145,15
58146,15
58147,11
58148,15
58149,19
58150,11
58151,23
58152,15
58153,7
58154,11
58155,15
58156,11
58157,11
58158,11
58159,11
58160,27
58161,11
58162,11
58163,11
58164,15
58165,11
58166,10
58168,11
58169,7
58170,11
58171,11
58172,11
58173,11
58174,11
58175,11
58176,15
58177,11
58178,11
58179,11
58180,15
58181,11
58182,13
58183,7
58184,10
58185,15
58186,7
58187,15
58188,11
58189,15
58190,11
58191,11
58192,11
58193,15
58194,39
58195,11
58196,11
58197,11
58198,11
58199,11
58200,11
58201,11
58202,7
58203,7
58204,19
58205,15
58206,7
58207,15
58208,11
58209,11
58210,11
58211,11
58212,11
58213,11
58214,19
58215,19
58216,11
58217,11
58218,18
58219,11
58220,15
58221,10
58222,11
58223,15
58224,7
58225,11
58226,11
58227,15
58228,15
58229,11
58230,7
58231,11
58232,15
58233,11
58234,11
58235,11
58236,11
58237,7
58238,19
58239,11
58240,7
58241,11
58242,11
58243,11
58244,11
58245,11
58246,15
58247,11
58248,11
58249,11
58250,19
58251,11
58252,11
58253,7
58254,15
58255,11
58256,11
58257,7
58258,14
58259,10
58260,15
58261,15
58262,11
58263,11
58264,19
58265,11
58266,11
58267,14
58268,11
58269,11
58270,11
58271,11
58272,11
58273,15
58274,11
58275,11
58276,11
58277,11
58278,19
58279,11
58280,15
58281,15
58282,11
58283,7
58284,7
58285,11
58286,15
58287,11
58288,11
58289,9
58290,7
58291,11
58292,11
58293,11
58294,11
58295,15
58296,11
58297,11
58298,11
58299,11
58300,19
58301,11
58302,15
58303,29
58304,15
58305,11
58306,11
58307,11
58308,7
58309,10
58310,7
58311,11
58312,11
58313,7
59001,11
59002,27
59003,11
59004,15
59005,23
59006,11
59007,15
59008,33
59009,49
59010,11
59011,33
59012,23
59013,15
59014,33
59015,23
59016,19
59017,35
59018,19
59019,15
59021,19
59022,19
59023,15
59024,27
59025,19
59026,15
59027,19
59028,29
59029,19
59031,11
59032,29
59033,29
59034,23
59035,19
59036,26
59037,27
59038,15
59039,15
59041,19
59042,19
59043,33
59044,27
59045,11
59046,15
59047,11
59048,15
59049,10
59050,11
59051,29
59052,29
59053,23
59054,15
59055,15
59056,15
59057,15
59058,15
59059,11
59060,10
59061,11
59062,11
59063,19
59064,15
59065,15
59066,11
59067,27
59068,23
59069,15
59070,11
59071,19
59072,11
59073,15
59074,19
59075,15
59076,11
59077,11
59078,15
59079,29
59080,23
59081,15
59082,18
59083,11
59084,19
59085,11
59086,18
59087,15
59088,19
59089,15
59090,33
59091,15
59092,27
59093,11
59094,29
59096,19
59097,10
59098,27
59099,19
59100,11
59101,11
59102,11
59103,15
59104,23
59105,18
59106,15
59107,27
59108,15
59109,15
59110,15
59111,11
59112,33
59113,15
59114,19
59115,15
59116,11
59117,15
59118,19
59119,15
59120,19
59121,15
59122,39
59123,18
59124,19
59125,11
59126,19
59127,11
59128,19
59129,19
59130,15
59131,29
59132,15
59133,15
59134,15
59135,19
59136,29
59137,15
59138,15
59139,33
59140,11
59141,15
59142,15
59143,29
59144,14
59145,15
59146,23
59147,7
59148,11
59149,15
59150,15
59151,19
59152,33
59153,29
59155,35
59156,23
59157,19
59158,23
59159,15
59160,27
59161,15
59162,15
59163,35
59164,11
59165,29
59166,15
59167,11
59168,25
59169,11
59170,29
59171,7
59172,33
59173,19
59174,11
59175,11
59176,11
59177,15
59178,39
59179,33
59180,15
59181,14
59182,11
59183,53
59184,15
59185,19
59186,7
59187,11
59188,11
59189,15
59190,15
59191,14
59192,15
59193,23
59194,14
59195,15
59196,15
59197,18
59198,11
59199,15
59200,11
59201,15
59202,29
59203,19
59204,11
59205,29
59206,23
59207,27
59208,11
59209,15
59210,19
59211,15
59212,29
59213,11
59214,15
59215,15
59216,11
59217,11
59218,15
59219,15
59220,33
59221,23
59222,19
59223,15
59224,19
59225,29
59226,15
59227,29
59228,15
59229,15
59230,29
59231,15
59232,11
59233,11
59234,29
59236,11
59237,15
59238,19
59239,29
59240,11
59241,15
59242,15
59243,15
59244,19
59246,15
59247,15
59249,33
59250,19
59251,11
59252,19
59253,29
59254,15
59255,15
59256,23
59257,15
59258,23
59259,15
59260,29
59261,19
59262,19
59263,15
59264,15
59265,19
59266,27
59267,11
59268,29
59269,19
59270,15
59271,35
59272,29
59273,33
59274,11
59275,15
59276,26
59277,11
59278,27
59279,35
59280,14
59281,15
59282,11
59283,15
59284,27
59285,23
59286,33
59287,11
59288,19
59289,19
59290,11
59291,33
59292,23
59293,15
59294,11
59295,35
59296,11
59297,19
59299,33
59300,14
59301,27
59302,27
59303,19
59304,11
59305,19
59306,11
59307,15
59308,14
59309,26
59310,15
59311,15
59312,15
59313,15
59314,27
59315,15
59316,23
59317,29
59318,15
59319,23
59320,19
59321,15
59322,23
59323,17
59324,33
59325,15
59326,15
59327,29
59328,35
59329,29
59330,19
59331,23
59332,19
59333,11
59334,19
59335,23
59336,15
59337,15
59338,15
59339,29
59340,27
59341,11
59342,11
59343,29
59344,19
59345,19
59346,23
59347,15
59348,15
59349,19
59350,61
59351,15
59352,29
59353,11
59354,15
59356,19
59357,19
59358,15
59359,29
59360,35
59361,27
59363,15
59364,15
59365,29
59366,15
59367,33
59368,35
59369,27
59370,15
59371,15
59372,15
59374,11
59375,27
59377,19
59378,39
59379,15
59381,15
59382,15
59383,33
59384,15
59385,23
59386,33
59387,19
59388,19
59389,23
59390,27
59391,14
59392,35
59393,15
59394,11
59395,11
59396,15
59397,15
59398,23
59399,15
59400,29
59401,19
59402,15
59403,15
59405,10
59406,11
59407,15
59408,19
59409,23
59410,35
59411,19
59412,11
59413,15
59414,27
59415,11
59416,23
59418,19
59419,15
59420,7
59421,33
59422,15
59423,15
59424,15
59425,11
59426,33
59427,15
59428,27
59429,23
59430,15
59431,29
59432,15
59433,15
59434,15
59435,23
59436,15
59437,15
59438,15
59439,11
59440,15
59441,15
59442,11
59443,11
59444,15
59445,15
59446,15
59447,29
59448,11
59449,29
59450,15
59451,14
59452,29
59453,15
59454,15
59455,15
59456,29
59457,29
59458,15
59459,27
59461,11
59462,27
59463,15
59464,19
59465,15
59466,23
59467,23
59468,11
59469,11
59470,19
59471,19
59472,15
59473,11
59474,15
59475,17
59476,23
59477,25
59478,15
59479,23
59480,15
59481,27
59482,29
59483,11
59484,29
59485,19
59486,23
59487,15
59488,19
59489,27
59490,11
59491,33
59492,15
59493,11
59494,11
59495,19
59496,11
59497,19
59498,11
59499,19
59500,11
59501,15
59502,15
59503,11
59504,27
59505,15
59506,11
59507,33
59508,33
59509,29
59511,19
59512,53
59513,11
59514,27
59515,15
59516,15
59517,15
59518,11
59519,19
59520,15
59521,11
59522,19
59523,23
59524,29
59525,23
59526,33
59527,33
59528,19
59529,11
59530,11
59531,11
59532,11
59533,19
59534,15
59535,19
59536,15
59537,15
59538,11
59539,15
59541,15
59542,15
59543,15
59544,33
59545,15
59546,15
59547,14
59548,15
59549,10
59550,23
59551,19
59552,11
59553,28
59554,15
59555,15
59556,11
59557,19
59558,19
59559,19
59560,33
59562,15
59563,11
59564,23
59565,15
59566,27
59567,11
59568,11
59569,33
59570,15
59571,27
59572,19
59573,11
59574,33
59575,11
59576,19
59577,15
59578,19
59579,15
59580,27
59581,27
59582,15
59583,11
59584,15
59585,23
59586,29
59587,15
59588,33
59589,23
59590,15
59591,15
59592,27
59593,14
59594,15
59595,15
59596,15
59597,15
59598,27
59599,52
59600,15
59601,23
59602,15
59603,29
59604,15
59605,15
59606,43
59607,11
59608,14
59609,19
59610,14
59611,19
59612,15
59613,15
59614,18
59615,23
59616,33
59617,15
59618,14
59619,15
59620,15
59622,15
59623,15
59624,18
59625,11
59626,15
59627,15
59628,15
59629,15
59630,23
59631,19
59632,29
59633,11
59634,15
59635,11
59636,33
59637,15
59638,15
59639,15
59640,15
59641,19
59642,15
59643,11
59645,15
59646,35
59647,23
59648,33
59649,11
59650,43
59651,19
59652,11
59653,29
59654,29
59655,11
59656,29
59657,15
59658,11
59659,23
59660,23
59661,11
59662,15
59663,29
59664,11
59665,11
59666,19
59667,11
59668,19
59669,15
59670,15
60001,15
60002,15
60003,11
60004,11
60005,15
60006,15
60007,23
60008,11
60009,19
60010,19
60011,11
60012,23
60013,15
60014,11
60015,15
60016,11
60017,15
60019,11
60020,11
60021,15
60022,15
60023,15
60024,15
60025,19
60026,15
60027,15
60028,11
60029,27
60030,15
60031,11
60032,15
60033,15
60034,15
60035,11
60036,11
60037,14
60039,11
60040,15
60041,19
60042,15
60043,14
60044,19
60045,15
60046,11
60047,15
60048,11
60049,11
60050,11
60051,11
60052,11
60053,15
60054,19
60055,11
60056,7
60057,45
60058,11
60059,10
60060,15
60061,7
60062,11
60063,14
60064,15
60065,19
60066,8
60067,15
60068,23
60069,15
60070,11
60071,11
60072,11
60073,15
60074,15
60075,11
60076,15
60077,11
60078,6
60079,15
60081,11
60082,14
60083,15
60084,11
60085,11
60086,19
60087,11
60088,29
60089,11
60090,11
60091,11
60092,11
60093,11
60094,11
60095,11
60097,11
60098,11
60099,11
60100,11
60101,15
60102,19
60103,27
60104,27
60105,11
60106,23
60107,23
60108,11
60109,11
60110,11
60111,11
60112,11
60113,11
60114,11
60115,15
60116,23
60117,11
60118,15
60119,19
60120,15
60121,11
60122,15
60123,10
60124,11
60125,15
60126,15
60127,11
60128,11
60129,19
60130,15
60131,11
60132,11
60133,15
60134,23
60135,19
60136,15
60137,11
60138,15
60139,33
60140,11
60141,33
60142,23
60143,23
60144,11
60145,15
60146,11
60147,15
60148,11
60149,19
60150,15
60151,23
60152,11
60153,11
60154,19
60155,27
60156,19
60157,33
60158,11
60159,43
60160,15
60161,7
60162,11
60163,11
60164,15
60165,15
60166,15
60167,15
60168,11
60169,15
60170,15
60171,11
60172,27
60173,15
60174,11
60175,39
60176,33
60177,11
60178,27
60179,11
60180,11
60181,14
60182,11
60183,11
60184,11
60185,15
60186,11
60187,15
60188,19
60189,15
60190,11
60191,15
60192,11
60193,11
60194,11
60195,11
60196,19
60197,15
60198,11
60199,11
60200,11
60201,11
60203,11
60204,11
60205,7
60206,14
60207,11
60208,11
60209,19
60210,11
60211,15
60212,19
60213,15
60214,11
60215,15
60216,11
60217,11
60218,19
60219,11
60220,15
60221,15
60222,15
60223,27
60224,11
60225,15
60226,11
60227,11
60228,11
60229,10
60230,15
60231,11
60232,11
60233,15
60234,23
60235,15
60236,11
60237,7
60238,19
60239,15
60240,11
60241,11
60242,15
60243,11
60244,11
60245,23
60247,11
60248,11
60249,11
60250,11
60251,11
60252,15
60253,11
60254,15
60255,11
60256,19
60257,11
60258,11
60259,15
60260,15
60261,15
60262,11
60263,11
60264,15
60265,15
60267,11
60268,11
60269,11
60270,11
60271,7
60272,15
60273,15
60274,11
60275,11
60276,11
60277,15
60278,11
60279,11
60280,11
60281,15
60282,29
60283,7
60284,19
60285,11
60286,23
60287,11
60288,11
60289,11
60290,10
60291,19
60292,11
60293,11
60294,7
60295,11
60296,11
60297,11
60298,15
60299,15
60301,11
60302,15
60303,11
60304,11
60305,11
60306,11
60307,15
60308,10
60309,15
60310,15
60311,11
60312,11
60313,19
60314,11
60315,11
60316,11
60317,15
60318,15
60319,14
60320,11
60321,15
60322,11
60323,15
60324,15
60325,19
60326,15
60327,15
60328,11
60329,11
60330,15
60331,10
60332,15
60333,19
60334,15
60335,11
60336,11
60337,15
60338,27
60339,11
60340,15
60341,19
60342,27
60343,15
60344,11
60345,11
60346,29
60347,11
60348,15
60350,15
60351,11
60352,11
60353,11
60354,7
60355,15
60356,15
60357,14
60358,15
60359,11
60360,29
60361,15
60362,11
60363,11
60364,15
60365,11
60366,10
60367,11
60368,23
60369,19
60370,15
60371,11
60372,15
60373,15
60374,23
60375,11
60376,11
60377,11
60378,11
60379,15
60380,19
60381,11
60382,29
60383,15
60385,15
60386,11
60387,15
60388,11
60389,11
60390,11
60391,11
60392,15
60393,15
60394,11
60395,33
60396,15
60397,7
60398,19
60399,11
60400,11
60401,15
60402,19
60403,19
60404,19
60405,15
60406,15
60407,11
60408,15
60409,19
60410,11
60411,15
60412,14
60413,11
60414,33
60415,11
60416,11
60418,11
60420,11
60421,11
60422,11
60423,15
60424,11
60425,11
60426,10
60427,11
60428,15
60429,11
60430,15
60431,15
60432,15
60433,15
60434,11
60435,11
60436,7
60437,7
60438,10
60439,29
60440,15
60441,14
60442,11
60443,15
60444,11
60445,11
60446,27
60447,15
60448,11
60449,11
60450,27
60451,19
60452,15
60454,15
60456,15
60457,11
60458,11
60459,11
60460,11
60461,11
60462,23
60463,35
60464,15
60465,11
60466,11
60468,11
60469,11
60470,15
60471,33
60472,11
60473,11
60474,11
60476,11
60477,15
60478,11
60479,15
60480,15
60481,15
60482,23
60483,15
60484,11
60485,11
60486,15
60487,11
60488,11
60489,15
60490,11
60491,19
60492,15
60493,15
60494,19
60495,11
60496,11
60497,11
60498,15
60499,10
60500,23
60501,15
60502,11
60503,11
60504,15
60505,15
60506,15
60507,11
60508,23
60509,33
60510,15
60511,11
60512,11
60513,23
60514,11
60515,11
60516,11
60517,15
60518,11
60519,11
60520,11
60521,11
60522,11
60523,15
60524,23
60525,11
60526,15
60527,10
60528,11
60529,7
60530,11
60531,19
60533,19
60534,15
60535,10
60536,11
60537,27
60538,11
60539,19
60540,15
60541,11
60542,15
60543,11
60544,11
60545,15
60546,11
60547,15
60548,15
60549,11
60550,11
60551,11
60552,11
60553,11
60554,11
60555,6
60556,11
60557,11
60558,11
60559,14
60560,15
60561,11
60562,19
60563,15
60564,11
60565,15
60566,11
60567,15
60568,11
60569,11
60570,23
60571,6
60572,11
60573,11
60574,15
60575,23
60576,11
60577,19
60578,15
60579,10
60581,29
60582,15
60583,11
60584,27
60585,11
60586,15
60587,15
60588,11
60589,23
60590,15
60591,19
60592,15
60593,11
60594,11
60595,11
60596,11
60597,19
60598,15
60599,11
60600,15
60601,15
60602,7
60603,15
60604,11
60605,11
60608,11
60609,15
60610,15
60611,15
60612,33
60613,11
60614,11
60615,11
60616,23
60617,11
60618,11
60619,15
60620,11
60621,11
60622,11
60623,15
60624,11
60625,15
60626,14
60627,11
60628,15
60629,10
60630,11
60631,15
60632,15
60633,11
60634,11
60635,15
60636,27
60637,11
60638,15
60639,15
60640,11
60641,19
60642,15
60643,15
60644,23
60645,10
60646,15
60647,19
60648,11
60650,15
60651,19
60652,15
60653,11
60654,11
60655,10
60656,11
60657,11
60658,15
60659,11
60660,11
60661,14
60662,14
60663,11
60664,11
60665,23
60666,15
60667,27
60668,15
60669,11
60670,27
60671,11
60672,11
60673,11
60674,15
60675,11
60676,15
60677,11
60678,15
60679,11
60680,15
60681,11
60682,19
60683,11
60684,29
60685,15
60686,19
60687,11
60688,11
60689,9
60691,11
60692,11
60693,10
60695,15
60697,7
60698,11
60699,11
60700,15
60701,15
60702,11
60703,15
61001,35
61002,14
61005,11
61006,33
61007,33
61008,15
61010,10
61011,11
61012,11
61013,11
61014,11
61015,11
61017,7
61018,7
61020,11
61021,11
61023,14
61024,15
61026,11
61028,11
61029,15
61030,10
61032,11
61034,11
61035,11
61036,11
61037,11
61038,15
61039,11
61040,15
61041,11
61043,15
61044,11
61046,11
61048,11
61049,11
61050,19
61051,11
61052,11
61053,10
61054,11
61055,15
61056,11
61060,11
61061,15
61062,7
61063,19
61064,7
61066,11
61067,11
61068,11
61069,11
61070,15
61071,11
61072,11
61074,15
61075,15
61076,11
61077,15
61078,15
61079,19
61080,7
61081,18
61082,7
61084,11
61085,7
61086,9
61087,11
61088,7
61089,7
61091,15
61092,15
61093,15
61094,15
61095,15
61096,27
61097,15
61098,11
61099,11
61100,11
61101,11
61102,11
61103,11
61104,7
61105,11
61107,11
61108,11
61111,11
61113,7
61114,11
61116,23
61117,23
61118,11
61120,7
61121,11
61122,7
61123,11
61124,11
61126,15
61129,11
61130,11
61133,15
61137,11
61138,11
61139,11
61140,15
61141,11
61142,11
61143,23
61145,29
61146,11
61148,11
61149,11
61150,15
61151,11
61152,7
61153,27
61156,15
61158,11
61159,7
61160,11
61162,11
61163,19
61164,11
61165,15
61166,11
61167,40
61168,33
61169,33
61170,11
61171,11
61176,11
61178,7
61180,6
61181,19
61182,11
61183,11
61187,11
61188,7
61189,11
61190,7
61192,11
61193,11
61194,19
61195,11
61196,23
61197,11
61198,11
61199,11
61202,11
61203,14
61206,11
61207,15
61208,15
61209,11
61210,11
61211,27
61212,11
61213,11
61214,29
61215,11
61216,11
61217,7
61218,19
61219,11
61221,11
61222,14
61224,11
61225,7
61227,9
61228,18
61229,11
61230,31
61232,15
61233,11
61234,15
61237,10
61238,7
61240,11
61241,11
61242,11
61243,15
61244,11
61248,15
61251,11
61252,11
61255,15
61256,9
61257,11
61258,15
61259,7
61260,15
61261,11
61262,11
61263,11
61264,7
61265,11
61266,7
61267,11
61268,11
61269,11
61271,7
61272,7
61273,7
61274,11
61275,15
61276,11
61277,11
61278,19
61279,15
61281,11
61283,11
61284,11
61286,7
61287,15
61288,15
61289,7
61290,11
61291,7
61292,19
61293,27
61294,19
61295,11
61297,15
61298,11
61300,11
61301,10
61302,11
61303,15
61304,11
61307,11
61308,11
61309,25
61310,11
61314,14
61316,11
61317,11
61319,11
61321,11
61322,11
61323,11
61324,19
61326,11
61327,11
61328,11
61329,15
61330,11
61331,11
61332,11
61333,11
61336,11
61339,33
61341,23
61342,14
61344,15
61345,23
61346,11
61347,11
61348,11
61349,11
61350,11
61351,11
61352,11
61357,9
61358,11
61360,11
61361,11
61362,15
61363,7
61365,11
61366,10
61367,11
61369,15
61370,11
61371,8
61372,11
61373,11
61374,7
61375,19
61376,15
61379,11
61381,7
61382,15
61384,11
61385,11
61386,11
61387,15
61388,11
61389,15
61390,11
61391,23
61392,11
61393,7
61394,15
61395,11
61396,6
61397,27
61398,7
61399,7
61400,11
61401,11
61402,11
61404,15
61405,15
61406,11
61407,15
61408,11
61411,11
61412,15
61413,11
61414,15
61415,11
61416,7
61418,11
61419,11
61420,7
61421,15
61422,15
61423,15
61424,11
61425,11
61426,15
61427,11
61429,19
61432,15
61433,11
61435,11
61436,11
61438,11
61439,9
61440,15
61442,11
61443,15
61444,11
61445,15
61446,11
61447,15
61448,11
61450,7
61451,11
61452,10
61453,11
61454,15
61456,19
61457,11
61459,9
61460,17
61461,11
61462,15
61463,23
61464,27
61466,15
61467,11
61472,11
61473,11
61474,53
61475,15
61476,11
61479,11
61480,11
61481,7
61482,11
61483,27
61484,29
61485,11
61486,33
61487,11
61488,7
61490,11
61491,39
61492,11
61493,7
61494,15
61497,19
61498,11
61499,11
61500,10
61501,11
61502,7
61503,11
61505,11
61507,11
61508,23
61510,11
61512,11
62001,19
62002,11
62003,15
62004,29
62005,15
62006,11
62007,15
62008,15
62009,11
62010,9
62011,15
62012,11
62013,19
62014,29
62015,11
62016,11
62017,10
62018,11
62019,27
62020,15
62021,11
62022,11
62023,22
62024,15
62025,19
62026,11
62027,11
62028,15
62029,11
62030,11
62031,19
62032,27
62033,27
62034,19
62035,29
62036,15
62037,23
62038,27
62039,15
62040,29
62041,43
62042,15
62043,19
62044,15
62045,15
62046,15
62047,11
62048,33
62049,14
62050,19
62051,27
62052,9
62053,10
62054,15
62055,15
62056,15
62057,29
62058,11
62059,11
62060,23
62061,11
62062,7
62063,19
62064,11
62065,33
62066,7
62067,15
62068,11
62069,11
62070,11
62071,11
62072,11
62073,15
62074,11
62075,14
62076,11
62077,11
62078,15
62079,7
62080,27
62081,11
62082,11
62083,29
62084,11
62085,11
62086,11
62087,14
62088,11
62089,11
62090,11
62091,7
62092,11
62093,11
62094,11
62095,11
62096,15
62097,15
62099,29
62100,19
62101,11
62102,10
62103,11
62104,11
62105,14
62106,11
62107,11
62108,33
62109,11
62111,11
62112,14
62113,11
62114,11
62115,11
62116,11
62117,15
62118,11
62119,34
62120,11
62121,11
62122,11
62123,15
62124,11
62125,11
62126,29
62127,11
62128,27
62129,7
62130,14
62131,11
62132,27
62133,29
62134,10
62135,11
62137,11
62138,15
62139,29
62140,15
62141,15
62142,11
62143,7
62144,11
62145,10
62146,11
62147,11
62148,15
62149,11
62150,15
62151,15
62152,11
62153,15
62154,15
62155,15
62156,15
62157,7
62158,15
62160,43
62161,15
62162,15
62163,11
62164,15
62165,11
62166,15
62167,11
62168,15
62169,11
62170,19
62171,11
62172,11
62173,29
62174,15
62175,11
62176,15
62177,15
62178,35
62179,11
62180,11
62181,15
62182,11
62183,15
62184,11
62185,11
62186,33
62187,10
62188,23
62189,11
62190,15
62191,15
62192,11
62193,49
62194,28
62195,19
62196,15
62197,19
62198,11
62199,15
62200,15
62201,23
62202,15
62203,11
62204,19
62205,15
62206,11
62207,15
62208,7
62209,11
62211,11
62212,11
62213,15
62214,15
62215,33
62216,11
62217,23
62218,11
62219,11
62220,11
62221,11
62222,11
62223,11
62224,23
62225,15
62227,11
62228,11
62229,15
62230,15
62231,11
62232,15
62233,15
62234,11
62235,23
62236,11
62237,11
62238,7
62239,23
62240,19
62241,11
62242,11
62243,11
62244,29
62245,15
62246,11
62247,15
62248,11
62249,29
62250,33
62251,15
62252,23
62253,7
62254,13
62255,15
62256,11
62257,11
62258,11
62259,19
62260,11
62261,29
62262,19
62263,29
62264,15
62265,15
62266,7
62267,11
62268,27
62269,15
62270,29
62271,15
62272,10
62273,14
62274,29
62275,11
62276,28
62277,23
62278,15
62279,15
62280,11
62281,11
62282,11
62283,11
62284,19
62285,11
62286,15
62288,19
62289,15
62290,11
62291,22
62292,15
62293,11
62295,23
62296,11
62297,27
62298,15
62299,11
62300,23
62301,7
62302,11
62303,10
62304,11
62306,11
62307,11
62308,11
62309,19
62310,19
62311,19
62312,11
62313,15
62314,11
62315,11
62316,11
62317,11
62318,33
62319,11
62320,11
62321,25
62322,11
62323,15
62324,15
62325,15
62326,11
62327,15
62328,15
62329,19
62330,15
62331,15
62332,15
62333,11
62334,15
62335,15
62336,11
62337,11
62338,23
62339,11
62340,15
62341,11
62342,11
62343,10
62344,11
62345,10
62346,11
62347,11
62348,11
62349,19
62350,13
62351,29
62352,11
62353,11
62354,15
62355,15
62356,15
62357,7
62358,11
62359,15
62360,15
62361,27
62362,11
62363,11
62364,19
62365,11
62366,11
62367,15
62368,11
62369,15
62370,11
62371,19
62372,11
62373,14
62374,11
62375,7
62376,23
62377,15
62378,10
62379,11
62380,11
62381,11
62382,15
62383,15
62384,15
62385,11
62386,29
62387,10
62388,11
62389,7
62390,19
62391,15
62392,11
62393,15
62395,11
62396,7
62397,29
62398,11
62399,15
62400,27
62401,27
62402,11
62403,15
62404,11
62405,15
62406,11
62407,15
62408,15
62409,11
62410,11
62411,7
62412,15
62413,33
62414,11
62415,11
62416,11
62418,11
62419,11
62421,11
62422,15
62423,19
62424,11
62425,11
62426,11
62427,35
62428,15
62429,11
62430,11
62432,11
62433,7
62434,11
62435,11
62436,11
62437,11
62438,15
62439,11
62440,15
62441,11
62442,15
62443,29
62444,11
62445,15
62446,15
62447,19
62448,19
62449,11
62450,11
62451,15
62452,15
62453,11
62454,19
62455,11
62456,15
62457,27
62458,15
62459,11
62460,11
62461,15
62462,11
62463,11
62464,23
62465,11
62466,11
62467,11
62468,11
62469,15
62470,7
62471,19
62472,11
62473,29
62474,15
62475,11
62476,15
62477,14
62478,11
62479,19
62480,23
62481,11
62483,11
62484,11
62485,11
62486,15
62487,15
62488,15
62489,23
62490,11
62491,27
62492,11
62493,11
62494,7
62495,11
62496,11
62497,29
62498,39
62499,11
62500,11
62501,7
62502,27
62503,11
62504,11
62505,11
62506,19
62507,10
62508,11
62509,11
62510,39
62511,11
62512,15
62513,11
62514,11
62515,15
62516,29
62517,11
62518,9
62519,15
62520,19
62521,11
62522,11
62523,29
62524,15
62525,33
62526,11
62527,11
62528,29
62529,19
62530,15
62531,15
62532,15
62533,10
62534,27
62535,11
62536,15
62537,11
62538,11
62539,11
62540,19
62541,11
62542,11
62543,19
62544,11
62545,11
62546,11
62547,7
62548,32
62549,14
62550,15
62551,11
62552,15
62553,11
62554,11
62555,29
62556,11
62557,19
62558,11
62559,15
62560,29
62561,11
62562,11
62563,29
62564,11
62565,7
62566,15
62567,15
62568,15
62569,15
62570,33
62571,23
62572,15
62573,27
62574,11
62576,11
62577,7
62578,7
62579,15
62580,11
62581,11
62582,15
62583,15
62584,15
62585,11
62586,11
62587,33
62588,19
62589,15
62590,7
62591,11
62592,15
62593,7
62594,11
62595,15
62596,11
62597,11
62598,15
62599,11
62600,11
62601,11
62602,11
62603,15
62604,27
62605,7
62606,15
62607,7
62608,11
62609,19
62610,14
62611,15
62612,15
62613,15
62614,15
62615,11
62616,11
62617,33
62618,13
62619,11
62620,15
62621,19
62622,11
62623,15
62624,29
62625,7
62626,16
62627,15
62628,29
62629,11
62630,11
62631,11
62632,9
62633,11
62634,15
62635,11
62636,7
62637,29
62638,15
62639,11
62640,11
62641,11
62642,15
62643,33
62644,15
62645,29
62646,15
62647,15
62648,15
62649,15
62650,15
62651,11
62652,19
62653,11
62654,15
62655,11
62656,15
62657,11
62658,11
62659,7
62660,11
62661,11
62662,15
62663,11
62664,11
62665,11
62666,23
62667,29
62668,10
62669,11
62670,15
62671,11
62672,15
62673,15
62674,15
62675,11
62676,11
62677,11
62678,15
62679,11
62680,15
62681,15
62682,7
62683,11
62684,19
62685,11
62686,11
62688,27
62689,11
62690,11
62691,19
62692,11
62693,15
62694,11
62695,11
62696,11
62697,11
62698,11
62699,15
62700,11
62701,11
62702,11
62703,11
62704,15
62705,19
62706,23
62708,7
62709,11
62710,11
62711,22
62712,15
62713,15
62714,15
62715,11
62716,15
62717,15
62718,15
62719,11
62720,7
62721,19
62722,7
62723,11
62724,29
62725,10
62726,10
62727,19
62728,15
62729,11
62730,19
62731,11
62732,11
62733,11
62734,15
62735,19
62736,27
62737,29
62738,11
62739,11
62740,11
62741,11
62742,11
62743,11
62744,27
62745,11
62746,29
62747,14
62748,19
62749,11
62750,15
62751,15
62752,15
62753,29
62754,11
62755,23
62756,19
62757,34
62758,33
62759,11
62760,10
62761,11
62762,11
62763,15
62764,27
62765,33
62766,15
62767,27
62768,11
62769,15
62770,22
62771,29
62772,11
62773,27
62774,27
62775,11
62776,11
62777,11
62778,7
62779,11
62780,11
62781,11
62782,11
62783,11
62784,15
62785,15
62786,10
62787,11
62788,15
62789,10
62790,11
62791,7
62792,15
62793,15
62794,15
62795,11
62796,15
62797,9
62798,11
62799,15
62800,11
62801,19
62802,11
62803,15
62804,11
62805,11
62806,11
62808,10
62809,11
62810,15
62811,15
62812,15
62813,10
62814,11
62815,11
62816,11
62817,15
62818,11
62819,15
62820,15
62821,11
62822,7
62823,11
62824,11
62825,15
62826,27
62827,15
62828,7
62829,11
62830,11
62831,11
62832,15
62833,7
62834,10
62835,14
62836,15
62837,15
62838,7
62839,15
62840,11
62841,19
62842,29
62843,11
62844,15
62845,11
62846,27
62847,19
62848,22
62849,19
62850,11
62851,15
62852,14
62853,10
62854,13
62855,11
62856,11
62857,11
62858,11
62859,11
62860,11
62861,27
62862,11
62863,27
62864,15
62865,27
62866,11
62867,11
62868,11
62869,15
62870,15
62871,11
62872,11
62873,15
62874,14
62875,15
62876,11
62877,11
62878,11
62879,11
62880,11
62881,11
62882,15
62883,11
62885,11
62886,11
62887,11
62888,11
62889,15
62890,11
62891,11
62892,15
62893,29
62894,27
62895,28
62896,15
62897,11
62898,10
62899,15
62900,15
62901,15
62902,23
62903,15
62904,15
62905,15
62906,19
62907,29
62908,19
62909,11
63001,23
63002,7
63003,29
63004,19
63005,11
63006,11
63007,11
63008,15
63009,15
63010,19
63011,11
63012,15
63013,15
63014,33
63015,11
63016,15
63017,11
63019,27
63020,11
63021,15
63022,19
63023,11
63024,11
63025,11
63026,19
63027,10
63028,11
63029,10
63030,11
63031,11
63032,33
63033,11
63034,19
63035,15
63036,11
63037,11
63038,19
63039,11
63040,27
63041,11
63042,27
63043,11
63044,11
63045,15
63046,11
63047,19
63048,15
63049,15
63050,23
63051,15
63052,15
63053,11
63054,15
63055,15
63056,11
63057,11
63058,15
63059,11
63060,7
63061,11
63062,11
63063,29
63064,7
63065,11
63066,19
63067,11
63069,29
63070,29
63071,15
63072,15
63073,11
63074,11
63075,33
63076,11
63077,11
63079,11
63080,15
63081,10
63082,11
63083,15
63084,19
63085,15
63086,11
63087,7
63088,7
63089,19
63090,11
63091,15
63092,19
63093,15
63094,15
63095,11
63096,11
63097,7
63098,11
63099,23
63100,11
63101,7
63102,15
63103,29
63104,11
63105,11
63106,19
63107,11
63108,15
63109,15
63110,11
63111,11
63112,15
63113,55
63114,11
63115,11
63116,19
63117,11
63118,11
63119,11
63120,15
63121,15
63122,7
63123,11
63124,35
63125,27
63126,15
63128,14
63129,11
63130,11
63131,15
63132,15
63134,2
63135,15
63136,11
63137,11
63138,15
63139,15
63140,11
63141,19
63142,11
63143,15
63144,11
63145,11
63146,15
63147,11
63148,19
63149,15
63150,15
63151,15
63152,11
63153,11
63154,10
63155,11
63156,7
63157,11
63158,10
63159,11
63160,19
63161,11
63162,11
63163,15
63164,33
63165,15
63166,11
63167,11
63168,14
63169,7
63170,15
63171,11
63172,7
63173,11
63174,11
63175,11
63176,11
63177,11
63178,33
63179,15
63180,15
63181,14
63182,15
63183,7
63184,11
63185,15
63186,11
63187,15
63188,15
63189,11
63190,11
63191,11
63192,15
63193,29
63194,11
63195,29
63196,15
63197,10
63198,15
63199,11
63200,15
63201,15
63202,11
63203,15
63204,15
63205,11
63206,15
63207,15
63208,11
63209,11
63210,23
63211,15
63212,15
63213,19
63214,27
63215,15
63216,11
63218,11
63219,15
63220,7
63221,11
63222,11
63223,15
63224,19
63225,15
63226,27
63227,18
63228,11
63229,15
63230,11
63232,15
63233,15
63234,15
63235,15
63236,15
63237,11
63238,11
63239,15
63240,11
63241,11
63242,11
63243,11
63244,23
63245,27
63246,11
63247,15
63248,15
63249,15
63250,15
63251,11
63252,11
63253,11
63254,19
63255,18
63256,11
63257,15
63258,15
63259,11
63260,11
63261,15
63262,23
63263,23
63264,11
63265,19
63267,15
63268,11
63269,14
63270,15
63271,19
63272,23
63273,19
63274,11
63275,15
63276,18
63277,7
63278,15
63279,11
63280,11
63281,15
63282,19
63283,15
63284,33
63285,15
63286,11
63287,9
63288,11
63289,11
63290,11
63291,23
63292,11
63293,11
63294,11
63295,19
63296,15
63297,11
63298,11
63299,11
63300,33
63301,13
63302,23
63303,7
63304,11
63305,15
63306,15
63307,29
63308,27
63309,11
63310,11
63311,11
63312,11
63313,11
63314,15
63315,19
63317,15
63318,11
63319,15
63320,11
63321,15
63322,19
63323,11
63324,11
63325,11
63326,11
63327,19
63328,7
63329,11
63330,11
63331,11
63332,15
63333,11
63334,15
63335,15
63336,11
63337,7
63338,27
63339,11
63340,11
63341,15
63342,11
63343,11
63344,11
63345,27
63346,11
63347,10
63348,11
63349,19
63350,15
63351,7
63352,19
63353,11
63354,15
63355,11
63356,11
63357,10
63358,11
63359,7
63360,11
63362,15
63363,11
63364,15
63365,11
63366,10
63367,11
63368,15
63369,11
63370,11
63371,11
63372,15
63373,11
63374,11
63375,11
63376,11
63377,11
63378,15
63379,11
63380,15
63381,18
63382,11
63383,11
63384,11
63385,11
63386,11
63387,15
63388,15
63389,11
63390,11
63391,11
63392,14
63393,19
63394,11
63395,14
63396,15
63397,15
63398,7
63399,7
63400,15
63401,11
63402,11
63403,11
63404,15
63405,15
63406,11
63407,11
63408,11
63409,11
63410,11
63411,11
63412,15
63413,15
63414,15
63415,15
63416,7
63417,19
63418,15
63419,15
63420,15
63421,11
63422,11
63423,15
63424,14
63425,19
63426,15
63427,11
63428,11
63429,7
63430,33
63431,11
63432,15
63433,7
63434,15
63435,11
63436,7
63437,11
63438,11
63439,11
63440,10
63441,11
63442,7
63443,10
63444,11
63445,11
63446,15
63447,7
63448,19
63449,11
63450,11
63451,11
63452,6
63453,23
63454,15
63455,27
63456,11
63457,29
63458,11
63459,13
63460,11
63461,11
63462,11
63463,15
63464,11
63465,11
63466,11
63467,7
63468,11
63469,15
63470,27
63471,15
63472,15
63473,11
64001,11
64002,11
64003,11
64004,11
64005,15
64006,11
64007,15
64008,11
64009,19
64010,15
64011,11
64012,10
64013,11
64014,15
64015,11
64016,11
64017,11
64018,11
64019,11
64021,15
64022,11
64023,15
64024,39
64025,11
64026,11
64027,11
64028,11
64029,15
64031,10
64032,11
64033,11
64034,11
64035,19
64036,11
64037,15
64038,23
64039,11
64040,15
64041,15
64042,15
64043,11
64044,7
64045,7
64046,11
64047,10
64048,10
64049,11
64050,7
64051,11
64052,11
64053,11
64054,15
64056,11
64057,19
64058,11
64059,15
64060,19
64061,23
64062,19
64063,15
64064,11
64065,27
64066,10
64067,19
64068,19
64069,10
64070,11
64071,11
64072,15
64073,11
64074,7
64075,11
64077,11
64078,11
64079,11
64080,15
64081,11
64082,11
64083,11
64084,11
64085,11
64086,15
64087,15
64088,11
64089,11
64090,11
64091,10
64092,11
64093,15
64094,19
64095,15
64096,11
64097,15
64098,7
64099,7
64100,23
64101,15
64102,45
64103,11
64104,15
64105,11
64106,15
64107,7
64108,15
64109,19
64110,11
64111,11
64112,11
64113,11
64114,13
64115,11
64116,11
64117,11
64118,7
64119,15
64120,15
64121,11
64122,35
64123,15
64124,15
64125,29
64126,14
64127,11
64128,11
64129,33
64130,15
64131,15
64132,27
64133,15
64134,11
64135,15
64136,11
64137,15
64138,23
64139,15
64140,29
64141,11
64142,15
64143,11
64144,11
64145,15
64146,11
64147,21
64148,15
64149,11
64150,11
64151,7
64152,19
64153,6
64154,11
64155,7
64156,11
64157,15
64158,10
64159,11
64160,29
64161,14
64162,11
64165,11
64166,11
64167,11
64168,15
64170,11
64171,11
64172,11
64173,11
64174,7
64175,11
64176,11
64177,15
64178,11
64179,11
64180,11
64181,11
64182,7
64183,15
64184,15
64185,7
64186,11
64187,11
64188,15
64189,29
64190,11
64191,19
64192,11
64193,11
64194,11
64195,11
64196,11
64197,11
64198,19
64199,11
64200,11
64201,11
64202,15
64203,11
64204,11
64205,11
64206,11
64207,11
64208,11
64209,11
64210,11
64211,11
64212,11
64213,19
64214,11
64215,11
64216,15
64217,15
64218,11
64219,11
64220,15
64221,11
64222,7
64223,7
64224,14
64225,19
64226,11
64227,15
64228,11
64229,11
64230,29
64231,15
64232,11
64233,15
64234,11
64235,11
64236,7
64237,27
64238,19
64239,11
64240,11
64241,11
64242,7
64243,11
64244,11
64245,15
64246,10
64247,11
64249,15
64250,14
64251,11
64252,15
64253,11
64254,15
64255,15
64256,29
64257,11
64258,7
64259,15
64260,33
64261,11
64262,9
64263,11
64264,7
64265,7
64266,11
64267,7
64268,11
64269,21
64270,14
64271,15
64272,11
64273,15
64274,10
64275,15
64276,11
64277,15
64279,19
64280,11
64281,11
64282,15
64283,11
64284,29
64285,11
64286,10
64287,11
64288,15
64289,14
64290,15
64291,11
64292,11
64293,10
64294,11
64295,11
64296,11
64297,11
64298,10
64299,11
64300,15
64301,15
64302,11
64303,11
64304,19
64305,15
64306,15
64307,11
64308,11
64309,11
64310,11
64311,11
64312,11
64313,11
64314,11
64315,15
64316,11
64317,19
64318,11
64319,11
64320,15
64321,11
64322,11
64323,7
64324,19
64325,11
64326,11
64327,11
64328,15
64329,15
64330,11
64331,15
64332,11
64334,11
64335,29
64336,10
64337,11
64338,10
64339,15
64340,7
64341,11
64342,11
64343,15
64344,11
64345,11
64346,11
64347,11
64348,33
64349,15
64350,15
64351,11
64352,11
64353,15
64354,11
64355,11
64356,11
64357,7
64358,11
64359,15
64360,11
64361,11
64362,11
64363,11
64364,15
64365,11
64366,11
64367,15
64368,11
64369,11
64370,15
64371,23
64372,11
64373,19
64374,15
64375,11
64376,15
64377,15
64378,11
64379,11
64380,11
64381,11
64382,11
64383,11
64385,11
64386,15
64387,15
64388,11
64389,11
64390,11
64391,11
64392,7
64393,27
64394,7
64395,11
64396,15
64397,11
64398,11
64399,19
64400,15
64401,7
64403,11
64404,11
64405,27
64406,15
64407,29
64408,7
64409,15
64410,29
64411,11
64412,11
64413,14
64414,11
64415,19
64416,15
64417,23
64418,11
64419,19
64420,11
64421,15
64422,33
64423,11
64424,15
64425,11
64426,11
64427,11
64428,11
64429,11
64430,33
64431,15
64432,7
64433,11
64434,7
64435,11
64436,15
64437,11
64438,15
64439,19
64440,11
64441,11
64442,11
64443,15
64444,10
64445,49
64446,11
64447,11
64448,19
64449,11
64450,11
64451,7
64452,11
64453,23
64454,11
64455,11
64456,7
64457,11
64458,11
64459,11
64460,11
64461,15
64462,11
64463,15
64464,7
64465,11
64466,11
64467,15
64468,11
64469,11
64470,15
64471,11
64472,15
64473,11
64474,11
64475,11
64476,11
64477,15
64478,15
64479,11
64480,11
64481,11
64482,15
64483,33
64484,15
64485,19
64486,7
64487,11
64488,11
64489,11
64490,15
64491,11
64492,11
64493,19
64494,11
64495,29
64496,27
64498,11
64499,27
64500,11
64501,15
64502,14
64503,7
64504,23
64505,11
64506,11
64507,11
64508,11
64509,11
64510,15
64511,23
64512,11
64513,15
64514,11
64515,11
64516,11
64517,11
64518,15
64519,27
64520,14
64521,15
64522,15
64523,15
64524,11
64525,15
64526,19
64527,15
64528,11
64529,11
64530,11
64531,5
64532,7
64533,15
64534,11
64535,15
64536,15
64537,11
64538,15
64539,11
64540,19
64541,11
64542,7
64543,11
64544,7
64545,33
64546,19
64547,29
64548,11
64549,15
64550,15
64551,11
64552,11
64554,11
64555,11
64556,11
64557,11
64558,23
64559,15
64560,11
65001,10
65002,15
65003,11
65004,11
65005,11
65006,11
65007,13
65009,11
65010,11
65011,11
65012,7
65013,7
65014,7
65015,11
65016,11
65017,11
65018,7
65019,15
65020,11
65021,11
65022,11
65023,7
65024,11
65025,23
65026,7
65028,11
65029,11
65031,14
65032,15
65033,11
65034,7
65035,15
65036,11
65037,7
65038,7
65039,7
65040,11
65041,11
65042,15
65043,11
65044,11
65045,11
65046,7
65047,29
65048,15
65049,11
65050,7
65051,11
65052,7
65053,6
65054,15
65055,11
65056,11
65057,15
65058,11
65059,29
65060,7
65061,7
65062,23
65063,11
65064,7
65065,11
65066,7
65067,11
65068,7
65069,15
65070,15
65071,7
65072,19
65073,11
65074,11
65075,11
65076,6
65077,11
65078,11
65079,11
65080,15
65081,15
65082,7
65083,15
65084,11
65085,11
65086,11
65087,11
65088,7
65089,7
65090,7
65091,7
65092,15
65093,11
65094,11
65095,10
65096,7
65097,11
65098,11
65099,11
65100,29
65101,15
65102,7
65103,7
65104,11
65105,11
65106,11
65107,11
65108,15
65109,7
65110,7
65111,7
65112,11
65113,11
65114,7
65115,11
65116,11
65117,7
65118,7
65119,11
65120,11
65121,11
65123,15
65124,7
65125,11
65126,11
65127,15
65128,11
65129,15
65130,15
65131,11
65132,7
65133,11
65134,7
65135,7
65136,7
65137,7
65138,14
65139,7
65140,7
65141,7
65142,11
65143,11
65144,7
65145,7
65146,11
65147,15
65148,11
65149,11
65150,15
65151,11
65153,11
65154,3
65155,7
65156,11
65157,7
65158,7
65159,11
65160,11
65161,11
65162,7
65163,7
65164,11
65165,11
65166,7
65167,7
65168,11
65169,6
65170,7
65171,7
65172,7
65173,11
65174,11
65175,7
65176,7
65177,11
65178,7
65179,5
65180,7
65181,10
65182,11
65183,15
65184,11
65185,11
65186,7
65187,11
65189,11
65190,7
65191,11
65192,15
65193,7
65194,11
65195,11
65196,7
65197,11
65198,15
65199,7
65200,11
65201,11
65202,11
65203,6
65204,7
65205,7
65206,11
65207,6
65208,7
65209,7
65210,7
65211,11
65212,11
65213,11
65214,7
65215,7
65216,11
65217,7
65218,15
65219,11
65220,11
65221,11
65222,11
65223,15
65224,11
65225,11
65226,23
65228,11
65229,7
65230,11
65231,11
65232,7
65233,11
65234,7
65235,27
65236,11
65237,11
65238,11
65239,11
65240,11
65241,6
65242,11
65243,11
65244,15
65245,11
65247,11
65248,11
65249,7
65250,11
65251,19
65252,15
65253,7
65254,11
65255,7
65256,11
65257,15
65258,29
65259,11
65260,11
65261,7
65262,11
65263,7
65264,11
65265,11
65266,7
65267,14
65268,10
65269,11
65270,11
65271,11
65272,7
65273,11
65274,11
65275,7
65276,11
65277,11
65278,7
65279,10
65280,11
65281,11
65282,15
65283,7
65284,14
65285,11
65286,33
65287,15
65288,7
65289,11
65290,11
65291,11
65292,11
65293,11
65294,11
65295,15
65296,11
65297,7
65298,7
65299,11
65300,7
65301,11
65303,11
65304,19
65305,7
65306,11
65307,11
65308,11
65309,6
65310,11
65311,7
65313,15
65314,11
65315,11
65316,11
65317,7
65318,11
65319,11
65320,15
65321,11
65322,11
65323,7
65324,11
65325,7
65326,11
65327,11
65328,6
65329,11
65330,11
65331,23
65332,11
65333,11
65334,11
65335,15
65336,7
65337,11
65338,11
65339,11
65340,19
65341,11
65342,7
65343,11
65344,19
65345,7
65346,11
65347,7
65348,7
65349,7
65350,15
65351,7
65352,11
65353,11
65354,7
65355,7
65356,7
65357,11
65358,7
65359,7
65360,11
65361,7
65362,14
65363,11
65364,7
65366,15
65367,11
65368,7
65369,15
65370,15
65371,11
65372,15
65373,11
65374,11
65375,15
65376,11
65377,11
65378,7
65379,7
65380,11
65381,7
65382,6
65383,11
65384,10
65385,7
65386,7
65387,11
65388,15
65389,15
65390,11
65391,6
65392,11
65393,11
65394,11
65395,15
65396,11
65397,11
65398,11
65399,15
65400,11
65401,15
65402,7
65403,7
65404,11
65405,7
65406,11
65407,11
65408,15
65409,11
65410,15
65411,7
65412,11
65413,11
65414,7
65415,11
65416,7
65417,27
65418,11
65419,7
65420,7
65421,7
65422,11
65423,11
65424,11
65425,11
65426,11
65427,11
65428,7
65429,11
65430,7
65431,7
65432,11
65433,23
65435,9
65436,11
65437,11
65438,7
65439,11
65440,43
65441,7
65442,11
65443,6
65444,11
65445,11
65446,13
65447,15
65448,7
65449,11
65450,7
65451,15
65452,15
65453,7
65454,7
65455,11
65456,11
65457,7
65458,1
65459,10
65460,27
65461,11
65462,11
65463,7
65464,15
65465,11
65466,7
65467,11
65468,7
65469,6
65470,11
65471,11
65472,7
65473,11
65474,11
65475,7
65476,7
65477,7
65478,7
65479,11
65481,11
65482,11
66001,7
66002,26
66003,23
66004,15
66005,15
66006,11
66007,11
66008,33
66009,23
66010,7
66011,27
66012,23
66013,11
66014,23
66015,15
66016,27
66017,29
66018,7
66019,11
66020,15
66021,29
66022,7
66023,15
66024,29
66025,15
66026,15
66027,15
66028,33
66029,11
66030,11
66032,7
66033,11
66034,11
66035,7
66036,5
66037,33
66038,29
66039,9
66040,7
66041,15
66042,11
66043,11
66044,11
66045,15
66046,15
66048,15
66049,29
66050,27
66051,11
66052,11
66053,19
66054,7
66055,15
66056,15
66057,11
66058,19
66059,19
66060,11
66061,7
66062,11
66063,11
66064,11
66065,29
66066,15
66067,15
66068,11
66069,23
66070,11
66071,15
66072,11
66073,11
66074,11
66075,11
66076,7
66077,7
66078,11
66079,11
66080,11
66081,11
66082,11
66083,7
66084,15
66085,11
66086,7
66088,29
66089,11
66090,7
66091,7
66092,7
66093,19
66094,23
66095,11
66096,15
66097,11
66098,11
66099,11
66100,11
66101,19
66102,7
66103,15
66104,15
66105,11
66106,23
66107,15
66108,27
66109,11
66111,10
66112,11
66113,11
66114,19
66115,15
66116,11
66117,11
66118,11
66119,11
66120,7
66121,15
66122,7
66123,11
66124,19
66125,11
66126,10
66127,15
66128,7
66129,15
66130,13
66132,11
66133,23
66134,15
66136,55
66137,15
66138,15
66139,7
66140,27
66141,29
66142,7
66143,7
66144,27
66145,23
66146,11
66147,11
66148,27
66149,29
66150,15
66151,7
66152,11
66153,7
66154,7
66155,7
66156,11
66157,7
66158,11
66159,7
66160,15
66161,15
66162,15
66164,29
66165,15
66166,11
66167,15
66168,23
66169,11
66170,11
66171,33
66172,33
66173,15
66174,23
66175,23
66176,23
66177,19
66178,19
66179,15
66180,33
66181,11
66182,27
66183,7
66184,7
66185,11
66186,23
66187,19
66188,11
66189,29
66190,27
66191,7
66192,7
66193,11
66194,11
66195,29
66196,23
66197,7
66198,11
66199,11
66201,7
66202,11
66203,5
66204,11
66205,15
66206,7
66207,15
66208,19
66209,7
66210,29
66211,11
66212,27
66213,29
66214,15
66215,11
66216,7
66217,19
66218,11
66219,7
66220,7
66221,7
66222,15
66223,11
66224,23
66225,19
66226,15
66227,27
66228,15
66230,19
66231,15
66232,7
66233,11
66234,7
67001,19
67002,11
67003,11
67004,22
67005,15
67006,11
67008,15
67009,11
67010,19
67011,15
67012,15
67013,11
67016,15
67017,11
67018,15
67019,15
67020,15
67021,28
67022,11
67023,15
67025,19
67026,11
67027,11
67028,29
67029,11
67030,15
67031,15
67032,11
67033,15
67034,19
67035,11
67036,11
67037,11
67038,11
67039,8
67040,15
67043,33
67044,11
67045,22
67046,33
67047,10
67048,11
67049,15
67050,7
67051,11
67052,19
67053,11
67054,15
67055,15
67056,15
67057,11
67058,11
67059,11
67060,15
67061,27
67062,11
67063,15
67065,15
67066,23
67067,29
67068,11
67069,15
67070,11
67071,11
67072,15
67073,27
67074,14
67075,11
67076,11
67077,15
67078,11
67079,11
67080,19
67081,15
67082,15
67083,15
67084,19
67085,15
67086,11
67087,15
67088,10
67089,23
67090,15
67091,11
67092,15
67093,11
67094,11
67095,19
67096,11
67097,13
67098,15
67099,11
67100,11
67101,23
67102,11
67103,15
67104,15
67105,15
67106,29
67107,15
67108,18
67109,15
67110,15
67111,11
67112,23
67113,11
67115,18
67116,15
67117,11
67118,28
67119,15
67120,15
67121,15
67122,15
67123,15
67124,19
67125,19
67126,11
67127,15
67128,19
67129,15
67130,33
67131,29
67132,15
67133,11
67134,11
67135,15
67136,11
67137,29
67138,15
67139,11
67140,15
67141,15
67142,10
67143,15
67144,11
67145,11
67146,15
67147,15
67148,11
67149,11
67150,14
67151,27
67152,29
67153,15
67154,23
67155,15
67156,23
67159,10
67160,14
67161,11
67162,11
67163,15
67164,14
67165,11
67166,11
67167,15
67168,19
67169,23
67172,18
67173,15
67174,15
67176,27
67177,15
67178,11
67179,14
67180,39
67181,11
67182,19
67183,15
67184,19
67185,15
67186,11
67187,15
67188,15
67189,15
67190,11
67191,17
67192,15
67194,27
67195,15
67196,23
67197,19
67198,11
67199,7
67200,15
67201,11
67202,29
67203,11
67204,33
67205,27
67206,15
67208,15
67209,10
67210,15
67212,27
67213,15
67214,15
67215,15
67216,23
67217,11
67218,35
67220,11
67221,11
67222,26
67223,15
67225,11
67226,19
67227,11
67228,15
67229,11
67230,19
67231,11
67232,11
67233,13
67234,19
67235,11
67236,15
67237,22
67238,15
67239,19
67240,15
67241,11
67242,15
67244,11
67245,11
67246,15
67247,15
67248,19
67249,11
67250,15
67252,15
67253,15
67254,15
67255,11
67256,23
67257,15
67258,11
67259,15
67260,11
67261,18
67263,19
67264,15
67265,15
67266,15
67267,33
67268,23
67269,11
67270,11
67271,15
67272,11
67273,11
67274,11
67275,15
67276,19
67277,15
67278,15
67279,11
67280,15
67281,27
67282,27
67283,23
67285,15
67286,15
67287,15
67288,10
67289,15
67290,15
67291,23
67292,15
67293,15
67295,14
67296,19
67298,15
67299,15
67300,29
67301,19
67302,19
67303,15
67304,15
67305,19
67306,15
67307,11
67308,15
67309,27
67310,15
67311,19
67312,11
67313,28
67314,15
67315,15
67317,15
67319,10
67320,14
67321,11
67322,15
67324,27
67325,15
67326,19
67327,15
67328,15
67329,15
67330,15
67331,14
67333,11
67334,11
67335,15
67336,19
67337,11
67338,15
67339,27
67340,19
67341,11
67342,19
67343,29
67344,11
67345,23
67346,15
67347,19
67348,33
67349,15
67350,18
67351,19
67352,11
67353,11
67354,11
67355,15
67356,19
67358,15
67359,15
67360,15
67361,11
67362,15
67363,15
67364,15
67365,33
67366,15
67367,15
67368,19
67369,11
67370,15
67371,15
67372,33
67373,11
67375,15
67377,15
67378,27
67379,15
67380,11
67381,11
67382,15
67383,11
67384,11
67385,11
67386,11
67387,11
67388,25
67389,27
67391,11
67392,15
67394,11
67395,11
67396,11
67397,23
67398,11
67400,15
67401,11
67403,11
67404,15
67405,19
67406,11
67407,19
67408,15
67409,15
67410,15
67411,29
67412,15
67413,15
67414,19
67415,11
67416,11
67417,11
67418,23
67420,15
67421,15
67422,15
67423,15
67424,10
67425,15
67426,11
67427,11
67428,11
67429,15
67430,15
67432,15
67433,15
67434,23
67435,15
67436,15
67437,33
67438,15
67440,15
67441,11
67442,15
67443,15
67444,10
67445,23
67446,11
67447,39
67448,19
67449,19
67450,15
67451,15
67452,19
67453,15
67454,11
67455,15
67456,11
67458,27
67459,15
67460,19
67461,11
67462,32
67463,23
67464,15
67465,19
67466,15
67467,10
67468,15
67470,11
67471,29
67472,27
67473,15
67474,23
67475,11
67476,15
67477,15
67478,19
67479,15
67480,19
67481,15
67482,65
67483,11
67484,11
67485,15
67486,19
67487,19
67488,11
67489,15
67490,15
67491,11
67492,15
67493,11
67494,15
67495,29
67497,15
67498,15
67499,11
67500,15
67501,15
67502,11
67503,11
67504,15
67505,11
67506,27
67507,19
67508,11
67509,11
67510,11
67511,15
67513,11
67514,15
67515,15
67516,15
67517,15
67519,28
67520,29
67521,10
67522,15
67523,23
67524,15
67525,19
67526,19
67527,10
67528,15
67529,22
67530,11
67531,11
67532,14
67534,15
67535,15
67536,11
67537,11
67538,19
67539,23
67540,15
67541,15
67542,11
67543,19
67544,29
67545,15
67546,15
67547,19
67548,15
67550,19
67551,27
67552,11
67553,11
67554,15
67555,11
67556,11
67557,15
67558,13
67559,10
68001,15
68002,11
68004,29
68005,19
68006,19
68007,19
68008,15
68009,15
68010,15
68011,15
68012,23
68013,14
68014,10
68015,23
68016,15
68017,15
68018,15
68019,15
68020,18
68021,27
68022,16
68023,15
68024,11
68025,11
68026,15
68027,11
68028,19
68029,15
68030,11
68032,15
68033,11
68034,11
68035,11
68036,23
68037,11
68038,15
68039,15
68040,15
68041,19
68042,27
68043,27
68044,15
68045,15
68046,11
68049,11
68050,11
68051,15
68052,11
68054,11
68055,15
68056,31
68057,11
68058,23
68059,19
68060,18
68061,15
68062,19
68063,32
68064,14
68065,15
68066,49
68067,11
68068,19
68069,15
68071,11
68072,15
68073,11
68074,15
68075,15
68076,14
68077,11
68078,19
68079,11
68080,11
68081,15
68082,29
68083,11
68084,15
68085,11
68086,11
68087,11
68088,15
68089,19
68090,15
68091,19
68092,11
68093,15
68094,15
68095,15
68096,11
68097,15
68098,15
68099,15
68100,11
68101,15
68102,11
68103,11
68104,11
68105,11
68106,10
68107,11
68109,15
68110,15
68111,15
68112,33
68113,15
68114,11
68115,15
68116,14
68117,15
68118,25
68119,15
68120,14
68121,15
68122,15
68123,15
68124,11
68125,10
68126,23
68127,15
68128,15
68129,15
68130,15
68131,11
68132,15
68134,19
68135,23
68136,11
68137,15
68138,19
68139,14
68140,15
68141,19
68142,11
68143,23
68144,15
68145,29
68146,18
68147,15
68148,11
68149,29
68150,15
68151,15
68152,19
68153,15
68154,33
68155,27
68156,23
68157,15
68158,15
68159,14
68160,15
68161,14
68162,29
68163,29
68165,11
68166,29
68167,15
68168,11
68169,15
68170,15
68171,15
68172,19
68173,19
68174,19
68175,19
68176,11
68177,19
68178,15
68179,15
68180,15
68181,11
68182,15
68183,11
68184,11
68185,19
68186,11
68187,11
68188,15
68189,15
68190,7
68191,15
68192,11
68193,15
68194,11
68195,28
68196,10
68197,11
68198,11
68199,15
68200,15
68201,29
68202,11
68203,15
68204,15
68205,15
68207,15
68208,15
68209,15
68210,11
68211,11
68212,15
68213,11
68214,11
68215,15
68216,11
68217,19
68218,27
68219,19
68221,13
68222,15
68223,15
68224,55
68225,19
68226,27
68227,15
68228,11
68229,11
68230,15
68231,19
68232,11
68234,15
68235,15
68237,15
68238,15
68239,11
68240,19
68241,15
68242,15
68243,8
68244,11
68245,11
68246,15
68247,14
68248,15
68249,27
68250,15
68251,15
68252,19
68253,19
68254,15
68255,15
68256,29
68257,15
68258,23
68259,15
68260,15
68261,11
68262,14
68263,15
68264,15
68265,15
68266,19
68267,19
68268,15
68269,27
68270,27
68271,31
68273,15
68274,11
68275,11
68276,11
68277,15
68278,32
68279,15
68280,11
68281,9
68282,11
68283,15
68284,15
68285,9
68286,19
68287,27
68288,11
68289,19
68290,15
68291,15
68292,19
68293,7
68294,19
68295,23
68296,15
68297,34
68298,29
68299,11
68300,29
68301,15
68302,15
68303,11
68304,19
68305,15
68306,14
68307,15
68308,11
68309,27
68311,15
68312,11
68313,15
68315,27
68316,15
68317,15
68318,19
68320,19
68321,27
68322,15
68323,15
68324,15
68325,15
68326,11
68327,11
68328,11
68329,15
68330,11
68331,19
68332,15
68333,11
68334,29
68335,11
68336,11
68337,15
68338,27
68340,11
68341,15
68342,19
68343,18
68344,11
68345,15
68347,15
68348,23
68349,27
68350,11
68351,15
68352,23
68353,11
68354,15
68355,19
68356,15
68357,15
68358,11
68359,17
68360,15
68361,11
68362,15
68363,15
68364,15
68365,19
68366,15
68367,15
68368,15
68370,11
68371,11
68372,19
68373,11
68374,29
68375,33
68376,33
68377,15
68378,11
68379,15
68380,11
68381,14
68382,11
68383,11
68384,23
68385,15
68386,15
69001,11
69002,3
69003,23
69004,15
69005,15
69006,27
69007,23
69008,15
69009,29
69010,29
69012,15
69013,27
69014,15
69016,11
69017,15
69018,19
69019,35
69020,15
69021,19
69022,15
69023,19
69024,29
69026,15
69027,33
69028,29
69029,43
69030,15
69031,15
69032,19
69033,23
69034,43
69035,11
69036,15
69037,15
69038,15
69039,15
69040,30
69042,15
69043,29
69044,29
69045,15
69046,27
69047,15
69049,23
69050,19
69051,15
69052,27
69053,15
69054,11
69055,15
69056,19
69057,15
69058,11
69059,16
69060,14
69061,15
69062,15
69063,27
69064,27
69065,15
69066,29
69067,15
69068,23
69069,33
69070,15
69071,15
69072,29
69074,19
69075,11
69076,23
69077,15
69078,15
69080,19
69081,33
69082,11
69083,15
69084,15
69085,15
69086,19
69087,23
69088,29
69089,33
69090,15
69091,33
69092,29
69093,15
69094,29
69095,15
69096,29
69097,15
69098,11
69099,15
69100,29
69102,15
69103,15
69104,11
69105,15
69106,15
69107,15
69108,15
69109,15
69110,19
69111,15
69112,29
69113,15
69115,27
69116,27
69117,23
69118,23
69119,15
69120,14
69121,23
69122,19
69123,73
69124,11
69125,15
69126,15
69127,27
69130,11
69131,23
69132,15
69133,27
69134,11
69135,27
69136,23
69137,15
69138,11
69139,15
69140,19
69141,29
69142,29
69143,29
69145,15
69148,19
69149,35
69151,19
69152,33
69153,15
69154,23
69155,15
69156,23
69157,33
69159,29
69160,15
69161,10
69162,15
69163,23
69164,11
69165,15
69166,11
69167,15
69168,19
69169,15
69170,15
69171,19
69172,15
69173,15
69174,15
69175,19
69176,27
69177,19
69178,15
69179,29
69180,11
69181,11
69182,11
69183,11
69184,15
69186,11
69187,15
69188,15
69189,19
69190,19
69191,29
69192,11
69193,15
69194,29
69196,15
69197,19
69198,15
69199,33
69200,15
69201,15
69202,35
69203,15
69204,35
69205,27
69206,27
69207,23
69208,19
69209,15
69212,11
69214,15
69215,15
69216,15
69217,15
69218,15
69219,19
69220,19
69225,15
69227,27
69228,29
69229,15
69230,11
69231,21
69233,15
69234,19
69235,19
69236,15
69238,27
69239,15
69240,13
69241,23
69242,15
69243,33
69244,35
69245,14
69246,15
69248,29
69249,23
69250,27
69252,15
69253,14
69254,15
69255,33
69256,43
69257,15
69258,10
69259,49
69260,27
69261,11
69263,14
69264,39
69265,15
69266,55
69267,19
69268,23
69269,15
69270,27
69271,33
69272,27
69273,33
69275,35
69276,29
69277,33
69278,29
69279,29
69280,15
69281,19
69282,39
69283,33
69284,23
69285,27
69286,39
69287,29
69288,29
69289,27
69290,43
69291,29
69292,29
69293,19
69294,23
69295,19
69296,23
69297,28
69298,23
69299,23
70001,11
70002,11
70003,7
70004,11
70005,11
70006,19
70007,11
70008,11
70009,11
70010,11
70011,10
70012,15
70013,7
70014,11
70015,11
70016,10
70017,11
70018,15
70019,11
70020,11
70021,11
70022,11
70023,11
70024,11
70025,11
70026,23
70027,7
70028,11
70029,10
70030,7
70031,15
70032,7
70035,10
70036,10
70037,11
70038,11
70039,11
70040,11
70041,11
70042,7
70043,11
70044,11
70045,11
70046,11
70047,11
70048,11
70049,7
70050,11
70051,7
70052,11
70053,7
70054,11
70055,15
70056,11
70057,11
70058,15
70059,11
70060,11
70061,7
70062,11
70063,11
70064,10
70065,6
70066,11
70067,11
70069,7
70070,7
70071,7
70072,7
70074,11
70075,11
70076,11
70077,11
70078,7
70079,14
70080,11
70081,11
70082,11
70083,11
70084,15
70085,15
70086,7
70087,11
70088,11
70089,6
70090,7
70091,7
70092,11
70093,15
70094,11
70095,15
70096,15
70097,11
70098,11
70099,6
70100,11
70101,11
70102,11
70103,11
70104,15
70105,11
70106,11
70107,11
70109,11
70111,11
70112,11
70113,11
70114,10
70115,11
70116,14
70117,15
70118,10
70119,11
70120,27
70121,15
70122,19
70124,11
70125,11
70126,11
70127,11
70128,10
70129,11
70130,11
70132,15
70133,11
70134,11
70135,7
70136,11
70137,11
70138,11
70140,7
70141,11
70142,11
70143,11
70144,7
70145,11
70146,11
70147,11
70148,7
70149,15
70150,11
70151,7
70152,11
70153,7
70154,11
70155,15
70156,11
70157,11
70158,11
70159,7
70160,11
70162,11
70163,11
70164,7
70165,15
70166,11
70167,11
70168,14
70169,11
70170,11
70171,15
70172,11
70174,11
70175,11
70176,11
70177,13
70178,14
70179,11
70180,11
70181,11
70182,11
70183,7
70184,15
70185,11
70186,6
70187,10
70188,7
70189,11
70190,11
70192,11
70193,11
70194,11
70195,11
70196,11
70197,15
70198,15
70199,11
70200,6
70201,11
70202,11
70203,11
70204,11
70205,11
70206,15
70207,23
70208,11
70210,11
70211,7
70213,11
70214,11
70215,11
70216,11
70217,7
70218,11
70219,15
70220,11
70221,11
70222,7
70224,15
70225,11
70226,11
70227,14
70228,15
70229,10
70230,7
70231,7
70232,11
70233,11
70234,11
70235,11
70236,11
70237,7
70238,11
70239,11
70240,15
70242,11
70243,11
70244,11
70245,29
70247,11
70248,15
70249,11
70250,11
70251,11
70252,11
70253,11
70254,11
70255,15
70256,15
70257,15
70258,19
70259,11
70260,15
70261,15
70262,11
70263,11
70264,7
70265,10
70267,11
70268,11
70269,7
70271,11
70272,11
70273,7
70274,7
70275,11
70276,11
70277,11
70278,11
70279,29
70280,15
70282,15
70283,11
70284,11
70285,35
70286,11
70287,7
70288,11
70289,11
70290,11
70291,9
70292,18
70293,7
70294,8
70295,11
70296,11
70297,7
70298,10
70299,11
70301,7
70302,7
70303,11
70304,10
70305,11
70306,11
70307,11
70308,11
70309,11
70310,29
70311,29
70312,15
70313,11
70314,11
70315,11
70316,7
70317,11
70318,11
70319,11
70320,11
70321,15
70322,11
70323,11
70324,15
70325,11
70326,11
70327,11
70328,11
70329,7
70330,11
70331,11
70332,7
70334,15
70335,7
70336,11
70337,7
70338,10
70339,19
70340,11
70341,11
70342,11
70343,11
70344,11
70347,11
70348,15
70349,11
70350,7
70351,11
70352,7
70353,15
70355,11
70356,11
70357,15
70358,11
70359,7
70360,7
70361,11
70362,10
70363,15
70364,11
70366,11
70367,11
70368,10
70369,7
70371,11
70372,11
70373,11
70374,11
70376,11
70378,19
70380,11
70381,11
70383,11
70384,11
70385,11
70386,11
70387,15
70388,17
70389,7
70390,10
70392,7
70393,11
70394,7
70395,7
70396,7
70397,7
70398,7
70399,11
70400,11
70401,11
70402,11
70403,10
70404,15
70405,11
70406,7
70407,11
70408,15
70409,11
70410,15
70411,7
70412,7
70413,19
70414,15
70415,15
70416,11
70417,11
70418,19
70419,11
70420,7
70421,23
70422,11
70423,11
70425,11
70426,11
70427,11
70428,15
70429,15
70430,7
70431,11
70432,11
70433,15
70435,15
70436,10
70437,7
70438,11
70439,11
70440,7
70441,11
70442,11
70443,7
70444,11
70445,11
70446,15
70447,19
70448,11
70449,7
70450,7
70451,23
70452,11
70453,7
70454,7
70455,19
70456,11
70457,11
70459,15
70460,10
70461,11
70462,7
70463,11
70464,14
70466,11
70467,23
70468,7
70469,11
70470,11
70471,7
70472,15
70473,19
70474,10
70476,7
70477,12
70478,15
70479,11
70480,11
70481,11
70482,19
70483,11
70484,11
70485,11
70486,11
70487,11
70488,11
70489,18
70490,11
70491,15
70492,15
70493,11
70494,11
70496,7
70498,11
70499,11
70500,11
70501,7
70502,7
70503,11
70504,11
70505,11
70506,11
70507,11
70509,11
70510,11
70511,10
70512,11
70513,19
70514,14
70515,7
70516,11
70517,11
70518,11
70519,11
70520,11
70521,11
70522,11
70523,11
70524,11
70525,11
70526,15
70527,7
70528,11
70529,11
70530,11
70531,11
70532,11
70533,11
70534,11
70535,11
70536,11
70537,11
70538,7
70539,11
70540,7
70541,11
70542,11
70544,10
70545,11
70546,11
70547,11
70548,11
70549,7
70550,33
70552,11
70553,11
70554,11
70555,10
70557,11
70558,11
70559,11
70560,11
70561,15
70562,11
70563,15
70564,11
70565,7
70566,11
70567,11
70568,7
70569,7
70571,7
70572,11
70573,11
70574,6
70575,14
70576,10
70577,11
70578,11
70579,11
70580,11
70581,15
70582,7
70583,11
71001,15
71002,15
71003,15
71004,15
71005,11
71006,11
71007,11
71008,11
71009,15
71010,15
71011,11
71012,11
71013,11
71014,33
71015,15
71016,15
71017,7
71018,15
71019,11
71020,11
71021,11
71022,15
71023,15
71024,15
71025,11
71026,11
71027,15
71028,11
71029,11
71030,11
71031,7
71032,15
71033,15
71034,11
71035,11
71036,7
71037,7
71038,11
71039,11
71040,29
71041,11
71042,11
71043,6
71044,10
71045,11
71046,11
71047,27
71048,9
71050,10
71051,11
71052,15
71054,15
71056,18
71057,11
71058,11
71059,27
71060,11
71061,11
71062,11
71063,15
71064,15
71065,11
71066,10
71067,11
71068,7
71069,15
71070,19
71071,11
71072,11
71073,29
71074,15
71075,15
71076,43
71077,14
71078,10
71079,10
71080,7
71081,23
71082,11
71084,15
71085,11
71086,11
71087,11
71088,11
71089,11
71090,27
71091,10
71092,15
71093,15
71094,10
71095,11
71096,11
71097,11
71098,11
71099,11
71100,11
71101,10
71102,15
71103,11
71104,11
71105,29
71106,23
71107,11
71108,10
71109,11
71110,15
71111,11
71112,11
71113,11
71115,11
71116,11
71117,15
71118,29
71119,15
71120,27
71121,11
71122,15
71123,11
71124,11
71125,7
71126,15
71127,7
71128,7
71129,11
71130,11
71131,15
71132,19
71133,19
71134,22
71135,15
71136,10
71137,27
71139,11
71140,7
71141,11
71142,11
71143,11
71144,11
71145,15
71146,11
71147,11
71148,15
71149,15
71150,23
71151,7
71152,11
71153,35
71154,19
71155,15
71156,11
71157,19
71158,19
71159,11
71160,11
71161,11
71162,15
71163,7
71164,11
71165,11
71166,11
71167,14
71168,11
71169,15
71170,19
71171,11
71172,7
71173,11
71174,11
71175,11
71176,29
71177,15
71178,15
71179,7
71181,11
71182,15
71183,11
71184,14
71185,11
71186,10
71187,18
71188,7
71189,19
71190,19
71191,11
71192,19
71193,11
71194,15
71195,11
71196,15
71198,10
71199,11
71200,15
71201,11
71202,19
71203,7
71204,19
71205,15
71206,11
71207,9
71208,9
71209,14
71210,11
71212,15
71213,15
71214,11
71215,23
71216,11
71217,11
71218,14
71219,15
71220,11
71221,27
71222,15
71223,15
71224,7
71225,15
71226,7
71227,15
71228,11
71229,11
71230,29
71231,15
71232,11
71233,11
71234,11
71235,19
71236,15
71237,15
71238,15
71239,15
71240,11
71241,11
71242,15
71243,11
71244,11
71245,11
71246,11
71247,11
71248,15
71249,15
71250,15
71251,15
71252,10
71253,15
71254,11
71255,11
71256,15
71257,15
71258,15
71259,11
71261,15
71262,11
71263,29
71264,11
71266,11
71267,15
71268,11
71269,19
71270,39
71271,11
71272,11
71273,11
71274,11
71275,18
71276,11
71277,15
71278,11
71279,21
71280,7
71281,11
71282,15
71283,15
71284,11
71285,11
71286,11
71287,9
71289,15
71290,11
71291,15
71292,15
71293,11
71294,15
71295,15
71296,15
71297,15
71299,11
71300,14
71301,11
71302,11
71303,11
71305,15
71306,33
71307,11
71308,7
71309,18
71310,29
71311,11
71312,11
71313,11
71314,11
71315,11
71316,11
71317,11
71318,15
71319,15
71320,10
71321,11
71322,7
71323,11
71324,15
71325,15
71326,11
71327,11
71328,15
71329,10
71330,15
71331,11
71332,11
71333,15
71334,11
71335,7
71336,23
71337,11
71338,11
71339,11
71340,19
71341,11
71342,29
71343,11
71344,5
71345,15
71346,19
71347,15
71348,11
71349,7
71350,15
71351,19
71352,7
71353,15
71354,15
71355,11
71356,15
71357,11
71358,7
71359,15
71360,19
71361,7
71362,11
71363,7
71364,11
71365,15
71366,9
71367,11
71368,11
71369,11
71370,15
71371,19
71372,19
71373,19
71374,11
71376,11
71377,11
71378,19
71379,15
71380,15
71381,5
71382,14
71383,15
71384,15
71385,15
71386,7
71387,11
71388,11
71389,11
71390,15
71391,15
71392,10
71393,11
71394,15
71395,11
71396,11
71397,11
71398,15
71399,15
71400,11
71401,15
71402,15
71403,11
71404,15
71405,11
71406,10
71407,11
71408,11
71409,11
71410,15
71411,11
71412,15
71413,15
71414,11
71415,10
71416,14
71417,15
71419,19
71420,19
71421,11
71422,11
71423,11
71424,11
71425,11
71426,15
71427,7
71428,15
71430,11
71431,11
71433,11
71434,11
71435,10
71436,15
71437,11
71438,15
71439,15
71440,11
71441,11
71442,19
71443,19
71444,12
71445,29
71446,11
71447,11
71448,15
71449,11
71450,11
71451,7
71452,7
71453,11
71454,10
71455,11
71456,19
71457,11
71458,7
71459,11
71460,11
71461,7
71462,15
71463,14
71464,11
71465,11
71466,10
71468,15
71469,11
71470,11
71471,7
71472,11
71473,8
71474,11
71475,29
71477,11
71478,7
71479,19
71480,14
71481,15
71482,14
71483,11
71484,15
71485,11
71486,29
71487,11
71488,11
71489,15
71490,15
71491,15
71492,10
71493,11
71494,15
71495,15
71496,11
71497,19
71498,11
71499,27
71500,11
71501,11
71502,19
71503,11
71504,7
71505,7
71506,15
71507,8
71508,11
71509,11
71510,15
71512,23
71513,15
71514,11
71515,7
71516,15
71517,11
71518,11
71519,11
71520,15
71521,11
71522,18
71523,15
71524,11
71525,15
71526,11
71527,11
71528,19
71529,11
71530,11
71531,11
71532,11
71533,15
71534,11
71535,11
71537,11
71538,11
71539,7
71540,23
71541,11
71542,19
71543,29
71544,11
71545,15
71546,11
71547,11
71548,11
71549,11
71550,15
71551,7
71552,14
71553,10
71554,11
71555,19
71556,15
71557,15
71558,15
71559,15
71561,11
71562,11
71563,7
71564,15
71565,15
71566,15
71567,11
71568,7
71570,14
71571,11
71572,11
71573,11
71574,15
71576,11
71577,11
71578,15
71579,11
71580,11
71581,11
71582,19
71583,15
71584,15
71585,15
71586,10
71588,15
71589,11
71590,15
71591,15
72001,18
72002,11
72003,33
72004,15
72005,15
72006,19
72007,11
72008,28
72009,10
72010,11
72011,15
72012,15
72013,19
72015,11
72016,15
72017,11
72018,7
72019,11
72020,15
72021,15
72022,14
72023,23
72024,26
72025,23
72026,15
72027,11
72028,11
72029,19
72031,15
72032,11
72034,11
72035,19
72036,11
72037,11
72038,15
72039,27
72040,11
72041,11
72042,19
72043,11
72044,11
72045,15
72046,19
72047,19
72048,15
72049,11
72050,19
72051,22
72052,15
72053,15
72054,27
72056,15
72057,7
72058,27
72059,15
72060,11
72061,19
72062,15
72064,15
72065,19
72066,11
72067,15
72068,15
72070,11
72071,33
72072,11
72073,15
72074,10
72075,15
72076,11
72077,11
72078,11
72079,11
72080,27
72083,11
72084,15
72085,11
72086,11
72087,15
72088,11
72089,19
72090,23
72091,11
72093,15
72094,15
72095,29
72096,19
72098,14
72099,15
72100,11
72101,15
72102,7
72103,15
72104,15
72105,11
72106,15
72107,11
72109,15
72110,15
72111,11
72112,11
72113,15
72114,11
72115,15
72118,15
72119,15
72120,11
72121,11
72122,15
72123,7
72124,27
72125,11
72126,11
72127,19
72128,19
72129,15
72130,15
72131,15
72132,29
72133,15
72134,15
72135,15
72136,11
72137,23
72138,27
72139,15
72141,15
72142,11
72143,19
72144,11
72145,10
72146,23
72147,15
72148,7
72149,15
72150,15
72151,15
72152,11
72153,15
72154,31
72155,19
72156,15
72157,15
72158,15
72160,15
72161,14
72163,15
72164,7
72165,19
72166,10
72167,15
72168,19
72169,15
72170,11
72171,11
72172,15
72173,15
72174,11
72175,19
72176,29
72177,11
72178,10
72179,19
72180,29
72181,55
72182,19
72183,15
72184,11
72185,15
72186,15
72187,17
72188,11
72189,23
72190,11
72191,21
72192,11
72193,11
72194,11
72195,19
72196,15
72197,15
72198,23
72199,11
72200,27
72201,11
72202,11
72204,15
72205,21
72208,11
72209,11
72210,11
72211,15
72212,14
72213,29
72214,7
72215,15
72216,15
72217,19
72218,11
72219,19
72220,14
72221,11
72222,11
72223,23
72224,15
72225,15
72226,15
72227,7
72228,18
72229,15
72230,14
72231,29
72232,15
72233,7
72234,10
72235,11
72236,11
72237,15
72238,7
72239,15
72241,23
72243,19
72244,23
72245,15
72246,11
72247,15
72248,15
72249,15
72250,11
72251,11
72252,15
72253,23
72254,11
72255,15
72256,15
72257,19
72259,11
72260,23
72261,11
72262,23
72264,33
72265,11
72266,15
72267,15
72268,15
72269,23
72270,11
72271,15
72272,11
72273,10
72274,11
72275,15
72276,19
72277,11
72278,15
72279,11
72280,19
72281,11
72282,15
72283,11
72286,11
72287,19
72289,18
72290,19
72291,15
72292,11
72293,15
72294,11
72295,15
72296,15
72297,15
72298,15
72299,19
72300,23
72302,11
72303,15
72305,17
72306,15
72307,11
72308,23
72309,11
72310,18
72311,11
72312,11
72313,11
72314,11
72315,15
72316,15
72317,11
72319,15
72320,23
72321,15
72322,11
72323,11
72324,15
72325,15
72326,11
72327,11
72328,27
72329,27
72330,11
72331,13
72332,15
72333,11
72334,19
72335,15
72336,15
72337,15
72338,15
72339,15
72340,15
72341,15
72342,11
72343,15
72344,23
72345,11
72346,27
72347,11
72348,11
72349,11
72350,23
72351,12
72352,11
72353,11
72354,11
72355,7
72356,11
72357,15
72358,19
72359,15
72360,15
72361,11
72362,11
72363,23
72364,18
72366,11
72367,15
72368,11
72369,15
72370,11
72372,7
72373,23
72374,10
72375,15
72376,15
72377,15
72378,14
72379,11
72380,15
72381,14
72382,15
72383,11
72385,19
72386,27
73001,11
73003,29
73004,11
73005,11
73006,29
73007,19
73008,35
73010,33
73011,33
73012,11
73013,11
73014,11
73015,19
73017,15
73018,15
73019,15
73020,11
73021,15
73022,15
73023,15
73024,15
73025,15
73026,11
73027,10
73028,11
73029,27
73030,23
73031,27
73032,19
73033,15
73034,19
73036,15
73039,15
73040,11
73041,11
73042,11
73043,23
73047,11
73048,11
73049,11
73050,15
73051,27
73052,11
73053,15
73054,29
73055,19
73057,15
73058,15
73059,19
73061,11
73063,15
73064,29
73065,42
73067,15
73068,15
73069,15
73070,15
73071,14
73072,7
73073,15
73074,11
73075,15
73076,11
73077,15
73078,11
73079,15
73081,15
73082,15
73083,11
73084,15
73085,15
73086,11
73087,29
73088,11
73089,15
73090,11
73091,11
73092,10
73094,11
73095,11
73096,15
73097,15
73098,15
73099,11
73100,19
73101,7
73103,23
73104,11
73105,15
73106,11
73107,15
73109,15
73110,15
73113,11
73114,15
73116,15
73117,15
73119,11
73120,15
73121,19
73122,11
73123,11
73124,23
73128,27
73129,15
73130,19
73131,11
73132,15
73133,11
73135,19
73137,27
73138,15
73139,11
73140,11
73141,15
73142,14
73145,11
73146,15
73147,11
73149,11
73150,29
73151,29
73152,11
73153,15
73154,23
73155,19
73156,11
73157,23
73159,13
73160,15
73161,15
73162,14
73164,15
73166,7
73168,11
73170,15
73171,27
73173,11
73175,7
73176,15
73177,11
73178,11
73179,33
73180,11
73181,27
73182,19
73183,15
73184,11
73186,11
73187,27
73188,15
73189,11
73190,11
73191,19
73192,11
73193,11
73194,11
73196,15
73197,13
73200,15
73201,11
73202,11
73204,19
73205,10
73206,15
73207,11
73208,15
73210,11
73211,15
73212,23
73213,29
73214,11
73216,10
73217,11
73218,15
73219,15
73220,11
73221,11
73222,29
73223,11
73224,15
73225,23
73226,19
73227,23
73228,15
73229,15
73230,11
73231,15
73232,15
73233,11
73234,11
73235,19
73236,27
73237,11
73240,15
73241,14
73242,11
73243,19
73245,15
73246,11
73247,15
73248,29
73249,19
73250,19
73252,11
73253,15
73254,11
73255,15
73256,11
73257,27
73258,15
73259,15
73261,19
73262,11
73263,19
73265,15
73267,11
73268,15
73269,15
73270,27
73271,11
73272,11
73273,11
73274,11
73275,11
73276,11
73277,11
73278,15
73280,11
73281,15
73282,15
73283,15
73284,19
73285,19
73286,15
73288,19
73289,11
73290,23
73292,10
73293,11
73294,11
73296,19
73297,15
73298,15
73299,11
73300,23
73301,15
73302,11
73303,29
73304,19
73306,15
73307,15
73308,15
73309,11
73310,11
73311,11
73312,15
73313,11
73314,11
73315,11
73316,11
73317,15
73318,11
73320,15
73322,15
73323,11
73324,10
73326,19
73327,11
73328,19
73329,19
73330,23
74001,15
74002,21
74003,15
74004,11
74005,25
74006,19
74007,23
74008,29
74009,15
74010,69
74012,39
74013,18
74014,16
74015,15
74016,23
74018,19
74019,23
74020,15
74021,18
74024,19
74025,15
74026,29
74027,11
74029,11
74030,11
74031,22
74032,15
74033,15
74034,14
74035,15
74036,11
74037,18
74038,15
74040,23
74041,11
74042,33
74043,27
74044,15
74045,11
74046,15
74048,15
74049,11
74050,15
74051,15
74052,15
74053,15
74054,15
74055,15
74056,29
74057,15
74058,15
74059,11
74060,11
74061,15
74062,15
74063,15
74064,15
74065,11
74066,11
74067,22
74068,11
74069,15
74070,23
74071,11
74072,10
74073,15
74074,15
74075,15
74076,18
74077,15
74078,11
74079,14
74080,19
74081,33
74082,25
74083,19
74085,15
74086,15
74087,16
74088,15
74089,15
74090,15
74091,11
74094,29
74095,11
74096,25
74097,17
74098,15
74099,15
74100,15
74101,15
74102,15
74103,18
74104,26
74105,27
74106,15
74107,10
74108,15
74109,15
74111,11
74112,33
74114,14
74116,19
74117,15
74118,18
74119,25
74121,13
74122,15
74123,28
74124,19
74126,15
74127,15
74128,23
74129,11
74130,15
74131,19
74133,28
74134,15
74135,15
74136,19
74137,27
74138,19
74139,15
74140,15
74141,15
74142,14
74143,23
74144,15
74145,15
74146,15
74147,14
74148,11
74150,19
74151,15
74152,15
74153,19
74154,18
74155,15
74156,15
74157,19
74158,15
74159,22
74160,15
74161,18
74162,15
74163,16
74164,28
74165,15
74166,19
74167,19
74168,15
74169,29
74170,15
74171,15
74172,15
74173,22
74174,15
74175,11
74176,19
74177,15
74178,15
74179,15
74180,18
74183,19
74184,13
74185,17
74186,15
74188,15
74189,19
74190,15
74191,18
74192,15
74193,15
74194,15
74195,11
74196,11
74197,18
74198,15
74199,4
74200,22
74201,19
74202,15
74203,7
74205,14
74206,15
74208,32
74209,15
74210,19
74211,21
74212,23
74213,29
74215,15
74216,14
74218,26
74219,14
74220,26
74221,15
74222,15
74223,11
74224,28
74225,31
74226,15
74228,11
74229,27
74231,15
74232,15
74233,19
74234,15
74235,15
74236,29
74237,15
74238,15
74239,15
74240,15
74241,22
74242,29
74243,32
74244,15
74249,19
74250,29
74252,15
74253,14
74254,15
74255,19
74256,29
74257,15
74258,18
74259,11
74260,14
74261,11
74262,15
74263,26
74264,29
74265,14
74266,15
74267,26
74269,19
74271,15
74272,29
74273,15
74275,22
74276,21
74278,29
74279,15
74280,29
74281,37
74282,33
74283,15
74284,15
74285,11
74286,15
74287,15
74288,27
74289,27
74290,11
74291,11
74292,15
74293,27
74294,15
74295,11
74296,15
74297,15
74298,29
74299,16
74301,14
74302,15
74303,22
74304,15
74305,27
74306,15
74307,15
74308,15
74309,27
74310,14
74311,26
74312,19
74313,15
74314,19
74315,15
75056,162
76001,15
76002,15
76004,11
76005,23
76006,11
76007,15
76008,15
76009,11
76010,11
76011,11
76012,11
76013,15
76014,15
76015,15
76016,11
76017,15
76018,19
76019,11
76020,15
76021,11
76022,11
76023,11
76024,11
76025,11
76026,23
76028,11
76029,11
76030,11
76032,11
76033,11
76034,27
76035,19
76036,15
76038,11
76039,15
76040,11
76041,19
76042,11
76043,15
76045,11
76046,15
76047,11
76048,11
76049,11
76050,15
76051,19
76052,11
76053,11
76054,15
76055,11
76056,15
76057,33
76058,10
76059,11
76060,11
76062,11
76063,11
76064,11
76065,11
76066,11
76067,15
76068,15
76069,19
76070,15
76071,11
76072,15
76074,7
76075,11
76076,11
76077,11
76079,11
76082,15
76083,11
76084,11
76085,11
76086,11
76087,14
76088,15
76090,15
76091,11
76092,15
76093,11
76094,11
76095,29
76096,15
76097,11
76099,15
76100,15
76101,23
76103,29
76104,11
76105,15
76106,15
76107,11
76108,33
76109,11
76110,11
76111,15
76112,11
76113,11
76114,33
76115,15
76116,27
76117,15
76118,11
76119,11
76120,11
76121,11
76122,15
76123,15
76124,11
76125,15
76126,11
76128,15
76129,11
76130,11
76131,15
76132,11
76133,11
76134,11
76135,15
76136,15
76138,11
76139,11
76140,11
76141,15
76142,11
76143,14
76144,11
76146,27
76147,15
76148,11
76149,11
76151,11
76152,15
76153,11
76154,11
76155,11
76156,11
76157,33
76158,11
76159,23
76160,11
76161,11
76162,11
76163,15
76164,29
76165,32
76166,11
76167,19
76168,7
76169,15
76170,10
76171,11
76172,11
76173,15
76174,11
76175,11
76176,11
76177,11
76178,27
76179,15
76180,11
76181,11
76182,11
76183,15
76184,11
76185,11
76186,11
76187,11
76188,11
76189,11
76190,11
76192,23
76193,11
76194,11
76195,11
76196,23
76197,11
76198,15
76199,15
76200,11
76201,15
76202,11
76203,15
76204,11
76205,11
76206,11
76207,11
76208,15
76209,11
76210,10
76211,11
76212,29
76213,11
76214,11
76216,33
76217,35
76218,7
76219,19
76220,15
76221,11
76222,27
76223,15
76224,15
76225,11
76226,11
76227,15
76228,11
76229,11
76230,11
76231,33
76232,15
76233,11
76234,15
76235,19
76236,11
76237,15
76238,23
76239,15
76240,15
76241,11
76242,11
76243,11
76244,11
76245,19
76247,11
76249,15
76250,15
76251,11
76252,15
76253,15
76254,15
76255,29
76257,11
76258,31
76259,33
76260,19
76261,11
76262,11
76263,15
76264,11
76265,11
76266,15
76268,11
76269,11
76270,23
76271,19
76272,15
76273,15
76274,7
76275,15
76276,29
76278,15
76279,11
76280,11
76281,19
76282,15
76283,11
76284,11
76285,15
76286,15
76287,15
76288,11
76289,23
76290,11
76291,15
76292,11
76293,11
76294,11
76295,15
76296,23
76297,11
76298,11
76299,11
76300,11
76302,22
76303,15
76304,11
76305,29
76306,11
76307,15
76308,11
76309,11
76311,11
76312,28
76313,15
76314,15
76315,15
76316,11
76317,11
76318,15
76319,28
76320,11
76321,19
76322,35
76323,11
76324,15
76325,11
76327,11
76328,11
76329,23
76330,15
76331,15
76332,11
76333,11
76334,15
76335,7
76336,11
76338,11
76339,11
76340,15
76341,29
76342,15
76343,11
76344,10
76345,11
76346,11
76347,11
76348,15
76349,19
76350,10
76351,59
76352,11
76353,11
76354,15
76355,15
76356,11
76357,11
76358,11
76359,11
76360,15
76361,15
76362,11
76363,15
76364,11
76365,11
76366,27
76367,23
76368,11
76369,15
76370,11
76371,7
76372,11
76373,11
76374,15
76375,11
76377,23
76378,19
76379,11
76380,11
76381,11
76382,15
76383,7
76384,29
76385,19
76386,11
76387,11
76388,11
76389,11
76390,15
76391,19
76392,15
76393,7
76394,15
76395,15
76396,11
76397,15
76398,15
76399,11
76400,19
76401,27
76402,29
76403,11
76404,15
76405,11
76406,11
76407,11
76408,15
76409,15
76410,33
76411,11
76412,15
76413,11
76414,19
76415,11
76416,11
76417,11
76418,15
76419,10
76420,11
76421,15
76422,11
76423,11
76424,11
76425,11
76426,11
76427,15
76428,7
76429,29
76430,11
76431,7
76432,11
76433,15
76434,15
76435,15
76436,15
76437,15
76438,11
76439,11
76440,11
76441,14
76442,14
76443,14
76445,15
76446,15
76447,33
76448,14
76449,15
76450,11
76451,33
76452,27
76453,15
76454,7
76455,11
76456,14
76457,15
76458,11
76459,11
76460,15
76461,11
76462,27
76463,15
76464,18
76465,15
76467,15
76468,15
76469,11
76470,14
76471,15
76472,15
76473,15
76474,29
76475,29
76476,35
76477,11
76478,11
76479,11
76480,11
76481,29
76482,23
76483,11
76484,33
76485,11
76486,15
76487,11
76488,15
76489,11
76490,15
76491,15
76492,11
76493,11
76494,15
76495,28
76497,29
76498,35
76499,15
76500,11
76501,11
76502,14
76503,15
76504,11
76505,7
76506,11
76507,15
76508,11
76509,19
76510,11
76511,11
76512,7
76513,15
76514,15
76515,15
76516,11
76517,23
76518,15
76519,7
76520,15
76521,11
76522,15
76523,11
76524,11
76526,11
76527,11
76528,15
76529,11
76530,11
76531,11
76532,15
76533,15
76534,15
76535,11
76536,15
76537,11
76538,11
76540,55
76541,19
76542,11
76543,15
76544,11
76545,19
76546,10
76547,15
76548,15
76549,11
76550,15
76551,15
76552,29
76553,11
76554,11
76555,14
76556,15
76557,15
76558,15
76559,15
76560,15
76561,29
76562,14
76563,18
76564,11
76565,15
76566,15
76567,11
76568,15
76569,11
76570,11
76571,15
76572,10
76573,15
76574,15
76575,35
76576,15
76577,15
76578,11
76580,15
76581,11
76582,11
76583,11
76584,11
76585,11
76586,15
76587,15
76588,10
76589,11
76590,11
76591,23
76592,15
76593,15
76594,15
76595,19
76596,15
76597,15
76598,11
76599,23
76600,19
76601,11
76602,15
76603,11
76604,11
76605,11
76606,11
76608,19
76609,11
76610,19
76611,11
76612,10
76613,15
76614,19
76615,15
76616,19
76617,19
76618,68
76619,11
76620,11
76621,15
76622,11
76623,11
76624,26
76626,10
76627,19
76628,15
76629,11
76630,11
76631,14
76632,11
76634,15
76635,7
76636,19
76637,15
76638,15
76640,29
76641,11
76642,11
76644,15
76645,11
76646,15
76647,27
76648,19
76649,15
76650,15
76651,11
76652,15
76653,11
76654,11
76655,27
76656,15
76657,15
76658,15
76660,15
76662,9
76663,15
76664,11
76665,11
76666,10
76667,11
76668,11
76669,11
76670,15
76671,11
76672,15
76673,15
76675,15
76676,15
76677,11
76678,15
76679,11
76680,9
76681,35
76682,15
76683,11
76684,15
76685,15
76686,15
76688,11
76689,11
76690,15
76691,11
76692,11
76693,15
76694,11
76695,11
76697,15
76698,11
76699,11
76700,19
76702,14
76703,11
76705,23
76706,15
76707,15
76708,15
76709,27
76710,11
76711,27
76712,15
76714,15
76715,15
76716,15
76717,15
76718,15
76719,15
76720,15
76721,11
76723,11
76724,11
76725,15
76726,11
76727,15
76728,15
76730,11
76731,10
76732,11
76733,11
76734,11
76735,15
76736,10
76737,15
76738,15
76739,15
76740,15
76741,11
76743,18
76744,11
76745,11
76746,11
76747,11
76748,15
76749,11
76750,15
76751,15
76752,19
76753,14
76754,15
76755,15
76756,11
76757,15
76758,32
76759,11
77001,15
77002,15
77003,11
77004,11
77005,23
77006,15
77007,11
77008,15
77009,11
77010,15
77011,15
77012,11
77013,11
77014,33
77015,6
77016,19
77018,29
77019,11
77020,15
77021,11
77022,15
77023,11
77024,11
77025,15
77026,11
77027,15
77029,11
77030,14
77031,15
77032,15
77033,11
77034,15
77035,15
77036,11
77037,29
77038,11
77039,15
77040,27
77041,11
77042,23
77043,11
77044,14
77045,15
77046,11
77047,19
77048,23
77049,15
77050,15
77051,19
77052,11
77053,33
77054,15
77055,27
77056,10
77057,15
77058,35
77059,15
77060,15
77061,19
77062,11
77063,15
77065,15
77066,11
77067,33
77068,11
77069,19
77070,15
77071,15
77072,15
77073,15
77075,15
77076,15
77077,15
77078,15
77079,29
77080,11
77081,15
77082,15
77083,35
77084,15
77085,27
77086,15
77087,11
77088,19
77089,15
77090,11
77091,11
77093,11
77094,11
77095,15
77096,23
77097,10
77098,11
77099,23
77100,27
77101,15
77102,11
77103,11
77104,15
77106,15
77107,23
77108,45
77109,23
77110,11
77111,29
77112,11
77113,15
77114,27
77115,15
77116,15
77117,15
77118,33
77119,11
77120,15
77121,23
77122,35
77123,15
77124,19
77125,15
77126,19
77127,19
77128,19
77129,15
77130,10
77131,33
77132,23
77133,11
77134,11
77135,15
77136,11
77137,11
77138,15
77139,29
77140,11
77141,15
77142,27
77143,27
77144,11
77145,15
77146,19
77147,15
77148,19
77150,11
77151,10
77152,35
77153,29
77154,15
77155,23
77156,15
77157,11
77158,11
77159,23
77161,15
77162,15
77163,11
77164,15
77165,15
77167,8
77168,19
77169,29
77171,29
77172,15
77173,15
77174,15
77175,23
77176,23
77177,15
77178,11
77179,14
77180,15
77181,23
77182,27
77183,29
77184,15
77185,14
77186,33
77187,14
77188,15
77190,11
77191,15
77192,29
77193,11
77194,11
77195,15
77196,15
77197,11
77198,11
77199,15
77200,11
77201,15
77202,15
77203,15
77204,11
77205,11
77206,11
77207,11
77208,15
77209,15
77210,23
77211,15
77212,11
77214,15
77215,29
77216,15
77217,19
77218,10
77219,19
77220,11
77221,15
77222,27
77223,14
77224,11
77225,10
77226,23
77227,15
77228,11
77229,19
77230,11
77231,15
77232,15
77233,15
77234,15
77235,11
77236,11
77237,15
77238,27
77239,19
77240,19
77241,19
77242,15
77243,35
77244,15
77245,10
77246,15
77247,10
77248,15
77249,29
77250,10
77251,33
77252,10
77253,11
77254,15
77255,19
77256,11
77257,27
77258,33
77259,19
77260,19
77261,15
77262,11
77263,11
77264,19
77265,15
77266,15
77267,10
77268,29
77269,18
77270,15
77271,11
77272,15
77273,15
77274,11
77275,11
77276,23
77277,19
77278,11
77279,19
77280,15
77281,11
77282,11
77283,15
77284,45
77285,35
77286,11
77287,15
77288,43
77289,11
77290,14
77291,15
77292,15
77293,15
77294,33
77295,15
77296,33
77297,11
77298,11
77300,15
77301,11
77302,19
77303,11
77304,7
77305,35
77306,14
77307,33
77308,15
77309,19
77310,11
77311,15
77312,23
77313,11
77314,11
77315,27
77316,35
77317,27
77318,15
77319,11
77320,29
77321,15
77322,23
77323,15
77325,11
77326,29
77327,29
77328,11
77329,15
77330,29
77331,11
77332,11
77333,33
77335,23
77336,15
77337,33
77338,15
77339,19
77340,15
77341,11
77342,11
77343,11
77344,19
77345,15
77347,15
77348,11
77349,29
77350,35
77352,19
77353,11
77354,15
77355,11
77356,7
77357,15
77358,15
77359,19
77360,11
77361,11
77363,15
77364,11
77365,15
77366,11
77367,11
77368,15
77369,15
77370,15
77371,22
77372,27
77373,39
77374,19
77376,15
77377,19
77378,23
77379,33
77380,11
77381,15
77382,29
77383,15
77384,19
77385,19
77386,15
77387,11
77388,15
77389,23
77390,35
77391,11
77392,15
77393,23
77394,19
77395,11
77396,11
77397,19
77398,15
77400,19
77401,15
77402,11
77403,15
77404,19
77405,19
77406,15
77407,33
77408,11
77409,23
77410,15
77411,15
77412,10
77413,27
77414,11
77415,15
77416,11
77417,11
77418,15
77419,23
77420,27
77421,11
77423,15
77424,10
77425,15
77426,11
77427,15
77428,15
77429,15
77430,29
77431,29
77432,15
77433,23
77434,11
77435,15
77436,15
77437,23
77438,29
77439,15
77440,15
77441,19
77442,19
77443,10
77444,11
77445,35
77446,15
77447,19
77448,15
77449,29
77450,23
77451,15
77452,7
77453,15
77454,11
77455,19
77456,15
77457,15
77458,29
77459,14
77460,11
77461,11
77462,15
77463,23
77464,33
77465,15
77466,11
77467,11
77468,35
77469,15
77470,29
77471,11
77472,11
77473,11
77474,15
77475,29
77476,11
77477,15
77478,15
77479,33
77480,14
77481,11
77482,23
77483,19
77484,11
77485,15
77486,15
77487,32
77489,11
77490,15
77492,15
77493,23
77494,23
77495,29
77496,10
77498,11
77500,11
77501,15
77504,19
77505,11
77506,15
77507,11
77508,19
77509,10
77510,15
77511,15
77512,15
77513,27
77514,35
77515,15
77516,14
77517,19
77518,11
77519,15
77520,15
77521,19
77522,11
77523,11
77524,15
77525,11
77526,11
77527,15
77528,15
77529,19
77530,11
77531,19
77532,7
77533,23
77534,15
78003,23
78005,35
78006,15
78007,15
78009,11
78010,15
78013,11
78015,32
78020,15
78029,33
78030,19
78031,15
78033,15
78034,15
78036,15
78043,27
78048,15
78049,18
78050,14
78053,11
78057,19
78062,29
78068,15
78070,11
78071,15
78072,11
78073,33
78076,11
78077,15
78082,15
78084,15
78087,19
78089,27
78090,19
78092,29
78096,11
78104,15
78107,19
78108,15
78113,15
78117,29
78118,23
78120,19
78123,33
78124,33
78125,15
78126,35
78128,19
78133,29
78138,33
78140,15
78143,15
78146,39
78147,10
78152,19
78158,43
78160,29
78162,15
78163,11
78164,15
78165,33
78168,27
78171,15
78172,39
78185,11
78188,11
78189,19
78190,29
78192,15
78193,15
78194,11
78196,11
78202,15
78206,27
78208,35
78209,15
78217,29
78220,29
78224,27
78227,15
78230,15
78231,11
78233,23
78234,11
78236,15
78237,11
78238,19
78239,19
78242,33
78245,11
78246,15
78255,27
78261,15
78262,15
78263,19
78264,7
78265,19
78267,29
78269,15
78276,15
78278,15
78281,14
78283,11
78285,15
78289,15
78290,15
78291,19
78296,15
78297,35
78299,19
78300,11
78302,11
78305,11
78307,10
78310,27
78311,39
78314,27
78317,15
78320,19
78321,29
78322,29
78324,15
78325,15
78327,27
78329,15
78334,19
78335,33
78337,19
78343,19
78344,15
78346,15
78349,15
78350,29
78354,29
78356,29
78358,35
78361,43
78362,35
78364,15
78366,11
78367,23
78368,19
78372,33
78380,29
78381,15
78382,27
78383,33
78384,15
78385,11
78389,19
78391,11
78396,29
78397,29
78398,15
78401,29
78402,27
78403,19
78404,11
78406,11
78407,15
78410,15
78413,11
78415,15
78416,11
78417,11
78418,33
78420,23
78423,39
78431,23
78437,15
78439,11
78440,39
78442,23
78443,15
78444,15
78451,15
78455,29
78460,15
78464,15
78465,18
78466,29
78470,15
78472,11
78474,15
78475,11
78478,11
78481,33
78484,13
78486,29
78490,39
78497,15
78498,39
78499,15
78501,23
78502,29
78505,10
78506,15
78513,19
78516,15
78517,35
78518,11
78520,15
78522,14
78528,11
78530,11
78531,29
78536,11
78537,29
78545,33
78548,15
78550,19
78551,45
78557,15
78558,11
78559,11
78561,11
78562,13
78564,14
78565,11
78567,15
78569,15
78571,27
78575,29
78576,19
78586,45
78588,15
78590,11
78591,19
78597,15
78601,19
78605,15
78606,7
78608,11
78609,15
78615,15
78616,15
78618,15
78620,15
78621,39
78623,15
78624,33
78638,27
78640,35
78642,33
78643,33
78644,29
78646,53
78647,15
78650,33
78653,11
78655,15
78668,15
78672,29
78674,33
78677,15
78681,15
78683,23
78686,33
78688,33
79001,15
79002,11
79003,29
79005,27
79007,15
79008,15
79009,11
79010,15
79012,15
79013,27
79014,27
79015,11
79016,15
79018,11
79019,11
79020,15
79022,11
79023,7
79024,19
79025,15
79029,15
79030,15
79031,19
79032,14
79034,19
79038,15
79040,11
79042,11
79046,15
79047,11
79048,29
79049,33
79049SN01,1
79050,14
79055,11
79056,15
79057,15
79058,15
79059,15
79060,11
79061,29
79062,27
79063,23
79064,19
79066,19
79069,15
79070,11
79071,11
79074,11
79076,19
79077,19
79078,19
79079,29
79080,23
79081,29
79083,26
79084,11
79085,11
79086,19
79087,15
79088,19
79089,11
79090,15
79091,15
79092,10
79094,15
79095,15
79096,15
79100,19
79101,19
79102,11
79103,19
79104,15
79105,15
79106,10
79108,11
79109,23
79111,11
79112,15
79114,19
79115,15
79116,15
79117,15
79118,11
79119,15
79120,14
79121,11
79122,15
79123,19
79124,11
79125,18
79126,11
79127,15
79128,15
79129,19
79130,23
79131,11
79132,10
79133,12
79134,14
79135,15
79136,18
79137,15
79139,6
79140,19
79141,11
79142,7
79144,11
79145,11
79147,15
79148,19
79149,11
79150,15
79152,11
79153,9
79154,11
79156,15
79157,15
79158,11
79159,15
79160,11
79161,15
79162,23
79163,15
79164,11
79165,11
79166,15
79167,11
79170,23
79172,15
79174,33
79175,15
79176,15
79177,11
79179,33
79180,11
79183,11
79184,19
79185,28
79189,19
79190,15
79191,45
79195,29
79196,21
79197,7
79198,11
79200,11
79201,19
79202,33
79203,11
79204,15
79205,7
79207,15
79208,15
79209,11
79210,15
79212,11
79213,19
79215,11
79216,19
79217,19
79218,11
79220,15
79223,7
79225,11
79226,11
79229,15
79230,15
79231,15
79235,15
79236,15
79238,15
79239,19
79241,15
79242,15
79243,11
79244,10
79246,15
79249,19
79250,11
79251,19
79252,11
79253,15
79254,11
79255,11
79256,11
79257,19
79258,11
79259,15
79263,15
79265,15
79267,11
79268,15
79269,11
79270,29
79271,11
79273,15
79274,11
79276,15
79277,15
79278,11
79280,18
79281,15
79283,15
79284,15
79285,23
79286,11
79289,15
79290,15
79293,15
79294,11
79295,15
79297,11
79298,19
79299,19
79300,15
79301,15
79302,15
79303,11
79304,14
79306,11
79307,19
79308,15
79309,11
79310,15
79311,19
79312,11
79313,15
79316,11
79319,15
79320,15
79322,19
79326,15
79329,35
79331,11
79332,11
79334,19
79335,15
79336,11
79337,15
79338,11
79339,19
79340,11
79341,10
79342,15
79343,11
79345,14
79346,11
79347,15
79348,11
79349,11
79350,11
79351,19
79352,11
79354,11
79355,23
79357,11
80001,35
80002,11
80003,15
80004,14
80005,7
80006,11
80008,15
80009,15
80010,23
80011,23
80013,19
80014,7
80015,7
80016,29
80017,10
80018,11
80019,15
80020,15
80021,55
80022,11
80023,11
80024,15
80025,11
80026,7
80027,7
80028,11
80029,15
80030,11
80031,15
80032,11
80033,11
80034,14
80035,7
80036,14
80037,9
80038,11
80039,15
80040,11
80041,11
80042,11
80043,11
80044,10
80045,11
80046,7
80047,15
80048,7
80049,11
80050,15
80051,11
80052,11
80053,6
80054,11
80055,11
80056,11
80057,7
80058,11
80059,7
80060,11
80061,7
80062,15
80063,15
80064,11
80065,7
80066,11
80067,10
80068,10
80069,10
80070,15
80071,19
80073,11
80074,11
80076,15
80077,11
80078,15
80079,11
80080,11
80081,7
80082,15
80083,11
80084,11
80085,7
80086,15
80087,9
80088,11
80089,11
80090,11
80092,15
80093,15
80094,11
80095,11
80096,15
80097,11
80098,7
80099,11
80100,15
80101,13
80102,11
80103,7
80104,11
80105,11
80106,11
80107,15
80108,7
80109,11
80110,11
80112,11
80113,11
80114,11
80115,9
80116,11
80117,11
80118,11
80119,11
80120,15
80121,11
80122,15
80123,11
80124,15
80125,7
80126,15
80127,15
80128,9
80129,15
80130,11
80131,23
80132,11
80133,11
80134,7
80135,11
80136,15
80137,15
80138,11
80139,7
80140,9
80141,11
80142,11
80143,7
80144,15
80145,11
80146,11
80147,11
80148,11
80149,15
80150,11
80151,11
80152,11
80153,11
80154,11
80155,11
80156,11
80157,11
80158,7
80159,11
80160,15
80161,11
80162,13
80163,15
80164,27
80165,11
80166,15
80167,11
80168,15
80169,7
80170,11
80171,15
80172,13
80173,15
80174,7
80176,11
80177,15
80179,11
80180,11
80181,11
80182,19
80183,11
80184,15
80185,11
80186,19
80187,15
80188,15
80189,7
80190,15
80191,11
80192,11
80193,11
80194,11
80195,11
80196,10
80197,7
80198,11
80199,15
80200,11
80201,7
80202,11
80203,7
80204,15
80205,15
80206,11
80207,11
80208,10
80210,11
80211,19
80212,29
80213,15
80214,11
80215,11
80216,11
80217,7
80218,11
80219,7
80220,9
80221,11
80222,15
80223,11
80224,11
80225,11
80226,11
80227,11
80228,19
80229,11
80230,11
80231,11
80232,11
80233,11
80234,15
80235,15
80236,15
80237,11
80238,15
80239,7
80240,15
80241,15
80242,11
80243,7
80244,10
80245,11
80246,11
80247,15
80248,11
80249,11
80250,11
80251,11
80252,11
80253,29
80256,18
80258,7
80259,7
80260,15
80261,15
80262,11
80263,7
80264,7
80265,15
80266,11
80267,11
80268,15
80269,11
80270,7
80271,15
80272,11
80273,11
80274,19
80275,11
80276,11
80278,11
80279,15
80280,11
80281,11
80282,15
80283,11
80284,15
80285,11
80287,11
80288,11
80290,11
80291,11
80292,11
80293,11
80294,11
80295,19
80296,15
80297,7
80298,15
80299,11
80300,11
80301,11
80302,11
80303,11
80304,11
80305,11
80306,11
80307,11
80308,23
80310,15
80311,11
80312,11
80313,11
80314,11
80315,15
80316,19
80317,11
80318,23
80319,11
80320,11
80321,11
80322,11
80324,11
80325,7
80326,11
80327,11
80328,15
80329,11
80330,11
80331,11
80332,11
80333,15
80334,7
80335,11
80336,7
80337,11
80338,19
80339,11
80340,9
80341,11
80342,11
80343,10
80344,11
80345,15
80346,11
80347,11
80348,11
80349,11
80350,15
80351,11
80352,11
80353,11
80354,11
80355,11
80356,7
80357,11
80358,11
80359,11
80360,18
80361,7
80362,11
80364,15
80365,11
80366,11
80367,11
80368,27
80369,11
80371,11
80372,11
80373,23
80374,11
80375,11
80376,15
80377,11
80378,7
80379,15
80380,11
80381,7
80383,7
80384,11
80385,11
80386,11
80387,11
80388,11
80390,11
80391,7
80392,15
80393,11
80395,11
80396,11
80397,7
80399,11
80400,11
80401,11
80402,11
80403,11
80404,11
80405,11
80406,15
80407,11
80408,11
80409,11
80410,27
80411,15
80412,12
80413,7
80414,11
80415,15
80416,14
80417,19
80418,7
80420,11
80421,6
80422,14
80423,9
80424,15
80425,11
80426,11
80427,11
80428,11
80429,11
80430,11
80431,15
80432,11
80433,7
80434,11
80435,7
80436,15
80437,11
80438,14
80439,11
80440,11
80442,19
80443,19
80444,15
80445,11
80446,15
80449,7
80450,11
80451,11
80452,15
80453,11
80455,7
80456,15
80458,11
80459,11
80460,7
80461,10
80462,11
80463,14
80464,15
80465,11
80466,11
80467,9
80468,11
80469,10
80470,8
80472,11
80473,10
80474,11
80475,11
80476,11
80477,11
80478,11
80479,11
80480,11
80481,11
80482,11
80484,11
80485,19
80486,14
80487,7
80488,19
80489,29
80490,11
80491,7
80493,11
80494,11
80495,14
80496,11
80497,11
80498,15
80499,11
80500,15
80501,11
80502,11
80503,11
80504,7
80505,15
80507,15
80508,7
80509,19
80511,11
80512,15
80513,11
80514,11
80515,11
80516,11
80517,11
80518,11
80519,15
80520,10
80521,11
80522,11
80523,14
80524,15
80525,11
80526,11
80527,11
80528,7
80529,11
80530,15
80531,11
80533,23
80535,11
80536,10
80537,7
80538,11
80540,11
80541,11
80542,15
80543,11
80544,11
80545,15
80546,15
80547,11
80548,11
80549,15
80550,11
80552,15
80553,11
80554,15
80555,15
80556,15
80557,15
80558,11
80559,11
80560,11
80561,29
80562,11
80563,7
80565,7
80566,11
80568,11
80569,11
80570,27
80571,15
80572,11
80573,11
80574,7
80575,7
80576,11
80577,9
80578,15
80579,15
80580,11
80582,15
80583,11
80584,15
80585,19
80586,11
80587,6
80588,10
80589,6
80590,11
80591,11
80592,15
80593,11
80595,11
80596,11
80597,15
80598,15
80599,11
80600,15
80601,11
80602,10
80603,11
80604,7
80605,11
80606,15
80607,11
80609,11
80611,15
80613,15
80614,11
80615,11
80616,11
80617,11
80618,15
80619,15
80620,29
80621,17
80622,15
80623,11
80624,10
80625,22
80626,11
80627,15
80628,15
80629,11
80630,19
80631,11
80632,19
80633,15
80634,15
80635,15
80637,11
80638,11
80639,15
80640,11
80642,11
80643,14
80644,15
80645,15
80646,7
80647,11
80648,11
80649,15
80650,15
80651,11
80652,15
80654,15
80655,11
80656,15
80657,11
80658,11
80659,11
80661,15
80662,11
80663,11
80664,11
80665,11
80666,7
80667,11
80668,10
80669,11
80670,15
80671,11
80672,15
80673,11
80674,27
80675,11
80676,11
80677,19
80678,15
80679,15
80680,23
80681,11
80682,11
80683,10
80684,11
80685,29
80686,15
80687,11
80688,23
80690,15
80691,11
80692,15
80693,10
80694,11
80695,11
80696,15
80697,7
80698,11
80699,11
80700,15
80701,11
80702,15
80703,10
80704,11
80705,7
80706,19
80707,7
80708,11
80709,11
80710,11
80711,19
80713,11
80714,15
80716,15
80717,15
80718,15
80719,7
80721,23
80722,11
80723,11
80724,23
80725,27
80726,10
80728,7
80729,11
80730,15
80732,15
80733,11
80734,11
80735,11
80736,11
80737,11
80738,11
80740,11
80741,10
80742,7
80743,11
80744,7
80746,14
80747,11
80748,9
80749,11
80750,11
80751,15
80752,15
80753,11
80754,11
80755,10
80756,7
80757,11
80758,11
80759,11
80760,11
80762,11
80763,11
80764,11
80765,15
80766,11
80767,11
80769,11
80770,15
80771,6
80773,11
80774,11
80775,15
80776,11
80777,11
80778,11
80779,15
80780,11
80781,11
80782,11
80783,7
80784,11
80785,15
80786,10
80787,7
80788,11
80789,11
80790,10
80791,14
80792,11
80793,19
80794,7
80795,11
80796,11
80797,11
80798,15
80799,27
80800,11
80801,11
80802,15
80803,11
80804,11
80805,11
80806,10
80807,11
80808,11
80809,11
80810,11
80811,15
80812,11
80813,6
80814,11
80815,15
80819,7
80820,15
80821,11
80822,11
80823,11
80824,11
80825,11
80826,15
80827,15
80828,7
80829,7
80830,11
80832,11
80833,11
80834,15
80835,11
80836,11
81001,11
81002,23
81003,12
81004,43
81005,15
81006,9
81007,7
81008,11
81009,7
81010,11
81011,15
81012,11
81013,11
81014,14
81015,7
81016,11
81017,11
81018,19
81019,11
81020,11
81021,29
81022,11
81023,10
81024,11
81025,11
81026,19
81027,11
81028,11
81029,10
81030,9
81031,15
81032,14
81033,23
81034,11
81035,11
81036,14
81037,15
81038,19
81039,19
81040,11
81041,11
81042,19
81043,15
81044,10
81045,11
81046,19
81047,11
81048,23
81049,11
81050,11
81051,15
81052,19
81053,11
81054,15
81055,11
81056,11
81058,11
81059,15
81060,28
81061,11
81062,18
81063,19
81064,15
81065,42
81066,11
81067,11
81068,11
81069,14
81070,23
81071,7
81072,11
81073,11
81074,19
81075,11
81076,15
81077,11
81078,15
81079,15
81080,7
81081,15
81082,11
81083,11
81084,15
81085,7
81086,11
81087,11
81088,15
81089,11
81090,11
81092,15
81093,15
81094,7
81095,7
81096,11
81097,15
81098,15
81099,33
81100,11
81101,15
81102,10
81103,11
81104,15
81105,32
81106,15
81108,11
81109,11
81110,7
81111,7
81112,15
81114,15
81115,15
81116,19
81117,15
81118,11
81119,11
81120,29
81121,11
81122,7
81123,7
81124,18
81125,11
81126,11
81127,11
81128,19
81129,11
81130,19
81131,19
81132,15
81133,15
81134,7
81135,10
81136,11
81137,7
81138,15
81139,19
81140,33
81141,11
81142,15
81143,15
81144,27
81145,27
81146,11
81147,15
81148,7
81149,11
81150,11
81151,11
81152,11
81154,7
81156,23
81157,11
81158,11
81159,11
81160,11
81161,11
81162,11
81163,33
81164,11
81165,10
81166,7
81167,11
81168,15
81169,7
81170,15
81171,15
81172,7
81173,11
81174,15
81175,11
81176,11
81177,11
81178,11
81179,11
81180,11
81181,11
81182,19
81183,11
81184,7
81185,11
81186,11
81187,10
81188,11
81189,11
81190,15
81191,11
81192,15
81193,11
81195,15
81196,15
81197,11
81198,11
81199,11
81200,11
81201,15
81202,15
81203,15
81204,19
81205,11
81206,15
81207,7
81208,15
81209,21
81210,11
81211,11
81212,11
81213,7
81214,7
81215,15
81216,11
81217,11
81218,27
81219,23
81220,28
81221,11
81222,22
81223,7
81224,11
81225,15
81227,19
81228,11
81229,11
81230,15
81231,11
81232,15
81233,23
81234,7
81235,15
81236,11
81237,11
81238,19
81239,15
81240,11
81242,11
81243,11
81244,19
81245,11
81246,11
81247,9
81248,15
81249,15
81250,11
81251,15
81252,11
81253,11
81254,11
81255,11
81256,7
81257,29
81258,11
81259,11
81261,15
81262,11
81263,11
81264,7
81265,7
81266,15
81267,15
81268,7
81269,15
81270,11
81271,30
81272,11
81273,27
81274,14
81275,10
81276,15
81277,15
81278,11
81279,11
81280,11
81281,19
81282,7
81283,15
81284,19
81285,11
81286,15
81287,11
81288,23
81289,23
81290,11
81291,11
81292,15
81293,11
81294,14
81295,10
81297,15
81298,11
81299,11
81300,11
81302,7
81303,10
81304,11
81305,15
81306,15
81307,15
81308,15
81310,11
81311,15
81312,15
81313,11
81314,15
81315,15
81316,11
81317,13
81318,11
81319,11
81320,11
81321,7
81322,11
81323,11
81324,11
81325,19
81326,11
82001,15
82002,23
82003,11
82004,11
82005,15
82006,7
82007,11
82008,15
82009,7
82010,11
82011,15
82012,15
82013,27
82014,11
82015,11
82016,11
82017,19
82018,15
82019,15
82020,15
82021,11
82022,11
82023,15
82024,11
82025,27
82026,15
82027,15
82028,15
82029,11
82030,11
82031,15
82032,15
82033,33
82034,11
82035,11
82036,11
82037,29
82038,15
82039,15
82040,11
82041,11
82042,15
82043,11
82044,19
82045,11
82046,10
82047,7
82048,19
82049,15
82050,15
82051,15
82052,15
82053,11
82054,11
82055,11
82056,11
82057,15
82058,7
82059,11
82060,11
82061,11
82062,19
82063,15
82064,11
82065,11
82066,15
82067,11
82068,11
82069,11
82070,7
82071,7
82072,14
82073,15
82074,11
82075,26
82076,19
82077,11
82078,11
82079,27
82080,15
82081,11
82082,11
82083,11
82084,11
82085,15
82086,11
82087,23
82088,15
82089,15
82090,15
82091,11
82092,11
82093,15
82094,15
82095,10
82096,23
82097,19
82098,15
82099,15
82100,11
82101,15
82102,11
82103,11
82104,11
82105,15
82106,11
82107,7
82108,15
82109,11
82110,15
82111,11
82112,33
82113,15
82114,15
82115,19
82116,11
82117,15
82118,11
82119,15
82120,11
82121,49
82122,11
82123,15
82124,27
82125,29
82126,15
82127,15
82128,11
82129,11
82130,11
82131,19
82132,15
82133,7
82134,29
82135,15
82136,19
82137,15
82138,11
82139,11
82140,11
82141,15
82142,15
82143,7
82144,15
82145,11
82146,7
82147,11
82148,15
82149,19
82150,15
82151,11
82152,11
82153,11
82154,11
82155,19
82156,11
82157,7
82158,11
82159,15
82160,10
82161,27
82162,11
82163,7
82164,11
82165,15
82166,10
82167,18
82168,11
82169,19
82170,15
82171,15
82172,11
82173,15
82174,11
82175,11
82176,15
82177,11
82178,15
82179,19
82180,15
82181,11
82182,11
82183,11
82184,15
82185,11
82186,29
82187,15
82188,15
82189,15
82190,27
82191,11
82192,15
82193,11
82194,15
82195,15
83001,22
83002,11
83003,15
83004,29
83005,11
83006,11
83007,19
83008,23
83009,29
83010,11
83011,15
83012,23
83013,11
83014,8
83015,11
83016,29
83017,19
83018,23
83019,29
83020,7
83021,23
83022,7
83023,33
83025,15
83026,19
83027,29
83028,18
83029,23
83030,18
83031,27
83032,23
83033,23
83034,29
83035,27
83036,28
83037,15
83038,11
83039,11
83040,6
83041,15
83042,33
83043,19
83044,10
83045,15
83046,19
83047,33
83048,27
83049,33
83050,39
83051,15
83052,11
83053,19
83054,29
83055,27
83056,23
83057,27
83058,27
83059,23
83060,11
83061,45
83062,35
83063,19
83064,29
83065,23
83066,19
83067,27
83068,27
83069,45
83070,29
83071,33
83072,29
83073,30
83074,11
83075,15
83076,15
83077,19
83078,10
83079,15
83080,15
83081,29
83082,19
83083,15
83084,15
83085,23
83086,29
83087,27
83088,22
83089,15
83090,33
83091,29
83092,27
83093,19
83094,22
83095,15
83096,19
83097,29
83098,33
83099,29
83100,27
83101,19
83102,21
83103,27
83104,27
83105,7
83106,29
83107,33
83108,19
83109,10
83110,19
83111,19
83112,33
83113,19
83114,11
83115,33
83116,33
83117,19
83118,39
83119,26
83120,29
83121,27
83122,11
83123,33
83124,23
83125,19
83126,49
83127,23
83128,15
83129,39
83130,33
83131,28
83132,19
83133,17
83134,19
83135,14
83136,19
83137,59
83138,23
83139,15
83140,29
83141,29
83142,11
83143,27
83144,35
83145,15
83146,19
83147,7
83148,33
83149,15
83150,27
83151,15
83152,15
83153,29
83154,15
84001,22
84002,15
84003,33
84004,29
84005,11
84006,6
84007,53
84008,15
84009,19
84010,15
84011,11
84012,19
84013,11
84014,15
84015,11
84016,29
84017,23
84018,15
84019,33
84020,15
84021,7
84022,11
84023,7
84024,15
84025,18
84026,27
84027,23
84028,15
84029,27
84030,23
84031,35
84032,11
84033,11
84034,27
84035,35
84036,23
84037,19
84038,27
84039,29
84040,11
84041,11
84042,19
84043,29
84044,15
84045,11
84046,11
84047,23
84048,7
84049,15
84050,19
84051,15
84052,15
84053,19
84054,33
84055,19
84056,29
84057,11
84058,11
84059,11
84060,7
84061,11
84062,19
84063,11
84064,27
84065,26
84066,11
84067,23
84068,15
84069,23
84070,19
84071,19
84072,29
84073,15
84074,19
84075,11
84076,15
84077,11
84078,27
84079,11
84080,33
84081,29
84082,19
84083,19
84084,15
84085,11
84086,15
84087,35
84088,29
84089,35
84090,14
84091,29
84092,33
84093,14
84094,15
84095,15
84096,14
84097,15
84098,15
84099,27
84100,7
84101,11
84102,15
84103,15
84104,15
84105,15
84106,23
84107,15
84108,19
84109,11
84110,7
84111,11
84112,15
84113,15
84114,8
84115,15
84116,15
84117,11
84118,23
84119,27
84120,11
84121,11
84122,29
84123,15
84124,15
84125,7
84126,14
84127,23
84128,7
84129,33
84130,11
84131,18
84132,29
84133,27
84134,15
84135,19
84136,14
84137,29
84138,29
84139,15
84140,15
84141,33
84142,23
84143,15
84144,15
84145,14
84146,14
84147,23
84148,15
84149,19
84150,18
84151,11
85001,19
85002,19
85003,29
85004,23
85005,15
85006,19
85008,32
85009,19
85010,14
85011,19
85012,19
85013,15
85014,15
85015,19
85016,19
85017,19
85018,27
85019,33
85020,27
85021,19
85022,15
85023,11
85024,19
85025,19
85026,15
85028,15
85029,18
85031,23
85033,15
85034,23
85035,27
85036,15
85037,14
85038,23
85039,27
85040,15
85041,11
85042,19
85045,15
85046,27
85047,35
85049,19
85050,19
85051,29
85053,11
85054,15
85055,15
85056,11
85058,15
85059,23
85061,19
85062,15
85064,19
85065,27
85066,15
85067,15
85070,23
85071,27
85072,15
85073,15
85074,11
85076,23
85077,15
85078,15
85080,23
85081,27
85082,23
85083,19
85084,33
85086,19
85087,11
85088,27
85089,29
85090,33
85092,33
85093,15
85094,15
85095,19
85096,27
85097,23
85098,19
85099,15
85100,18
85101,15
85102,15
85103,19
85104,15
85105,15
85106,15
85108,22
85109,33
85110,15
85111,19
85112,23
85113,27
85114,23
85115,15
85116,11
85117,15
85118,19
85119,19
85120,15
85121,15
85123,11
85125,11
85126,15
85127,19
85128,29
85129,23
85130,19
85131,19
85132,15
85133,14
85134,11
85135,22
85136,11
85137,11
85138,15
85139,11
85140,19
85141,15
85142,15
85143,15
85144,15
85145,15
85146,43
85147,19
85148,15
85149,11
85151,29
85152,33
85153,23
85154,23
85155,27
85156,19
85157,15
85158,15
85159,19
85160,23
85161,19
85162,23
85163,26
85164,19
85167,15
85169,15
85171,15
85172,19
85174,15
85175,15
85176,15
85177,19
85178,29
85179,15
85181,15
85182,29
85184,11
85185,15
85186,15
85187,15
85188,15
85189,19
85190,23
85191,45
85192,15
85193,15
85194,45
85194CD01,1
85196,19
85197,29
85198,15
85199,15
85200,15
85201,11
85202,19
85204,21
85205,15
85206,11
85207,10
85208,19
85209,15
85210,19
85211,19
85213,29
85214,19
85215,27
85216,19
85218,18
85220,19
85221,23
85222,29
85223,23
85226,33
85227,19
85229,15
85231,15
85232,15
85233,15
85234,29
85235,11
85236,19
85237,11
85238,27
85239,15
85240,19
85242,15
85243,23
85244,15
85245,11
85246,19
85247,15
85248,11
85250,19
85251,15
85252,15
85254,18
85255,19
85256,15
85259,15
85260,15
85261,11
85262,23
85264,15
85265,15
85266,19
85267,12
85268,15
85269,11
85271,11
85273,19
85274,15
85276,15
85277,15
85278,15
85280,22
85281,15
85282,15
85284,27
85285,15
85286,15
85287,11
85288,29
85289,15
85290,15
85291,15
85292,14
85293,19
85294,23
85295,23
85296,15
85297,15
85298,18
85300,26
85301,19
85302,33
85303,19
85304,15
85305,15
85306,15
85307,15
86001,15
86002,15
86003,11
86004,11
86005,15
86006,15
86007,14
86008,11
86009,15
86010,15
86011,10
86012,11
86013,7
86014,19
86015,14
86016,19
86017,15
86018,11
86019,27
86020,11
86022,11
86023,11
86024,14
86025,11
86026,15
86027,18
86028,15
86029,15
86031,19
86032,19
86034,15
86035,6
86036,15
86037,15
86038,11
86039,15
86040,11
86041,32
86042,15
86044,15
86045,15
86046,19
86047,11
86048,15
86049,15
86050,15
86051,11
86052,15
86053,23
86054,11
86055,10
86058,15
86059,15
86061,15
86062,27
86063,11
86064,15
86065,14
86066,39
86068,14
86069,11
86070,28
86072,10
86073,15
86074,15
86075,15
86076,23
86077,15
86078,23
86079,15
86080,11
86081,19
86082,28
86083,15
86084,11
86085,11
86086,15
86087,11
86088,15
86089,10
86090,11
86091,10
86092,23
86093,11
86094,15
86095,23
86096,15
86097,11
86098,11
86099,15
86100,27
86102,15
86103,19
86104,14
86105,11
86106,11
86107,11
86108,11
86109,11
86110,11
86111,19
86112,14
86113,23
86114,15
86115,32
86116,12
86117,15
86118,11
86119,11
86120,13
86121,15
86122,7
86123,26
86124,15
86125,15
86126,15
86127,11
86128,19
86129,15
86130,11
86131,15
86132,11
86133,22
86134,11
86135,15
86136,11
86137,29
86138,11
86139,21
86140,19
86141,15
86142,14
86143,11
86144,11
86145,15
86147,15
86148,15
86149,11
86150,10
86151,11
86152,15
86153,11
86154,11
86156,11
86157,27
86158,29
86159,14
86160,19
86161,15
86162,11
86163,27
86164,15
86165,25
86167,15
86169,11
86170,11
86171,11
86172,11
86173,15
86174,29
86175,11
86176,11
86177,29
86178,22
86180,23
86181,11
86182,11
86183,19
86184,15
86186,15
86187,11
86189,11
86190,15
86191,11
86192,11
86193,15
86194,53
86195,14
86196,11
86197,11
86198,15
86200,15
86201,11
86202,15
86203,14
86204,19
86205,11
86206,11
86207,18
86209,18
86210,15
86211,15
86213,19
86214,29
86217,11
86218,11
86220,11
86221,15
86222,27
86223,15
86224,15
86225,15
86226,23
86227,11
86228,11
86229,11
86230,10
86231,11
86233,23
86234,11
86235,15
86236,15
86237,14
86239,11
86241,11
86242,11
86244,14
86245,23
86246,15
86247,15
86248,15
86249,11
86250,11
86252,15
86253,15
86254,15
86255,15
86256,15
86257,10
86258,19
86260,11
86261,19
86262,15
86263,23
86264,15
86265,11
86266,11
86268,15
86269,11
86270,10
86271,15
86272,23
86273,15
86274,15
86275,15
86276,15
86279,15
86280,11
86281,31
86284,15
86285,15
86286,11
86287,11
86288,15
86289,14
86290,18
86291,11
86292,15
86293,26
86294,27
86295,11
86296,11
86297,28
86298,18
86299,15
86300,15
87001,29
87002,29
87003,15
87004,11
87005,15
87006,11
87007,11
87008,11
87009,11
87011,27
87012,10
87013,15
87014,23
87015,15
87016,11
87017,11
87018,15
87019,23
87020,19
87021,23
87022,11
87023,11
87024,15
87025,15
87027,15
87028,23
87029,15
87030,15
87031,11
87032,19
87033,15
87034,15
87035,15
87036,15
87037,10
87038,19
87039,15
87040,19
87041,19
87042,11
87043,10
87044,11
87045,15
87046,15
87047,19
87048,29
87049,15
87050,29
87051,15
87052,9
87053,11
87054,15
87056,11
87057,11
87058,11
87059,19
87060,15
87061,11
87062,11
87063,15
87064,19
87065,29
87066,15
87067,11
87068,15
87069,11
87070,15
87071,15
87072,14
87073,11
87074,11
87075,29
87076,11
87077,15
87078,15
87079,15
87080,10
87081,15
87082,15
87083,15
87084,10
87085,55
87086,15
87087,15
87088,15
87089,19
87090,11
87091,11
87092,14
87093,11
87094,15
87095,14
87096,15
87097,19
87099,11
87100,11
87101,11
87103,19
87104,11
87105,15
87106,23
87107,19
87108,11
87109,11
87110,19
87111,19
87112,15
87113,29
87114,33
87115,11
87116,15
87117,15
87118,15
87119,15
87120,14
87121,11
87122,15
87123,11
87124,11
87125,27
87126,27
87127,15
87128,19
87129,15
87130,11
87131,15
87132,11
87133,15
87134,11
87135,15
87137,11
87138,15
87139,11
87140,19
87141,15
87142,15
87143,18
87144,15
87145,10
87146,15
87147,7
87148,15
87149,10
87150,15
87151,15
87152,19
87153,11
87154,33
87155,11
87156,23
87157,15
87158,19
87159,11
87160,11
87161,27
87162,11
87163,11
87164,15
87165,11
87166,15
87167,14
87168,15
87169,15
87170,11
87172,11
87174,15
87176,14
87177,19
87178,23
87179,10
87180,15
87181,15
87182,15
87183,15
87185,19
87186,11
87187,29
87188,11
87189,11
87190,15
87191,19
87192,19
87193,7
87194,11
87195,11
87197,15
87198,11
87199,15
87200,11
87201,27
87202,19
87203,15
87204,10
87205,19
87206,11
88001,7
88002,6
88003,6
88004,11
88005,11
88006,11
88007,7
88008,11
88009,23
88010,11
88011,19
88012,15
88013,7
88014,11
88015,11
88016,11
88017,11
88019,11
88020,11
88021,11
88022,11
88023,7
88024,11
88025,7
88026,15
88027,11
88028,15
88029,23
88030,11
88031,11
88032,15
88033,11
88035,11
88036,7
88037,15
88038,7
88039,11
88040,11
88041,11
88042,7
88043,11
88044,15
88045,7
88046,11
88047,11
88048,15
88049,11
88050,11
88051,11
88052,11
88053,11
88054,11
88055,11
88056,7
88057,7
88058,11
88059,11
88060,7
88061,11
88062,9
88063,11
88064,11
88065,11
88066,7
88068,15
88069,11
88070,11
88071,7
88073,11
88074,7
88075,27
88076,11
88077,15
88078,21
88079,19
88080,11
88081,15
88082,15
88083,11
88084,11
88085,11
88086,15
88087,23
88088,15
88089,15
88090,27
88091,11
88092,15
88093,7
88094,19
88095,19
88096,11
88097,7
88098,14
88099,15
88100,7
88101,15
88102,7
88103,7
88104,11
88105,11
88106,15
88107,7
88108,13
88109,15
88110,11
88111,11
88113,11
88114,23
88115,19
88116,23
88117,7
88118,15
88119,11
88120,15
88121,11
88122,11
88123,11
88124,15
88125,7
88126,15
88127,7
88128,11
88129,11
88130,11
88131,11
88132,15
88133,11
88134,15
88135,15
88136,15
88137,7
88138,7
88139,11
88140,9
88141,11
88142,11
88143,11
88144,7
88145,11
88146,11
88147,11
88148,19
88149,7
88150,11
88151,15
88152,11
88153,11
88154,10
88155,10
88156,11
88157,15
88158,23
88159,15
88160,39
88161,11
88162,11
88163,15
88164,7
88165,23
88166,11
88167,11
88168,10
88169,11
88170,15
88171,7
88172,11
88173,11
88174,11
88175,11
88176,15
88177,15
88178,19
88179,7
88180,10
88181,23
88182,11
88183,11
88184,11
88185,11
88186,7
88187,7
88188,19
88189,11
88190,15
88192,11
88193,8
88194,11
88195,11
88196,29
88197,11
88198,15
88199,7
88200,7
88201,15
88202,10
88203,11
88205,11
88206,15
88208,11
88209,29
88210,11
88212,11
88213,11
88214,7
88215,7
88216,15
88218,27
88219,11
88220,7
88221,11
88222,11
88223,11
88224,11
88225,19
88226,11
88227,7
88228,11
88229,7
88230,7
88231,11
88232,11
88233,15
88236,11
88237,11
88238,11
88239,11
88240,11
88241,11
88242,7
88243,11
88244,15
88245,11
88246,11
88247,15
88248,11
88249,7
88250,11
88251,15
88252,11
88253,15
88254,7
88255,7
88256,11
88257,11
88258,15
88259,11
88260,11
88261,15
88262,15
88263,10
88264,7
88265,7
88266,15
88267,11
88268,11
88269,11
88270,19
88271,11
88272,7
88273,11
88274,7
88275,11
88276,11
88277,11
88278,7
88279,7
88280,11
88281,11
88283,7
88284,15
88285,11
88286,7
88287,7
88288,7
88289,15
88290,11
88291,11
88292,15
88293,11
88294,11
88295,11
88296,11
88297,10
88298,7
88299,11
88300,11
88301,11
88302,15
88303,11
88304,29
88305,11
88306,7
88307,7
88308,11
88309,11
88310,15
88311,7
88312,11
88313,11
88314,11
88315,11
88316,7
88317,15
88318,11
88319,23
88320,15
88321,29
88322,11
88324,11
88325,3
88326,11
88327,19
88328,15
88330,11
88331,7
88332,11
88333,11
88334,11
88335,10
88336,6
88338,6
88340,15
88341,15
88342,11
88343,10
88344,10
88345,7
88346,15
88347,11
88348,11
88349,19
88350,7
88351,19
88352,11
88353,11
88354,10
88355,14
88356,11
88357,15
88358,19
88359,7
88360,10
88361,19
88362,11
88363,11
88364,11
88365,11
88366,11
88367,30
88368,11
88369,19
88370,7
88371,15
88372,29
88373,11
88374,7
88375,11
88376,11
88377,11
88378,6
88379,11
88380,11
88381,11
88382,7
88383,28
88385,15
88386,11
88387,11
88388,11
88389,7
88390,11
88391,15
88393,11
88394,7
88395,11
88398,7
88399,11
88400,11
88401,11
88402,11
88403,11
88404,7
88406,10
88407,11
88408,27
88409,19
88410,11
88411,7
88412,11
88413,33
88415,27
88416,11
88417,11
88418,10
88419,11
88421,11
88423,15
88424,19
88425,11
88426,15
88427,11
88428,19
88429,27
88430,11
88431,11
88432,10
88433,7
88434,11
88435,15
88436,7
88437,7
88438,11
88439,14
88440,11
88441,11
88442,15
88443,7
88444,11
88445,19
88446,11
88447,23
88448,10
88449,11
88450,11
88451,19
88452,11
88453,7
88454,11
88455,10
88456,7
88457,11
88458,11
88459,7
88460,15
88461,11
88462,19
88463,19
88464,15
88465,33
88466,11
88467,15
88468,23
88469,7
88470,19
88471,7
88472,11
88473,11
88474,7
88475,15
88476,11
88477,7
88478,11
88479,11
88480,11
88481,15
88482,7
88483,19
88484,15
88485,11
88486,26
88487,27
88488,11
88489,11
88490,11
88491,11
88492,7
88493,7
88494,11
88495,11
88496,11
88497,11
88498,15
88499,11
88500,14
88501,7
88502,11
88503,11
88504,11
88505,11
88506,11
88507,11
88508,15
88509,11
88510,11
88511,7
88512,11
88513,19
88514,11
88515,11
88516,29
88517,11
88518,7
88519,15
88520,11
88521,11
88522,7
88523,11
88524,11
88525,11
88526,11
88527,11
88528,11
88529,11
88530,23
88531,19
88532,7
89002,7
89003,27
89004,10
89005,15
89006,11
89007,11
89008,11
89009,11
89010,10
89011,11
89012,7
89013,23
89014,15
89015,11
89016,7
89017,11
89018,15
89019,11
89020,11
89021,11
89022,11
89023,15
89024,37
89025,29
89027,10
89028,7
89029,15
89030,11
89031,15
89032,7
89033,11
89034,11
89035,11
89036,11
89037,14
89038,11
89039,5
89040,11
89041,11
89042,11
89043,11
89044,11
89045,11
89046,15
89048,11
89049,7
89050,14
89051,15
89053,11
89054,14
89055,23
89056,15
89057,11
89058,11
89059,14
89060,11
89061,11
89062,11
89063,15
89064,7
89065,7
89066,14
89067,15
89068,19
89069,15
89071,11
89072,11
89073,15
89074,17
89075,15
89076,15
89077,19
89079,15
89080,15
89081,7
89083,19
89084,11
89085,15
89086,55
89087,11
89088,11
89089,11
89091,15
89092,11
89093,15
89094,15
89095,8
89096,15
89098,11
89099,19
89100,19
89101,15
89102,19
89104,11
89105,11
89108,11
89111,11
89112,11
89113,15
89115,11
89116,9
89117,11
89118,15
89119,15
89120,11
89122,15
89123,11
89124,15
89125,15
89126,7
89127,15
89128,11
89129,11
89130,19
89131,10
89132,11
89133,11
89134,11
89136,15
89137,11
89139,15
89141,11
89142,15
89143,7
89144,15
89145,11
89146,7
89147,11
89148,11
89149,11
89150,11
89151,15
89152,15
89153,15
89154,15
89155,14
89156,11
89158,15
89159,11
89160,15
89161,11
89162,11
89163,14
89164,7
89165,11
89167,15
89168,11
89169,15
89170,11
89171,11
89172,15
89173,11
89175,11
89176,11
89177,7
89179,11
89180,11
89181,11
89182,11
89183,7
89184,11
89186,14
89187,7
89188,11
89189,15
89190,9
89191,7
89194,11
89195,15
89196,23
89197,19
89198,19
89199,11
89200,11
89201,19
89202,11
89203,11
89204,15
89205,15
89206,29
89207,7
89208,15
89209,15
89210,10
89211,7
89212,11
89214,11
89215,11
89216,11
89217,11
89218,15
89219,11
89220,11
89221,11
89222,11
89223,13
89224,11
89225,7
89226,9
89227,15
89228,15
89229,11
89230,11
89232,12
89233,11
89234,11
89235,15
89236,15
89237,15
89238,13
89239,18
89240,11
89242,15
89244,7
89245,15
89246,11
89247,11
89248,7
89249,7
89250,11
89251,11
89252,11
89253,11
89254,15
89255,15
89256,11
89257,28
89259,7
89261,11
89262,11
89263,27
89264,14
89265,14
89266,11
89267,11
89268,14
89270,11
89271,11
89272,11
89273,11
89274,15
89276,15
89277,11
89278,15
89279,15
89280,11
89281,11
89282,15
89283,13
89284,11
89285,11
89286,15
89287,26
89288,11
89289,11
89290,7
89291,11
89292,11
89295,15
89296,11
89297,11
89298,15
89299,7
89300,11
89302,11
89303,11
89304,14
89306,11
89307,15
89308,11
89309,23
89310,11
89311,15
89312,11
89313,10
89314,11
89315,11
89316,11
89318,15
89319,11
89320,7
89321,15
89323,11
89324,15
89325,7
89326,15
89327,11
89328,11
89329,7
89331,11
89332,15
89333,11
89334,19
89335,11
89336,11
89337,15
89338,23
89339,11
89341,10
89342,15
89344,15
89345,27
89346,23
89347,11
89348,19
89349,11
89350,11
89351,11
89352,11
89353,9
89354,19
89355,11
89359,11
89360,11
89361,10
89362,11
89363,11
89364,11
89365,15
89367,15
89368,15
89369,15
89370,19
89371,7
89373,15
89374,7
89375,7
89376,11
89377,7
89378,15
89379,9
89380,10
89382,19
89383,11
89384,15
89385,6
89386,9
89387,35
89388,19
89390,15
89391,15
89392,11
89393,11
89394,7
89395,11
89397,11
89398,11
89399,19
89400,11
89402,11
89403,7
89404,14
89405,19
89406,7
89407,15
89408,11
89409,7
89410,7
89411,19
89412,11
89413,7
89414,15
89415,11
89416,11
89417,11
89418,27
89419,23
89420,18
89422,7
89423,11
89424,11
89425,15
89426,11
89427,15
89428,14
89430,11
89431,7
89432,10
89433,11
89434,11
89436,15
89437,11
89438,19
89439,19
89440,11
89441,19
89442,11
89443,19
89445,7
89446,11
89447,11
89449,19
89450,15
89451,11
89452,11
89453,15
89456,14
89458,11
89459,11
89460,23
89461,15
89462,10
89463,11
89464,29
89465,11
89466,11
89467,15
89468,11
89469,15
89470,11
89471,11
89472,11
89474,11
89475,11
89477,10
89478,15
89479,10
89480,19
89481,11
89482,8
89483,11
89485,10
89486,11
90001,13
90002,11
90003,15
90004,11
90005,11
90006,11
90007,11
90008,27
90009,29
90010,43
90011,11
90012,15
90013,11
90014,11
90015,11
90016,11
90017,19
90018,11
90019,11
90020,10
90021,10
90022,22
90023,15
90024,11
90025,11
90026,19
90027,11
90028,11
90029,19
90030,11
90031,11
90032,27
90033,29
90034,15
90035,15
90036,11
90037,15
90039,23
90041,15
90042,7
90043,14
90044,11
90045,15
90046,11
90047,15
90048,11
90049,15
90050,11
90051,11
90052,23
90053,23
90054,15
90055,11
90056,15
90057,15
90058,15
90059,11
90060,10
90061,7
90062,11
90063,11
90064,11
90065,15
90066,11
90067,10
90068,19
90069,15
90070,11
90071,15
90072,15
90074,11
90075,27
90076,15
90077,11
90078,11
90079,11
90080,11
90081,15
90082,9
90083,11
90084,11
90085,11
90086,11
90087,15
90088,14
90089,15
90090,11
90091,15
90093,15
90094,15
90095,11
90096,11
90097,15
90098,11
90099,26
90100,11
90101,11
90102,15
90103,15
90104,15
90105,11
91001,11
91016,27
91017,19
91021,33
91022,11
91027,39
91035,11
91037,11
91038,15
91041,14
91044,27
91045,29
91047,15
91064,27
91067,11
91069,11
91075,7
91079,15
91080,15
91081,15
91085,27
91086,29
91093,15
91095,19
91097,29
91098,10
91099,23
91100,15
91103,35
91105,29
91106,15
91109,15
91111,23
91112,11
91114,35
91115,23
91121,11
91122,29
91129,23
91130,15
91131,11
91132,15
91135,23
91136,23
91137,11
91145,7
91148,11
91156,19
91159,19
91161,35
91174,45
91175,19
91179,27
91180,10
91184,11
91186,15
91191,29
91195,13
91198,19
91200,33
91201,35
91204,15
91207,29
91215,33
91216,33
91223,35
91225,23
91226,29
91228,53
91232,27
91235,30
91240,11
91243,19
91244,19
91247,14
91248,11
91249,27
91272,35
91273,15
91274,15
91275,23
91284,15
91286,35
91292,15
91293,15
91294,15
91312,33
91315,29
91318,19
91319,15
91326,33
91330,29
91332,15
91333,27
91338,29
91339,29
91340,29
91345,35
91347,29
91359,23
91363,29
91374,11
91376,28
91377,45
91378,11
91386,33
91390,27
91393,15
91399,11
91405,27
91408,15
91411,19
91412,14
91414,10
91421,35
91425,29
91432,33
91433,27
91434,35
91435,15
91441,11
91457,26
91458,27
91461,27
91463,15
91468,19
91469,15
91471,33
91473,11
91477,39
91479,29
91482,15
91494,27
91495,11
91507,11
91508,11
91511,19
91514,29
91519,11
91521,35
91525,15
91526,11
91533,19
91534,27
91538,15
91540,29
91544,15
91546,15
91547,15
91549,39
91552,33
91553,29
91556,11
91560,11
91568,19
91570,33
91573,33
91577,29
91578,10
91579,23
91581,15
91587,29
91589,39
91593,19
91599,15
91600,29
91602,11
91613,11
91617,27
91619,11
91629,15
91630,15
91631,19
91634,15
91635,19
91639,15
91645,33
91648,19
91649,23
91654,15
91657,39
91659,29
91661,33
91662,15
91665,29
91666,19
91667,29
91671,15
91679,15
91685,27
91687,39
91689,29
91691,35
91692,35
92002,49
92004,49
92007,43
92009,34
92012,55
92014,35
92019,39
92020,39
92022,35
92023,45
92024,49
92025,53
92026,53
92032,35
92033,33
92035,35
92036,43
92040,49
92044,49
92046,39
92047,19
92048,43
92049,45
92050,53
92051,49
92060,35
92062,43
92063,49
92064,35
92071,33
92072,35
92073,43
92075,35
92076,29
92077,31
92078,35
93001,53
93005,53
93006,39
93007,45
93008,45
93010,45
93013,33
93014,35
93015,27
93027,43
93029,49
93030,33
93031,45
93032,39
93033,29
93039,29
93045,35
93046,43
93047,35
93048,55
93049,35
93050,39
93051,49
93053,43
93055,45
93057,35
93059,39
93061,33
93062,33
93063,35
93064,43
93066,55
93070,45
93071,45
93072,39
93073,39
93074,29
93077,35
93078,39
93079,33
94001,29
94002,43
94003,35
94004,33
94011,33
94015,33
94016,39
94017,49
94018,39
94019,33
94021,33
94022,43
94028,53
94033,45
94034,35
94037,33
94038,39
94041,49
94042,33
94043,35
94044,35
94046,45
94047,27
94048,27
94052,39
94053,27
94054,35
94055,33
94056,23
94058,39
94059,35
94060,33
94065,29
94067,35
94068,49
94069,33
94070,27
94071,35
94073,35
94074,33
94075,33
94076,45
94077,35
94078,39
94079,35
94080,43
94081,53
95002,15
95008,15
95011,11
95012,11
95014,23
95018,55
95019,33
95023,15
95024,11
95026,22
95028,19
95039,27
95040,19
95042,19
95046,11
95051,29
95052,28
95054,11
95055,11
95056,19
95058,23
95059,11
95060,29
95061,11
95063,35
95074,15
95078,19
95088,15
95091,29
95094,11
95101,15
95102,11
95110,11
95116,27
95119,11
95120,18
95127,49
95134,29
95139,11
95141,7
95142,19
95144,7
95149,22
95150,15
95151,11
95154,10
95157,11
95166,11
95169,11
95170,15
95176,35
95177,15
95181,11
95183,29
95197,35
95199,33
95203,35
95205,26
95210,33
95211,19
95212,11
95213,15
95214,7
95218,33
95219,35
95229,29
95241,19
95250,29
95252,39
95253,11
95254,15
95256,23
95257,27
95258,11
95268,43
95270,15
95271,15
95277,35
95280,36
95282,11
95287,15
95288,29
95295,11
95298,15
95301,11
95303,11
95304,11
95306,35
95308,15
95309,11
95313,33
95316,10
95323,33
95328,15
95331,11
95341,11
95348,15
95351,33
95352,27
95353,19
95355,29
95365,15
95369,23
95370,23
95371,28
95379,11
95387,7
95388,29
95392,29
95394,28
95395,15
95409,15
95422,11
95424,35
95426,23
95427,33
95428,35
95429,11
95430,23
95436,19
95438,11
95445,15
95446,19
95447,11
95450,19
95452,15
95456,15
95459,15
95462,11
95476,33
95480,29
95483,14
95487,33
95488,29
95489,15
95491,29
95492,7
95493,11
95500,39
95504,26
95509,27
95510,15
95523,11
95527,23
95529,15
95535,15
95539,33
95541,15
95543,11
95554,15
95555,35
95563,33
95566,23
95572,35
95574,28
95580,19
95582,35
95584,14
95585,45
95592,15
95594,15
95598,33
95604,27
95607,35
95610,11
95611,7
95612,27
95625,15
95627,15
95628,15
95633,7
95637,33
95641,19
95651,15
95652,29
95656,11
95658,15
95660,15
95675,15
95676,15
95678,14
95680,35
95682,11
95690,11
NANA,1
ZA101,45
ZA102,27
ZA103,39
ZA104,29
ZA105,33
ZA106,29
ZA107,33
ZA108,23
ZA109,29
ZA110,15
ZA111,27
ZA112,29
ZA113,35
ZA114,29
ZA115,33
ZA116,33
ZA117,35
ZA118,35
ZA119,29
ZA120,33
ZA121,29
ZA122,29
ZA124,33
ZA125,33
ZA126,19
ZA128,35
ZA129,33
ZA130,15
ZA131,19
ZA132,29
ZA133,19
ZA134,29
ZB201,19
ZB202,27
ZB203,23
ZB204,27
ZB205,27
ZB206,29
ZB207,33
ZB208,15
ZB209,53
ZB210,33
ZB211,15
ZB212,29
ZB213,39
ZB214,29
ZB215,15
ZB216,23
ZB217,29
ZB218,29
ZB219,15
ZB220,33
ZB221,33
ZB222,34
ZB223,29
ZB224,33
ZB225,27
ZB226,27
ZB227,29
ZB228,33
ZB229,33
ZB230,33
ZB231,29
ZB232,29
ZB233,19
ZB234,19
ZC301,15
ZC302,49
ZC303,19
ZC304,35
ZC305,33
ZC306,33
ZC307,35
ZC308,27
ZC309,31
ZC310,22
ZC311,43
ZC312,23
ZC313,23
ZC314,11
ZC352,11
ZC353,33
ZC356,19
ZC357,29
ZC358,11
ZC360,29
ZC361,15
ZC362,27
ZD401,33
ZD402,33
ZD403,29
ZD404,33
ZD405,33
ZD406,29
ZD407,39
ZD408,39
ZD409,45
ZD410,39
ZD411,55
ZD412,39
ZD413,39
ZD414,45
ZD415,55
ZD416,53
ZD417,29
ZD418,39
ZD419,29
ZD420,35
ZD421,29
ZD422,49
ZD423,29
ZD424,29
ZM601,29
ZM602,33
ZM603,33
ZM604,29
ZM605,29
ZM606,29
ZM607,33
ZM608,33
ZM609,29
ZM610,39
ZM611,49
ZM612,29
ZM613,29
ZM614,33
ZM615,33
ZM616,33
ZM617,33
ZN801,15
ZN802,23
ZN803,29
ZN804,27
ZN805,39
ZN806,15
ZN807,19
ZN808,27
ZN809,19
ZN810,19
ZN811,29
ZN812,27
ZN813,27
ZN814,29
ZN815,29
ZN816,15
ZN817,35
ZN818,53
ZN819,19
ZN820,23
ZN821,35
ZN822,29
ZN823,19
ZN824,19
ZN825,23
ZN826,15
ZN827,23
ZN828,15
ZN829,23
ZN830,19
ZN831,23
ZN832,19
ZN833,15
ZP711,15
ZP712,33
ZP713,18
ZP714,33
ZP715,35
ZP717,11
ZP718,15
ZP719,19
ZP720,15
ZP721,11
ZP722,28
ZP723,19
ZP724,29
ZP725,32
ZP726,19
ZP727,15
ZP728,15
ZP729,33
ZP730,11
ZP731,22
ZP732,11
ZP733,33
ZP734,33
ZP735,35
ZP736,33
ZP737,11
ZP738,34
ZP739,15
ZP740,27
ZP741,15
ZP742,15
ZP743,15
ZP744,19
ZP745,29
ZP746,15
ZP747,33
ZP748,29
ZP749,15
ZP750,27
ZP751,11
ZP752,33
ZP753,16
ZP754,26
ZP755,11
ZP756,15
ZP757,19
ZP758,26
ZS501,11
ZS502,29
